PIN,Count,Probability
888888,5246,0.05246
000000,5088,0.05088
999999,5010,0.0501
543210,3812,0.03812
123456,3717,0.03717
654321,3703,0.03703
012345,3689,0.03689
222222,3086,0.03086
666666,3054,0.03054
111111,3051,0.03051
777777,3039,0.03039
444444,3035,0.03035
555555,2973,0.02973
333333,2945,0.02945
696969,2204,0.02204
121212,2192,0.02192
030598,2112,0.02112
202020,2106,0.02106
031998,2055,0.02055
039805,2050,0.0205
980503,2035,0.02035
980305,2006,0.02006
051998,1999,0.01999
050398,1997,0.01997
199803,1987,0.01987
199805,1976,0.01976
059803,1949,0.01949
478202,3,3e-05
008447,2,2e-05
009570,2,2e-05
009931,2,2e-05
013995,2,2e-05
022532,2,2e-05
023881,2,2e-05
033581,2,2e-05
035758,2,2e-05
036902,2,2e-05
037322,2,2e-05
040048,2,2e-05
041725,2,2e-05
043011,2,2e-05
058759,2,2e-05
065356,2,2e-05
065657,2,2e-05
069928,2,2e-05
083085,2,2e-05
086088,2,2e-05
087030,2,2e-05
091083,2,2e-05
091360,2,2e-05
093806,2,2e-05
095760,2,2e-05
097891,2,2e-05
100494,2,2e-05
102312,2,2e-05
104574,2,2e-05
105311,2,2e-05
118661,2,2e-05
130614,2,2e-05
141437,2,2e-05
148305,2,2e-05
149381,2,2e-05
154472,2,2e-05
156024,2,2e-05
156840,2,2e-05
164491,2,2e-05
167170,2,2e-05
167899,2,2e-05
169241,2,2e-05
169981,2,2e-05
170757,2,2e-05
175297,2,2e-05
176105,2,2e-05
182624,2,2e-05
190706,2,2e-05
199288,2,2e-05
202142,2,2e-05
203440,2,2e-05
210614,2,2e-05
222155,2,2e-05
223462,2,2e-05
256428,2,2e-05
257003,2,2e-05
257313,2,2e-05
258052,2,2e-05
259344,2,2e-05
259511,2,2e-05
262443,2,2e-05
264483,2,2e-05
271127,2,2e-05
273072,2,2e-05
279072,2,2e-05
280924,2,2e-05
283273,2,2e-05
290453,2,2e-05
309314,2,2e-05
313877,2,2e-05
316268,2,2e-05
322878,2,2e-05
337546,2,2e-05
337548,2,2e-05
339457,2,2e-05
345221,2,2e-05
352732,2,2e-05
359450,2,2e-05
364528,2,2e-05
366346,2,2e-05
366440,2,2e-05
377162,2,2e-05
378384,2,2e-05
387272,2,2e-05
388163,2,2e-05
389366,2,2e-05
393876,2,2e-05
395828,2,2e-05
402697,2,2e-05
404175,2,2e-05
404929,2,2e-05
405041,2,2e-05
411131,2,2e-05
414297,2,2e-05
415238,2,2e-05
415603,2,2e-05
420360,2,2e-05
420967,2,2e-05
422960,2,2e-05
423927,2,2e-05
425953,2,2e-05
426856,2,2e-05
430138,2,2e-05
439313,2,2e-05
446314,2,2e-05
448079,2,2e-05
459580,2,2e-05
460526,2,2e-05
462819,2,2e-05
465473,2,2e-05
467360,2,2e-05
477538,2,2e-05
480455,2,2e-05
480614,2,2e-05
499100,2,2e-05
509116,2,2e-05
514397,2,2e-05
515621,2,2e-05
515655,2,2e-05
519305,2,2e-05
523248,2,2e-05
526089,2,2e-05
530301,2,2e-05
533426,2,2e-05
535763,2,2e-05
538035,2,2e-05
538421,2,2e-05
540004,2,2e-05
544830,2,2e-05
545746,2,2e-05
552185,2,2e-05
553123,2,2e-05
554583,2,2e-05
555568,2,2e-05
564747,2,2e-05
569586,2,2e-05
576946,2,2e-05
580796,2,2e-05
585836,2,2e-05
586537,2,2e-05
589648,2,2e-05
591098,2,2e-05
591978,2,2e-05
592960,2,2e-05
594845,2,2e-05
604256,2,2e-05
612021,2,2e-05
612534,2,2e-05
620885,2,2e-05
639270,2,2e-05
639348,2,2e-05
644129,2,2e-05
644678,2,2e-05
649487,2,2e-05
654358,2,2e-05
655977,2,2e-05
658929,2,2e-05
667433,2,2e-05
671712,2,2e-05
671796,2,2e-05
685263,2,2e-05
688975,2,2e-05
691808,2,2e-05
695795,2,2e-05
697086,2,2e-05
700366,2,2e-05
707226,2,2e-05
715706,2,2e-05
718119,2,2e-05
718534,2,2e-05
724221,2,2e-05
731157,2,2e-05
734242,2,2e-05
741990,2,2e-05
749244,2,2e-05
750630,2,2e-05
753379,2,2e-05
754858,2,2e-05
757754,2,2e-05
758864,2,2e-05
759449,2,2e-05
762681,2,2e-05
772939,2,2e-05
778001,2,2e-05
780633,2,2e-05
781280,2,2e-05
788047,2,2e-05
790144,2,2e-05
791728,2,2e-05
797733,2,2e-05
800023,2,2e-05
805407,2,2e-05
805704,2,2e-05
807788,2,2e-05
808085,2,2e-05
809266,2,2e-05
809436,2,2e-05
810143,2,2e-05
810891,2,2e-05
836248,2,2e-05
838587,2,2e-05
840514,2,2e-05
843671,2,2e-05
849767,2,2e-05
852510,2,2e-05
858967,2,2e-05
860463,2,2e-05
860899,2,2e-05
863431,2,2e-05
864226,2,2e-05
881083,2,2e-05
891321,2,2e-05
896921,2,2e-05
912087,2,2e-05
917296,2,2e-05
919327,2,2e-05
920891,2,2e-05
922394,2,2e-05
936905,2,2e-05
948631,2,2e-05
949897,2,2e-05
951529,2,2e-05
971117,2,2e-05
973137,2,2e-05
973961,2,2e-05
987668,2,2e-05
000015,1,1e-05
000068,1,1e-05
000081,1,1e-05
000433,1,1e-05
000480,1,1e-05
000534,1,1e-05
000556,1,1e-05
000604,1,1e-05
000721,1,1e-05
000729,1,1e-05
000756,1,1e-05
000828,1,1e-05
000857,1,1e-05
000872,1,1e-05
000877,1,1e-05
000884,1,1e-05
000895,1,1e-05
000917,1,1e-05
000987,1,1e-05
001016,1,1e-05
001106,1,1e-05
001117,1,1e-05
001197,1,1e-05
001265,1,1e-05
001300,1,1e-05
001318,1,1e-05
001337,1,1e-05
001396,1,1e-05
001424,1,1e-05
001509,1,1e-05
001533,1,1e-05
001544,1,1e-05
001574,1,1e-05
001608,1,1e-05
001647,1,1e-05
001655,1,1e-05
001662,1,1e-05
001772,1,1e-05
001794,1,1e-05
001824,1,1e-05
001874,1,1e-05
001934,1,1e-05
001995,1,1e-05
002019,1,1e-05
002024,1,1e-05
002034,1,1e-05
002038,1,1e-05
002049,1,1e-05
002144,1,1e-05
002203,1,1e-05
002209,1,1e-05
002248,1,1e-05
002263,1,1e-05
002345,1,1e-05
002469,1,1e-05
002591,1,1e-05
002605,1,1e-05
002633,1,1e-05
002649,1,1e-05
002756,1,1e-05
002792,1,1e-05
002920,1,1e-05
003142,1,1e-05
003162,1,1e-05
003197,1,1e-05
003230,1,1e-05
003235,1,1e-05
003242,1,1e-05
003274,1,1e-05
003300,1,1e-05
003315,1,1e-05
003349,1,1e-05
003368,1,1e-05
003380,1,1e-05
003411,1,1e-05
003471,1,1e-05
003487,1,1e-05
003522,1,1e-05
003597,1,1e-05
003644,1,1e-05
003676,1,1e-05
003678,1,1e-05
003704,1,1e-05
003721,1,1e-05
003734,1,1e-05
003821,1,1e-05
003870,1,1e-05
003916,1,1e-05
003917,1,1e-05
004015,1,1e-05
004119,1,1e-05
004293,1,1e-05
004313,1,1e-05
004381,1,1e-05
004434,1,1e-05
004455,1,1e-05
004491,1,1e-05
004510,1,1e-05
004548,1,1e-05
004646,1,1e-05
004714,1,1e-05
004747,1,1e-05
004752,1,1e-05
004791,1,1e-05
004797,1,1e-05
004799,1,1e-05
004855,1,1e-05
004968,1,1e-05
005178,1,1e-05
005199,1,1e-05
005213,1,1e-05
005274,1,1e-05
005358,1,1e-05
005387,1,1e-05
005477,1,1e-05
005531,1,1e-05
005547,1,1e-05
005588,1,1e-05
005640,1,1e-05
005668,1,1e-05
005694,1,1e-05
005708,1,1e-05
005869,1,1e-05
005919,1,1e-05
006008,1,1e-05
006052,1,1e-05
006125,1,1e-05
006128,1,1e-05
006171,1,1e-05
006207,1,1e-05
006226,1,1e-05
006231,1,1e-05
006244,1,1e-05
006263,1,1e-05
006346,1,1e-05
006382,1,1e-05
006402,1,1e-05
006416,1,1e-05
006454,1,1e-05
006587,1,1e-05
006674,1,1e-05
006712,1,1e-05
006756,1,1e-05
006814,1,1e-05
006829,1,1e-05
006868,1,1e-05
006918,1,1e-05
006975,1,1e-05
007007,1,1e-05
007032,1,1e-05
007052,1,1e-05
007054,1,1e-05
007058,1,1e-05
007096,1,1e-05
007150,1,1e-05
007160,1,1e-05
007213,1,1e-05
007243,1,1e-05
007287,1,1e-05
007312,1,1e-05
007380,1,1e-05
007382,1,1e-05
007402,1,1e-05
007473,1,1e-05
007498,1,1e-05
007518,1,1e-05
007550,1,1e-05
007587,1,1e-05
007595,1,1e-05
007645,1,1e-05
007745,1,1e-05
007795,1,1e-05
007857,1,1e-05
007880,1,1e-05
007955,1,1e-05
007977,1,1e-05
007980,1,1e-05
008025,1,1e-05
008107,1,1e-05
008130,1,1e-05
008154,1,1e-05
008169,1,1e-05
008173,1,1e-05
008194,1,1e-05
008276,1,1e-05
008294,1,1e-05
008336,1,1e-05
008456,1,1e-05
008467,1,1e-05
008469,1,1e-05
008613,1,1e-05
008620,1,1e-05
008646,1,1e-05
008761,1,1e-05
008800,1,1e-05
008819,1,1e-05
008853,1,1e-05
008902,1,1e-05
008909,1,1e-05
008931,1,1e-05
008951,1,1e-05
009038,1,1e-05
009041,1,1e-05
009066,1,1e-05
009091,1,1e-05
009099,1,1e-05
009155,1,1e-05
009201,1,1e-05
009288,1,1e-05
009329,1,1e-05
009363,1,1e-05
009395,1,1e-05
009407,1,1e-05
009524,1,1e-05
009534,1,1e-05
009574,1,1e-05
009589,1,1e-05
009654,1,1e-05
009687,1,1e-05
009715,1,1e-05
009741,1,1e-05
009796,1,1e-05
009846,1,1e-05
009854,1,1e-05
009920,1,1e-05
010073,1,1e-05
010151,1,1e-05
010168,1,1e-05
010178,1,1e-05
010287,1,1e-05
010337,1,1e-05
010388,1,1e-05
010482,1,1e-05
010641,1,1e-05
010644,1,1e-05
010797,1,1e-05
010815,1,1e-05
010905,1,1e-05
010923,1,1e-05
010924,1,1e-05
010975,1,1e-05
010986,1,1e-05
010997,1,1e-05
011026,1,1e-05
011048,1,1e-05
011116,1,1e-05
011190,1,1e-05
011214,1,1e-05
011226,1,1e-05
011240,1,1e-05
011380,1,1e-05
011447,1,1e-05
011577,1,1e-05
011632,1,1e-05
011676,1,1e-05
011691,1,1e-05
011715,1,1e-05
011799,1,1e-05
011808,1,1e-05
011855,1,1e-05
012116,1,1e-05
012134,1,1e-05
012171,1,1e-05
012215,1,1e-05
012356,1,1e-05
012389,1,1e-05
012401,1,1e-05
012455,1,1e-05
012604,1,1e-05
012662,1,1e-05
012709,1,1e-05
012721,1,1e-05
012743,1,1e-05
012758,1,1e-05
012766,1,1e-05
012814,1,1e-05
012818,1,1e-05
012940,1,1e-05
013193,1,1e-05
013212,1,1e-05
013236,1,1e-05
013260,1,1e-05
013317,1,1e-05
013382,1,1e-05
013427,1,1e-05
013442,1,1e-05
013563,1,1e-05
013687,1,1e-05
013694,1,1e-05
013711,1,1e-05
013716,1,1e-05
013784,1,1e-05
013809,1,1e-05
013901,1,1e-05
013926,1,1e-05
013956,1,1e-05
013969,1,1e-05
014085,1,1e-05
014098,1,1e-05
014099,1,1e-05
014106,1,1e-05
014209,1,1e-05
014267,1,1e-05
014328,1,1e-05
014383,1,1e-05
014411,1,1e-05
014463,1,1e-05
014491,1,1e-05
014590,1,1e-05
014594,1,1e-05
014610,1,1e-05
014630,1,1e-05
014723,1,1e-05
014760,1,1e-05
014848,1,1e-05
014859,1,1e-05
014929,1,1e-05
014941,1,1e-05
014950,1,1e-05
014951,1,1e-05
014993,1,1e-05
014995,1,1e-05
014997,1,1e-05
015017,1,1e-05
015105,1,1e-05
015240,1,1e-05
015291,1,1e-05
015305,1,1e-05
015310,1,1e-05
015332,1,1e-05
015347,1,1e-05
015422,1,1e-05
015500,1,1e-05
015501,1,1e-05
015550,1,1e-05
015585,1,1e-05
015587,1,1e-05
015588,1,1e-05
015626,1,1e-05
015628,1,1e-05
015641,1,1e-05
015655,1,1e-05
015687,1,1e-05
015818,1,1e-05
015847,1,1e-05
015860,1,1e-05
015932,1,1e-05
015956,1,1e-05
015968,1,1e-05
015996,1,1e-05
015997,1,1e-05
016106,1,1e-05
016123,1,1e-05
016212,1,1e-05
016273,1,1e-05
016305,1,1e-05
016326,1,1e-05
016376,1,1e-05
016446,1,1e-05
016448,1,1e-05
016481,1,1e-05
016500,1,1e-05
016506,1,1e-05
016582,1,1e-05
016601,1,1e-05
016619,1,1e-05
016633,1,1e-05
016659,1,1e-05
016837,1,1e-05
016901,1,1e-05
016903,1,1e-05
016915,1,1e-05
016929,1,1e-05
016977,1,1e-05
017068,1,1e-05
017082,1,1e-05
017117,1,1e-05
017165,1,1e-05
017215,1,1e-05
017275,1,1e-05
017685,1,1e-05
017783,1,1e-05
017785,1,1e-05
017905,1,1e-05
017987,1,1e-05
018028,1,1e-05
018160,1,1e-05
018229,1,1e-05
018239,1,1e-05
018473,1,1e-05
018574,1,1e-05
018610,1,1e-05
018662,1,1e-05
018668,1,1e-05
018749,1,1e-05
018757,1,1e-05
018820,1,1e-05
018945,1,1e-05
019042,1,1e-05
019081,1,1e-05
019105,1,1e-05
019146,1,1e-05
019147,1,1e-05
019167,1,1e-05
019323,1,1e-05
019360,1,1e-05
019489,1,1e-05
019491,1,1e-05
019506,1,1e-05
019576,1,1e-05
019600,1,1e-05
019604,1,1e-05
019615,1,1e-05
019654,1,1e-05
019701,1,1e-05
019818,1,1e-05
019834,1,1e-05
019868,1,1e-05
019927,1,1e-05
019952,1,1e-05
019965,1,1e-05
020026,1,1e-05
020077,1,1e-05
020078,1,1e-05
020091,1,1e-05
020149,1,1e-05
020158,1,1e-05
020216,1,1e-05
020236,1,1e-05
020283,1,1e-05
020287,1,1e-05
020452,1,1e-05
020480,1,1e-05
020481,1,1e-05
020637,1,1e-05
020684,1,1e-05
020745,1,1e-05
020786,1,1e-05
020787,1,1e-05
020801,1,1e-05
020824,1,1e-05
020836,1,1e-05
020867,1,1e-05
020905,1,1e-05
020917,1,1e-05
020918,1,1e-05
021045,1,1e-05
021101,1,1e-05
021157,1,1e-05
021158,1,1e-05
021215,1,1e-05
021242,1,1e-05
021271,1,1e-05
021307,1,1e-05
021408,1,1e-05
021507,1,1e-05
021585,1,1e-05
021695,1,1e-05
021762,1,1e-05
021896,1,1e-05
021973,1,1e-05
022013,1,1e-05
022024,1,1e-05
022084,1,1e-05
022097,1,1e-05
022143,1,1e-05
022153,1,1e-05
022154,1,1e-05
022203,1,1e-05
022284,1,1e-05
022298,1,1e-05
022306,1,1e-05
022353,1,1e-05
022374,1,1e-05
022417,1,1e-05
022429,1,1e-05
022484,1,1e-05
022549,1,1e-05
022564,1,1e-05
022572,1,1e-05
022689,1,1e-05
022729,1,1e-05
022733,1,1e-05
022744,1,1e-05
022859,1,1e-05
022972,1,1e-05
022989,1,1e-05
023044,1,1e-05
023107,1,1e-05
023186,1,1e-05
023222,1,1e-05
023223,1,1e-05
023365,1,1e-05
023657,1,1e-05
023724,1,1e-05
023813,1,1e-05
023865,1,1e-05
023873,1,1e-05
023880,1,1e-05
023960,1,1e-05
023976,1,1e-05
024010,1,1e-05
024031,1,1e-05
024039,1,1e-05
024040,1,1e-05
024045,1,1e-05
024060,1,1e-05
024068,1,1e-05
024088,1,1e-05
024125,1,1e-05
024148,1,1e-05
024199,1,1e-05
024258,1,1e-05
024322,1,1e-05
024341,1,1e-05
024393,1,1e-05
024416,1,1e-05
024444,1,1e-05
024469,1,1e-05
024472,1,1e-05
024545,1,1e-05
024552,1,1e-05
024633,1,1e-05
024714,1,1e-05
024777,1,1e-05
024882,1,1e-05
025054,1,1e-05
025060,1,1e-05
025076,1,1e-05
025093,1,1e-05
025130,1,1e-05
025189,1,1e-05
025239,1,1e-05
025305,1,1e-05
025375,1,1e-05
025434,1,1e-05
025450,1,1e-05
025671,1,1e-05
025720,1,1e-05
025729,1,1e-05
025751,1,1e-05
025767,1,1e-05
025770,1,1e-05
025787,1,1e-05
025836,1,1e-05
025886,1,1e-05
025933,1,1e-05
026047,1,1e-05
026183,1,1e-05
026209,1,1e-05
026257,1,1e-05
026275,1,1e-05
026310,1,1e-05
026318,1,1e-05
026365,1,1e-05
026375,1,1e-05
026408,1,1e-05
026431,1,1e-05
026544,1,1e-05
026587,1,1e-05
026595,1,1e-05
026598,1,1e-05
026629,1,1e-05
026652,1,1e-05
026659,1,1e-05
026783,1,1e-05
026858,1,1e-05
026892,1,1e-05
026916,1,1e-05
026960,1,1e-05
027031,1,1e-05
027072,1,1e-05
027096,1,1e-05
027189,1,1e-05
027225,1,1e-05
027259,1,1e-05
027380,1,1e-05
027385,1,1e-05
027402,1,1e-05
027413,1,1e-05
027512,1,1e-05
027559,1,1e-05
027564,1,1e-05
027581,1,1e-05
027587,1,1e-05
027615,1,1e-05
027623,1,1e-05
027633,1,1e-05
027691,1,1e-05
027701,1,1e-05
027805,1,1e-05
027893,1,1e-05
027929,1,1e-05
027954,1,1e-05
027983,1,1e-05
028046,1,1e-05
028049,1,1e-05
028050,1,1e-05
028062,1,1e-05
028090,1,1e-05
028189,1,1e-05
028213,1,1e-05
028238,1,1e-05
028273,1,1e-05
028300,1,1e-05
028317,1,1e-05
028318,1,1e-05
028340,1,1e-05
028348,1,1e-05
028384,1,1e-05
028621,1,1e-05
028720,1,1e-05
028756,1,1e-05
028783,1,1e-05
028785,1,1e-05
028832,1,1e-05
028846,1,1e-05
028847,1,1e-05
028885,1,1e-05
028924,1,1e-05
029115,1,1e-05
029134,1,1e-05
029217,1,1e-05
029258,1,1e-05
029450,1,1e-05
029515,1,1e-05
029544,1,1e-05
029576,1,1e-05
029648,1,1e-05
029665,1,1e-05
029760,1,1e-05
029799,1,1e-05
029808,1,1e-05
029965,1,1e-05
030074,1,1e-05
030170,1,1e-05
030212,1,1e-05
030228,1,1e-05
030236,1,1e-05
030237,1,1e-05
030251,1,1e-05
030294,1,1e-05
030354,1,1e-05
030359,1,1e-05
030455,1,1e-05
030480,1,1e-05
030556,1,1e-05
030560,1,1e-05
030592,1,1e-05
030604,1,1e-05
030713,1,1e-05
030717,1,1e-05
030765,1,1e-05
030777,1,1e-05
030812,1,1e-05
030826,1,1e-05
030919,1,1e-05
030930,1,1e-05
030943,1,1e-05
030961,1,1e-05
030991,1,1e-05
031026,1,1e-05
031072,1,1e-05
031097,1,1e-05
031196,1,1e-05
031243,1,1e-05
031286,1,1e-05
031295,1,1e-05
031347,1,1e-05
031436,1,1e-05
031451,1,1e-05
031527,1,1e-05
031528,1,1e-05
031566,1,1e-05
031570,1,1e-05
031644,1,1e-05
031652,1,1e-05
031797,1,1e-05
031799,1,1e-05
031909,1,1e-05
031949,1,1e-05
031968,1,1e-05
032002,1,1e-05
032061,1,1e-05
032084,1,1e-05
032189,1,1e-05
032285,1,1e-05
032460,1,1e-05
032481,1,1e-05
032495,1,1e-05
032582,1,1e-05
032687,1,1e-05
032702,1,1e-05
032752,1,1e-05
032828,1,1e-05
032910,1,1e-05
032911,1,1e-05
032927,1,1e-05
032931,1,1e-05
032992,1,1e-05
033013,1,1e-05
033093,1,1e-05
033099,1,1e-05
033125,1,1e-05
033133,1,1e-05
033144,1,1e-05
033153,1,1e-05
033183,1,1e-05
033198,1,1e-05
033234,1,1e-05
033236,1,1e-05
033336,1,1e-05
033431,1,1e-05
033442,1,1e-05
033486,1,1e-05
033569,1,1e-05
033631,1,1e-05
033746,1,1e-05
033749,1,1e-05
033859,1,1e-05
033877,1,1e-05
033882,1,1e-05
033900,1,1e-05
033933,1,1e-05
033988,1,1e-05
034028,1,1e-05
034064,1,1e-05
034112,1,1e-05
034183,1,1e-05
034235,1,1e-05
034256,1,1e-05
034383,1,1e-05
034474,1,1e-05
034482,1,1e-05
034506,1,1e-05
034553,1,1e-05
034663,1,1e-05
034693,1,1e-05
034816,1,1e-05
034834,1,1e-05
034841,1,1e-05
034851,1,1e-05
034891,1,1e-05
034987,1,1e-05
035021,1,1e-05
035034,1,1e-05
035076,1,1e-05
035097,1,1e-05
035179,1,1e-05
035190,1,1e-05
035219,1,1e-05
035228,1,1e-05
035249,1,1e-05
035352,1,1e-05
035419,1,1e-05
035513,1,1e-05
035574,1,1e-05
035636,1,1e-05
035694,1,1e-05
035832,1,1e-05
035843,1,1e-05
036006,1,1e-05
036010,1,1e-05
036088,1,1e-05
036162,1,1e-05
036168,1,1e-05
036211,1,1e-05
036222,1,1e-05
036243,1,1e-05
036244,1,1e-05
036263,1,1e-05
036312,1,1e-05
036332,1,1e-05
036367,1,1e-05
036421,1,1e-05
036429,1,1e-05
036477,1,1e-05
036489,1,1e-05
036502,1,1e-05
036574,1,1e-05
036613,1,1e-05
036618,1,1e-05
036621,1,1e-05
036705,1,1e-05
036727,1,1e-05
036736,1,1e-05
036747,1,1e-05
036842,1,1e-05
036944,1,1e-05
036945,1,1e-05
036947,1,1e-05
036987,1,1e-05
037008,1,1e-05
037035,1,1e-05
037038,1,1e-05
037051,1,1e-05
037056,1,1e-05
037086,1,1e-05
037092,1,1e-05
037168,1,1e-05
037179,1,1e-05
037192,1,1e-05
037262,1,1e-05
037369,1,1e-05
037414,1,1e-05
037418,1,1e-05
037471,1,1e-05
037495,1,1e-05
037514,1,1e-05
037525,1,1e-05
037596,1,1e-05
037632,1,1e-05
037642,1,1e-05
037735,1,1e-05
037770,1,1e-05
037783,1,1e-05
037805,1,1e-05
037926,1,1e-05
037961,1,1e-05
038042,1,1e-05
038092,1,1e-05
038100,1,1e-05
038105,1,1e-05
038147,1,1e-05
038164,1,1e-05
038283,1,1e-05
038287,1,1e-05
038307,1,1e-05
038509,1,1e-05
038583,1,1e-05
038610,1,1e-05
038657,1,1e-05
038669,1,1e-05
038735,1,1e-05
038812,1,1e-05
038838,1,1e-05
039070,1,1e-05
039086,1,1e-05
039172,1,1e-05
039181,1,1e-05
039195,1,1e-05
039268,1,1e-05
039293,1,1e-05
039345,1,1e-05
039348,1,1e-05
039399,1,1e-05
039429,1,1e-05
039431,1,1e-05
039470,1,1e-05
039522,1,1e-05
039580,1,1e-05
039596,1,1e-05
039615,1,1e-05
039634,1,1e-05
039696,1,1e-05
039783,1,1e-05
039813,1,1e-05
039885,1,1e-05
039930,1,1e-05
040107,1,1e-05
040141,1,1e-05
040220,1,1e-05
040265,1,1e-05
040320,1,1e-05
040449,1,1e-05
040470,1,1e-05
040508,1,1e-05
040516,1,1e-05
040530,1,1e-05
040631,1,1e-05
040687,1,1e-05
040691,1,1e-05
040710,1,1e-05
040715,1,1e-05
040770,1,1e-05
040777,1,1e-05
040784,1,1e-05
040852,1,1e-05
040883,1,1e-05
040957,1,1e-05
040983,1,1e-05
041020,1,1e-05
041065,1,1e-05
041115,1,1e-05
041158,1,1e-05
041225,1,1e-05
041248,1,1e-05
041326,1,1e-05
041354,1,1e-05
041369,1,1e-05
041438,1,1e-05
041458,1,1e-05
041474,1,1e-05
041592,1,1e-05
041617,1,1e-05
041642,1,1e-05
041699,1,1e-05
041786,1,1e-05
041843,1,1e-05
041864,1,1e-05
041902,1,1e-05
041944,1,1e-05
041955,1,1e-05
042005,1,1e-05
042035,1,1e-05
042097,1,1e-05
042130,1,1e-05
042276,1,1e-05
042284,1,1e-05
042285,1,1e-05
042319,1,1e-05
042320,1,1e-05
042334,1,1e-05
042383,1,1e-05
042394,1,1e-05
042452,1,1e-05
042457,1,1e-05
042458,1,1e-05
042501,1,1e-05
042552,1,1e-05
042567,1,1e-05
042577,1,1e-05
042584,1,1e-05
042714,1,1e-05
042797,1,1e-05
042862,1,1e-05
042863,1,1e-05
042982,1,1e-05
042983,1,1e-05
043018,1,1e-05
043063,1,1e-05
043089,1,1e-05
043239,1,1e-05
043248,1,1e-05
043270,1,1e-05
043347,1,1e-05
043428,1,1e-05
043443,1,1e-05
043536,1,1e-05
043681,1,1e-05
043683,1,1e-05
043691,1,1e-05
043734,1,1e-05
043771,1,1e-05
043787,1,1e-05
043831,1,1e-05
043866,1,1e-05
043971,1,1e-05
044016,1,1e-05
044035,1,1e-05
044038,1,1e-05
044117,1,1e-05
044181,1,1e-05
044233,1,1e-05
044254,1,1e-05
044339,1,1e-05
044420,1,1e-05
044458,1,1e-05
044622,1,1e-05
044780,1,1e-05
044957,1,1e-05
045053,1,1e-05
045058,1,1e-05
045089,1,1e-05
045103,1,1e-05
045133,1,1e-05
045196,1,1e-05
045202,1,1e-05
045271,1,1e-05
045292,1,1e-05
045462,1,1e-05
045471,1,1e-05
045654,1,1e-05
045703,1,1e-05
045714,1,1e-05
045867,1,1e-05
045873,1,1e-05
045974,1,1e-05
046009,1,1e-05
046051,1,1e-05
046063,1,1e-05
046156,1,1e-05
046228,1,1e-05
046347,1,1e-05
046358,1,1e-05
046385,1,1e-05
046514,1,1e-05
046583,1,1e-05
046594,1,1e-05
046649,1,1e-05
046658,1,1e-05
046707,1,1e-05
046792,1,1e-05
046806,1,1e-05
046920,1,1e-05
046961,1,1e-05
047053,1,1e-05
047065,1,1e-05
047143,1,1e-05
047189,1,1e-05
047220,1,1e-05
047236,1,1e-05
047267,1,1e-05
047316,1,1e-05
047435,1,1e-05
047445,1,1e-05
047457,1,1e-05
047463,1,1e-05
047498,1,1e-05
047539,1,1e-05
047547,1,1e-05
047582,1,1e-05
047586,1,1e-05
047612,1,1e-05
047640,1,1e-05
047653,1,1e-05
047718,1,1e-05
047738,1,1e-05
047751,1,1e-05
047774,1,1e-05
048172,1,1e-05
048218,1,1e-05
048225,1,1e-05
048324,1,1e-05
048374,1,1e-05
048382,1,1e-05
048454,1,1e-05
048487,1,1e-05
048558,1,1e-05
048648,1,1e-05
048714,1,1e-05
048736,1,1e-05
048749,1,1e-05
048758,1,1e-05
048770,1,1e-05
048798,1,1e-05
048859,1,1e-05
048934,1,1e-05
049071,1,1e-05
049078,1,1e-05
049093,1,1e-05
049126,1,1e-05
049135,1,1e-05
049168,1,1e-05
049199,1,1e-05
049230,1,1e-05
049360,1,1e-05
049366,1,1e-05
049397,1,1e-05
049454,1,1e-05
049518,1,1e-05
049578,1,1e-05
049591,1,1e-05
049607,1,1e-05
049612,1,1e-05
049721,1,1e-05
049763,1,1e-05
049792,1,1e-05
049804,1,1e-05
049827,1,1e-05
049900,1,1e-05
049902,1,1e-05
049934,1,1e-05
049967,1,1e-05
050019,1,1e-05
050031,1,1e-05
050072,1,1e-05
050113,1,1e-05
050243,1,1e-05
050248,1,1e-05
050249,1,1e-05
050306,1,1e-05
050310,1,1e-05
050454,1,1e-05
050505,1,1e-05
050552,1,1e-05
050578,1,1e-05
050612,1,1e-05
050616,1,1e-05
050753,1,1e-05
050900,1,1e-05
050946,1,1e-05
050972,1,1e-05
051000,1,1e-05
051002,1,1e-05
051236,1,1e-05
051279,1,1e-05
051306,1,1e-05
051475,1,1e-05
051519,1,1e-05
051597,1,1e-05
051628,1,1e-05
051653,1,1e-05
051677,1,1e-05
051687,1,1e-05
051688,1,1e-05
051691,1,1e-05
051693,1,1e-05
051695,1,1e-05
051757,1,1e-05
051786,1,1e-05
051815,1,1e-05
052027,1,1e-05
052156,1,1e-05
052199,1,1e-05
052202,1,1e-05
052240,1,1e-05
052264,1,1e-05
052278,1,1e-05
052286,1,1e-05
052345,1,1e-05
052408,1,1e-05
052412,1,1e-05
052477,1,1e-05
052699,1,1e-05
052756,1,1e-05
052796,1,1e-05
052806,1,1e-05
052825,1,1e-05
052850,1,1e-05
052910,1,1e-05
052930,1,1e-05
052968,1,1e-05
053173,1,1e-05
053184,1,1e-05
053195,1,1e-05
053284,1,1e-05
053286,1,1e-05
053290,1,1e-05
053402,1,1e-05
053445,1,1e-05
053550,1,1e-05
053564,1,1e-05
053597,1,1e-05
053606,1,1e-05
053625,1,1e-05
053628,1,1e-05
053730,1,1e-05
053830,1,1e-05
053839,1,1e-05
053874,1,1e-05
053926,1,1e-05
054006,1,1e-05
054022,1,1e-05
054053,1,1e-05
054101,1,1e-05
054168,1,1e-05
054227,1,1e-05
054252,1,1e-05
054267,1,1e-05
054337,1,1e-05
054446,1,1e-05
054463,1,1e-05
054481,1,1e-05
054512,1,1e-05
054638,1,1e-05
054663,1,1e-05
054712,1,1e-05
054769,1,1e-05
054784,1,1e-05
054789,1,1e-05
054877,1,1e-05
054982,1,1e-05
054989,1,1e-05
055004,1,1e-05
055026,1,1e-05
055090,1,1e-05
055161,1,1e-05
055191,1,1e-05
055291,1,1e-05
055544,1,1e-05
055590,1,1e-05
055596,1,1e-05
055728,1,1e-05
055826,1,1e-05
055877,1,1e-05
055882,1,1e-05
055943,1,1e-05
056006,1,1e-05
056020,1,1e-05
056051,1,1e-05
056068,1,1e-05
056159,1,1e-05
056239,1,1e-05
056266,1,1e-05
056289,1,1e-05
056340,1,1e-05
056359,1,1e-05
056380,1,1e-05
056394,1,1e-05
056411,1,1e-05
056415,1,1e-05
056431,1,1e-05
056453,1,1e-05
056471,1,1e-05
056535,1,1e-05
056584,1,1e-05
056586,1,1e-05
056651,1,1e-05
056752,1,1e-05
056830,1,1e-05
056938,1,1e-05
056977,1,1e-05
057000,1,1e-05
057026,1,1e-05
057187,1,1e-05
057328,1,1e-05
057413,1,1e-05
057428,1,1e-05
057443,1,1e-05
057484,1,1e-05
057487,1,1e-05
057492,1,1e-05
057559,1,1e-05
057620,1,1e-05
057663,1,1e-05
057710,1,1e-05
057851,1,1e-05
057855,1,1e-05
057888,1,1e-05
057897,1,1e-05
058014,1,1e-05
058033,1,1e-05
058052,1,1e-05
058092,1,1e-05
058100,1,1e-05
058154,1,1e-05
058219,1,1e-05
058233,1,1e-05
058310,1,1e-05
058370,1,1e-05
058441,1,1e-05
058452,1,1e-05
058460,1,1e-05
058495,1,1e-05
058511,1,1e-05
058572,1,1e-05
058579,1,1e-05
058642,1,1e-05
058693,1,1e-05
058725,1,1e-05
058739,1,1e-05
058743,1,1e-05
058765,1,1e-05
058766,1,1e-05
058780,1,1e-05
058782,1,1e-05
058806,1,1e-05
058835,1,1e-05
058917,1,1e-05
058963,1,1e-05
059073,1,1e-05
059082,1,1e-05
059480,1,1e-05
059626,1,1e-05
059639,1,1e-05
059667,1,1e-05
059972,1,1e-05
060041,1,1e-05
060068,1,1e-05
060235,1,1e-05
060257,1,1e-05
060455,1,1e-05
060495,1,1e-05
060617,1,1e-05
060645,1,1e-05
060697,1,1e-05
060997,1,1e-05
061026,1,1e-05
061176,1,1e-05
061188,1,1e-05
061295,1,1e-05
061354,1,1e-05
061364,1,1e-05
061400,1,1e-05
061428,1,1e-05
061432,1,1e-05
061453,1,1e-05
061487,1,1e-05
061496,1,1e-05
061553,1,1e-05
061585,1,1e-05
061637,1,1e-05
061748,1,1e-05
061888,1,1e-05
061983,1,1e-05
062019,1,1e-05
062068,1,1e-05
062111,1,1e-05
062128,1,1e-05
062219,1,1e-05
062220,1,1e-05
062273,1,1e-05
062301,1,1e-05
062329,1,1e-05
062369,1,1e-05
062389,1,1e-05
062399,1,1e-05
062505,1,1e-05
062550,1,1e-05
062721,1,1e-05
062824,1,1e-05
062851,1,1e-05
062886,1,1e-05
062996,1,1e-05
063056,1,1e-05
063058,1,1e-05
063065,1,1e-05
063122,1,1e-05
063130,1,1e-05
063175,1,1e-05
063188,1,1e-05
063273,1,1e-05
063322,1,1e-05
063329,1,1e-05
063429,1,1e-05
063434,1,1e-05
063476,1,1e-05
063635,1,1e-05
063642,1,1e-05
063675,1,1e-05
063782,1,1e-05
063784,1,1e-05
063809,1,1e-05
063834,1,1e-05
063859,1,1e-05
063869,1,1e-05
063951,1,1e-05
063989,1,1e-05
063992,1,1e-05
064093,1,1e-05
064132,1,1e-05
064190,1,1e-05
064203,1,1e-05
064242,1,1e-05
064258,1,1e-05
064265,1,1e-05
064279,1,1e-05
064286,1,1e-05
064310,1,1e-05
064397,1,1e-05
064475,1,1e-05
064799,1,1e-05
064832,1,1e-05
064889,1,1e-05
064934,1,1e-05
064977,1,1e-05
065008,1,1e-05
065014,1,1e-05
065039,1,1e-05
065104,1,1e-05
065119,1,1e-05
065157,1,1e-05
065179,1,1e-05
065308,1,1e-05
065368,1,1e-05
065381,1,1e-05
065389,1,1e-05
065401,1,1e-05
065430,1,1e-05
065442,1,1e-05
065480,1,1e-05
065539,1,1e-05
065741,1,1e-05
065941,1,1e-05
066228,1,1e-05
066231,1,1e-05
066273,1,1e-05
066285,1,1e-05
066309,1,1e-05
066369,1,1e-05
066414,1,1e-05
066422,1,1e-05
066459,1,1e-05
066478,1,1e-05
066517,1,1e-05
066549,1,1e-05
066555,1,1e-05
066601,1,1e-05
066670,1,1e-05
066682,1,1e-05
066693,1,1e-05
066776,1,1e-05
066803,1,1e-05
066819,1,1e-05
066832,1,1e-05
066963,1,1e-05
067202,1,1e-05
067418,1,1e-05
067496,1,1e-05
067549,1,1e-05
067567,1,1e-05
067654,1,1e-05
067711,1,1e-05
067738,1,1e-05
067847,1,1e-05
067853,1,1e-05
067896,1,1e-05
067905,1,1e-05
067912,1,1e-05
067985,1,1e-05
068033,1,1e-05
068036,1,1e-05
068063,1,1e-05
068189,1,1e-05
068219,1,1e-05
068220,1,1e-05
068270,1,1e-05
068449,1,1e-05
068534,1,1e-05
068553,1,1e-05
068677,1,1e-05
068678,1,1e-05
068749,1,1e-05
068892,1,1e-05
069091,1,1e-05
069163,1,1e-05
069192,1,1e-05
069233,1,1e-05
069270,1,1e-05
069315,1,1e-05
069324,1,1e-05
069327,1,1e-05
069392,1,1e-05
069429,1,1e-05
069568,1,1e-05
069687,1,1e-05
069780,1,1e-05
069856,1,1e-05
069911,1,1e-05
069966,1,1e-05
069972,1,1e-05
069981,1,1e-05
069995,1,1e-05
070069,1,1e-05
070080,1,1e-05
070129,1,1e-05
070150,1,1e-05
070162,1,1e-05
070238,1,1e-05
070299,1,1e-05
070308,1,1e-05
070325,1,1e-05
070344,1,1e-05
070394,1,1e-05
070411,1,1e-05
070460,1,1e-05
070509,1,1e-05
070518,1,1e-05
070539,1,1e-05
070580,1,1e-05
070603,1,1e-05
070608,1,1e-05
070694,1,1e-05
070857,1,1e-05
070863,1,1e-05
070872,1,1e-05
070896,1,1e-05
070997,1,1e-05
071019,1,1e-05
071036,1,1e-05
071046,1,1e-05
071103,1,1e-05
071114,1,1e-05
071296,1,1e-05
071328,1,1e-05
071438,1,1e-05
071523,1,1e-05
071525,1,1e-05
071588,1,1e-05
071600,1,1e-05
071703,1,1e-05
071761,1,1e-05
071869,1,1e-05
071958,1,1e-05
071982,1,1e-05
072012,1,1e-05
072014,1,1e-05
072039,1,1e-05
072123,1,1e-05
072133,1,1e-05
072195,1,1e-05
072211,1,1e-05
072274,1,1e-05
072306,1,1e-05
072324,1,1e-05
072326,1,1e-05
072371,1,1e-05
072444,1,1e-05
072489,1,1e-05
072518,1,1e-05
072525,1,1e-05
072630,1,1e-05
072649,1,1e-05
072723,1,1e-05
072771,1,1e-05
072907,1,1e-05
072942,1,1e-05
073019,1,1e-05
073037,1,1e-05
073108,1,1e-05
073134,1,1e-05
073189,1,1e-05
073190,1,1e-05
073288,1,1e-05
073301,1,1e-05
073333,1,1e-05
073373,1,1e-05
073384,1,1e-05
073387,1,1e-05
073437,1,1e-05
073504,1,1e-05
073514,1,1e-05
073521,1,1e-05
073570,1,1e-05
073665,1,1e-05
073703,1,1e-05
073731,1,1e-05
073783,1,1e-05
073791,1,1e-05
073811,1,1e-05
073868,1,1e-05
073901,1,1e-05
074015,1,1e-05
074039,1,1e-05
074078,1,1e-05
074132,1,1e-05
074136,1,1e-05
074152,1,1e-05
074160,1,1e-05
074166,1,1e-05
074243,1,1e-05
074247,1,1e-05
074299,1,1e-05
074324,1,1e-05
074379,1,1e-05
074419,1,1e-05
074420,1,1e-05
074484,1,1e-05
074493,1,1e-05
074506,1,1e-05
074705,1,1e-05
074773,1,1e-05
074874,1,1e-05
074893,1,1e-05
075089,1,1e-05
075147,1,1e-05
075154,1,1e-05
075175,1,1e-05
075195,1,1e-05
075210,1,1e-05
075221,1,1e-05
075226,1,1e-05
075408,1,1e-05
075412,1,1e-05
075458,1,1e-05
075510,1,1e-05
075605,1,1e-05
075617,1,1e-05
075626,1,1e-05
075660,1,1e-05
075695,1,1e-05
075773,1,1e-05
075880,1,1e-05
075943,1,1e-05
076054,1,1e-05
076109,1,1e-05
076176,1,1e-05
076227,1,1e-05
076239,1,1e-05
076255,1,1e-05
076317,1,1e-05
076360,1,1e-05
076365,1,1e-05
076418,1,1e-05
076456,1,1e-05
076492,1,1e-05
076518,1,1e-05
076525,1,1e-05
076578,1,1e-05
076703,1,1e-05
076756,1,1e-05
076883,1,1e-05
076968,1,1e-05
076970,1,1e-05
077081,1,1e-05
077101,1,1e-05
077193,1,1e-05
077293,1,1e-05
077305,1,1e-05
077330,1,1e-05
077333,1,1e-05
077360,1,1e-05
077393,1,1e-05
077406,1,1e-05
077431,1,1e-05
077464,1,1e-05
077582,1,1e-05
077602,1,1e-05
077627,1,1e-05
077662,1,1e-05
077878,1,1e-05
077923,1,1e-05
077939,1,1e-05
078015,1,1e-05
078031,1,1e-05
078086,1,1e-05
078147,1,1e-05
078151,1,1e-05
078194,1,1e-05
078217,1,1e-05
078231,1,1e-05
078249,1,1e-05
078251,1,1e-05
078255,1,1e-05
078278,1,1e-05
078290,1,1e-05
078397,1,1e-05
078409,1,1e-05
078516,1,1e-05
078628,1,1e-05
078629,1,1e-05
078656,1,1e-05
078728,1,1e-05
078730,1,1e-05
078732,1,1e-05
078733,1,1e-05
078769,1,1e-05
078830,1,1e-05
078904,1,1e-05
078920,1,1e-05
078938,1,1e-05
078974,1,1e-05
079055,1,1e-05
079089,1,1e-05
079135,1,1e-05
079262,1,1e-05
079380,1,1e-05
079446,1,1e-05
079482,1,1e-05
079514,1,1e-05
079534,1,1e-05
079589,1,1e-05
079633,1,1e-05
079650,1,1e-05
079681,1,1e-05
079725,1,1e-05
079796,1,1e-05
079833,1,1e-05
079916,1,1e-05
079937,1,1e-05
079955,1,1e-05
079966,1,1e-05
080002,1,1e-05
080019,1,1e-05
080056,1,1e-05
080063,1,1e-05
080097,1,1e-05
080114,1,1e-05
080143,1,1e-05
080148,1,1e-05
080171,1,1e-05
080174,1,1e-05
080177,1,1e-05
080219,1,1e-05
080236,1,1e-05
080324,1,1e-05
080333,1,1e-05
080454,1,1e-05
080556,1,1e-05
080659,1,1e-05
080685,1,1e-05
080718,1,1e-05
080724,1,1e-05
080731,1,1e-05
080792,1,1e-05
080837,1,1e-05
080905,1,1e-05
080958,1,1e-05
081000,1,1e-05
081014,1,1e-05
081121,1,1e-05
081132,1,1e-05
081207,1,1e-05
081259,1,1e-05
081328,1,1e-05
081411,1,1e-05
081413,1,1e-05
081457,1,1e-05
081485,1,1e-05
081502,1,1e-05
081545,1,1e-05
081611,1,1e-05
081636,1,1e-05
081686,1,1e-05
081739,1,1e-05
081776,1,1e-05
081916,1,1e-05
081934,1,1e-05
081943,1,1e-05
081955,1,1e-05
081990,1,1e-05
082107,1,1e-05
082169,1,1e-05
082200,1,1e-05
082237,1,1e-05
082238,1,1e-05
082248,1,1e-05
082261,1,1e-05
082276,1,1e-05
082326,1,1e-05
082349,1,1e-05
082350,1,1e-05
082361,1,1e-05
082413,1,1e-05
082422,1,1e-05
082432,1,1e-05
082598,1,1e-05
082664,1,1e-05
082691,1,1e-05
082696,1,1e-05
082767,1,1e-05
082774,1,1e-05
082810,1,1e-05
082835,1,1e-05
082870,1,1e-05
083095,1,1e-05
083108,1,1e-05
083170,1,1e-05
083333,1,1e-05
083386,1,1e-05
083456,1,1e-05
083510,1,1e-05
083560,1,1e-05
083662,1,1e-05
083688,1,1e-05
083697,1,1e-05
083701,1,1e-05
083712,1,1e-05
083780,1,1e-05
083786,1,1e-05
083788,1,1e-05
083863,1,1e-05
083868,1,1e-05
083886,1,1e-05
083895,1,1e-05
083904,1,1e-05
083917,1,1e-05
083952,1,1e-05
083963,1,1e-05
084078,1,1e-05
084178,1,1e-05
084198,1,1e-05
084217,1,1e-05
084235,1,1e-05
084251,1,1e-05
084252,1,1e-05
084259,1,1e-05
084291,1,1e-05
084299,1,1e-05
084331,1,1e-05
084362,1,1e-05
084387,1,1e-05
084427,1,1e-05
084440,1,1e-05
084444,1,1e-05
084491,1,1e-05
084606,1,1e-05
084612,1,1e-05
084619,1,1e-05
084702,1,1e-05
084735,1,1e-05
084755,1,1e-05
084805,1,1e-05
084891,1,1e-05
084964,1,1e-05
084987,1,1e-05
085066,1,1e-05
085168,1,1e-05
085246,1,1e-05
085310,1,1e-05
085344,1,1e-05
085379,1,1e-05
085401,1,1e-05
085443,1,1e-05
085491,1,1e-05
085595,1,1e-05
085610,1,1e-05
085690,1,1e-05
085705,1,1e-05
085851,1,1e-05
085861,1,1e-05
085929,1,1e-05
085992,1,1e-05
086154,1,1e-05
086212,1,1e-05
086317,1,1e-05
086372,1,1e-05
086434,1,1e-05
086495,1,1e-05
086587,1,1e-05
086621,1,1e-05
086630,1,1e-05
086662,1,1e-05
086663,1,1e-05
086672,1,1e-05
086720,1,1e-05
086790,1,1e-05
087008,1,1e-05
087046,1,1e-05
087107,1,1e-05
087129,1,1e-05
087208,1,1e-05
087309,1,1e-05
087348,1,1e-05
087438,1,1e-05
087474,1,1e-05
087552,1,1e-05
087557,1,1e-05
087577,1,1e-05
087619,1,1e-05
087627,1,1e-05
087628,1,1e-05
087690,1,1e-05
087694,1,1e-05
087742,1,1e-05
087745,1,1e-05
087821,1,1e-05
087855,1,1e-05
087856,1,1e-05
087876,1,1e-05
087889,1,1e-05
088006,1,1e-05
088062,1,1e-05
088095,1,1e-05
088135,1,1e-05
088198,1,1e-05
088348,1,1e-05
088356,1,1e-05
088374,1,1e-05
088425,1,1e-05
088598,1,1e-05
088740,1,1e-05
088857,1,1e-05
088858,1,1e-05
088896,1,1e-05
088905,1,1e-05
088909,1,1e-05
088914,1,1e-05
088918,1,1e-05
088921,1,1e-05
088932,1,1e-05
088944,1,1e-05
088983,1,1e-05
089074,1,1e-05
089092,1,1e-05
089129,1,1e-05
089139,1,1e-05
089157,1,1e-05
089175,1,1e-05
089272,1,1e-05
089312,1,1e-05
089318,1,1e-05
089394,1,1e-05
089462,1,1e-05
089539,1,1e-05
089605,1,1e-05
089659,1,1e-05
089712,1,1e-05
089760,1,1e-05
089798,1,1e-05
089814,1,1e-05
089901,1,1e-05
089938,1,1e-05
089960,1,1e-05
089987,1,1e-05
090070,1,1e-05
090075,1,1e-05
090129,1,1e-05
090188,1,1e-05
090209,1,1e-05
090322,1,1e-05
090367,1,1e-05
090391,1,1e-05
090485,1,1e-05
090608,1,1e-05
090651,1,1e-05
090872,1,1e-05
090886,1,1e-05
090897,1,1e-05
090903,1,1e-05
090984,1,1e-05
091024,1,1e-05
091042,1,1e-05
091061,1,1e-05
091184,1,1e-05
091208,1,1e-05
091211,1,1e-05
091237,1,1e-05
091291,1,1e-05
091302,1,1e-05
091321,1,1e-05
091322,1,1e-05
091328,1,1e-05
091330,1,1e-05
091401,1,1e-05
091424,1,1e-05
091428,1,1e-05
091463,1,1e-05
091469,1,1e-05
091473,1,1e-05
091507,1,1e-05
091601,1,1e-05
091642,1,1e-05
091707,1,1e-05
091758,1,1e-05
091804,1,1e-05
091853,1,1e-05
091880,1,1e-05
091892,1,1e-05
091972,1,1e-05
091988,1,1e-05
092061,1,1e-05
092070,1,1e-05
092099,1,1e-05
092109,1,1e-05
092242,1,1e-05
092271,1,1e-05
092303,1,1e-05
092369,1,1e-05
092403,1,1e-05
092485,1,1e-05
092545,1,1e-05
092572,1,1e-05
092611,1,1e-05
092665,1,1e-05
092672,1,1e-05
092723,1,1e-05
092819,1,1e-05
092847,1,1e-05
092902,1,1e-05
092903,1,1e-05
092988,1,1e-05
093010,1,1e-05
093064,1,1e-05
093098,1,1e-05
093102,1,1e-05
093106,1,1e-05
093165,1,1e-05
093188,1,1e-05
093284,1,1e-05
093401,1,1e-05
093454,1,1e-05
093513,1,1e-05
093519,1,1e-05
093641,1,1e-05
093665,1,1e-05
093674,1,1e-05
093695,1,1e-05
093700,1,1e-05
093752,1,1e-05
093891,1,1e-05
093947,1,1e-05
093962,1,1e-05
093968,1,1e-05
093992,1,1e-05
094087,1,1e-05
094131,1,1e-05
094132,1,1e-05
094136,1,1e-05
094189,1,1e-05
094240,1,1e-05
094258,1,1e-05
094325,1,1e-05
094338,1,1e-05
094387,1,1e-05
094396,1,1e-05
094448,1,1e-05
094450,1,1e-05
094553,1,1e-05
094560,1,1e-05
094609,1,1e-05
094636,1,1e-05
094678,1,1e-05
094688,1,1e-05
094689,1,1e-05
094704,1,1e-05
094845,1,1e-05
094887,1,1e-05
094895,1,1e-05
094900,1,1e-05
095002,1,1e-05
095055,1,1e-05
095166,1,1e-05
095170,1,1e-05
095208,1,1e-05
095241,1,1e-05
095283,1,1e-05
095311,1,1e-05
095391,1,1e-05
095459,1,1e-05
095504,1,1e-05
095599,1,1e-05
095601,1,1e-05
095621,1,1e-05
095870,1,1e-05
095899,1,1e-05
095981,1,1e-05
096012,1,1e-05
096042,1,1e-05
096069,1,1e-05
096109,1,1e-05
096117,1,1e-05
096286,1,1e-05
096291,1,1e-05
096306,1,1e-05
096369,1,1e-05
096379,1,1e-05
096394,1,1e-05
096446,1,1e-05
096459,1,1e-05
096507,1,1e-05
096566,1,1e-05
096771,1,1e-05
096801,1,1e-05
096815,1,1e-05
096850,1,1e-05
096945,1,1e-05
096952,1,1e-05
097012,1,1e-05
097049,1,1e-05
097077,1,1e-05
097121,1,1e-05
097272,1,1e-05
097276,1,1e-05
097296,1,1e-05
097339,1,1e-05
097461,1,1e-05
097466,1,1e-05
097500,1,1e-05
097542,1,1e-05
097543,1,1e-05
097549,1,1e-05
097553,1,1e-05
097573,1,1e-05
097599,1,1e-05
097627,1,1e-05
097646,1,1e-05
097722,1,1e-05
097760,1,1e-05
097793,1,1e-05
097798,1,1e-05
097822,1,1e-05
097849,1,1e-05
097906,1,1e-05
097910,1,1e-05
098009,1,1e-05
098023,1,1e-05
098076,1,1e-05
098085,1,1e-05
098094,1,1e-05
098175,1,1e-05
098181,1,1e-05
098195,1,1e-05
098218,1,1e-05
098220,1,1e-05
098251,1,1e-05
098304,1,1e-05
098332,1,1e-05
098377,1,1e-05
098388,1,1e-05
098452,1,1e-05
098477,1,1e-05
098681,1,1e-05
098717,1,1e-05
098730,1,1e-05
098789,1,1e-05
098842,1,1e-05
098891,1,1e-05
098964,1,1e-05
099033,1,1e-05
099035,1,1e-05
099092,1,1e-05
099099,1,1e-05
099107,1,1e-05
099111,1,1e-05
099189,1,1e-05
099238,1,1e-05
099262,1,1e-05
099286,1,1e-05
099306,1,1e-05
099340,1,1e-05
099341,1,1e-05
099357,1,1e-05
099397,1,1e-05
099456,1,1e-05
099544,1,1e-05
099759,1,1e-05
099870,1,1e-05
099906,1,1e-05
099926,1,1e-05
099937,1,1e-05
099996,1,1e-05
100076,1,1e-05
100084,1,1e-05
100111,1,1e-05
100247,1,1e-05
100291,1,1e-05
100304,1,1e-05
100320,1,1e-05
100348,1,1e-05
100442,1,1e-05
100465,1,1e-05
100467,1,1e-05
100516,1,1e-05
100524,1,1e-05
100584,1,1e-05
100612,1,1e-05
100629,1,1e-05
100682,1,1e-05
100713,1,1e-05
100763,1,1e-05
100824,1,1e-05
100839,1,1e-05
100844,1,1e-05
100876,1,1e-05
100886,1,1e-05
100905,1,1e-05
101052,1,1e-05
101098,1,1e-05
101154,1,1e-05
101173,1,1e-05
101239,1,1e-05
101246,1,1e-05
101262,1,1e-05
101317,1,1e-05
101420,1,1e-05
101437,1,1e-05
101447,1,1e-05
101477,1,1e-05
101520,1,1e-05
101620,1,1e-05
101641,1,1e-05
101675,1,1e-05
101723,1,1e-05
101725,1,1e-05
101738,1,1e-05
101793,1,1e-05
101795,1,1e-05
101836,1,1e-05
101844,1,1e-05
101915,1,1e-05
101950,1,1e-05
101955,1,1e-05
101972,1,1e-05
102055,1,1e-05
102093,1,1e-05
102227,1,1e-05
102274,1,1e-05
102343,1,1e-05
102382,1,1e-05
102432,1,1e-05
102468,1,1e-05
102509,1,1e-05
102552,1,1e-05
102555,1,1e-05
102579,1,1e-05
102622,1,1e-05
102642,1,1e-05
102661,1,1e-05
102831,1,1e-05
102842,1,1e-05
102854,1,1e-05
102899,1,1e-05
102928,1,1e-05
102939,1,1e-05
102978,1,1e-05
102985,1,1e-05
102987,1,1e-05
102988,1,1e-05
103022,1,1e-05
103025,1,1e-05
103056,1,1e-05
103177,1,1e-05
103288,1,1e-05
103323,1,1e-05
103424,1,1e-05
103442,1,1e-05
103501,1,1e-05
103616,1,1e-05
103631,1,1e-05
103685,1,1e-05
103777,1,1e-05
103811,1,1e-05
103855,1,1e-05
103982,1,1e-05
104051,1,1e-05
104198,1,1e-05
104212,1,1e-05
104296,1,1e-05
104322,1,1e-05
104352,1,1e-05
104365,1,1e-05
104463,1,1e-05
104469,1,1e-05
104545,1,1e-05
104550,1,1e-05
104587,1,1e-05
104619,1,1e-05
104646,1,1e-05
104723,1,1e-05
104729,1,1e-05
104746,1,1e-05
104779,1,1e-05
104800,1,1e-05
104837,1,1e-05
104844,1,1e-05
104875,1,1e-05
104886,1,1e-05
104906,1,1e-05
104916,1,1e-05
104917,1,1e-05
104930,1,1e-05
104947,1,1e-05
104980,1,1e-05
104998,1,1e-05
105008,1,1e-05
105036,1,1e-05
105088,1,1e-05
105199,1,1e-05
105209,1,1e-05
105294,1,1e-05
105376,1,1e-05
105668,1,1e-05
105706,1,1e-05
105824,1,1e-05
105839,1,1e-05
105861,1,1e-05
105910,1,1e-05
105952,1,1e-05
106053,1,1e-05
106144,1,1e-05
106148,1,1e-05
106241,1,1e-05
106294,1,1e-05
106322,1,1e-05
106326,1,1e-05
106356,1,1e-05
106451,1,1e-05
106516,1,1e-05
106601,1,1e-05
106657,1,1e-05
106729,1,1e-05
106752,1,1e-05
106774,1,1e-05
106862,1,1e-05
106920,1,1e-05
107039,1,1e-05
107074,1,1e-05
107099,1,1e-05
107107,1,1e-05
107173,1,1e-05
107180,1,1e-05
107226,1,1e-05
107249,1,1e-05
107257,1,1e-05
107283,1,1e-05
107297,1,1e-05
107362,1,1e-05
107377,1,1e-05
107405,1,1e-05
107430,1,1e-05
107456,1,1e-05
107475,1,1e-05
107502,1,1e-05
107522,1,1e-05
107586,1,1e-05
107645,1,1e-05
107663,1,1e-05
107706,1,1e-05
107743,1,1e-05
107795,1,1e-05
107809,1,1e-05
107857,1,1e-05
107864,1,1e-05
107892,1,1e-05
107914,1,1e-05
107930,1,1e-05
107951,1,1e-05
107977,1,1e-05
108107,1,1e-05
108111,1,1e-05
108159,1,1e-05
108196,1,1e-05
108257,1,1e-05
108301,1,1e-05
108321,1,1e-05
108344,1,1e-05
108422,1,1e-05
108447,1,1e-05
108522,1,1e-05
108526,1,1e-05
108553,1,1e-05
108629,1,1e-05
108893,1,1e-05
108900,1,1e-05
108964,1,1e-05
109027,1,1e-05
109032,1,1e-05
109035,1,1e-05
109039,1,1e-05
109064,1,1e-05
109101,1,1e-05
109128,1,1e-05
109137,1,1e-05
109157,1,1e-05
109214,1,1e-05
109222,1,1e-05
109277,1,1e-05
109332,1,1e-05
109364,1,1e-05
109374,1,1e-05
109455,1,1e-05
109456,1,1e-05
109476,1,1e-05
109522,1,1e-05
109565,1,1e-05
109631,1,1e-05
109633,1,1e-05
109640,1,1e-05
109670,1,1e-05
109688,1,1e-05
109704,1,1e-05
109722,1,1e-05
109737,1,1e-05
109740,1,1e-05
109757,1,1e-05
109773,1,1e-05
109775,1,1e-05
109846,1,1e-05
109861,1,1e-05
109902,1,1e-05
109918,1,1e-05
109920,1,1e-05
109942,1,1e-05
109983,1,1e-05
110002,1,1e-05
110053,1,1e-05
110085,1,1e-05
110194,1,1e-05
110223,1,1e-05
110247,1,1e-05
110274,1,1e-05
110293,1,1e-05
110354,1,1e-05
110521,1,1e-05
110561,1,1e-05
110593,1,1e-05
110611,1,1e-05
110665,1,1e-05
110709,1,1e-05
110793,1,1e-05
110825,1,1e-05
110880,1,1e-05
110955,1,1e-05
110973,1,1e-05
110995,1,1e-05
111070,1,1e-05
111135,1,1e-05
111194,1,1e-05
111205,1,1e-05
111209,1,1e-05
111222,1,1e-05
111266,1,1e-05
111277,1,1e-05
111306,1,1e-05
111394,1,1e-05
111428,1,1e-05
111452,1,1e-05
111457,1,1e-05
111463,1,1e-05
111492,1,1e-05
111496,1,1e-05
111504,1,1e-05
111544,1,1e-05
111557,1,1e-05
111565,1,1e-05
111689,1,1e-05
111724,1,1e-05
111796,1,1e-05
111954,1,1e-05
112031,1,1e-05
112255,1,1e-05
112360,1,1e-05
112364,1,1e-05
112539,1,1e-05
112591,1,1e-05
112622,1,1e-05
112690,1,1e-05
112822,1,1e-05
112917,1,1e-05
112923,1,1e-05
112937,1,1e-05
112947,1,1e-05
113010,1,1e-05
113024,1,1e-05
113090,1,1e-05
113202,1,1e-05
113207,1,1e-05
113342,1,1e-05
113349,1,1e-05
113366,1,1e-05
113378,1,1e-05
113508,1,1e-05
113513,1,1e-05
113613,1,1e-05
113759,1,1e-05
113764,1,1e-05
113853,1,1e-05
113911,1,1e-05
113979,1,1e-05
113985,1,1e-05
114077,1,1e-05
114086,1,1e-05
114095,1,1e-05
114131,1,1e-05
114325,1,1e-05
114397,1,1e-05
114417,1,1e-05
114498,1,1e-05
114512,1,1e-05
114514,1,1e-05
114582,1,1e-05
114611,1,1e-05
114693,1,1e-05
114802,1,1e-05
114814,1,1e-05
114834,1,1e-05
114848,1,1e-05
114892,1,1e-05
114907,1,1e-05
114911,1,1e-05
114938,1,1e-05
115070,1,1e-05
115147,1,1e-05
115172,1,1e-05
115214,1,1e-05
115221,1,1e-05
115247,1,1e-05
115265,1,1e-05
115268,1,1e-05
115302,1,1e-05
115389,1,1e-05
115483,1,1e-05
115526,1,1e-05
115529,1,1e-05
115546,1,1e-05
115585,1,1e-05
115622,1,1e-05
115768,1,1e-05
115802,1,1e-05
115915,1,1e-05
115935,1,1e-05
115955,1,1e-05
116064,1,1e-05
116124,1,1e-05
116314,1,1e-05
116340,1,1e-05
116349,1,1e-05
116356,1,1e-05
116369,1,1e-05
116374,1,1e-05
116507,1,1e-05
116612,1,1e-05
116696,1,1e-05
116698,1,1e-05
116741,1,1e-05
116743,1,1e-05
116750,1,1e-05
116815,1,1e-05
116862,1,1e-05
116865,1,1e-05
117046,1,1e-05
117074,1,1e-05
117096,1,1e-05
117097,1,1e-05
117100,1,1e-05
117127,1,1e-05
117158,1,1e-05
117221,1,1e-05
117320,1,1e-05
117336,1,1e-05
117536,1,1e-05
117606,1,1e-05
117620,1,1e-05
117645,1,1e-05
117666,1,1e-05
117764,1,1e-05
117884,1,1e-05
117911,1,1e-05
117953,1,1e-05
118092,1,1e-05
118133,1,1e-05
118245,1,1e-05
118252,1,1e-05
118303,1,1e-05
118432,1,1e-05
118572,1,1e-05
118628,1,1e-05
118672,1,1e-05
118695,1,1e-05
118764,1,1e-05
118779,1,1e-05
118876,1,1e-05
118877,1,1e-05
118889,1,1e-05
118906,1,1e-05
118960,1,1e-05
119079,1,1e-05
119125,1,1e-05
119185,1,1e-05
119234,1,1e-05
119273,1,1e-05
119289,1,1e-05
119360,1,1e-05
119387,1,1e-05
119506,1,1e-05
119560,1,1e-05
119569,1,1e-05
119595,1,1e-05
119632,1,1e-05
119702,1,1e-05
119741,1,1e-05
119760,1,1e-05
119788,1,1e-05
119826,1,1e-05
119981,1,1e-05
120031,1,1e-05
120054,1,1e-05
120059,1,1e-05
120065,1,1e-05
120098,1,1e-05
120156,1,1e-05
120185,1,1e-05
120192,1,1e-05
120207,1,1e-05
120211,1,1e-05
120213,1,1e-05
120229,1,1e-05
120281,1,1e-05
120318,1,1e-05
120400,1,1e-05
120401,1,1e-05
120520,1,1e-05
120551,1,1e-05
120566,1,1e-05
120573,1,1e-05
120585,1,1e-05
120605,1,1e-05
120638,1,1e-05
120702,1,1e-05
120728,1,1e-05
120752,1,1e-05
120795,1,1e-05
120835,1,1e-05
120906,1,1e-05
120916,1,1e-05
120950,1,1e-05
121014,1,1e-05
121189,1,1e-05
121218,1,1e-05
121283,1,1e-05
121294,1,1e-05
121450,1,1e-05
121489,1,1e-05
121515,1,1e-05
121519,1,1e-05
121546,1,1e-05
121555,1,1e-05
121568,1,1e-05
121620,1,1e-05
121641,1,1e-05
121646,1,1e-05
121728,1,1e-05
122029,1,1e-05
122061,1,1e-05
122080,1,1e-05
122087,1,1e-05
122100,1,1e-05
122117,1,1e-05
122121,1,1e-05
122130,1,1e-05
122149,1,1e-05
122414,1,1e-05
122540,1,1e-05
122552,1,1e-05
122621,1,1e-05
122752,1,1e-05
122798,1,1e-05
122814,1,1e-05
122858,1,1e-05
122877,1,1e-05
122945,1,1e-05
122958,1,1e-05
123004,1,1e-05
123014,1,1e-05
123026,1,1e-05
123116,1,1e-05
123176,1,1e-05
123177,1,1e-05
123300,1,1e-05
123305,1,1e-05
123344,1,1e-05
123356,1,1e-05
123481,1,1e-05
123527,1,1e-05
123544,1,1e-05
123558,1,1e-05
123565,1,1e-05
123572,1,1e-05
123579,1,1e-05
123604,1,1e-05
123631,1,1e-05
123791,1,1e-05
123792,1,1e-05
123901,1,1e-05
123969,1,1e-05
124013,1,1e-05
124063,1,1e-05
124093,1,1e-05
124138,1,1e-05
124205,1,1e-05
124413,1,1e-05
124416,1,1e-05
124516,1,1e-05
124527,1,1e-05
124535,1,1e-05
124548,1,1e-05
124603,1,1e-05
124611,1,1e-05
124624,1,1e-05
124660,1,1e-05
124686,1,1e-05
124731,1,1e-05
124738,1,1e-05
124802,1,1e-05
124817,1,1e-05
124907,1,1e-05
124970,1,1e-05
125000,1,1e-05
125017,1,1e-05
125021,1,1e-05
125063,1,1e-05
125075,1,1e-05
125102,1,1e-05
125126,1,1e-05
125154,1,1e-05
125243,1,1e-05
125311,1,1e-05
125323,1,1e-05
125459,1,1e-05
125541,1,1e-05
125662,1,1e-05
125676,1,1e-05
125738,1,1e-05
125743,1,1e-05
125812,1,1e-05
125819,1,1e-05
125834,1,1e-05
125982,1,1e-05
126066,1,1e-05
126110,1,1e-05
126120,1,1e-05
126250,1,1e-05
126277,1,1e-05
126284,1,1e-05
126351,1,1e-05
126371,1,1e-05
126445,1,1e-05
126475,1,1e-05
126589,1,1e-05
126600,1,1e-05
126643,1,1e-05
126657,1,1e-05
126672,1,1e-05
126755,1,1e-05
126795,1,1e-05
126818,1,1e-05
126866,1,1e-05
126905,1,1e-05
126964,1,1e-05
126988,1,1e-05
127036,1,1e-05
127052,1,1e-05
127087,1,1e-05
127127,1,1e-05
127134,1,1e-05
127146,1,1e-05
127172,1,1e-05
127183,1,1e-05
127333,1,1e-05
127341,1,1e-05
127346,1,1e-05
127381,1,1e-05
127416,1,1e-05
127431,1,1e-05
127445,1,1e-05
127446,1,1e-05
127469,1,1e-05
127516,1,1e-05
127525,1,1e-05
127629,1,1e-05
127654,1,1e-05
127692,1,1e-05
127708,1,1e-05
127875,1,1e-05
127945,1,1e-05
127968,1,1e-05
128094,1,1e-05
128101,1,1e-05
128115,1,1e-05
128127,1,1e-05
128137,1,1e-05
128159,1,1e-05
128254,1,1e-05
128283,1,1e-05
128290,1,1e-05
128479,1,1e-05
128485,1,1e-05
128538,1,1e-05
128568,1,1e-05
128608,1,1e-05
128646,1,1e-05
128697,1,1e-05
128700,1,1e-05
128729,1,1e-05
128752,1,1e-05
128755,1,1e-05
128797,1,1e-05
128808,1,1e-05
128873,1,1e-05
128903,1,1e-05
128934,1,1e-05
128939,1,1e-05
128968,1,1e-05
128988,1,1e-05
129040,1,1e-05
129109,1,1e-05
129114,1,1e-05
129129,1,1e-05
129203,1,1e-05
129229,1,1e-05
129436,1,1e-05
129496,1,1e-05
129502,1,1e-05
129510,1,1e-05
129538,1,1e-05
129674,1,1e-05
129680,1,1e-05
129809,1,1e-05
129836,1,1e-05
129890,1,1e-05
129934,1,1e-05
130207,1,1e-05
130355,1,1e-05
130374,1,1e-05
130390,1,1e-05
130413,1,1e-05
130419,1,1e-05
130460,1,1e-05
130524,1,1e-05
130610,1,1e-05
130641,1,1e-05
130703,1,1e-05
130751,1,1e-05
130817,1,1e-05
130860,1,1e-05
130968,1,1e-05
131068,1,1e-05
131072,1,1e-05
131113,1,1e-05
131165,1,1e-05
131224,1,1e-05
131244,1,1e-05
131250,1,1e-05
131262,1,1e-05
131358,1,1e-05
131398,1,1e-05
131425,1,1e-05
131462,1,1e-05
131609,1,1e-05
131613,1,1e-05
131614,1,1e-05
131630,1,1e-05
131660,1,1e-05
131765,1,1e-05
131853,1,1e-05
131872,1,1e-05
131883,1,1e-05
131962,1,1e-05
132038,1,1e-05
132040,1,1e-05
132101,1,1e-05
132102,1,1e-05
132145,1,1e-05
132152,1,1e-05
132227,1,1e-05
132250,1,1e-05
132264,1,1e-05
132285,1,1e-05
132298,1,1e-05
132381,1,1e-05
132408,1,1e-05
132430,1,1e-05
132442,1,1e-05
132500,1,1e-05
132510,1,1e-05
132521,1,1e-05
132640,1,1e-05
132649,1,1e-05
132727,1,1e-05
132737,1,1e-05
132842,1,1e-05
132856,1,1e-05
132934,1,1e-05
132937,1,1e-05
133031,1,1e-05
133033,1,1e-05
133042,1,1e-05
133088,1,1e-05
133224,1,1e-05
133328,1,1e-05
133333,1,1e-05
133421,1,1e-05
133464,1,1e-05
133546,1,1e-05
133602,1,1e-05
133700,1,1e-05
133818,1,1e-05
134055,1,1e-05
134062,1,1e-05
134126,1,1e-05
134136,1,1e-05
134169,1,1e-05
134219,1,1e-05
134292,1,1e-05
134347,1,1e-05
134373,1,1e-05
134548,1,1e-05
134614,1,1e-05
134688,1,1e-05
134701,1,1e-05
134779,1,1e-05
134805,1,1e-05
134843,1,1e-05
134946,1,1e-05
135039,1,1e-05
135065,1,1e-05
135070,1,1e-05
135074,1,1e-05
135249,1,1e-05
135295,1,1e-05
135326,1,1e-05
135348,1,1e-05
135477,1,1e-05
135490,1,1e-05
135495,1,1e-05
135519,1,1e-05
135524,1,1e-05
135623,1,1e-05
135684,1,1e-05
135738,1,1e-05
135768,1,1e-05
135777,1,1e-05
135802,1,1e-05
135809,1,1e-05
135880,1,1e-05
135906,1,1e-05
135948,1,1e-05
135970,1,1e-05
135986,1,1e-05
136004,1,1e-05
136015,1,1e-05
136017,1,1e-05
136032,1,1e-05
136078,1,1e-05
136099,1,1e-05
136111,1,1e-05
136178,1,1e-05
136183,1,1e-05
136201,1,1e-05
136202,1,1e-05
136250,1,1e-05
136376,1,1e-05
136392,1,1e-05
136472,1,1e-05
136480,1,1e-05
136507,1,1e-05
136523,1,1e-05
136585,1,1e-05
136709,1,1e-05
136766,1,1e-05
136772,1,1e-05
136944,1,1e-05
136946,1,1e-05
136974,1,1e-05
137008,1,1e-05
137010,1,1e-05
137025,1,1e-05
137118,1,1e-05
137142,1,1e-05
137147,1,1e-05
137189,1,1e-05
137209,1,1e-05
137217,1,1e-05
137271,1,1e-05
137372,1,1e-05
137405,1,1e-05
137447,1,1e-05
137458,1,1e-05
137502,1,1e-05
137522,1,1e-05
137527,1,1e-05
137621,1,1e-05
137649,1,1e-05
137666,1,1e-05
137686,1,1e-05
137755,1,1e-05
137887,1,1e-05
137988,1,1e-05
137998,1,1e-05
138043,1,1e-05
138085,1,1e-05
138090,1,1e-05
138094,1,1e-05
138112,1,1e-05
138114,1,1e-05
138223,1,1e-05
138300,1,1e-05
138319,1,1e-05
138327,1,1e-05
138416,1,1e-05
138464,1,1e-05
138496,1,1e-05
138510,1,1e-05
138632,1,1e-05
138687,1,1e-05
138717,1,1e-05
138803,1,1e-05
138833,1,1e-05
138905,1,1e-05
138930,1,1e-05
138982,1,1e-05
138987,1,1e-05
138994,1,1e-05
138996,1,1e-05
139045,1,1e-05
139088,1,1e-05
139147,1,1e-05
139158,1,1e-05
139212,1,1e-05
139278,1,1e-05
139303,1,1e-05
139442,1,1e-05
139453,1,1e-05
139454,1,1e-05
139545,1,1e-05
139567,1,1e-05
139668,1,1e-05
139734,1,1e-05
139801,1,1e-05
139839,1,1e-05
139843,1,1e-05
139899,1,1e-05
140054,1,1e-05
140070,1,1e-05
140088,1,1e-05
140105,1,1e-05
140174,1,1e-05
140214,1,1e-05
140273,1,1e-05
140288,1,1e-05
140308,1,1e-05
140316,1,1e-05
140335,1,1e-05
140341,1,1e-05
140431,1,1e-05
140609,1,1e-05
140611,1,1e-05
140659,1,1e-05
140692,1,1e-05
140714,1,1e-05
140746,1,1e-05
140755,1,1e-05
140814,1,1e-05
140842,1,1e-05
140866,1,1e-05
140873,1,1e-05
140886,1,1e-05
140898,1,1e-05
140947,1,1e-05
140983,1,1e-05
140988,1,1e-05
141031,1,1e-05
141087,1,1e-05
141146,1,1e-05
141153,1,1e-05
141176,1,1e-05
141183,1,1e-05
141206,1,1e-05
141210,1,1e-05
141244,1,1e-05
141281,1,1e-05
141315,1,1e-05
141392,1,1e-05
141440,1,1e-05
141459,1,1e-05
141465,1,1e-05
141508,1,1e-05
141532,1,1e-05
141591,1,1e-05
141596,1,1e-05
141627,1,1e-05
141657,1,1e-05
141728,1,1e-05
141772,1,1e-05
141787,1,1e-05
141843,1,1e-05
142005,1,1e-05
142027,1,1e-05
142063,1,1e-05
142107,1,1e-05
142175,1,1e-05
142254,1,1e-05
142287,1,1e-05
142303,1,1e-05
142343,1,1e-05
142381,1,1e-05
142399,1,1e-05
142402,1,1e-05
142471,1,1e-05
142482,1,1e-05
142519,1,1e-05
142545,1,1e-05
142571,1,1e-05
142587,1,1e-05
142778,1,1e-05
142808,1,1e-05
142864,1,1e-05
142918,1,1e-05
142953,1,1e-05
143020,1,1e-05
143065,1,1e-05
143070,1,1e-05
143124,1,1e-05
143260,1,1e-05
143313,1,1e-05
143363,1,1e-05
143378,1,1e-05
143458,1,1e-05
143461,1,1e-05
143507,1,1e-05
143578,1,1e-05
143586,1,1e-05
143692,1,1e-05
143709,1,1e-05
143769,1,1e-05
143790,1,1e-05
143910,1,1e-05
143932,1,1e-05
143956,1,1e-05
143996,1,1e-05
144067,1,1e-05
144121,1,1e-05
144140,1,1e-05
144150,1,1e-05
144251,1,1e-05
144262,1,1e-05
144295,1,1e-05
144382,1,1e-05
144460,1,1e-05
144494,1,1e-05
144535,1,1e-05
144537,1,1e-05
144545,1,1e-05
144579,1,1e-05
144615,1,1e-05
144648,1,1e-05
144660,1,1e-05
144715,1,1e-05
144721,1,1e-05
144758,1,1e-05
144906,1,1e-05
144908,1,1e-05
144910,1,1e-05
144957,1,1e-05
144975,1,1e-05
145035,1,1e-05
145074,1,1e-05
145113,1,1e-05
145203,1,1e-05
145277,1,1e-05
145280,1,1e-05
145286,1,1e-05
145406,1,1e-05
145459,1,1e-05
145609,1,1e-05
145629,1,1e-05
145760,1,1e-05
145805,1,1e-05
145886,1,1e-05
145936,1,1e-05
145999,1,1e-05
146164,1,1e-05
146328,1,1e-05
146373,1,1e-05
146414,1,1e-05
146436,1,1e-05
146463,1,1e-05
146472,1,1e-05
146478,1,1e-05
146498,1,1e-05
146510,1,1e-05
146566,1,1e-05
146570,1,1e-05
146583,1,1e-05
146613,1,1e-05
146629,1,1e-05
146655,1,1e-05
146658,1,1e-05
146707,1,1e-05
146722,1,1e-05
146729,1,1e-05
146790,1,1e-05
146802,1,1e-05
146838,1,1e-05
146925,1,1e-05
147005,1,1e-05
147047,1,1e-05
147099,1,1e-05
147101,1,1e-05
147104,1,1e-05
147334,1,1e-05
147415,1,1e-05
147425,1,1e-05
147437,1,1e-05
147528,1,1e-05
147555,1,1e-05
147558,1,1e-05
147594,1,1e-05
147611,1,1e-05
147618,1,1e-05
147788,1,1e-05
147826,1,1e-05
147910,1,1e-05
147916,1,1e-05
148049,1,1e-05
148091,1,1e-05
148107,1,1e-05
148139,1,1e-05
148150,1,1e-05
148166,1,1e-05
148174,1,1e-05
148217,1,1e-05
148297,1,1e-05
148308,1,1e-05
148332,1,1e-05
148348,1,1e-05
148384,1,1e-05
148451,1,1e-05
148613,1,1e-05
148647,1,1e-05
148673,1,1e-05
148722,1,1e-05
148758,1,1e-05
148816,1,1e-05
148863,1,1e-05
148906,1,1e-05
148994,1,1e-05
149025,1,1e-05
149027,1,1e-05
149090,1,1e-05
149102,1,1e-05
149136,1,1e-05
149156,1,1e-05
149256,1,1e-05
149258,1,1e-05
149271,1,1e-05
149289,1,1e-05
149331,1,1e-05
149345,1,1e-05
149448,1,1e-05
149474,1,1e-05
149489,1,1e-05
149497,1,1e-05
149578,1,1e-05
149606,1,1e-05
149614,1,1e-05
149624,1,1e-05
149698,1,1e-05
149711,1,1e-05
149715,1,1e-05
149761,1,1e-05
149773,1,1e-05
149834,1,1e-05
149904,1,1e-05
149941,1,1e-05
149996,1,1e-05
150029,1,1e-05
150070,1,1e-05
150135,1,1e-05
150320,1,1e-05
150412,1,1e-05
150520,1,1e-05
150551,1,1e-05
150634,1,1e-05
150872,1,1e-05
150902,1,1e-05
150989,1,1e-05
151137,1,1e-05
151239,1,1e-05
151356,1,1e-05
151357,1,1e-05
151396,1,1e-05
151402,1,1e-05
151548,1,1e-05
151638,1,1e-05
151666,1,1e-05
151701,1,1e-05
151718,1,1e-05
151728,1,1e-05
151805,1,1e-05
151877,1,1e-05
151942,1,1e-05
151950,1,1e-05
151966,1,1e-05
151978,1,1e-05
152067,1,1e-05
152090,1,1e-05
152094,1,1e-05
152102,1,1e-05
152117,1,1e-05
152208,1,1e-05
152236,1,1e-05
152306,1,1e-05
152347,1,1e-05
152364,1,1e-05
152386,1,1e-05
152392,1,1e-05
152404,1,1e-05
152465,1,1e-05
152493,1,1e-05
152526,1,1e-05
152549,1,1e-05
152576,1,1e-05
152582,1,1e-05
152645,1,1e-05
152721,1,1e-05
152735,1,1e-05
152793,1,1e-05
152818,1,1e-05
152821,1,1e-05
152839,1,1e-05
152971,1,1e-05
153003,1,1e-05
153008,1,1e-05
153043,1,1e-05
153069,1,1e-05
153113,1,1e-05
153134,1,1e-05
153171,1,1e-05
153340,1,1e-05
153357,1,1e-05
153368,1,1e-05
153529,1,1e-05
153539,1,1e-05
153548,1,1e-05
153597,1,1e-05
153659,1,1e-05
153665,1,1e-05
153697,1,1e-05
153734,1,1e-05
153838,1,1e-05
153868,1,1e-05
153873,1,1e-05
153971,1,1e-05
153992,1,1e-05
154035,1,1e-05
154076,1,1e-05
154079,1,1e-05
154174,1,1e-05
154187,1,1e-05
154196,1,1e-05
154261,1,1e-05
154291,1,1e-05
154296,1,1e-05
154319,1,1e-05
154377,1,1e-05
154398,1,1e-05
154449,1,1e-05
154475,1,1e-05
154511,1,1e-05
154534,1,1e-05
154666,1,1e-05
154684,1,1e-05
154733,1,1e-05
154950,1,1e-05
154976,1,1e-05
155063,1,1e-05
155077,1,1e-05
155202,1,1e-05
155324,1,1e-05
155372,1,1e-05
155415,1,1e-05
155448,1,1e-05
155483,1,1e-05
155518,1,1e-05
155519,1,1e-05
155544,1,1e-05
155553,1,1e-05
155565,1,1e-05
155629,1,1e-05
155650,1,1e-05
155722,1,1e-05
155734,1,1e-05
155735,1,1e-05
155778,1,1e-05
155841,1,1e-05
155846,1,1e-05
155869,1,1e-05
155875,1,1e-05
155985,1,1e-05
155987,1,1e-05
155996,1,1e-05
156103,1,1e-05
156199,1,1e-05
156200,1,1e-05
156222,1,1e-05
156229,1,1e-05
156232,1,1e-05
156233,1,1e-05
156252,1,1e-05
156291,1,1e-05
156295,1,1e-05
156297,1,1e-05
156336,1,1e-05
156397,1,1e-05
156415,1,1e-05
156484,1,1e-05
156505,1,1e-05
156524,1,1e-05
156543,1,1e-05
156548,1,1e-05
156555,1,1e-05
156591,1,1e-05
156649,1,1e-05
156756,1,1e-05
156793,1,1e-05
156841,1,1e-05
156923,1,1e-05
156960,1,1e-05
156975,1,1e-05
157012,1,1e-05
157219,1,1e-05
157321,1,1e-05
157332,1,1e-05
157531,1,1e-05
157549,1,1e-05
157565,1,1e-05
157584,1,1e-05
157627,1,1e-05
157668,1,1e-05
157803,1,1e-05
157843,1,1e-05
157878,1,1e-05
157880,1,1e-05
157881,1,1e-05
157903,1,1e-05
157937,1,1e-05
158016,1,1e-05
158090,1,1e-05
158141,1,1e-05
158146,1,1e-05
158183,1,1e-05
158211,1,1e-05
158284,1,1e-05
158363,1,1e-05
158386,1,1e-05
158415,1,1e-05
158442,1,1e-05
158457,1,1e-05
158495,1,1e-05
158530,1,1e-05
158566,1,1e-05
158594,1,1e-05
158634,1,1e-05
158647,1,1e-05
158687,1,1e-05
158733,1,1e-05
158872,1,1e-05
158898,1,1e-05
158940,1,1e-05
159069,1,1e-05
159072,1,1e-05
159076,1,1e-05
159139,1,1e-05
159154,1,1e-05
159169,1,1e-05
159222,1,1e-05
159325,1,1e-05
159387,1,1e-05
159401,1,1e-05
159483,1,1e-05
159580,1,1e-05
159794,1,1e-05
159803,1,1e-05
159809,1,1e-05
159936,1,1e-05
160092,1,1e-05
160135,1,1e-05
160158,1,1e-05
160187,1,1e-05
160265,1,1e-05
160266,1,1e-05
160310,1,1e-05
160352,1,1e-05
160364,1,1e-05
160380,1,1e-05
160402,1,1e-05
160412,1,1e-05
160422,1,1e-05
160474,1,1e-05
160584,1,1e-05
160592,1,1e-05
160633,1,1e-05
160726,1,1e-05
160738,1,1e-05
160762,1,1e-05
160773,1,1e-05
160781,1,1e-05
160829,1,1e-05
160858,1,1e-05
161007,1,1e-05
161015,1,1e-05
161020,1,1e-05
161156,1,1e-05
161244,1,1e-05
161245,1,1e-05
161368,1,1e-05
161466,1,1e-05
161508,1,1e-05
161580,1,1e-05
161654,1,1e-05
161668,1,1e-05
161733,1,1e-05
161760,1,1e-05
161779,1,1e-05
161846,1,1e-05
161914,1,1e-05
161941,1,1e-05
161955,1,1e-05
162046,1,1e-05
162081,1,1e-05
162088,1,1e-05
162093,1,1e-05
162106,1,1e-05
162139,1,1e-05
162308,1,1e-05
162326,1,1e-05
162497,1,1e-05
162504,1,1e-05
162539,1,1e-05
162586,1,1e-05
162634,1,1e-05
162662,1,1e-05
162672,1,1e-05
162682,1,1e-05
162720,1,1e-05
162727,1,1e-05
162732,1,1e-05
162763,1,1e-05
162796,1,1e-05
162853,1,1e-05
162884,1,1e-05
162887,1,1e-05
162904,1,1e-05
162924,1,1e-05
162951,1,1e-05
163096,1,1e-05
163264,1,1e-05
163333,1,1e-05
163407,1,1e-05
163550,1,1e-05
163557,1,1e-05
163564,1,1e-05
163584,1,1e-05
163633,1,1e-05
163635,1,1e-05
163647,1,1e-05
163701,1,1e-05
163772,1,1e-05
163787,1,1e-05
163798,1,1e-05
163844,1,1e-05
163863,1,1e-05
163869,1,1e-05
163932,1,1e-05
163987,1,1e-05
164022,1,1e-05
164066,1,1e-05
164079,1,1e-05
164221,1,1e-05
164278,1,1e-05
164345,1,1e-05
164391,1,1e-05
164442,1,1e-05
164521,1,1e-05
164594,1,1e-05
164612,1,1e-05
164620,1,1e-05
164725,1,1e-05
164743,1,1e-05
164829,1,1e-05
164864,1,1e-05
164875,1,1e-05
164879,1,1e-05
164889,1,1e-05
164917,1,1e-05
164944,1,1e-05
164975,1,1e-05
164981,1,1e-05
165042,1,1e-05
165137,1,1e-05
165263,1,1e-05
165268,1,1e-05
165291,1,1e-05
165357,1,1e-05
165383,1,1e-05
165534,1,1e-05
165613,1,1e-05
165682,1,1e-05
165684,1,1e-05
165711,1,1e-05
165718,1,1e-05
165771,1,1e-05
165848,1,1e-05
165904,1,1e-05
165947,1,1e-05
165949,1,1e-05
166014,1,1e-05
166023,1,1e-05
166038,1,1e-05
166053,1,1e-05
166152,1,1e-05
166156,1,1e-05
166166,1,1e-05
166170,1,1e-05
166213,1,1e-05
166265,1,1e-05
166302,1,1e-05
166307,1,1e-05
166316,1,1e-05
166322,1,1e-05
166348,1,1e-05
166406,1,1e-05
166430,1,1e-05
166458,1,1e-05
166493,1,1e-05
166713,1,1e-05
166795,1,1e-05
166812,1,1e-05
166824,1,1e-05
166846,1,1e-05
166850,1,1e-05
166911,1,1e-05
167028,1,1e-05
167029,1,1e-05
167151,1,1e-05
167199,1,1e-05
167257,1,1e-05
167317,1,1e-05
167338,1,1e-05
167345,1,1e-05
167415,1,1e-05
167481,1,1e-05
167575,1,1e-05
167583,1,1e-05
167677,1,1e-05
167700,1,1e-05
167755,1,1e-05
167786,1,1e-05
167919,1,1e-05
167922,1,1e-05
168010,1,1e-05
168041,1,1e-05
168099,1,1e-05
168108,1,1e-05
168174,1,1e-05
168228,1,1e-05
168235,1,1e-05
168264,1,1e-05
168326,1,1e-05
168421,1,1e-05
168550,1,1e-05
168720,1,1e-05
168798,1,1e-05
168965,1,1e-05
169070,1,1e-05
169087,1,1e-05
169098,1,1e-05
169105,1,1e-05
169172,1,1e-05
169190,1,1e-05
169252,1,1e-05
169397,1,1e-05
169425,1,1e-05
169503,1,1e-05
169510,1,1e-05
169557,1,1e-05
169572,1,1e-05
169670,1,1e-05
169709,1,1e-05
169768,1,1e-05
169781,1,1e-05
169801,1,1e-05
169846,1,1e-05
169909,1,1e-05
169982,1,1e-05
170023,1,1e-05
170076,1,1e-05
170105,1,1e-05
170151,1,1e-05
170200,1,1e-05
170220,1,1e-05
170232,1,1e-05
170247,1,1e-05
170266,1,1e-05
170350,1,1e-05
170358,1,1e-05
170399,1,1e-05
170443,1,1e-05
170455,1,1e-05
170636,1,1e-05
170711,1,1e-05
170775,1,1e-05
170831,1,1e-05
170839,1,1e-05
170849,1,1e-05
170864,1,1e-05
170954,1,1e-05
170978,1,1e-05
171134,1,1e-05
171138,1,1e-05
171163,1,1e-05
171295,1,1e-05
171305,1,1e-05
171463,1,1e-05
171475,1,1e-05
171485,1,1e-05
171597,1,1e-05
171637,1,1e-05
171671,1,1e-05
171756,1,1e-05
171758,1,1e-05
171784,1,1e-05
171912,1,1e-05
172037,1,1e-05
172051,1,1e-05
172114,1,1e-05
172117,1,1e-05
172154,1,1e-05
172188,1,1e-05
172256,1,1e-05
172274,1,1e-05
172293,1,1e-05
172306,1,1e-05
172355,1,1e-05
172370,1,1e-05
172382,1,1e-05
172384,1,1e-05
172507,1,1e-05
172515,1,1e-05
172518,1,1e-05
172586,1,1e-05
172600,1,1e-05
172652,1,1e-05
172666,1,1e-05
172734,1,1e-05
172744,1,1e-05
172777,1,1e-05
172830,1,1e-05
172959,1,1e-05
172965,1,1e-05
173062,1,1e-05
173101,1,1e-05
173115,1,1e-05
173122,1,1e-05
173180,1,1e-05
173192,1,1e-05
173196,1,1e-05
173248,1,1e-05
173397,1,1e-05
173434,1,1e-05
173436,1,1e-05
173451,1,1e-05
173470,1,1e-05
173495,1,1e-05
173536,1,1e-05
173605,1,1e-05
173653,1,1e-05
173667,1,1e-05
173677,1,1e-05
173687,1,1e-05
173705,1,1e-05
173878,1,1e-05
173978,1,1e-05
174000,1,1e-05
174039,1,1e-05
174070,1,1e-05
174135,1,1e-05
174174,1,1e-05
174212,1,1e-05
174224,1,1e-05
174266,1,1e-05
174322,1,1e-05
174348,1,1e-05
174428,1,1e-05
174456,1,1e-05
174472,1,1e-05
174489,1,1e-05
174535,1,1e-05
174544,1,1e-05
174583,1,1e-05
174825,1,1e-05
174853,1,1e-05
174880,1,1e-05
174888,1,1e-05
174895,1,1e-05
174912,1,1e-05
174947,1,1e-05
175002,1,1e-05
175022,1,1e-05
175044,1,1e-05
175067,1,1e-05
175110,1,1e-05
175129,1,1e-05
175149,1,1e-05
175190,1,1e-05
175199,1,1e-05
175250,1,1e-05
175320,1,1e-05
175331,1,1e-05
175478,1,1e-05
175493,1,1e-05
175526,1,1e-05
175543,1,1e-05
175567,1,1e-05
175701,1,1e-05
175736,1,1e-05
175746,1,1e-05
175829,1,1e-05
175831,1,1e-05
175859,1,1e-05
175878,1,1e-05
175914,1,1e-05
175933,1,1e-05
175938,1,1e-05
176042,1,1e-05
176091,1,1e-05
176108,1,1e-05
176166,1,1e-05
176194,1,1e-05
176339,1,1e-05
176341,1,1e-05
176493,1,1e-05
176604,1,1e-05
176681,1,1e-05
176745,1,1e-05
176790,1,1e-05
176919,1,1e-05
176938,1,1e-05
176960,1,1e-05
176982,1,1e-05
177019,1,1e-05
177045,1,1e-05
177077,1,1e-05
177200,1,1e-05
177291,1,1e-05
177295,1,1e-05
177315,1,1e-05
177327,1,1e-05
177361,1,1e-05
177366,1,1e-05
177398,1,1e-05
177430,1,1e-05
177433,1,1e-05
177441,1,1e-05
177457,1,1e-05
177461,1,1e-05
177471,1,1e-05
177481,1,1e-05
177498,1,1e-05
177544,1,1e-05
177553,1,1e-05
177662,1,1e-05
177674,1,1e-05
177762,1,1e-05
177818,1,1e-05
177954,1,1e-05
178060,1,1e-05
178212,1,1e-05
178217,1,1e-05
178238,1,1e-05
178245,1,1e-05
178257,1,1e-05
178357,1,1e-05
178388,1,1e-05
178396,1,1e-05
178413,1,1e-05
178417,1,1e-05
178424,1,1e-05
178427,1,1e-05
178448,1,1e-05
178468,1,1e-05
178539,1,1e-05
178631,1,1e-05
178638,1,1e-05
178667,1,1e-05
178679,1,1e-05
178852,1,1e-05
178873,1,1e-05
178875,1,1e-05
178895,1,1e-05
178896,1,1e-05
178915,1,1e-05
178928,1,1e-05
178948,1,1e-05
178982,1,1e-05
179041,1,1e-05
179062,1,1e-05
179064,1,1e-05
179157,1,1e-05
179218,1,1e-05
179368,1,1e-05
179371,1,1e-05
179496,1,1e-05
179619,1,1e-05
179720,1,1e-05
179726,1,1e-05
179757,1,1e-05
179820,1,1e-05
179827,1,1e-05
179847,1,1e-05
179938,1,1e-05
180042,1,1e-05
180076,1,1e-05
180092,1,1e-05
180117,1,1e-05
180124,1,1e-05
180131,1,1e-05
180182,1,1e-05
180202,1,1e-05
180247,1,1e-05
180289,1,1e-05
180328,1,1e-05
180525,1,1e-05
180587,1,1e-05
180602,1,1e-05
180610,1,1e-05
180696,1,1e-05
180731,1,1e-05
180735,1,1e-05
180758,1,1e-05
180835,1,1e-05
180875,1,1e-05
180897,1,1e-05
180910,1,1e-05
180930,1,1e-05
180954,1,1e-05
180955,1,1e-05
180964,1,1e-05
181008,1,1e-05
181080,1,1e-05
181135,1,1e-05
181197,1,1e-05
181260,1,1e-05
181262,1,1e-05
181379,1,1e-05
181391,1,1e-05
181405,1,1e-05
181447,1,1e-05
181455,1,1e-05
181458,1,1e-05
181464,1,1e-05
181496,1,1e-05
181625,1,1e-05
181646,1,1e-05
181679,1,1e-05
181696,1,1e-05
181702,1,1e-05
181716,1,1e-05
181741,1,1e-05
181749,1,1e-05
181754,1,1e-05
181774,1,1e-05
181840,1,1e-05
181900,1,1e-05
181917,1,1e-05
181959,1,1e-05
181968,1,1e-05
181981,1,1e-05
182028,1,1e-05
182094,1,1e-05
182145,1,1e-05
182155,1,1e-05
182227,1,1e-05
182231,1,1e-05
182237,1,1e-05
182312,1,1e-05
182476,1,1e-05
182554,1,1e-05
182555,1,1e-05
182566,1,1e-05
182586,1,1e-05
182590,1,1e-05
182713,1,1e-05
182788,1,1e-05
182827,1,1e-05
182859,1,1e-05
182957,1,1e-05
183073,1,1e-05
183171,1,1e-05
183208,1,1e-05
183269,1,1e-05
183296,1,1e-05
183305,1,1e-05
183320,1,1e-05
183368,1,1e-05
183393,1,1e-05
183397,1,1e-05
183414,1,1e-05
183568,1,1e-05
183727,1,1e-05
183750,1,1e-05
183771,1,1e-05
183936,1,1e-05
183972,1,1e-05
184095,1,1e-05
184129,1,1e-05
184264,1,1e-05
184333,1,1e-05
184392,1,1e-05
184453,1,1e-05
184517,1,1e-05
184551,1,1e-05
184552,1,1e-05
184753,1,1e-05
184763,1,1e-05
184799,1,1e-05
184822,1,1e-05
184840,1,1e-05
184865,1,1e-05
184912,1,1e-05
184924,1,1e-05
184942,1,1e-05
185057,1,1e-05
185077,1,1e-05
185147,1,1e-05
185206,1,1e-05
185214,1,1e-05
185335,1,1e-05
185423,1,1e-05
185696,1,1e-05
185734,1,1e-05
185794,1,1e-05
185810,1,1e-05
185825,1,1e-05
185842,1,1e-05
185872,1,1e-05
185910,1,1e-05
185923,1,1e-05
186028,1,1e-05
186038,1,1e-05
186040,1,1e-05
186149,1,1e-05
186159,1,1e-05
186173,1,1e-05
186197,1,1e-05
186207,1,1e-05
186323,1,1e-05
186397,1,1e-05
186405,1,1e-05
186527,1,1e-05
186589,1,1e-05
186614,1,1e-05
186652,1,1e-05
186664,1,1e-05
186770,1,1e-05
186792,1,1e-05
186823,1,1e-05
186828,1,1e-05
186886,1,1e-05
186961,1,1e-05
187021,1,1e-05
187101,1,1e-05
187124,1,1e-05
187170,1,1e-05
187279,1,1e-05
187280,1,1e-05
187316,1,1e-05
187363,1,1e-05
187576,1,1e-05
187700,1,1e-05
187742,1,1e-05
187743,1,1e-05
187822,1,1e-05
187843,1,1e-05
187862,1,1e-05
187874,1,1e-05
187886,1,1e-05
188035,1,1e-05
188054,1,1e-05
188110,1,1e-05
188153,1,1e-05
188182,1,1e-05
188214,1,1e-05
188257,1,1e-05
188297,1,1e-05
188313,1,1e-05
188340,1,1e-05
188363,1,1e-05
188402,1,1e-05
188438,1,1e-05
188540,1,1e-05
188636,1,1e-05
188641,1,1e-05
188706,1,1e-05
188725,1,1e-05
188769,1,1e-05
188794,1,1e-05
188975,1,1e-05
189020,1,1e-05
189023,1,1e-05
189062,1,1e-05
189096,1,1e-05
189110,1,1e-05
189116,1,1e-05
189170,1,1e-05
189221,1,1e-05
189254,1,1e-05
189325,1,1e-05
189372,1,1e-05
189380,1,1e-05
189454,1,1e-05
189465,1,1e-05
189514,1,1e-05
189520,1,1e-05
189582,1,1e-05
189620,1,1e-05
189670,1,1e-05
189709,1,1e-05
189728,1,1e-05
189775,1,1e-05
189776,1,1e-05
189780,1,1e-05
189891,1,1e-05
189893,1,1e-05
189923,1,1e-05
190074,1,1e-05
190123,1,1e-05
190293,1,1e-05
190297,1,1e-05
190305,1,1e-05
190321,1,1e-05
190390,1,1e-05
190624,1,1e-05
190646,1,1e-05
190672,1,1e-05
190838,1,1e-05
190908,1,1e-05
190966,1,1e-05
191029,1,1e-05
191047,1,1e-05
191053,1,1e-05
191071,1,1e-05
191106,1,1e-05
191270,1,1e-05
191351,1,1e-05
191352,1,1e-05
191376,1,1e-05
191437,1,1e-05
191462,1,1e-05
191558,1,1e-05
191572,1,1e-05
191658,1,1e-05
191680,1,1e-05
191755,1,1e-05
191757,1,1e-05
191760,1,1e-05
191818,1,1e-05
191860,1,1e-05
191878,1,1e-05
192003,1,1e-05
192058,1,1e-05
192123,1,1e-05
192355,1,1e-05
192380,1,1e-05
192455,1,1e-05
192515,1,1e-05
192527,1,1e-05
192536,1,1e-05
192545,1,1e-05
192558,1,1e-05
192565,1,1e-05
192669,1,1e-05
192689,1,1e-05
192721,1,1e-05
192737,1,1e-05
192781,1,1e-05
192884,1,1e-05
192898,1,1e-05
192911,1,1e-05
193114,1,1e-05
193180,1,1e-05
193187,1,1e-05
193196,1,1e-05
193216,1,1e-05
193264,1,1e-05
193302,1,1e-05
193345,1,1e-05
193380,1,1e-05
193413,1,1e-05
193439,1,1e-05
193455,1,1e-05
193461,1,1e-05
193523,1,1e-05
193540,1,1e-05
193619,1,1e-05
193645,1,1e-05
193647,1,1e-05
193652,1,1e-05
193697,1,1e-05
193711,1,1e-05
193741,1,1e-05
193743,1,1e-05
193747,1,1e-05
193763,1,1e-05
193814,1,1e-05
194170,1,1e-05
194183,1,1e-05
194257,1,1e-05
194290,1,1e-05
194299,1,1e-05
194365,1,1e-05
194379,1,1e-05
194403,1,1e-05
194405,1,1e-05
194410,1,1e-05
194444,1,1e-05
194559,1,1e-05
194672,1,1e-05
194675,1,1e-05
194697,1,1e-05
194846,1,1e-05
194852,1,1e-05
194869,1,1e-05
194971,1,1e-05
194982,1,1e-05
195005,1,1e-05
195006,1,1e-05
195030,1,1e-05
195083,1,1e-05
195085,1,1e-05
195169,1,1e-05
195282,1,1e-05
195317,1,1e-05
195338,1,1e-05
195361,1,1e-05
195364,1,1e-05
195395,1,1e-05
195401,1,1e-05
195413,1,1e-05
195429,1,1e-05
195510,1,1e-05
195516,1,1e-05
195703,1,1e-05
195726,1,1e-05
195735,1,1e-05
195753,1,1e-05
195759,1,1e-05
195793,1,1e-05
195861,1,1e-05
195915,1,1e-05
195971,1,1e-05
195996,1,1e-05
196021,1,1e-05
196039,1,1e-05
196077,1,1e-05
196243,1,1e-05
196291,1,1e-05
196293,1,1e-05
196392,1,1e-05
196465,1,1e-05
196488,1,1e-05
196499,1,1e-05
196504,1,1e-05
196629,1,1e-05
196692,1,1e-05
196737,1,1e-05
196754,1,1e-05
196850,1,1e-05
196904,1,1e-05
196934,1,1e-05
196965,1,1e-05
196998,1,1e-05
197045,1,1e-05
197083,1,1e-05
197126,1,1e-05
197130,1,1e-05
197154,1,1e-05
197205,1,1e-05
197237,1,1e-05
197283,1,1e-05
197348,1,1e-05
197378,1,1e-05
197440,1,1e-05
197488,1,1e-05
197504,1,1e-05
197597,1,1e-05
197637,1,1e-05
197638,1,1e-05
197666,1,1e-05
197754,1,1e-05
197799,1,1e-05
197809,1,1e-05
197922,1,1e-05
197971,1,1e-05
197990,1,1e-05
198027,1,1e-05
198030,1,1e-05
198056,1,1e-05
198075,1,1e-05
198088,1,1e-05
198099,1,1e-05
198185,1,1e-05
198255,1,1e-05
198275,1,1e-05
198284,1,1e-05
198294,1,1e-05
198430,1,1e-05
198447,1,1e-05
198464,1,1e-05
198485,1,1e-05
198487,1,1e-05
198575,1,1e-05
198685,1,1e-05
198692,1,1e-05
198730,1,1e-05
198788,1,1e-05
198799,1,1e-05
198801,1,1e-05
198878,1,1e-05
198881,1,1e-05
199019,1,1e-05
199199,1,1e-05
199236,1,1e-05
199238,1,1e-05
199261,1,1e-05
199262,1,1e-05
199280,1,1e-05
199291,1,1e-05
199356,1,1e-05
199368,1,1e-05
199394,1,1e-05
199410,1,1e-05
199424,1,1e-05
199467,1,1e-05
199613,1,1e-05
199659,1,1e-05
199735,1,1e-05
199804,1,1e-05
199879,1,1e-05
199899,1,1e-05
199974,1,1e-05
200013,1,1e-05
200040,1,1e-05
200188,1,1e-05
200206,1,1e-05
200284,1,1e-05
200287,1,1e-05
200353,1,1e-05
200455,1,1e-05
200689,1,1e-05
200771,1,1e-05
200818,1,1e-05
200991,1,1e-05
200992,1,1e-05
201016,1,1e-05
201038,1,1e-05
201059,1,1e-05
201223,1,1e-05
201304,1,1e-05
201314,1,1e-05
201442,1,1e-05
201584,1,1e-05
201636,1,1e-05
201678,1,1e-05
201701,1,1e-05
201859,1,1e-05
201863,1,1e-05
201918,1,1e-05
201990,1,1e-05
202080,1,1e-05
202114,1,1e-05
202126,1,1e-05
202141,1,1e-05
202143,1,1e-05
202212,1,1e-05
202271,1,1e-05
202283,1,1e-05
202316,1,1e-05
202402,1,1e-05
202521,1,1e-05
202525,1,1e-05
202586,1,1e-05
202621,1,1e-05
202741,1,1e-05
202750,1,1e-05
202948,1,1e-05
202999,1,1e-05
203000,1,1e-05
203019,1,1e-05
203027,1,1e-05
203113,1,1e-05
203125,1,1e-05
203323,1,1e-05
203410,1,1e-05
203504,1,1e-05
203578,1,1e-05
203585,1,1e-05
203603,1,1e-05
203721,1,1e-05
203797,1,1e-05
203808,1,1e-05
204002,1,1e-05
204015,1,1e-05
204065,1,1e-05
204090,1,1e-05
204150,1,1e-05
204183,1,1e-05
204200,1,1e-05
204299,1,1e-05
204314,1,1e-05
204428,1,1e-05
204595,1,1e-05
204605,1,1e-05
204629,1,1e-05
204644,1,1e-05
204667,1,1e-05
204793,1,1e-05
204843,1,1e-05
204876,1,1e-05
204915,1,1e-05
205053,1,1e-05
205097,1,1e-05
205102,1,1e-05
205287,1,1e-05
205306,1,1e-05
205338,1,1e-05
205379,1,1e-05
205413,1,1e-05
205439,1,1e-05
205492,1,1e-05
205539,1,1e-05
205571,1,1e-05
205600,1,1e-05
205702,1,1e-05
205735,1,1e-05
205826,1,1e-05
205836,1,1e-05
205913,1,1e-05
205933,1,1e-05
205954,1,1e-05
205973,1,1e-05
206047,1,1e-05
206131,1,1e-05
206162,1,1e-05
206283,1,1e-05
206297,1,1e-05
206368,1,1e-05
206405,1,1e-05
206475,1,1e-05
206481,1,1e-05
206512,1,1e-05
206543,1,1e-05
206575,1,1e-05
206606,1,1e-05
206610,1,1e-05
206687,1,1e-05
206697,1,1e-05
206707,1,1e-05
206719,1,1e-05
206740,1,1e-05
206748,1,1e-05
206794,1,1e-05
206801,1,1e-05
206817,1,1e-05
206839,1,1e-05
206916,1,1e-05
206933,1,1e-05
206938,1,1e-05
207050,1,1e-05
207106,1,1e-05
207245,1,1e-05
207250,1,1e-05
207311,1,1e-05
207440,1,1e-05
207467,1,1e-05
207516,1,1e-05
207541,1,1e-05
207637,1,1e-05
207649,1,1e-05
207653,1,1e-05
207801,1,1e-05
207844,1,1e-05
207893,1,1e-05
207898,1,1e-05
207905,1,1e-05
207984,1,1e-05
208006,1,1e-05
208030,1,1e-05
208099,1,1e-05
208129,1,1e-05
208254,1,1e-05
208296,1,1e-05
208307,1,1e-05
208317,1,1e-05
208375,1,1e-05
208436,1,1e-05
208483,1,1e-05
208530,1,1e-05
208604,1,1e-05
208654,1,1e-05
208721,1,1e-05
208729,1,1e-05
208778,1,1e-05
208894,1,1e-05
209041,1,1e-05
209044,1,1e-05
209061,1,1e-05
209106,1,1e-05
209109,1,1e-05
209138,1,1e-05
209221,1,1e-05
209279,1,1e-05
209342,1,1e-05
209363,1,1e-05
209372,1,1e-05
209380,1,1e-05
209400,1,1e-05
209420,1,1e-05
209553,1,1e-05
209613,1,1e-05
209640,1,1e-05
209656,1,1e-05
209812,1,1e-05
209820,1,1e-05
209839,1,1e-05
209841,1,1e-05
209904,1,1e-05
209938,1,1e-05
210126,1,1e-05
210243,1,1e-05
210478,1,1e-05
210521,1,1e-05
210541,1,1e-05
210820,1,1e-05
210886,1,1e-05
210894,1,1e-05
210916,1,1e-05
211001,1,1e-05
211079,1,1e-05
211101,1,1e-05
211174,1,1e-05
211180,1,1e-05
211184,1,1e-05
211250,1,1e-05
211321,1,1e-05
211404,1,1e-05
211416,1,1e-05
211439,1,1e-05
211469,1,1e-05
211527,1,1e-05
211745,1,1e-05
211799,1,1e-05
211811,1,1e-05
211922,1,1e-05
211929,1,1e-05
211976,1,1e-05
212005,1,1e-05
212034,1,1e-05
212044,1,1e-05
212069,1,1e-05
212118,1,1e-05
212127,1,1e-05
212141,1,1e-05
212145,1,1e-05
212158,1,1e-05
212163,1,1e-05
212309,1,1e-05
212329,1,1e-05
212349,1,1e-05
212367,1,1e-05
212385,1,1e-05
212416,1,1e-05
212436,1,1e-05
212443,1,1e-05
212547,1,1e-05
212673,1,1e-05
212754,1,1e-05
213045,1,1e-05
213056,1,1e-05
213073,1,1e-05
213183,1,1e-05
213204,1,1e-05
213225,1,1e-05
213250,1,1e-05
213265,1,1e-05
213275,1,1e-05
213301,1,1e-05
213486,1,1e-05
213666,1,1e-05
213775,1,1e-05
213776,1,1e-05
213878,1,1e-05
213890,1,1e-05
213960,1,1e-05
213977,1,1e-05
214124,1,1e-05
214162,1,1e-05
214175,1,1e-05
214181,1,1e-05
214221,1,1e-05
214263,1,1e-05
214274,1,1e-05
214326,1,1e-05
214356,1,1e-05
214487,1,1e-05
214546,1,1e-05
214729,1,1e-05
214759,1,1e-05
214782,1,1e-05
214921,1,1e-05
214926,1,1e-05
215018,1,1e-05
215029,1,1e-05
215039,1,1e-05
215064,1,1e-05
215173,1,1e-05
215203,1,1e-05
215209,1,1e-05
215230,1,1e-05
215302,1,1e-05
215327,1,1e-05
215429,1,1e-05
215565,1,1e-05
215624,1,1e-05
215774,1,1e-05
215860,1,1e-05
215870,1,1e-05
215925,1,1e-05
215943,1,1e-05
215977,1,1e-05
216047,1,1e-05
216071,1,1e-05
216092,1,1e-05
216100,1,1e-05
216109,1,1e-05
216122,1,1e-05
216139,1,1e-05
216289,1,1e-05
216302,1,1e-05
216409,1,1e-05
216455,1,1e-05
216477,1,1e-05
216524,1,1e-05
216529,1,1e-05
216646,1,1e-05
216726,1,1e-05
216747,1,1e-05
216768,1,1e-05
216778,1,1e-05
216823,1,1e-05
216828,1,1e-05
216835,1,1e-05
216866,1,1e-05
216947,1,1e-05
217269,1,1e-05
217320,1,1e-05
217381,1,1e-05
217721,1,1e-05
217723,1,1e-05
217726,1,1e-05
217875,1,1e-05
217881,1,1e-05
217983,1,1e-05
218066,1,1e-05
218068,1,1e-05
218088,1,1e-05
218136,1,1e-05
218166,1,1e-05
218213,1,1e-05
218249,1,1e-05
218311,1,1e-05
218343,1,1e-05
218410,1,1e-05
218466,1,1e-05
218478,1,1e-05
218677,1,1e-05
218728,1,1e-05
218733,1,1e-05
218755,1,1e-05
218804,1,1e-05
218893,1,1e-05
218897,1,1e-05
218908,1,1e-05
218946,1,1e-05
219007,1,1e-05
219043,1,1e-05
219156,1,1e-05
219191,1,1e-05
219233,1,1e-05
219393,1,1e-05
219459,1,1e-05
219462,1,1e-05
219480,1,1e-05
219591,1,1e-05
219699,1,1e-05
219832,1,1e-05
219925,1,1e-05
219931,1,1e-05
219938,1,1e-05
219955,1,1e-05
219961,1,1e-05
219971,1,1e-05
219977,1,1e-05
219980,1,1e-05
220030,1,1e-05
220048,1,1e-05
220093,1,1e-05
220172,1,1e-05
220234,1,1e-05
220264,1,1e-05
220272,1,1e-05
220281,1,1e-05
220290,1,1e-05
220303,1,1e-05
220367,1,1e-05
220369,1,1e-05
220376,1,1e-05
220395,1,1e-05
220507,1,1e-05
220543,1,1e-05
220567,1,1e-05
220606,1,1e-05
220613,1,1e-05
220649,1,1e-05
220683,1,1e-05
220745,1,1e-05
220865,1,1e-05
220974,1,1e-05
221043,1,1e-05
221049,1,1e-05
221059,1,1e-05
221092,1,1e-05
221123,1,1e-05
221180,1,1e-05
221305,1,1e-05
221315,1,1e-05
221325,1,1e-05
221355,1,1e-05
221363,1,1e-05
221435,1,1e-05
221451,1,1e-05
221505,1,1e-05
221556,1,1e-05
221567,1,1e-05
221594,1,1e-05
221613,1,1e-05
221888,1,1e-05
221928,1,1e-05
222079,1,1e-05
222111,1,1e-05
222139,1,1e-05
222180,1,1e-05
222218,1,1e-05
222287,1,1e-05
222343,1,1e-05
222403,1,1e-05
222540,1,1e-05
222594,1,1e-05
222644,1,1e-05
222721,1,1e-05
222771,1,1e-05
222793,1,1e-05
222827,1,1e-05
222890,1,1e-05
222997,1,1e-05
223116,1,1e-05
223323,1,1e-05
223350,1,1e-05
223376,1,1e-05
223394,1,1e-05
223434,1,1e-05
223492,1,1e-05
223545,1,1e-05
223553,1,1e-05
223592,1,1e-05
223676,1,1e-05
223710,1,1e-05
223738,1,1e-05
223824,1,1e-05
223826,1,1e-05
223861,1,1e-05
223932,1,1e-05
223967,1,1e-05
224014,1,1e-05
224027,1,1e-05
224094,1,1e-05
224098,1,1e-05
224109,1,1e-05
224195,1,1e-05
224346,1,1e-05
224449,1,1e-05
224465,1,1e-05
224497,1,1e-05
224534,1,1e-05
224550,1,1e-05
224596,1,1e-05
224618,1,1e-05
224669,1,1e-05
224674,1,1e-05
224726,1,1e-05
224776,1,1e-05
224800,1,1e-05
224839,1,1e-05
224846,1,1e-05
224893,1,1e-05
224923,1,1e-05
224941,1,1e-05
225073,1,1e-05
225101,1,1e-05
225123,1,1e-05
225130,1,1e-05
225136,1,1e-05
225172,1,1e-05
225203,1,1e-05
225257,1,1e-05
225291,1,1e-05
225304,1,1e-05
225307,1,1e-05
225408,1,1e-05
225415,1,1e-05
225526,1,1e-05
225563,1,1e-05
225580,1,1e-05
225657,1,1e-05
225699,1,1e-05
225829,1,1e-05
225846,1,1e-05
225913,1,1e-05
226019,1,1e-05
226040,1,1e-05
226053,1,1e-05
226072,1,1e-05
226101,1,1e-05
226202,1,1e-05
226279,1,1e-05
226318,1,1e-05
226331,1,1e-05
226337,1,1e-05
226382,1,1e-05
226494,1,1e-05
226533,1,1e-05
226584,1,1e-05
226687,1,1e-05
226689,1,1e-05
226718,1,1e-05
226736,1,1e-05
226837,1,1e-05
226868,1,1e-05
226898,1,1e-05
226914,1,1e-05
226956,1,1e-05
226957,1,1e-05
226964,1,1e-05
226969,1,1e-05
226984,1,1e-05
227035,1,1e-05
227086,1,1e-05
227096,1,1e-05
227114,1,1e-05
227154,1,1e-05
227155,1,1e-05
227199,1,1e-05
227248,1,1e-05
227272,1,1e-05
227316,1,1e-05
227410,1,1e-05
227411,1,1e-05
227492,1,1e-05
227528,1,1e-05
227637,1,1e-05
227685,1,1e-05
227747,1,1e-05
227756,1,1e-05
227832,1,1e-05
227927,1,1e-05
227947,1,1e-05
227954,1,1e-05
227989,1,1e-05
228020,1,1e-05
228075,1,1e-05
228227,1,1e-05
228270,1,1e-05
228283,1,1e-05
228288,1,1e-05
228327,1,1e-05
228344,1,1e-05
228356,1,1e-05
228359,1,1e-05
228367,1,1e-05
228374,1,1e-05
228392,1,1e-05
228408,1,1e-05
228417,1,1e-05
228460,1,1e-05
228497,1,1e-05
228528,1,1e-05
228544,1,1e-05
228610,1,1e-05
228628,1,1e-05
228812,1,1e-05
228909,1,1e-05
228922,1,1e-05
228927,1,1e-05
229025,1,1e-05
229062,1,1e-05
229133,1,1e-05
229284,1,1e-05
229292,1,1e-05
229392,1,1e-05
229412,1,1e-05
229501,1,1e-05
229527,1,1e-05
229535,1,1e-05
229612,1,1e-05
229622,1,1e-05
229683,1,1e-05
229737,1,1e-05
229759,1,1e-05
229771,1,1e-05
229774,1,1e-05
229822,1,1e-05
229844,1,1e-05
229931,1,1e-05
230010,1,1e-05
230040,1,1e-05
230046,1,1e-05
230048,1,1e-05
230115,1,1e-05
230155,1,1e-05
230208,1,1e-05
230377,1,1e-05
230475,1,1e-05
230487,1,1e-05
230514,1,1e-05
230518,1,1e-05
230572,1,1e-05
230650,1,1e-05
230736,1,1e-05
230857,1,1e-05
230895,1,1e-05
230902,1,1e-05
230939,1,1e-05
230980,1,1e-05
231116,1,1e-05
231287,1,1e-05
231307,1,1e-05
231333,1,1e-05
231356,1,1e-05
231468,1,1e-05
231510,1,1e-05
231548,1,1e-05
231575,1,1e-05
231576,1,1e-05
231674,1,1e-05
231686,1,1e-05
231769,1,1e-05
231789,1,1e-05
231848,1,1e-05
231951,1,1e-05
231965,1,1e-05
232024,1,1e-05
232027,1,1e-05
232085,1,1e-05
232129,1,1e-05
232135,1,1e-05
232142,1,1e-05
232148,1,1e-05
232350,1,1e-05
232459,1,1e-05
232503,1,1e-05
232506,1,1e-05
232527,1,1e-05
232587,1,1e-05
232599,1,1e-05
232610,1,1e-05
232661,1,1e-05
232695,1,1e-05
232697,1,1e-05
232707,1,1e-05
232716,1,1e-05
232761,1,1e-05
232765,1,1e-05
232860,1,1e-05
233066,1,1e-05
233086,1,1e-05
233110,1,1e-05
233113,1,1e-05
233172,1,1e-05
233203,1,1e-05
233238,1,1e-05
233250,1,1e-05
233395,1,1e-05
233421,1,1e-05
233444,1,1e-05
233449,1,1e-05
233452,1,1e-05
233497,1,1e-05
233586,1,1e-05
233602,1,1e-05
233640,1,1e-05
233693,1,1e-05
233726,1,1e-05
233727,1,1e-05
233740,1,1e-05
233760,1,1e-05
233770,1,1e-05
233791,1,1e-05
233950,1,1e-05
234029,1,1e-05
234041,1,1e-05
234081,1,1e-05
234195,1,1e-05
234223,1,1e-05
234242,1,1e-05
234311,1,1e-05
234356,1,1e-05
234410,1,1e-05
234454,1,1e-05
234516,1,1e-05
234561,1,1e-05
234596,1,1e-05
234614,1,1e-05
234815,1,1e-05
234856,1,1e-05
234932,1,1e-05
234946,1,1e-05
235026,1,1e-05
235061,1,1e-05
235097,1,1e-05
235209,1,1e-05
235228,1,1e-05
235272,1,1e-05
235294,1,1e-05
235455,1,1e-05
235482,1,1e-05
235507,1,1e-05
235545,1,1e-05
235548,1,1e-05
235635,1,1e-05
235637,1,1e-05
235651,1,1e-05
235662,1,1e-05
235709,1,1e-05
235717,1,1e-05
235729,1,1e-05
235752,1,1e-05
235844,1,1e-05
236060,1,1e-05
236064,1,1e-05
236085,1,1e-05
236090,1,1e-05
236234,1,1e-05
236299,1,1e-05
236308,1,1e-05
236316,1,1e-05
236357,1,1e-05
236360,1,1e-05
236455,1,1e-05
236578,1,1e-05
236591,1,1e-05
236610,1,1e-05
236639,1,1e-05
236654,1,1e-05
236659,1,1e-05
236668,1,1e-05
236671,1,1e-05
236732,1,1e-05
236743,1,1e-05
236752,1,1e-05
236800,1,1e-05
236812,1,1e-05
236828,1,1e-05
236904,1,1e-05
236952,1,1e-05
236980,1,1e-05
236983,1,1e-05
237018,1,1e-05
237175,1,1e-05
237186,1,1e-05
237188,1,1e-05
237209,1,1e-05
237251,1,1e-05
237273,1,1e-05
237338,1,1e-05
237374,1,1e-05
237392,1,1e-05
237425,1,1e-05
237561,1,1e-05
237592,1,1e-05
237644,1,1e-05
237723,1,1e-05
237728,1,1e-05
237730,1,1e-05
237746,1,1e-05
237869,1,1e-05
237890,1,1e-05
237896,1,1e-05
237939,1,1e-05
237941,1,1e-05
238038,1,1e-05
238085,1,1e-05
238096,1,1e-05
238106,1,1e-05
238206,1,1e-05
238217,1,1e-05
238245,1,1e-05
238314,1,1e-05
238332,1,1e-05
238346,1,1e-05
238349,1,1e-05
238377,1,1e-05
238383,1,1e-05
238391,1,1e-05
238410,1,1e-05
238506,1,1e-05
238514,1,1e-05
238559,1,1e-05
238634,1,1e-05
238648,1,1e-05
238667,1,1e-05
238839,1,1e-05
238856,1,1e-05
238926,1,1e-05
238951,1,1e-05
238970,1,1e-05
238986,1,1e-05
238997,1,1e-05
239011,1,1e-05
239050,1,1e-05
239073,1,1e-05
239165,1,1e-05
239199,1,1e-05
239256,1,1e-05
239300,1,1e-05
239431,1,1e-05
239562,1,1e-05
239618,1,1e-05
239645,1,1e-05
239671,1,1e-05
239759,1,1e-05
239823,1,1e-05
239838,1,1e-05
239843,1,1e-05
239846,1,1e-05
239863,1,1e-05
239914,1,1e-05
239926,1,1e-05
240156,1,1e-05
240298,1,1e-05
240364,1,1e-05
240465,1,1e-05
240474,1,1e-05
240477,1,1e-05
240505,1,1e-05
240520,1,1e-05
240552,1,1e-05
240659,1,1e-05
240694,1,1e-05
240698,1,1e-05
240709,1,1e-05
240799,1,1e-05
240853,1,1e-05
240873,1,1e-05
240897,1,1e-05
240914,1,1e-05
240948,1,1e-05
240971,1,1e-05
240986,1,1e-05
241082,1,1e-05
241164,1,1e-05
241221,1,1e-05
241281,1,1e-05
241296,1,1e-05
241352,1,1e-05
241360,1,1e-05
241417,1,1e-05
241423,1,1e-05
241436,1,1e-05
241445,1,1e-05
241464,1,1e-05
241494,1,1e-05
241512,1,1e-05
241522,1,1e-05
241533,1,1e-05
241647,1,1e-05
241679,1,1e-05
241687,1,1e-05
241803,1,1e-05
241806,1,1e-05
241814,1,1e-05
241865,1,1e-05
241875,1,1e-05
241958,1,1e-05
242001,1,1e-05
242033,1,1e-05
242158,1,1e-05
242166,1,1e-05
242218,1,1e-05
242272,1,1e-05
242442,1,1e-05
242473,1,1e-05
242603,1,1e-05
242677,1,1e-05
242818,1,1e-05
243048,1,1e-05
243152,1,1e-05
243154,1,1e-05
243197,1,1e-05
243275,1,1e-05
243306,1,1e-05
243345,1,1e-05
243379,1,1e-05
243460,1,1e-05
243476,1,1e-05
243487,1,1e-05
243495,1,1e-05
243526,1,1e-05
243549,1,1e-05
243568,1,1e-05
243588,1,1e-05
243695,1,1e-05
243718,1,1e-05
243794,1,1e-05
243944,1,1e-05
243967,1,1e-05
243974,1,1e-05
244026,1,1e-05
244056,1,1e-05
244153,1,1e-05
244167,1,1e-05
244214,1,1e-05
244277,1,1e-05
244311,1,1e-05
244316,1,1e-05
244396,1,1e-05
244419,1,1e-05
244469,1,1e-05
244546,1,1e-05
244599,1,1e-05
244651,1,1e-05
244696,1,1e-05
244767,1,1e-05
244781,1,1e-05
244809,1,1e-05
244886,1,1e-05
244970,1,1e-05
244971,1,1e-05
244990,1,1e-05
245015,1,1e-05
245026,1,1e-05
245221,1,1e-05
245225,1,1e-05
245265,1,1e-05
245310,1,1e-05
245358,1,1e-05
245416,1,1e-05
245449,1,1e-05
245472,1,1e-05
245617,1,1e-05
245674,1,1e-05
245715,1,1e-05
245738,1,1e-05
245788,1,1e-05
245860,1,1e-05
245939,1,1e-05
245940,1,1e-05
245961,1,1e-05
246001,1,1e-05
246106,1,1e-05
246111,1,1e-05
246258,1,1e-05
246259,1,1e-05
246346,1,1e-05
246365,1,1e-05
246387,1,1e-05
246403,1,1e-05
246417,1,1e-05
246618,1,1e-05
246619,1,1e-05
246668,1,1e-05
246715,1,1e-05
246756,1,1e-05
246814,1,1e-05
246881,1,1e-05
246925,1,1e-05
246965,1,1e-05
246972,1,1e-05
246979,1,1e-05
246993,1,1e-05
247060,1,1e-05
247128,1,1e-05
247151,1,1e-05
247190,1,1e-05
247250,1,1e-05
247273,1,1e-05
247374,1,1e-05
247385,1,1e-05
247405,1,1e-05
247428,1,1e-05
247542,1,1e-05
247632,1,1e-05
247669,1,1e-05
247682,1,1e-05
247765,1,1e-05
247847,1,1e-05
247861,1,1e-05
247873,1,1e-05
247893,1,1e-05
247981,1,1e-05
247996,1,1e-05
248006,1,1e-05
248042,1,1e-05
248045,1,1e-05
248053,1,1e-05
248079,1,1e-05
248084,1,1e-05
248250,1,1e-05
248276,1,1e-05
248401,1,1e-05
248404,1,1e-05
248437,1,1e-05
248452,1,1e-05
248489,1,1e-05
248492,1,1e-05
248513,1,1e-05
248617,1,1e-05
248648,1,1e-05
248686,1,1e-05
248687,1,1e-05
248703,1,1e-05
248782,1,1e-05
248880,1,1e-05
248949,1,1e-05
249010,1,1e-05
249083,1,1e-05
249098,1,1e-05
249216,1,1e-05
249281,1,1e-05
249342,1,1e-05
249356,1,1e-05
249376,1,1e-05
249382,1,1e-05
249406,1,1e-05
249433,1,1e-05
249489,1,1e-05
249508,1,1e-05
249517,1,1e-05
249679,1,1e-05
249686,1,1e-05
249712,1,1e-05
249767,1,1e-05
249779,1,1e-05
249848,1,1e-05
249919,1,1e-05
249975,1,1e-05
250017,1,1e-05
250054,1,1e-05
250103,1,1e-05
250133,1,1e-05
250155,1,1e-05
250205,1,1e-05
250249,1,1e-05
250351,1,1e-05
250415,1,1e-05
250428,1,1e-05
250508,1,1e-05
250513,1,1e-05
250528,1,1e-05
250622,1,1e-05
250643,1,1e-05
250658,1,1e-05
250678,1,1e-05
250751,1,1e-05
250754,1,1e-05
250768,1,1e-05
250772,1,1e-05
250825,1,1e-05
250865,1,1e-05
250922,1,1e-05
251083,1,1e-05
251126,1,1e-05
251201,1,1e-05
251207,1,1e-05
251352,1,1e-05
251396,1,1e-05
251432,1,1e-05
251452,1,1e-05
251522,1,1e-05
251604,1,1e-05
251621,1,1e-05
251648,1,1e-05
251723,1,1e-05
251771,1,1e-05
251786,1,1e-05
251852,1,1e-05
251923,1,1e-05
252018,1,1e-05
252069,1,1e-05
252075,1,1e-05
252077,1,1e-05
252085,1,1e-05
252152,1,1e-05
252164,1,1e-05
252218,1,1e-05
252222,1,1e-05
252250,1,1e-05
252286,1,1e-05
252297,1,1e-05
252333,1,1e-05
252335,1,1e-05
252394,1,1e-05
252432,1,1e-05
252528,1,1e-05
252546,1,1e-05
252586,1,1e-05
252630,1,1e-05
252801,1,1e-05
252825,1,1e-05
252827,1,1e-05
252829,1,1e-05
252927,1,1e-05
252944,1,1e-05
253034,1,1e-05
253050,1,1e-05
253060,1,1e-05
253128,1,1e-05
253136,1,1e-05
253153,1,1e-05
253154,1,1e-05
253225,1,1e-05
253260,1,1e-05
253263,1,1e-05
253300,1,1e-05
253448,1,1e-05
253486,1,1e-05
253509,1,1e-05
253585,1,1e-05
253656,1,1e-05
253677,1,1e-05
253782,1,1e-05
253804,1,1e-05
253836,1,1e-05
253838,1,1e-05
253895,1,1e-05
253946,1,1e-05
253968,1,1e-05
254010,1,1e-05
254098,1,1e-05
254122,1,1e-05
254139,1,1e-05
254149,1,1e-05
254180,1,1e-05
254195,1,1e-05
254244,1,1e-05
254250,1,1e-05
254258,1,1e-05
254343,1,1e-05
254406,1,1e-05
254429,1,1e-05
254460,1,1e-05
254469,1,1e-05
254495,1,1e-05
254498,1,1e-05
254533,1,1e-05
254577,1,1e-05
254693,1,1e-05
254765,1,1e-05
254969,1,1e-05
254984,1,1e-05
255054,1,1e-05
255210,1,1e-05
255265,1,1e-05
255271,1,1e-05
255330,1,1e-05
255339,1,1e-05
255341,1,1e-05
255458,1,1e-05
255481,1,1e-05
255506,1,1e-05
255557,1,1e-05
255558,1,1e-05
255570,1,1e-05
255617,1,1e-05
255671,1,1e-05
255687,1,1e-05
255759,1,1e-05
255828,1,1e-05
255868,1,1e-05
255870,1,1e-05
255901,1,1e-05
255928,1,1e-05
256120,1,1e-05
256121,1,1e-05
256124,1,1e-05
256167,1,1e-05
256195,1,1e-05
256394,1,1e-05
256407,1,1e-05
256419,1,1e-05
256442,1,1e-05
256481,1,1e-05
256525,1,1e-05
256535,1,1e-05
256565,1,1e-05
256613,1,1e-05
256685,1,1e-05
256695,1,1e-05
256842,1,1e-05
256913,1,1e-05
256985,1,1e-05
256992,1,1e-05
257008,1,1e-05
257016,1,1e-05
257110,1,1e-05
257193,1,1e-05
257196,1,1e-05
257270,1,1e-05
257290,1,1e-05
257309,1,1e-05
257325,1,1e-05
257340,1,1e-05
257341,1,1e-05
257379,1,1e-05
257384,1,1e-05
257466,1,1e-05
257491,1,1e-05
257551,1,1e-05
257593,1,1e-05
257618,1,1e-05
257622,1,1e-05
257657,1,1e-05
257665,1,1e-05
257751,1,1e-05
257753,1,1e-05
257755,1,1e-05
257763,1,1e-05
257793,1,1e-05
257797,1,1e-05
257837,1,1e-05
257861,1,1e-05
257867,1,1e-05
257912,1,1e-05
257933,1,1e-05
257958,1,1e-05
257969,1,1e-05
258038,1,1e-05
258064,1,1e-05
258070,1,1e-05
258276,1,1e-05
258314,1,1e-05
258353,1,1e-05
258483,1,1e-05
258504,1,1e-05
258746,1,1e-05
258883,1,1e-05
258905,1,1e-05
259002,1,1e-05
259125,1,1e-05
259154,1,1e-05
259202,1,1e-05
259208,1,1e-05
259243,1,1e-05
259244,1,1e-05
259271,1,1e-05
259362,1,1e-05
259485,1,1e-05
259535,1,1e-05
259540,1,1e-05
259544,1,1e-05
259635,1,1e-05
259651,1,1e-05
259738,1,1e-05
259749,1,1e-05
259783,1,1e-05
259856,1,1e-05
259891,1,1e-05
259896,1,1e-05
259917,1,1e-05
260122,1,1e-05
260198,1,1e-05
260199,1,1e-05
260269,1,1e-05
260427,1,1e-05
260485,1,1e-05
260506,1,1e-05
260529,1,1e-05
260654,1,1e-05
260695,1,1e-05
260729,1,1e-05
260820,1,1e-05
260828,1,1e-05
260859,1,1e-05
260939,1,1e-05
261078,1,1e-05
261188,1,1e-05
261365,1,1e-05
261396,1,1e-05
261421,1,1e-05
261445,1,1e-05
261450,1,1e-05
261488,1,1e-05
261609,1,1e-05
261641,1,1e-05
261749,1,1e-05
261784,1,1e-05
261805,1,1e-05
262019,1,1e-05
262045,1,1e-05
262062,1,1e-05
262127,1,1e-05
262146,1,1e-05
262156,1,1e-05
262173,1,1e-05
262190,1,1e-05
262195,1,1e-05
262204,1,1e-05
262241,1,1e-05
262292,1,1e-05
262325,1,1e-05
262345,1,1e-05
262356,1,1e-05
262519,1,1e-05
262669,1,1e-05
262676,1,1e-05
262713,1,1e-05
262785,1,1e-05
262914,1,1e-05
262938,1,1e-05
263045,1,1e-05
263060,1,1e-05
263096,1,1e-05
263126,1,1e-05
263144,1,1e-05
263222,1,1e-05
263227,1,1e-05
263248,1,1e-05
263296,1,1e-05
263387,1,1e-05
263403,1,1e-05
263417,1,1e-05
263495,1,1e-05
263501,1,1e-05
263567,1,1e-05
263592,1,1e-05
263607,1,1e-05
263629,1,1e-05
263686,1,1e-05
263690,1,1e-05
263717,1,1e-05
263742,1,1e-05
263886,1,1e-05
263976,1,1e-05
264020,1,1e-05
264156,1,1e-05
264179,1,1e-05
264280,1,1e-05
264309,1,1e-05
264451,1,1e-05
264543,1,1e-05
264545,1,1e-05
264546,1,1e-05
264608,1,1e-05
264636,1,1e-05
264681,1,1e-05
264702,1,1e-05
264786,1,1e-05
264846,1,1e-05
264867,1,1e-05
265118,1,1e-05
265133,1,1e-05
265154,1,1e-05
265205,1,1e-05
265242,1,1e-05
265356,1,1e-05
265462,1,1e-05
265484,1,1e-05
265510,1,1e-05
265537,1,1e-05
265584,1,1e-05
265585,1,1e-05
265636,1,1e-05
265776,1,1e-05
265791,1,1e-05
265819,1,1e-05
265823,1,1e-05
265899,1,1e-05
265971,1,1e-05
266043,1,1e-05
266046,1,1e-05
266087,1,1e-05
266188,1,1e-05
266218,1,1e-05
266237,1,1e-05
266267,1,1e-05
266304,1,1e-05
266316,1,1e-05
266319,1,1e-05
266382,1,1e-05
266385,1,1e-05
266399,1,1e-05
266413,1,1e-05
266431,1,1e-05
266497,1,1e-05
266509,1,1e-05
266589,1,1e-05
266612,1,1e-05
266628,1,1e-05
266769,1,1e-05
266786,1,1e-05
266977,1,1e-05
267028,1,1e-05
267079,1,1e-05
267177,1,1e-05
267188,1,1e-05
267199,1,1e-05
267302,1,1e-05
267325,1,1e-05
267395,1,1e-05
267449,1,1e-05
267568,1,1e-05
267659,1,1e-05
267668,1,1e-05
267747,1,1e-05
267784,1,1e-05
267805,1,1e-05
267861,1,1e-05
267882,1,1e-05
267905,1,1e-05
267934,1,1e-05
267943,1,1e-05
268032,1,1e-05
268051,1,1e-05
268065,1,1e-05
268109,1,1e-05
268179,1,1e-05
268186,1,1e-05
268241,1,1e-05
268280,1,1e-05
268334,1,1e-05
268356,1,1e-05
268455,1,1e-05
268457,1,1e-05
268485,1,1e-05
268492,1,1e-05
268498,1,1e-05
268518,1,1e-05
268533,1,1e-05
268552,1,1e-05
268559,1,1e-05
268579,1,1e-05
268632,1,1e-05
268652,1,1e-05
268673,1,1e-05
268754,1,1e-05
268797,1,1e-05
268926,1,1e-05
269020,1,1e-05
269037,1,1e-05
269040,1,1e-05
269045,1,1e-05
269121,1,1e-05
269136,1,1e-05
269160,1,1e-05
269235,1,1e-05
269266,1,1e-05
269285,1,1e-05
269322,1,1e-05
269338,1,1e-05
269347,1,1e-05
269452,1,1e-05
269491,1,1e-05
269530,1,1e-05
269545,1,1e-05
269719,1,1e-05
269742,1,1e-05
269756,1,1e-05
269764,1,1e-05
269840,1,1e-05
269871,1,1e-05
269880,1,1e-05
269989,1,1e-05
270126,1,1e-05
270204,1,1e-05
270317,1,1e-05
270359,1,1e-05
270369,1,1e-05
270395,1,1e-05
270413,1,1e-05
270463,1,1e-05
270620,1,1e-05
270756,1,1e-05
270782,1,1e-05
270789,1,1e-05
270847,1,1e-05
270872,1,1e-05
270908,1,1e-05
271034,1,1e-05
271108,1,1e-05
271134,1,1e-05
271136,1,1e-05
271151,1,1e-05
271182,1,1e-05
271245,1,1e-05
271268,1,1e-05
271283,1,1e-05
271295,1,1e-05
271311,1,1e-05
271341,1,1e-05
271521,1,1e-05
271545,1,1e-05
271633,1,1e-05
271638,1,1e-05
271662,1,1e-05
271672,1,1e-05
271828,1,1e-05
271830,1,1e-05
271843,1,1e-05
271916,1,1e-05
272016,1,1e-05
272083,1,1e-05
272089,1,1e-05
272105,1,1e-05
272106,1,1e-05
272136,1,1e-05
272146,1,1e-05
272151,1,1e-05
272184,1,1e-05
272205,1,1e-05
272267,1,1e-05
272273,1,1e-05
272374,1,1e-05
272376,1,1e-05
272379,1,1e-05
272399,1,1e-05
272482,1,1e-05
272483,1,1e-05
272583,1,1e-05
272642,1,1e-05
272660,1,1e-05
272714,1,1e-05
272861,1,1e-05
272863,1,1e-05
272914,1,1e-05
272944,1,1e-05
273094,1,1e-05
273234,1,1e-05
273296,1,1e-05
273339,1,1e-05
273350,1,1e-05
273374,1,1e-05
273480,1,1e-05
273543,1,1e-05
273617,1,1e-05
273740,1,1e-05
273752,1,1e-05
273773,1,1e-05
273943,1,1e-05
273958,1,1e-05
274025,1,1e-05
274123,1,1e-05
274157,1,1e-05
274202,1,1e-05
274230,1,1e-05
274300,1,1e-05
274302,1,1e-05
274376,1,1e-05
274414,1,1e-05
274424,1,1e-05
274604,1,1e-05
274632,1,1e-05
274712,1,1e-05
274730,1,1e-05
274778,1,1e-05
275004,1,1e-05
275016,1,1e-05
275071,1,1e-05
275106,1,1e-05
275117,1,1e-05
275194,1,1e-05
275285,1,1e-05
275308,1,1e-05
275394,1,1e-05
275411,1,1e-05
275420,1,1e-05
275444,1,1e-05
275457,1,1e-05
275462,1,1e-05
275469,1,1e-05
275472,1,1e-05
275485,1,1e-05
275524,1,1e-05
275546,1,1e-05
275613,1,1e-05
275619,1,1e-05
275702,1,1e-05
275787,1,1e-05
275824,1,1e-05
275840,1,1e-05
275878,1,1e-05
275930,1,1e-05
275990,1,1e-05
276002,1,1e-05
276049,1,1e-05
276087,1,1e-05
276094,1,1e-05
276106,1,1e-05
276135,1,1e-05
276218,1,1e-05
276224,1,1e-05
276299,1,1e-05
276339,1,1e-05
276359,1,1e-05
276404,1,1e-05
276432,1,1e-05
276608,1,1e-05
276642,1,1e-05
276684,1,1e-05
276747,1,1e-05
276777,1,1e-05
276790,1,1e-05
276852,1,1e-05
276912,1,1e-05
276916,1,1e-05
276922,1,1e-05
277218,1,1e-05
277271,1,1e-05
277376,1,1e-05
277443,1,1e-05
277496,1,1e-05
277521,1,1e-05
277563,1,1e-05
277589,1,1e-05
277654,1,1e-05
277718,1,1e-05
277768,1,1e-05
277837,1,1e-05
277915,1,1e-05
278062,1,1e-05
278112,1,1e-05
278167,1,1e-05
278168,1,1e-05
278173,1,1e-05
278315,1,1e-05
278332,1,1e-05
278364,1,1e-05
278441,1,1e-05
278459,1,1e-05
278489,1,1e-05
278536,1,1e-05
278544,1,1e-05
278565,1,1e-05
278593,1,1e-05
278601,1,1e-05
278621,1,1e-05
278628,1,1e-05
278657,1,1e-05
278683,1,1e-05
278711,1,1e-05
278874,1,1e-05
278879,1,1e-05
278918,1,1e-05
279097,1,1e-05
279261,1,1e-05
279286,1,1e-05
279333,1,1e-05
279403,1,1e-05
279515,1,1e-05
279566,1,1e-05
279649,1,1e-05
279658,1,1e-05
279679,1,1e-05
279693,1,1e-05
279708,1,1e-05
279731,1,1e-05
279761,1,1e-05
279790,1,1e-05
279803,1,1e-05
279814,1,1e-05
279876,1,1e-05
279946,1,1e-05
279957,1,1e-05
279968,1,1e-05
279986,1,1e-05
279999,1,1e-05
280061,1,1e-05
280128,1,1e-05
280313,1,1e-05
280317,1,1e-05
280330,1,1e-05
280353,1,1e-05
280474,1,1e-05
280640,1,1e-05
280680,1,1e-05
280706,1,1e-05
280713,1,1e-05
280722,1,1e-05
280751,1,1e-05
280788,1,1e-05
280833,1,1e-05
280838,1,1e-05
280886,1,1e-05
280951,1,1e-05
280966,1,1e-05
281049,1,1e-05
281056,1,1e-05
281069,1,1e-05
281073,1,1e-05
281106,1,1e-05
281128,1,1e-05
281129,1,1e-05
281248,1,1e-05
281325,1,1e-05
281337,1,1e-05
281342,1,1e-05
281351,1,1e-05
281356,1,1e-05
281398,1,1e-05
281578,1,1e-05
281629,1,1e-05
281738,1,1e-05
281763,1,1e-05
281826,1,1e-05
281842,1,1e-05
281858,1,1e-05
281956,1,1e-05
281986,1,1e-05
282064,1,1e-05
282068,1,1e-05
282089,1,1e-05
282192,1,1e-05
282224,1,1e-05
282254,1,1e-05
282267,1,1e-05
282286,1,1e-05
282341,1,1e-05
282368,1,1e-05
282386,1,1e-05
282425,1,1e-05
282427,1,1e-05
282446,1,1e-05
282455,1,1e-05
282467,1,1e-05
282625,1,1e-05
282673,1,1e-05
282719,1,1e-05
282735,1,1e-05
282749,1,1e-05
282831,1,1e-05
282938,1,1e-05
282999,1,1e-05
283201,1,1e-05
283247,1,1e-05
283262,1,1e-05
283376,1,1e-05
283385,1,1e-05
283400,1,1e-05
283420,1,1e-05
283514,1,1e-05
283571,1,1e-05
283586,1,1e-05
283602,1,1e-05
283621,1,1e-05
283624,1,1e-05
283625,1,1e-05
283648,1,1e-05
283707,1,1e-05
283721,1,1e-05
283801,1,1e-05
283903,1,1e-05
283904,1,1e-05
283949,1,1e-05
283970,1,1e-05
284046,1,1e-05
284227,1,1e-05
284247,1,1e-05
284268,1,1e-05
284283,1,1e-05
284293,1,1e-05
284303,1,1e-05
284410,1,1e-05
284466,1,1e-05
284470,1,1e-05
284559,1,1e-05
284577,1,1e-05
284645,1,1e-05
284651,1,1e-05
284672,1,1e-05
284758,1,1e-05
284789,1,1e-05
284815,1,1e-05
284882,1,1e-05
285043,1,1e-05
285109,1,1e-05
285202,1,1e-05
285207,1,1e-05
285229,1,1e-05
285264,1,1e-05
285342,1,1e-05
285377,1,1e-05
285506,1,1e-05
285524,1,1e-05
285537,1,1e-05
285617,1,1e-05
285655,1,1e-05
285690,1,1e-05
285742,1,1e-05
285788,1,1e-05
285797,1,1e-05
285838,1,1e-05
285914,1,1e-05
285918,1,1e-05
285925,1,1e-05
285949,1,1e-05
286059,1,1e-05
286106,1,1e-05
286151,1,1e-05
286153,1,1e-05
286205,1,1e-05
286208,1,1e-05
286251,1,1e-05
286269,1,1e-05
286329,1,1e-05
286367,1,1e-05
286444,1,1e-05
286467,1,1e-05
286477,1,1e-05
286500,1,1e-05
286531,1,1e-05
286534,1,1e-05
286559,1,1e-05
286589,1,1e-05
286614,1,1e-05
286617,1,1e-05
286700,1,1e-05
286805,1,1e-05
286841,1,1e-05
286853,1,1e-05
286883,1,1e-05
286892,1,1e-05
286893,1,1e-05
286920,1,1e-05
286926,1,1e-05
286987,1,1e-05
287005,1,1e-05
287105,1,1e-05
287173,1,1e-05
287240,1,1e-05
287323,1,1e-05
287331,1,1e-05
287348,1,1e-05
287385,1,1e-05
287405,1,1e-05
287426,1,1e-05
287433,1,1e-05
287461,1,1e-05
287516,1,1e-05
287622,1,1e-05
287626,1,1e-05
287646,1,1e-05
287664,1,1e-05
287697,1,1e-05
287742,1,1e-05
287758,1,1e-05
287808,1,1e-05
287832,1,1e-05
287888,1,1e-05
287923,1,1e-05
287949,1,1e-05
287964,1,1e-05
288020,1,1e-05
288042,1,1e-05
288060,1,1e-05
288093,1,1e-05
288225,1,1e-05
288274,1,1e-05
288276,1,1e-05
288366,1,1e-05
288429,1,1e-05
288433,1,1e-05
288469,1,1e-05
288523,1,1e-05
288615,1,1e-05
288812,1,1e-05
288854,1,1e-05
288890,1,1e-05
288917,1,1e-05
289005,1,1e-05
289018,1,1e-05
289028,1,1e-05
289039,1,1e-05
289099,1,1e-05
289129,1,1e-05
289173,1,1e-05
289184,1,1e-05
289250,1,1e-05
289305,1,1e-05
289328,1,1e-05
289374,1,1e-05
289450,1,1e-05
289477,1,1e-05
289550,1,1e-05
289666,1,1e-05
289668,1,1e-05
289775,1,1e-05
289788,1,1e-05
289833,1,1e-05
289874,1,1e-05
289921,1,1e-05
289964,1,1e-05
290109,1,1e-05
290121,1,1e-05
290185,1,1e-05
290208,1,1e-05
290251,1,1e-05
290325,1,1e-05
290480,1,1e-05
290486,1,1e-05
290588,1,1e-05
290640,1,1e-05
290668,1,1e-05
290686,1,1e-05
290701,1,1e-05
290713,1,1e-05
290717,1,1e-05
290741,1,1e-05
290751,1,1e-05
290755,1,1e-05
290756,1,1e-05
290782,1,1e-05
290792,1,1e-05
290933,1,1e-05
290979,1,1e-05
291014,1,1e-05
291022,1,1e-05
291108,1,1e-05
291124,1,1e-05
291158,1,1e-05
291196,1,1e-05
291265,1,1e-05
291373,1,1e-05
291397,1,1e-05
291451,1,1e-05
291504,1,1e-05
291506,1,1e-05
291627,1,1e-05
291682,1,1e-05
291783,1,1e-05
291818,1,1e-05
291860,1,1e-05
291971,1,1e-05
291979,1,1e-05
291982,1,1e-05
292043,1,1e-05
292062,1,1e-05
292296,1,1e-05
292369,1,1e-05
292399,1,1e-05
292490,1,1e-05
292545,1,1e-05
292558,1,1e-05
292559,1,1e-05
292599,1,1e-05
292621,1,1e-05
292633,1,1e-05
292634,1,1e-05
292663,1,1e-05
292670,1,1e-05
292744,1,1e-05
292770,1,1e-05
292883,1,1e-05
292985,1,1e-05
293042,1,1e-05
293046,1,1e-05
293065,1,1e-05
293072,1,1e-05
293224,1,1e-05
293252,1,1e-05
293426,1,1e-05
293454,1,1e-05
293477,1,1e-05
293529,1,1e-05
293547,1,1e-05
293569,1,1e-05
293589,1,1e-05
293591,1,1e-05
293710,1,1e-05
293735,1,1e-05
293777,1,1e-05
293814,1,1e-05
293884,1,1e-05
293952,1,1e-05
293994,1,1e-05
294008,1,1e-05
294048,1,1e-05
294058,1,1e-05
294083,1,1e-05
294111,1,1e-05
294192,1,1e-05
294301,1,1e-05
294441,1,1e-05
294521,1,1e-05
294559,1,1e-05
294589,1,1e-05
294608,1,1e-05
294689,1,1e-05
294744,1,1e-05
294770,1,1e-05
295012,1,1e-05
295021,1,1e-05
295190,1,1e-05
295252,1,1e-05
295266,1,1e-05
295418,1,1e-05
295440,1,1e-05
295492,1,1e-05
295529,1,1e-05
295670,1,1e-05
295671,1,1e-05
295928,1,1e-05
295962,1,1e-05
295976,1,1e-05
295993,1,1e-05
295996,1,1e-05
296081,1,1e-05
296087,1,1e-05
296088,1,1e-05
296112,1,1e-05
296176,1,1e-05
296212,1,1e-05
296230,1,1e-05
296303,1,1e-05
296339,1,1e-05
296363,1,1e-05
296496,1,1e-05
296539,1,1e-05
296603,1,1e-05
296605,1,1e-05
296609,1,1e-05
296638,1,1e-05
296667,1,1e-05
296668,1,1e-05
296698,1,1e-05
296726,1,1e-05
296780,1,1e-05
296798,1,1e-05
296813,1,1e-05
296868,1,1e-05
296874,1,1e-05
296876,1,1e-05
296902,1,1e-05
296917,1,1e-05
296924,1,1e-05
296968,1,1e-05
296987,1,1e-05
297099,1,1e-05
297105,1,1e-05
297200,1,1e-05
297212,1,1e-05
297242,1,1e-05
297249,1,1e-05
297314,1,1e-05
297318,1,1e-05
297350,1,1e-05
297377,1,1e-05
297390,1,1e-05
297407,1,1e-05
297417,1,1e-05
297447,1,1e-05
297459,1,1e-05
297502,1,1e-05
297533,1,1e-05
297576,1,1e-05
297603,1,1e-05
297614,1,1e-05
297619,1,1e-05
297719,1,1e-05
297750,1,1e-05
297889,1,1e-05
297892,1,1e-05
298074,1,1e-05
298090,1,1e-05
298093,1,1e-05
298173,1,1e-05
298182,1,1e-05
298265,1,1e-05
298433,1,1e-05
298454,1,1e-05
298575,1,1e-05
298682,1,1e-05
298733,1,1e-05
298763,1,1e-05
298876,1,1e-05
298972,1,1e-05
298973,1,1e-05
299125,1,1e-05
299313,1,1e-05
299327,1,1e-05
299346,1,1e-05
299417,1,1e-05
299427,1,1e-05
299435,1,1e-05
299449,1,1e-05
299487,1,1e-05
299552,1,1e-05
299579,1,1e-05
299605,1,1e-05
299626,1,1e-05
299645,1,1e-05
299711,1,1e-05
299732,1,1e-05
299763,1,1e-05
299803,1,1e-05
299889,1,1e-05
299893,1,1e-05
299900,1,1e-05
299901,1,1e-05
299936,1,1e-05
299969,1,1e-05
300117,1,1e-05
300135,1,1e-05
300150,1,1e-05
300245,1,1e-05
300329,1,1e-05
300351,1,1e-05
300380,1,1e-05
300397,1,1e-05
300439,1,1e-05
300452,1,1e-05
300478,1,1e-05
300479,1,1e-05
300513,1,1e-05
300646,1,1e-05
300681,1,1e-05
300727,1,1e-05
300843,1,1e-05
300955,1,1e-05
301041,1,1e-05
301218,1,1e-05
301253,1,1e-05
301262,1,1e-05
301273,1,1e-05
301325,1,1e-05
301348,1,1e-05
301363,1,1e-05
301384,1,1e-05
301433,1,1e-05
301446,1,1e-05
301461,1,1e-05
301470,1,1e-05
301522,1,1e-05
301605,1,1e-05
301636,1,1e-05
301648,1,1e-05
301659,1,1e-05
301701,1,1e-05
301792,1,1e-05
301892,1,1e-05
301911,1,1e-05
301930,1,1e-05
301931,1,1e-05
301941,1,1e-05
302005,1,1e-05
302010,1,1e-05
302107,1,1e-05
302252,1,1e-05
302366,1,1e-05
302376,1,1e-05
302380,1,1e-05
302382,1,1e-05
302461,1,1e-05
302538,1,1e-05
302555,1,1e-05
302654,1,1e-05
302735,1,1e-05
302790,1,1e-05
302904,1,1e-05
303021,1,1e-05
303070,1,1e-05
303163,1,1e-05
303182,1,1e-05
303254,1,1e-05
303289,1,1e-05
303351,1,1e-05
303368,1,1e-05
303411,1,1e-05
303419,1,1e-05
303421,1,1e-05
303426,1,1e-05
303432,1,1e-05
303449,1,1e-05
303515,1,1e-05
303592,1,1e-05
303614,1,1e-05
303726,1,1e-05
303729,1,1e-05
303769,1,1e-05
303802,1,1e-05
303829,1,1e-05
303918,1,1e-05
303919,1,1e-05
303992,1,1e-05
304012,1,1e-05
304030,1,1e-05
304039,1,1e-05
304042,1,1e-05
304080,1,1e-05
304137,1,1e-05
304162,1,1e-05
304216,1,1e-05
304276,1,1e-05
304318,1,1e-05
304360,1,1e-05
304397,1,1e-05
304432,1,1e-05
304485,1,1e-05
304489,1,1e-05
304561,1,1e-05
304581,1,1e-05
304598,1,1e-05
304725,1,1e-05
304753,1,1e-05
304776,1,1e-05
304850,1,1e-05
305008,1,1e-05
305158,1,1e-05
305243,1,1e-05
305277,1,1e-05
305417,1,1e-05
305434,1,1e-05
305530,1,1e-05
305534,1,1e-05
305710,1,1e-05
305730,1,1e-05
305791,1,1e-05
305831,1,1e-05
305949,1,1e-05
306086,1,1e-05
306099,1,1e-05
306163,1,1e-05
306176,1,1e-05
306343,1,1e-05
306408,1,1e-05
306440,1,1e-05
306505,1,1e-05
306621,1,1e-05
306745,1,1e-05
306891,1,1e-05
306924,1,1e-05
307041,1,1e-05
307077,1,1e-05
307105,1,1e-05
307114,1,1e-05
307134,1,1e-05
307156,1,1e-05
307198,1,1e-05
307211,1,1e-05
307244,1,1e-05
307273,1,1e-05
307276,1,1e-05
307344,1,1e-05
307374,1,1e-05
307543,1,1e-05
307596,1,1e-05
307615,1,1e-05
307648,1,1e-05
307706,1,1e-05
307740,1,1e-05
307753,1,1e-05
307859,1,1e-05
307908,1,1e-05
308000,1,1e-05
308020,1,1e-05
308111,1,1e-05
308260,1,1e-05
308347,1,1e-05
308359,1,1e-05
308463,1,1e-05
308472,1,1e-05
308509,1,1e-05
308521,1,1e-05
308529,1,1e-05
308561,1,1e-05
308607,1,1e-05
308645,1,1e-05
308656,1,1e-05
308701,1,1e-05
308733,1,1e-05
308747,1,1e-05
308785,1,1e-05
308862,1,1e-05
308922,1,1e-05
308957,1,1e-05
308968,1,1e-05
308995,1,1e-05
309025,1,1e-05
309055,1,1e-05
309225,1,1e-05
309236,1,1e-05
309325,1,1e-05
309327,1,1e-05
309487,1,1e-05
309502,1,1e-05
309513,1,1e-05
309531,1,1e-05
309570,1,1e-05
309910,1,1e-05
309917,1,1e-05
309978,1,1e-05
309999,1,1e-05
310040,1,1e-05
310158,1,1e-05
310213,1,1e-05
310239,1,1e-05
310287,1,1e-05
310509,1,1e-05
310517,1,1e-05
310553,1,1e-05
310582,1,1e-05
310590,1,1e-05
310636,1,1e-05
310639,1,1e-05
310761,1,1e-05
310810,1,1e-05
310903,1,1e-05
310909,1,1e-05
310941,1,1e-05
310961,1,1e-05
310968,1,1e-05
311038,1,1e-05
311067,1,1e-05
311087,1,1e-05
311173,1,1e-05
311276,1,1e-05
311341,1,1e-05
311344,1,1e-05
311345,1,1e-05
311419,1,1e-05
311423,1,1e-05
311439,1,1e-05
311442,1,1e-05
311445,1,1e-05
311511,1,1e-05
311517,1,1e-05
311547,1,1e-05
311549,1,1e-05
311606,1,1e-05
311651,1,1e-05
311669,1,1e-05
311755,1,1e-05
311784,1,1e-05
311785,1,1e-05
312030,1,1e-05
312071,1,1e-05
312086,1,1e-05
312198,1,1e-05
312242,1,1e-05
312328,1,1e-05
312390,1,1e-05
312427,1,1e-05
312497,1,1e-05
312574,1,1e-05
312583,1,1e-05
312687,1,1e-05
312750,1,1e-05
312754,1,1e-05
312781,1,1e-05
312789,1,1e-05
312865,1,1e-05
312880,1,1e-05
312923,1,1e-05
312939,1,1e-05
312941,1,1e-05
312942,1,1e-05
312962,1,1e-05
313058,1,1e-05
313121,1,1e-05
313136,1,1e-05
313249,1,1e-05
313252,1,1e-05
313257,1,1e-05
313264,1,1e-05
313282,1,1e-05
313284,1,1e-05
313322,1,1e-05
313327,1,1e-05
313335,1,1e-05
313415,1,1e-05
313493,1,1e-05
313552,1,1e-05
313572,1,1e-05
313575,1,1e-05
313619,1,1e-05
313647,1,1e-05
313671,1,1e-05
313685,1,1e-05
313734,1,1e-05
313763,1,1e-05
313775,1,1e-05
313814,1,1e-05
313831,1,1e-05
313848,1,1e-05
313850,1,1e-05
313876,1,1e-05
313884,1,1e-05
313953,1,1e-05
313957,1,1e-05
314117,1,1e-05
314185,1,1e-05
314227,1,1e-05
314266,1,1e-05
314283,1,1e-05
314292,1,1e-05
314294,1,1e-05
314326,1,1e-05
314338,1,1e-05
314361,1,1e-05
314363,1,1e-05
314374,1,1e-05
314401,1,1e-05
314475,1,1e-05
314492,1,1e-05
314531,1,1e-05
314552,1,1e-05
314563,1,1e-05
314589,1,1e-05
314597,1,1e-05
314608,1,1e-05
314687,1,1e-05
314697,1,1e-05
314708,1,1e-05
314722,1,1e-05
314747,1,1e-05
314752,1,1e-05
314885,1,1e-05
314944,1,1e-05
314951,1,1e-05
315025,1,1e-05
315062,1,1e-05
315120,1,1e-05
315121,1,1e-05
315140,1,1e-05
315169,1,1e-05
315214,1,1e-05
315242,1,1e-05
315304,1,1e-05
315313,1,1e-05
315393,1,1e-05
315424,1,1e-05
315465,1,1e-05
315508,1,1e-05
315632,1,1e-05
315680,1,1e-05
315722,1,1e-05
315761,1,1e-05
315856,1,1e-05
315884,1,1e-05
315895,1,1e-05
315987,1,1e-05
316056,1,1e-05
316062,1,1e-05
316202,1,1e-05
316246,1,1e-05
316257,1,1e-05
316296,1,1e-05
316298,1,1e-05
316503,1,1e-05
316528,1,1e-05
316547,1,1e-05
316556,1,1e-05
316571,1,1e-05
316613,1,1e-05
316660,1,1e-05
316690,1,1e-05
316722,1,1e-05
316869,1,1e-05
316922,1,1e-05
316936,1,1e-05
317030,1,1e-05
317180,1,1e-05
317198,1,1e-05
317203,1,1e-05
317308,1,1e-05
317323,1,1e-05
317329,1,1e-05
317452,1,1e-05
317463,1,1e-05
317469,1,1e-05
317520,1,1e-05
317576,1,1e-05
317600,1,1e-05
317699,1,1e-05
317735,1,1e-05
317860,1,1e-05
318041,1,1e-05
318051,1,1e-05
318072,1,1e-05
318083,1,1e-05
318107,1,1e-05
318147,1,1e-05
318205,1,1e-05
318244,1,1e-05
318320,1,1e-05
318402,1,1e-05
318464,1,1e-05
318492,1,1e-05
318547,1,1e-05
318677,1,1e-05
318706,1,1e-05
318754,1,1e-05
318755,1,1e-05
318788,1,1e-05
318833,1,1e-05
318912,1,1e-05
319029,1,1e-05
319035,1,1e-05
319066,1,1e-05
319090,1,1e-05
319116,1,1e-05
319203,1,1e-05
319206,1,1e-05
319286,1,1e-05
319304,1,1e-05
319368,1,1e-05
319375,1,1e-05
319409,1,1e-05
319418,1,1e-05
319498,1,1e-05
319526,1,1e-05
319773,1,1e-05
319854,1,1e-05
319896,1,1e-05
319912,1,1e-05
319916,1,1e-05
319980,1,1e-05
320007,1,1e-05
320091,1,1e-05
320165,1,1e-05
320185,1,1e-05
320214,1,1e-05
320248,1,1e-05
320297,1,1e-05
320299,1,1e-05
320350,1,1e-05
320373,1,1e-05
320415,1,1e-05
320456,1,1e-05
320549,1,1e-05
320590,1,1e-05
320599,1,1e-05
320601,1,1e-05
320603,1,1e-05
320747,1,1e-05
320763,1,1e-05
320768,1,1e-05
320836,1,1e-05
320861,1,1e-05
320870,1,1e-05
320892,1,1e-05
320929,1,1e-05
320939,1,1e-05
321076,1,1e-05
321147,1,1e-05
321241,1,1e-05
321322,1,1e-05
321398,1,1e-05
321435,1,1e-05
321438,1,1e-05
321475,1,1e-05
321516,1,1e-05
321529,1,1e-05
321558,1,1e-05
321562,1,1e-05
321657,1,1e-05
321731,1,1e-05
321739,1,1e-05
321792,1,1e-05
321799,1,1e-05
321854,1,1e-05
321881,1,1e-05
321965,1,1e-05
322079,1,1e-05
322304,1,1e-05
322316,1,1e-05
322349,1,1e-05
322448,1,1e-05
322454,1,1e-05
322456,1,1e-05
322501,1,1e-05
322531,1,1e-05
322564,1,1e-05
322589,1,1e-05
322648,1,1e-05
322722,1,1e-05
322834,1,1e-05
322839,1,1e-05
322860,1,1e-05
323059,1,1e-05
323151,1,1e-05
323187,1,1e-05
323233,1,1e-05
323239,1,1e-05
323251,1,1e-05
323253,1,1e-05
323271,1,1e-05
323289,1,1e-05
323312,1,1e-05
323335,1,1e-05
323423,1,1e-05
323445,1,1e-05
323464,1,1e-05
323526,1,1e-05
323575,1,1e-05
323586,1,1e-05
323588,1,1e-05
323594,1,1e-05
323679,1,1e-05
323692,1,1e-05
323862,1,1e-05
323911,1,1e-05
324008,1,1e-05
324009,1,1e-05
324066,1,1e-05
324131,1,1e-05
324143,1,1e-05
324157,1,1e-05
324236,1,1e-05
324247,1,1e-05
324296,1,1e-05
324408,1,1e-05
324614,1,1e-05
324625,1,1e-05
324635,1,1e-05
324680,1,1e-05
324683,1,1e-05
324751,1,1e-05
324765,1,1e-05
324788,1,1e-05
324805,1,1e-05
324808,1,1e-05
324820,1,1e-05
324852,1,1e-05
324870,1,1e-05
324914,1,1e-05
324947,1,1e-05
325000,1,1e-05
325040,1,1e-05
325164,1,1e-05
325166,1,1e-05
325301,1,1e-05
325338,1,1e-05
325350,1,1e-05
325382,1,1e-05
325439,1,1e-05
325449,1,1e-05
325469,1,1e-05
325570,1,1e-05
325587,1,1e-05
325592,1,1e-05
325598,1,1e-05
325616,1,1e-05
325701,1,1e-05
325714,1,1e-05
325752,1,1e-05
325757,1,1e-05
325846,1,1e-05
325860,1,1e-05
325888,1,1e-05
325905,1,1e-05
325944,1,1e-05
326022,1,1e-05
326043,1,1e-05
326098,1,1e-05
326168,1,1e-05
326184,1,1e-05
326231,1,1e-05
326242,1,1e-05
326418,1,1e-05
326478,1,1e-05
326488,1,1e-05
326562,1,1e-05
326621,1,1e-05
326711,1,1e-05
326730,1,1e-05
326735,1,1e-05
326878,1,1e-05
326895,1,1e-05
326958,1,1e-05
327023,1,1e-05
327036,1,1e-05
327039,1,1e-05
327052,1,1e-05
327084,1,1e-05
327116,1,1e-05
327131,1,1e-05
327156,1,1e-05
327190,1,1e-05
327297,1,1e-05
327366,1,1e-05
327478,1,1e-05
327518,1,1e-05
327533,1,1e-05
327535,1,1e-05
327679,1,1e-05
327785,1,1e-05
327805,1,1e-05
327819,1,1e-05
327864,1,1e-05
327869,1,1e-05
328021,1,1e-05
328162,1,1e-05
328226,1,1e-05
328279,1,1e-05
328605,1,1e-05
328686,1,1e-05
328757,1,1e-05
328809,1,1e-05
328839,1,1e-05
328900,1,1e-05
328923,1,1e-05
328942,1,1e-05
328950,1,1e-05
329013,1,1e-05
329021,1,1e-05
329164,1,1e-05
329298,1,1e-05
329314,1,1e-05
329343,1,1e-05
329373,1,1e-05
329462,1,1e-05
329474,1,1e-05
329489,1,1e-05
329502,1,1e-05
329527,1,1e-05
329565,1,1e-05
329569,1,1e-05
329595,1,1e-05
329597,1,1e-05
329731,1,1e-05
329743,1,1e-05
329761,1,1e-05
329872,1,1e-05
329917,1,1e-05
329927,1,1e-05
329959,1,1e-05
329963,1,1e-05
329984,1,1e-05
329999,1,1e-05
330020,1,1e-05
330082,1,1e-05
330086,1,1e-05
330176,1,1e-05
330264,1,1e-05
330308,1,1e-05
330315,1,1e-05
330365,1,1e-05
330423,1,1e-05
330424,1,1e-05
330429,1,1e-05
330540,1,1e-05
330551,1,1e-05
330664,1,1e-05
330668,1,1e-05
330870,1,1e-05
330873,1,1e-05
330891,1,1e-05
330921,1,1e-05
330926,1,1e-05
330932,1,1e-05
331142,1,1e-05
331254,1,1e-05
331277,1,1e-05
331278,1,1e-05
331299,1,1e-05
331525,1,1e-05
331665,1,1e-05
331711,1,1e-05
331761,1,1e-05
331783,1,1e-05
331784,1,1e-05
331803,1,1e-05
331810,1,1e-05
331812,1,1e-05
331966,1,1e-05
331972,1,1e-05
332086,1,1e-05
332168,1,1e-05
332212,1,1e-05
332236,1,1e-05
332246,1,1e-05
332285,1,1e-05
332298,1,1e-05
332369,1,1e-05
332446,1,1e-05
332472,1,1e-05
332475,1,1e-05
332683,1,1e-05
332702,1,1e-05
332706,1,1e-05
332709,1,1e-05
332790,1,1e-05
332901,1,1e-05
332918,1,1e-05
333075,1,1e-05
333295,1,1e-05
333299,1,1e-05
333309,1,1e-05
333343,1,1e-05
333359,1,1e-05
333463,1,1e-05
333486,1,1e-05
333512,1,1e-05
333518,1,1e-05
333609,1,1e-05
333631,1,1e-05
333710,1,1e-05
333920,1,1e-05
333999,1,1e-05
334070,1,1e-05
334105,1,1e-05
334109,1,1e-05
334136,1,1e-05
334155,1,1e-05
334164,1,1e-05
334196,1,1e-05
334199,1,1e-05
334202,1,1e-05
334217,1,1e-05
334223,1,1e-05
334283,1,1e-05
334389,1,1e-05
334499,1,1e-05
334523,1,1e-05
334532,1,1e-05
334535,1,1e-05
334543,1,1e-05
334578,1,1e-05
334640,1,1e-05
334806,1,1e-05
334820,1,1e-05
334827,1,1e-05
334851,1,1e-05
334853,1,1e-05
334909,1,1e-05
334949,1,1e-05
334978,1,1e-05
335059,1,1e-05
335073,1,1e-05
335079,1,1e-05
335095,1,1e-05
335155,1,1e-05
335169,1,1e-05
335212,1,1e-05
335242,1,1e-05
335463,1,1e-05
335527,1,1e-05
335544,1,1e-05
335581,1,1e-05
335583,1,1e-05
335604,1,1e-05
335683,1,1e-05
335721,1,1e-05
335754,1,1e-05
335773,1,1e-05
335781,1,1e-05
335783,1,1e-05
335786,1,1e-05
335825,1,1e-05
335949,1,1e-05
335969,1,1e-05
335986,1,1e-05
336056,1,1e-05
336269,1,1e-05
336276,1,1e-05
336298,1,1e-05
336305,1,1e-05
336307,1,1e-05
336368,1,1e-05
336480,1,1e-05
336503,1,1e-05
336624,1,1e-05
336759,1,1e-05
336942,1,1e-05
337014,1,1e-05
337156,1,1e-05
337209,1,1e-05
337234,1,1e-05
337235,1,1e-05
337260,1,1e-05
337269,1,1e-05
337316,1,1e-05
337323,1,1e-05
337545,1,1e-05
337557,1,1e-05
337632,1,1e-05
337667,1,1e-05
337673,1,1e-05
337677,1,1e-05
337688,1,1e-05
337707,1,1e-05
337738,1,1e-05
337807,1,1e-05
337809,1,1e-05
337866,1,1e-05
337871,1,1e-05
337882,1,1e-05
337954,1,1e-05
338019,1,1e-05
338037,1,1e-05
338109,1,1e-05
338138,1,1e-05
338469,1,1e-05
338517,1,1e-05
338523,1,1e-05
338713,1,1e-05
338972,1,1e-05
338997,1,1e-05
339018,1,1e-05
339035,1,1e-05
339058,1,1e-05
339114,1,1e-05
339162,1,1e-05
339208,1,1e-05
339278,1,1e-05
339302,1,1e-05
339410,1,1e-05
339428,1,1e-05
339515,1,1e-05
339704,1,1e-05
339719,1,1e-05
339762,1,1e-05
339792,1,1e-05
339813,1,1e-05
339958,1,1e-05
339966,1,1e-05
340134,1,1e-05
340190,1,1e-05
340218,1,1e-05
340220,1,1e-05
340265,1,1e-05
340317,1,1e-05
340336,1,1e-05
340527,1,1e-05
340558,1,1e-05
340623,1,1e-05
340645,1,1e-05
340691,1,1e-05
340700,1,1e-05
340711,1,1e-05
340775,1,1e-05
340799,1,1e-05
340808,1,1e-05
340810,1,1e-05
340899,1,1e-05
340904,1,1e-05
340960,1,1e-05
340998,1,1e-05
341123,1,1e-05
341242,1,1e-05
341264,1,1e-05
341275,1,1e-05
341289,1,1e-05
341397,1,1e-05
341417,1,1e-05
341426,1,1e-05
341477,1,1e-05
341484,1,1e-05
341505,1,1e-05
341516,1,1e-05
341539,1,1e-05
341610,1,1e-05
341653,1,1e-05
341674,1,1e-05
341682,1,1e-05
341756,1,1e-05
341768,1,1e-05
341797,1,1e-05
341828,1,1e-05
341976,1,1e-05
342099,1,1e-05
342116,1,1e-05
342230,1,1e-05
342589,1,1e-05
342597,1,1e-05
342639,1,1e-05
342834,1,1e-05
342848,1,1e-05
342869,1,1e-05
342874,1,1e-05
342906,1,1e-05
342957,1,1e-05
342979,1,1e-05
343039,1,1e-05
343057,1,1e-05
343118,1,1e-05
343128,1,1e-05
343158,1,1e-05
343175,1,1e-05
343199,1,1e-05
343206,1,1e-05
343216,1,1e-05
343240,1,1e-05
343246,1,1e-05
343325,1,1e-05
343387,1,1e-05
343417,1,1e-05
343465,1,1e-05
343477,1,1e-05
343482,1,1e-05
343524,1,1e-05
343546,1,1e-05
343592,1,1e-05
343598,1,1e-05
343605,1,1e-05
343609,1,1e-05
343648,1,1e-05
343674,1,1e-05
343694,1,1e-05
343702,1,1e-05
343716,1,1e-05
343750,1,1e-05
343898,1,1e-05
343905,1,1e-05
343963,1,1e-05
344031,1,1e-05
344055,1,1e-05
344163,1,1e-05
344167,1,1e-05
344201,1,1e-05
344209,1,1e-05
344231,1,1e-05
344239,1,1e-05
344354,1,1e-05
344355,1,1e-05
344412,1,1e-05
344523,1,1e-05
344524,1,1e-05
344753,1,1e-05
344836,1,1e-05
344850,1,1e-05
344906,1,1e-05
345042,1,1e-05
345059,1,1e-05
345069,1,1e-05
345137,1,1e-05
345185,1,1e-05
345234,1,1e-05
345244,1,1e-05
345280,1,1e-05
345366,1,1e-05
345398,1,1e-05
345424,1,1e-05
345620,1,1e-05
345668,1,1e-05
345672,1,1e-05
345684,1,1e-05
345691,1,1e-05
345715,1,1e-05
345732,1,1e-05
345734,1,1e-05
345769,1,1e-05
345771,1,1e-05
345824,1,1e-05
345997,1,1e-05
346049,1,1e-05
346053,1,1e-05
346099,1,1e-05
346153,1,1e-05
346158,1,1e-05
346178,1,1e-05
346183,1,1e-05
346243,1,1e-05
346254,1,1e-05
346274,1,1e-05
346291,1,1e-05
346292,1,1e-05
346336,1,1e-05
346372,1,1e-05
346380,1,1e-05
346417,1,1e-05
346428,1,1e-05
346489,1,1e-05
346494,1,1e-05
346506,1,1e-05
346512,1,1e-05
346566,1,1e-05
346570,1,1e-05
346624,1,1e-05
346655,1,1e-05
346704,1,1e-05
346763,1,1e-05
346784,1,1e-05
346824,1,1e-05
346992,1,1e-05
347035,1,1e-05
347036,1,1e-05
347362,1,1e-05
347372,1,1e-05
347449,1,1e-05
347478,1,1e-05
347488,1,1e-05
347490,1,1e-05
347521,1,1e-05
347526,1,1e-05
347550,1,1e-05
347605,1,1e-05
347635,1,1e-05
347688,1,1e-05
347704,1,1e-05
347732,1,1e-05
347796,1,1e-05
347821,1,1e-05
347838,1,1e-05
347842,1,1e-05
347850,1,1e-05
348048,1,1e-05
348075,1,1e-05
348083,1,1e-05
348111,1,1e-05
348123,1,1e-05
348142,1,1e-05
348165,1,1e-05
348191,1,1e-05
348234,1,1e-05
348409,1,1e-05
348435,1,1e-05
348464,1,1e-05
348515,1,1e-05
348522,1,1e-05
348531,1,1e-05
348582,1,1e-05
348628,1,1e-05
348768,1,1e-05
348770,1,1e-05
348791,1,1e-05
348806,1,1e-05
348856,1,1e-05
348861,1,1e-05
348884,1,1e-05
348938,1,1e-05
348949,1,1e-05
348967,1,1e-05
348970,1,1e-05
348979,1,1e-05
348980,1,1e-05
348981,1,1e-05
349035,1,1e-05
349077,1,1e-05
349096,1,1e-05
349138,1,1e-05
349181,1,1e-05
349197,1,1e-05
349207,1,1e-05
349230,1,1e-05
349264,1,1e-05
349357,1,1e-05
349425,1,1e-05
349447,1,1e-05
349477,1,1e-05
349482,1,1e-05
349489,1,1e-05
349555,1,1e-05
349590,1,1e-05
349609,1,1e-05
349641,1,1e-05
349690,1,1e-05
349718,1,1e-05
349762,1,1e-05
349850,1,1e-05
349851,1,1e-05
349863,1,1e-05
349877,1,1e-05
349942,1,1e-05
349944,1,1e-05
349962,1,1e-05
349999,1,1e-05
350005,1,1e-05
350054,1,1e-05
350275,1,1e-05
350311,1,1e-05
350374,1,1e-05
350466,1,1e-05
350522,1,1e-05
350538,1,1e-05
350563,1,1e-05
350632,1,1e-05
350814,1,1e-05
350867,1,1e-05
350989,1,1e-05
350996,1,1e-05
351067,1,1e-05
351106,1,1e-05
351149,1,1e-05
351258,1,1e-05
351317,1,1e-05
351420,1,1e-05
351434,1,1e-05
351453,1,1e-05
351456,1,1e-05
351530,1,1e-05
351557,1,1e-05
351578,1,1e-05
351757,1,1e-05
351873,1,1e-05
351882,1,1e-05
351958,1,1e-05
351986,1,1e-05
352011,1,1e-05
352052,1,1e-05
352076,1,1e-05
352143,1,1e-05
352211,1,1e-05
352216,1,1e-05
352236,1,1e-05
352297,1,1e-05
352377,1,1e-05
352379,1,1e-05
352438,1,1e-05
352512,1,1e-05
352619,1,1e-05
352661,1,1e-05
352730,1,1e-05
352757,1,1e-05
352782,1,1e-05
352834,1,1e-05
352942,1,1e-05
352944,1,1e-05
352999,1,1e-05
353061,1,1e-05
353110,1,1e-05
353124,1,1e-05
353171,1,1e-05
353245,1,1e-05
353276,1,1e-05
353365,1,1e-05
353378,1,1e-05
353504,1,1e-05
353545,1,1e-05
353652,1,1e-05
353685,1,1e-05
353701,1,1e-05
353777,1,1e-05
353854,1,1e-05
353863,1,1e-05
353929,1,1e-05
353957,1,1e-05
354012,1,1e-05
354026,1,1e-05
354041,1,1e-05
354084,1,1e-05
354120,1,1e-05
354126,1,1e-05
354317,1,1e-05
354327,1,1e-05
354349,1,1e-05
354584,1,1e-05
354626,1,1e-05
354726,1,1e-05
354760,1,1e-05
354776,1,1e-05
354780,1,1e-05
354799,1,1e-05
354934,1,1e-05
355001,1,1e-05
355026,1,1e-05
355072,1,1e-05
355189,1,1e-05
355277,1,1e-05
355322,1,1e-05
355335,1,1e-05
355340,1,1e-05
355393,1,1e-05
355401,1,1e-05
355403,1,1e-05
355414,1,1e-05
355419,1,1e-05
355436,1,1e-05
355627,1,1e-05
355696,1,1e-05
355724,1,1e-05
355748,1,1e-05
355768,1,1e-05
355784,1,1e-05
355855,1,1e-05
355932,1,1e-05
355947,1,1e-05
355975,1,1e-05
355987,1,1e-05
355990,1,1e-05
356071,1,1e-05
356121,1,1e-05
356145,1,1e-05
356146,1,1e-05
356149,1,1e-05
356234,1,1e-05
356256,1,1e-05
356307,1,1e-05
356319,1,1e-05
356333,1,1e-05
356442,1,1e-05
356630,1,1e-05
356680,1,1e-05
356735,1,1e-05
356760,1,1e-05
356799,1,1e-05
356815,1,1e-05
356827,1,1e-05
356871,1,1e-05
356873,1,1e-05
357007,1,1e-05
357032,1,1e-05
357038,1,1e-05
357122,1,1e-05
357145,1,1e-05
357179,1,1e-05
357252,1,1e-05
357277,1,1e-05
357311,1,1e-05
357358,1,1e-05
357366,1,1e-05
357400,1,1e-05
357573,1,1e-05
357622,1,1e-05
357729,1,1e-05
357744,1,1e-05
357807,1,1e-05
358109,1,1e-05
358132,1,1e-05
358143,1,1e-05
358163,1,1e-05
358250,1,1e-05
358293,1,1e-05
358308,1,1e-05
358328,1,1e-05
358332,1,1e-05
358419,1,1e-05
358456,1,1e-05
358505,1,1e-05
358635,1,1e-05
358684,1,1e-05
358720,1,1e-05
358738,1,1e-05
358807,1,1e-05
358879,1,1e-05
358895,1,1e-05
358955,1,1e-05
359022,1,1e-05
359047,1,1e-05
359129,1,1e-05
359251,1,1e-05
359270,1,1e-05
359285,1,1e-05
359323,1,1e-05
359333,1,1e-05
359336,1,1e-05
359385,1,1e-05
359443,1,1e-05
359486,1,1e-05
359502,1,1e-05
359522,1,1e-05
359545,1,1e-05
359603,1,1e-05
359682,1,1e-05
359694,1,1e-05
359733,1,1e-05
359766,1,1e-05
359864,1,1e-05
359918,1,1e-05
359935,1,1e-05
360041,1,1e-05
360048,1,1e-05
360086,1,1e-05
360113,1,1e-05
360114,1,1e-05
360137,1,1e-05
360184,1,1e-05
360243,1,1e-05
360246,1,1e-05
360269,1,1e-05
360383,1,1e-05
360388,1,1e-05
360483,1,1e-05
360485,1,1e-05
360587,1,1e-05
360592,1,1e-05
360620,1,1e-05
360661,1,1e-05
360678,1,1e-05
360845,1,1e-05
360872,1,1e-05
360886,1,1e-05
360894,1,1e-05
360920,1,1e-05
360934,1,1e-05
360987,1,1e-05
361002,1,1e-05
361019,1,1e-05
361147,1,1e-05
361178,1,1e-05
361206,1,1e-05
361290,1,1e-05
361307,1,1e-05
361437,1,1e-05
361551,1,1e-05
361629,1,1e-05
361688,1,1e-05
361710,1,1e-05
361714,1,1e-05
361757,1,1e-05
361792,1,1e-05
361820,1,1e-05
361903,1,1e-05
361931,1,1e-05
361938,1,1e-05
361963,1,1e-05
361980,1,1e-05
362002,1,1e-05
362039,1,1e-05
362115,1,1e-05
362163,1,1e-05
362165,1,1e-05
362360,1,1e-05
362475,1,1e-05
362535,1,1e-05
362657,1,1e-05
362662,1,1e-05
362679,1,1e-05
362769,1,1e-05
362913,1,1e-05
362968,1,1e-05
362987,1,1e-05
363203,1,1e-05
363238,1,1e-05
363247,1,1e-05
363270,1,1e-05
363290,1,1e-05
363292,1,1e-05
363332,1,1e-05
363347,1,1e-05
363426,1,1e-05
363430,1,1e-05
363489,1,1e-05
363491,1,1e-05
363507,1,1e-05
363514,1,1e-05
363579,1,1e-05
363642,1,1e-05
363649,1,1e-05
363733,1,1e-05
363803,1,1e-05
363844,1,1e-05
363881,1,1e-05
363898,1,1e-05
363914,1,1e-05
364030,1,1e-05
364086,1,1e-05
364240,1,1e-05
364252,1,1e-05
364508,1,1e-05
364519,1,1e-05
364585,1,1e-05
364615,1,1e-05
364678,1,1e-05
364687,1,1e-05
364705,1,1e-05
364793,1,1e-05
364824,1,1e-05
364893,1,1e-05
364990,1,1e-05
365004,1,1e-05
365254,1,1e-05
365377,1,1e-05
365384,1,1e-05
365504,1,1e-05
365597,1,1e-05
365744,1,1e-05
365749,1,1e-05
365755,1,1e-05
365790,1,1e-05
365817,1,1e-05
365823,1,1e-05
365834,1,1e-05
365838,1,1e-05
365909,1,1e-05
365976,1,1e-05
365996,1,1e-05
366064,1,1e-05
366082,1,1e-05
366144,1,1e-05
366220,1,1e-05
366227,1,1e-05
366233,1,1e-05
366260,1,1e-05
366310,1,1e-05
366331,1,1e-05
366343,1,1e-05
366358,1,1e-05
366530,1,1e-05
366561,1,1e-05
366680,1,1e-05
366719,1,1e-05
366737,1,1e-05
366793,1,1e-05
366797,1,1e-05
366892,1,1e-05
366915,1,1e-05
366975,1,1e-05
367087,1,1e-05
367090,1,1e-05
367124,1,1e-05
367144,1,1e-05
367151,1,1e-05
367227,1,1e-05
367293,1,1e-05
367312,1,1e-05
367431,1,1e-05
367474,1,1e-05
367507,1,1e-05
367580,1,1e-05
367645,1,1e-05
367738,1,1e-05
367837,1,1e-05
367880,1,1e-05
367907,1,1e-05
367934,1,1e-05
367945,1,1e-05
367965,1,1e-05
368041,1,1e-05
368057,1,1e-05
368074,1,1e-05
368076,1,1e-05
368097,1,1e-05
368103,1,1e-05
368161,1,1e-05
368165,1,1e-05
368204,1,1e-05
368239,1,1e-05
368338,1,1e-05
368425,1,1e-05
368463,1,1e-05
368492,1,1e-05
368717,1,1e-05
368793,1,1e-05
368818,1,1e-05
368840,1,1e-05
368922,1,1e-05
368949,1,1e-05
369160,1,1e-05
369166,1,1e-05
369171,1,1e-05
369221,1,1e-05
369249,1,1e-05
369321,1,1e-05
369359,1,1e-05
369364,1,1e-05
369451,1,1e-05
369571,1,1e-05
369591,1,1e-05
369629,1,1e-05
369669,1,1e-05
369673,1,1e-05
369688,1,1e-05
369694,1,1e-05
369722,1,1e-05
369748,1,1e-05
369885,1,1e-05
369887,1,1e-05
369986,1,1e-05
370054,1,1e-05
370082,1,1e-05
370157,1,1e-05
370203,1,1e-05
370211,1,1e-05
370230,1,1e-05
370271,1,1e-05
370276,1,1e-05
370329,1,1e-05
370379,1,1e-05
370390,1,1e-05
370418,1,1e-05
370425,1,1e-05
370626,1,1e-05
370655,1,1e-05
370688,1,1e-05
370695,1,1e-05
370725,1,1e-05
370779,1,1e-05
370798,1,1e-05
370835,1,1e-05
370888,1,1e-05
370961,1,1e-05
370964,1,1e-05
371029,1,1e-05
371071,1,1e-05
371277,1,1e-05
371278,1,1e-05
371318,1,1e-05
371376,1,1e-05
371385,1,1e-05
371430,1,1e-05
371434,1,1e-05
371442,1,1e-05
371458,1,1e-05
371482,1,1e-05
371598,1,1e-05
371633,1,1e-05
371716,1,1e-05
371755,1,1e-05
371852,1,1e-05
371860,1,1e-05
371869,1,1e-05
371883,1,1e-05
371947,1,1e-05
371951,1,1e-05
371978,1,1e-05
371991,1,1e-05
371992,1,1e-05
372014,1,1e-05
372059,1,1e-05
372065,1,1e-05
372072,1,1e-05
372103,1,1e-05
372168,1,1e-05
372191,1,1e-05
372197,1,1e-05
372226,1,1e-05
372314,1,1e-05
372326,1,1e-05
372365,1,1e-05
372379,1,1e-05
372382,1,1e-05
372399,1,1e-05
372400,1,1e-05
372513,1,1e-05
372544,1,1e-05
372643,1,1e-05
372677,1,1e-05
372724,1,1e-05
372766,1,1e-05
372786,1,1e-05
372809,1,1e-05
372848,1,1e-05
372888,1,1e-05
373008,1,1e-05
373078,1,1e-05
373124,1,1e-05
373164,1,1e-05
373175,1,1e-05
373185,1,1e-05
373259,1,1e-05
373278,1,1e-05
373321,1,1e-05
373341,1,1e-05
373358,1,1e-05
373394,1,1e-05
373405,1,1e-05
373427,1,1e-05
373435,1,1e-05
373492,1,1e-05
373514,1,1e-05
373551,1,1e-05
373589,1,1e-05
373628,1,1e-05
373841,1,1e-05
373945,1,1e-05
373969,1,1e-05
373977,1,1e-05
373978,1,1e-05
374119,1,1e-05
374126,1,1e-05
374137,1,1e-05
374147,1,1e-05
374226,1,1e-05
374235,1,1e-05
374309,1,1e-05
374354,1,1e-05
374370,1,1e-05
374376,1,1e-05
374428,1,1e-05
374433,1,1e-05
374486,1,1e-05
374577,1,1e-05
374696,1,1e-05
374726,1,1e-05
374735,1,1e-05
374778,1,1e-05
374779,1,1e-05
374834,1,1e-05
374836,1,1e-05
375022,1,1e-05
375025,1,1e-05
375032,1,1e-05
375102,1,1e-05
375202,1,1e-05
375248,1,1e-05
375354,1,1e-05
375389,1,1e-05
375419,1,1e-05
375449,1,1e-05
375473,1,1e-05
375524,1,1e-05
375562,1,1e-05
375602,1,1e-05
375638,1,1e-05
375722,1,1e-05
375763,1,1e-05
375772,1,1e-05
375900,1,1e-05
375911,1,1e-05
375953,1,1e-05
375965,1,1e-05
375987,1,1e-05
376062,1,1e-05
376063,1,1e-05
376150,1,1e-05
376172,1,1e-05
376281,1,1e-05
376342,1,1e-05
376350,1,1e-05
376353,1,1e-05
376466,1,1e-05
376527,1,1e-05
376533,1,1e-05
376534,1,1e-05
376545,1,1e-05
376556,1,1e-05
376630,1,1e-05
376649,1,1e-05
376657,1,1e-05
376729,1,1e-05
376764,1,1e-05
376917,1,1e-05
376962,1,1e-05
376963,1,1e-05
376986,1,1e-05
377022,1,1e-05
377027,1,1e-05
377031,1,1e-05
377101,1,1e-05
377130,1,1e-05
377230,1,1e-05
377327,1,1e-05
377349,1,1e-05
377362,1,1e-05
377392,1,1e-05
377403,1,1e-05
377440,1,1e-05
377442,1,1e-05
377531,1,1e-05
377571,1,1e-05
377626,1,1e-05
377627,1,1e-05
377638,1,1e-05
377708,1,1e-05
377711,1,1e-05
377769,1,1e-05
377799,1,1e-05
377844,1,1e-05
377861,1,1e-05
377948,1,1e-05
378043,1,1e-05
378083,1,1e-05
378233,1,1e-05
378234,1,1e-05
378251,1,1e-05
378267,1,1e-05
378278,1,1e-05
378285,1,1e-05
378471,1,1e-05
378489,1,1e-05
378543,1,1e-05
378603,1,1e-05
378658,1,1e-05
378776,1,1e-05
378799,1,1e-05
378802,1,1e-05
378823,1,1e-05
378857,1,1e-05
378865,1,1e-05
378887,1,1e-05
378960,1,1e-05
378986,1,1e-05
379163,1,1e-05
379201,1,1e-05
379293,1,1e-05
379309,1,1e-05
379342,1,1e-05
379392,1,1e-05
379413,1,1e-05
379466,1,1e-05
379483,1,1e-05
379520,1,1e-05
379572,1,1e-05
379587,1,1e-05
379602,1,1e-05
379644,1,1e-05
379647,1,1e-05
379676,1,1e-05
379706,1,1e-05
379721,1,1e-05
379724,1,1e-05
379737,1,1e-05
379785,1,1e-05
379817,1,1e-05
379834,1,1e-05
379907,1,1e-05
379917,1,1e-05
379985,1,1e-05
380034,1,1e-05
380039,1,1e-05
380084,1,1e-05
380121,1,1e-05
380133,1,1e-05
380202,1,1e-05
380212,1,1e-05
380272,1,1e-05
380275,1,1e-05
380303,1,1e-05
380319,1,1e-05
380344,1,1e-05
380441,1,1e-05
380445,1,1e-05
380483,1,1e-05
380508,1,1e-05
380545,1,1e-05
380570,1,1e-05
380680,1,1e-05
380816,1,1e-05
380828,1,1e-05
380845,1,1e-05
380856,1,1e-05
380971,1,1e-05
380990,1,1e-05
380992,1,1e-05
381016,1,1e-05
381044,1,1e-05
381055,1,1e-05
381112,1,1e-05
381181,1,1e-05
381253,1,1e-05
381272,1,1e-05
381326,1,1e-05
381430,1,1e-05
381434,1,1e-05
381518,1,1e-05
381540,1,1e-05
381549,1,1e-05
381580,1,1e-05
381632,1,1e-05
381649,1,1e-05
381652,1,1e-05
381727,1,1e-05
381742,1,1e-05
381765,1,1e-05
381863,1,1e-05
381897,1,1e-05
381962,1,1e-05
381965,1,1e-05
382075,1,1e-05
382133,1,1e-05
382172,1,1e-05
382200,1,1e-05
382212,1,1e-05
382238,1,1e-05
382254,1,1e-05
382338,1,1e-05
382429,1,1e-05
382458,1,1e-05
382492,1,1e-05
382526,1,1e-05
382541,1,1e-05
382568,1,1e-05
382704,1,1e-05
382727,1,1e-05
382763,1,1e-05
382844,1,1e-05
382866,1,1e-05
382901,1,1e-05
382940,1,1e-05
383059,1,1e-05
383128,1,1e-05
383187,1,1e-05
383219,1,1e-05
383230,1,1e-05
383248,1,1e-05
383271,1,1e-05
383401,1,1e-05
383437,1,1e-05
383494,1,1e-05
383543,1,1e-05
383601,1,1e-05
383629,1,1e-05
383724,1,1e-05
383752,1,1e-05
383826,1,1e-05
383886,1,1e-05
383899,1,1e-05
383936,1,1e-05
383969,1,1e-05
384095,1,1e-05
384164,1,1e-05
384169,1,1e-05
384327,1,1e-05
384352,1,1e-05
384373,1,1e-05
384449,1,1e-05
384498,1,1e-05
384583,1,1e-05
384648,1,1e-05
384704,1,1e-05
384714,1,1e-05
384717,1,1e-05
384722,1,1e-05
384731,1,1e-05
384745,1,1e-05
384793,1,1e-05
384925,1,1e-05
384929,1,1e-05
384992,1,1e-05
385174,1,1e-05
385311,1,1e-05
385336,1,1e-05
385338,1,1e-05
385342,1,1e-05
385357,1,1e-05
385405,1,1e-05
385416,1,1e-05
385488,1,1e-05
385537,1,1e-05
385570,1,1e-05
385575,1,1e-05
385620,1,1e-05
385625,1,1e-05
385629,1,1e-05
385810,1,1e-05
385858,1,1e-05
385914,1,1e-05
385918,1,1e-05
385961,1,1e-05
385980,1,1e-05
386008,1,1e-05
386009,1,1e-05
386011,1,1e-05
386126,1,1e-05
386178,1,1e-05
386182,1,1e-05
386247,1,1e-05
386290,1,1e-05
386314,1,1e-05
386324,1,1e-05
386326,1,1e-05
386403,1,1e-05
386468,1,1e-05
386488,1,1e-05
386502,1,1e-05
386685,1,1e-05
386715,1,1e-05
386777,1,1e-05
386981,1,1e-05
386987,1,1e-05
387055,1,1e-05
387144,1,1e-05
387168,1,1e-05
387193,1,1e-05
387205,1,1e-05
387324,1,1e-05
387345,1,1e-05
387437,1,1e-05
387452,1,1e-05
387479,1,1e-05
387519,1,1e-05
387593,1,1e-05
387640,1,1e-05
387650,1,1e-05
387652,1,1e-05
387678,1,1e-05
387692,1,1e-05
387702,1,1e-05
387816,1,1e-05
387907,1,1e-05
388011,1,1e-05
388027,1,1e-05
388182,1,1e-05
388237,1,1e-05
388241,1,1e-05
388267,1,1e-05
388360,1,1e-05
388396,1,1e-05
388463,1,1e-05
388469,1,1e-05
388495,1,1e-05
388502,1,1e-05
388600,1,1e-05
388617,1,1e-05
388619,1,1e-05
388630,1,1e-05
388712,1,1e-05
388747,1,1e-05
388786,1,1e-05
388803,1,1e-05
388838,1,1e-05
388881,1,1e-05
388976,1,1e-05
389015,1,1e-05
389020,1,1e-05
389093,1,1e-05
389095,1,1e-05
389099,1,1e-05
389105,1,1e-05
389247,1,1e-05
389279,1,1e-05
389287,1,1e-05
389289,1,1e-05
389345,1,1e-05
389387,1,1e-05
389390,1,1e-05
389633,1,1e-05
389634,1,1e-05
389655,1,1e-05
389756,1,1e-05
389823,1,1e-05
389839,1,1e-05
389902,1,1e-05
389971,1,1e-05
389992,1,1e-05
390077,1,1e-05
390088,1,1e-05
390171,1,1e-05
390188,1,1e-05
390193,1,1e-05
390224,1,1e-05
390359,1,1e-05
390398,1,1e-05
390497,1,1e-05
390528,1,1e-05
390629,1,1e-05
390731,1,1e-05
390901,1,1e-05
390907,1,1e-05
390986,1,1e-05
391024,1,1e-05
391026,1,1e-05
391027,1,1e-05
391071,1,1e-05
391143,1,1e-05
391159,1,1e-05
391171,1,1e-05
391320,1,1e-05
391326,1,1e-05
391330,1,1e-05
391407,1,1e-05
391437,1,1e-05
391453,1,1e-05
391503,1,1e-05
391544,1,1e-05
391571,1,1e-05
391660,1,1e-05
391682,1,1e-05
391708,1,1e-05
391744,1,1e-05
391798,1,1e-05
391816,1,1e-05
391840,1,1e-05
391925,1,1e-05
391951,1,1e-05
391952,1,1e-05
391956,1,1e-05
391966,1,1e-05
391977,1,1e-05
392007,1,1e-05
392069,1,1e-05
392082,1,1e-05
392140,1,1e-05
392194,1,1e-05
392218,1,1e-05
392227,1,1e-05
392229,1,1e-05
392402,1,1e-05
392403,1,1e-05
392437,1,1e-05
392546,1,1e-05
392608,1,1e-05
392770,1,1e-05
392776,1,1e-05
392843,1,1e-05
392917,1,1e-05
392927,1,1e-05
392937,1,1e-05
392949,1,1e-05
392987,1,1e-05
393042,1,1e-05
393098,1,1e-05
393172,1,1e-05
393282,1,1e-05
393301,1,1e-05
393337,1,1e-05
393368,1,1e-05
393416,1,1e-05
393514,1,1e-05
393557,1,1e-05
393559,1,1e-05
393628,1,1e-05
393715,1,1e-05
393774,1,1e-05
393914,1,1e-05
394047,1,1e-05
394083,1,1e-05
394119,1,1e-05
394158,1,1e-05
394172,1,1e-05
394243,1,1e-05
394244,1,1e-05
394286,1,1e-05
394289,1,1e-05
394303,1,1e-05
394385,1,1e-05
394471,1,1e-05
394474,1,1e-05
394493,1,1e-05
394531,1,1e-05
394594,1,1e-05
394611,1,1e-05
394655,1,1e-05
394659,1,1e-05
394675,1,1e-05
394711,1,1e-05
394796,1,1e-05
394849,1,1e-05
394892,1,1e-05
394916,1,1e-05
394954,1,1e-05
394980,1,1e-05
395106,1,1e-05
395115,1,1e-05
395178,1,1e-05
395237,1,1e-05
395282,1,1e-05
395316,1,1e-05
395332,1,1e-05
395372,1,1e-05
395459,1,1e-05
395559,1,1e-05
395612,1,1e-05
395635,1,1e-05
395658,1,1e-05
395725,1,1e-05
395727,1,1e-05
395858,1,1e-05
395902,1,1e-05
395942,1,1e-05
395974,1,1e-05
395981,1,1e-05
396068,1,1e-05
396091,1,1e-05
396105,1,1e-05
396112,1,1e-05
396185,1,1e-05
396187,1,1e-05
396211,1,1e-05
396237,1,1e-05
396283,1,1e-05
396297,1,1e-05
396380,1,1e-05
396427,1,1e-05
396667,1,1e-05
396736,1,1e-05
396762,1,1e-05
396771,1,1e-05
396920,1,1e-05
396936,1,1e-05
396939,1,1e-05
396961,1,1e-05
397065,1,1e-05
397108,1,1e-05
397121,1,1e-05
397123,1,1e-05
397225,1,1e-05
397242,1,1e-05
397288,1,1e-05
397298,1,1e-05
397313,1,1e-05
397324,1,1e-05
397364,1,1e-05
397451,1,1e-05
397525,1,1e-05
397644,1,1e-05
397720,1,1e-05
397801,1,1e-05
397875,1,1e-05
397901,1,1e-05
397984,1,1e-05
398125,1,1e-05
398222,1,1e-05
398231,1,1e-05
398265,1,1e-05
398271,1,1e-05
398306,1,1e-05
398385,1,1e-05
398447,1,1e-05
398448,1,1e-05
398489,1,1e-05
398513,1,1e-05
398523,1,1e-05
398575,1,1e-05
398618,1,1e-05
398619,1,1e-05
398636,1,1e-05
398649,1,1e-05
398716,1,1e-05
398720,1,1e-05
398782,1,1e-05
398828,1,1e-05
399002,1,1e-05
399020,1,1e-05
399203,1,1e-05
399212,1,1e-05
399266,1,1e-05
399279,1,1e-05
399297,1,1e-05
399322,1,1e-05
399392,1,1e-05
399544,1,1e-05
399581,1,1e-05
399636,1,1e-05
399646,1,1e-05
399647,1,1e-05
399650,1,1e-05
399662,1,1e-05
399677,1,1e-05
399755,1,1e-05
399812,1,1e-05
399898,1,1e-05
399907,1,1e-05
399917,1,1e-05
399969,1,1e-05
399973,1,1e-05
400004,1,1e-05
400033,1,1e-05
400085,1,1e-05
400127,1,1e-05
400200,1,1e-05
400285,1,1e-05
400334,1,1e-05
400347,1,1e-05
400415,1,1e-05
400482,1,1e-05
400564,1,1e-05
400620,1,1e-05
400624,1,1e-05
400727,1,1e-05
400763,1,1e-05
400788,1,1e-05
400853,1,1e-05
400902,1,1e-05
400967,1,1e-05
400975,1,1e-05
401053,1,1e-05
401078,1,1e-05
401080,1,1e-05
401082,1,1e-05
401118,1,1e-05
401156,1,1e-05
401262,1,1e-05
401314,1,1e-05
401344,1,1e-05
401359,1,1e-05
401478,1,1e-05
401481,1,1e-05
401573,1,1e-05
401638,1,1e-05
401725,1,1e-05
401832,1,1e-05
401954,1,1e-05
401969,1,1e-05
401995,1,1e-05
402001,1,1e-05
402032,1,1e-05
402070,1,1e-05
402097,1,1e-05
402184,1,1e-05
402217,1,1e-05
402265,1,1e-05
402290,1,1e-05
402396,1,1e-05
402442,1,1e-05
402457,1,1e-05
402460,1,1e-05
402571,1,1e-05
402609,1,1e-05
402712,1,1e-05
402744,1,1e-05
402750,1,1e-05
402787,1,1e-05
402792,1,1e-05
402794,1,1e-05
402833,1,1e-05
402834,1,1e-05
402870,1,1e-05
403036,1,1e-05
403076,1,1e-05
403100,1,1e-05
403102,1,1e-05
403107,1,1e-05
403126,1,1e-05
403149,1,1e-05
403211,1,1e-05
403268,1,1e-05
403310,1,1e-05
403328,1,1e-05
403348,1,1e-05
403396,1,1e-05
403401,1,1e-05
403473,1,1e-05
403526,1,1e-05
403674,1,1e-05
403696,1,1e-05
403735,1,1e-05
403738,1,1e-05
403749,1,1e-05
403754,1,1e-05
403759,1,1e-05
403788,1,1e-05
403860,1,1e-05
403928,1,1e-05
403963,1,1e-05
404063,1,1e-05
404167,1,1e-05
404276,1,1e-05
404298,1,1e-05
404305,1,1e-05
404314,1,1e-05
404317,1,1e-05
404370,1,1e-05
404390,1,1e-05
404396,1,1e-05
404510,1,1e-05
404567,1,1e-05
404576,1,1e-05
404601,1,1e-05
404614,1,1e-05
404648,1,1e-05
404930,1,1e-05
404999,1,1e-05
405005,1,1e-05
405161,1,1e-05
405310,1,1e-05
405314,1,1e-05
405324,1,1e-05
405375,1,1e-05
405402,1,1e-05
405437,1,1e-05
405438,1,1e-05
405460,1,1e-05
405490,1,1e-05
405583,1,1e-05
405584,1,1e-05
405684,1,1e-05
405851,1,1e-05
405877,1,1e-05
405921,1,1e-05
406012,1,1e-05
406016,1,1e-05
406113,1,1e-05
406140,1,1e-05
406171,1,1e-05
406207,1,1e-05
406322,1,1e-05
406380,1,1e-05
406450,1,1e-05
406497,1,1e-05
406600,1,1e-05
406735,1,1e-05
406750,1,1e-05
406810,1,1e-05
406816,1,1e-05
406850,1,1e-05
406924,1,1e-05
406953,1,1e-05
406973,1,1e-05
406977,1,1e-05
407040,1,1e-05
407045,1,1e-05
407160,1,1e-05
407272,1,1e-05
407321,1,1e-05
407341,1,1e-05
407446,1,1e-05
407542,1,1e-05
407613,1,1e-05
407622,1,1e-05
407658,1,1e-05
407689,1,1e-05
407711,1,1e-05
407826,1,1e-05
407833,1,1e-05
407896,1,1e-05
407937,1,1e-05
407946,1,1e-05
408140,1,1e-05
408166,1,1e-05
408196,1,1e-05
408238,1,1e-05
408245,1,1e-05
408272,1,1e-05
408352,1,1e-05
408447,1,1e-05
408496,1,1e-05
408504,1,1e-05
408618,1,1e-05
408636,1,1e-05
408672,1,1e-05
408734,1,1e-05
408818,1,1e-05
408831,1,1e-05
408879,1,1e-05
408897,1,1e-05
409000,1,1e-05
409010,1,1e-05
409016,1,1e-05
409101,1,1e-05
409219,1,1e-05
409236,1,1e-05
409327,1,1e-05
409365,1,1e-05
409429,1,1e-05
409442,1,1e-05
409568,1,1e-05
409783,1,1e-05
409800,1,1e-05
409901,1,1e-05
409911,1,1e-05
409915,1,1e-05
409940,1,1e-05
410020,1,1e-05
410021,1,1e-05
410079,1,1e-05
410202,1,1e-05
410241,1,1e-05
410243,1,1e-05
410276,1,1e-05
410318,1,1e-05
410335,1,1e-05
410429,1,1e-05
410537,1,1e-05
410760,1,1e-05
410787,1,1e-05
410792,1,1e-05
410985,1,1e-05
411192,1,1e-05
411246,1,1e-05
411262,1,1e-05
411263,1,1e-05
411389,1,1e-05
411472,1,1e-05
411530,1,1e-05
411561,1,1e-05
411562,1,1e-05
411615,1,1e-05
411629,1,1e-05
411646,1,1e-05
411661,1,1e-05
411703,1,1e-05
411748,1,1e-05
411776,1,1e-05
411781,1,1e-05
411806,1,1e-05
411844,1,1e-05
411920,1,1e-05
411953,1,1e-05
411981,1,1e-05
411999,1,1e-05
412020,1,1e-05
412127,1,1e-05
412166,1,1e-05
412175,1,1e-05
412285,1,1e-05
412332,1,1e-05
412373,1,1e-05
412385,1,1e-05
412456,1,1e-05
412504,1,1e-05
412554,1,1e-05
412644,1,1e-05
412702,1,1e-05
412726,1,1e-05
412740,1,1e-05
412820,1,1e-05
412867,1,1e-05
412885,1,1e-05
412898,1,1e-05
412936,1,1e-05
413105,1,1e-05
413391,1,1e-05
413447,1,1e-05
413482,1,1e-05
413583,1,1e-05
413697,1,1e-05
413698,1,1e-05
413701,1,1e-05
413906,1,1e-05
413935,1,1e-05
413989,1,1e-05
414050,1,1e-05
414126,1,1e-05
414164,1,1e-05
414186,1,1e-05
414187,1,1e-05
414255,1,1e-05
414271,1,1e-05
414313,1,1e-05
414452,1,1e-05
414458,1,1e-05
414617,1,1e-05
414727,1,1e-05
414735,1,1e-05
414739,1,1e-05
414746,1,1e-05
414780,1,1e-05
414849,1,1e-05
414863,1,1e-05
414864,1,1e-05
415072,1,1e-05
415229,1,1e-05
415230,1,1e-05
415427,1,1e-05
415492,1,1e-05
415552,1,1e-05
415559,1,1e-05
415563,1,1e-05
415566,1,1e-05
415597,1,1e-05
415673,1,1e-05
415702,1,1e-05
415741,1,1e-05
415841,1,1e-05
415940,1,1e-05
415943,1,1e-05
415973,1,1e-05
416058,1,1e-05
416085,1,1e-05
416114,1,1e-05
416182,1,1e-05
416262,1,1e-05
416278,1,1e-05
416328,1,1e-05
416421,1,1e-05
416426,1,1e-05
416468,1,1e-05
416523,1,1e-05
416528,1,1e-05
416541,1,1e-05
416556,1,1e-05
416639,1,1e-05
416645,1,1e-05
416663,1,1e-05
416843,1,1e-05
416857,1,1e-05
416866,1,1e-05
416913,1,1e-05
416974,1,1e-05
417027,1,1e-05
417037,1,1e-05
417307,1,1e-05
417311,1,1e-05
417342,1,1e-05
417416,1,1e-05
417422,1,1e-05
417433,1,1e-05
417454,1,1e-05
417547,1,1e-05
417576,1,1e-05
417628,1,1e-05
417710,1,1e-05
417757,1,1e-05
417795,1,1e-05
417956,1,1e-05
418033,1,1e-05
418041,1,1e-05
418119,1,1e-05
418154,1,1e-05
418187,1,1e-05
418200,1,1e-05
418318,1,1e-05
418328,1,1e-05
418372,1,1e-05
418383,1,1e-05
418438,1,1e-05
418626,1,1e-05
418691,1,1e-05
418709,1,1e-05
418728,1,1e-05
418732,1,1e-05
418801,1,1e-05
418852,1,1e-05
418901,1,1e-05
418918,1,1e-05
418952,1,1e-05
418964,1,1e-05
418987,1,1e-05
418997,1,1e-05
419076,1,1e-05
419131,1,1e-05
419217,1,1e-05
419321,1,1e-05
419333,1,1e-05
419366,1,1e-05
419417,1,1e-05
419457,1,1e-05
419495,1,1e-05
419509,1,1e-05
419543,1,1e-05
419602,1,1e-05
419795,1,1e-05
419825,1,1e-05
419889,1,1e-05
420149,1,1e-05
420170,1,1e-05
420309,1,1e-05
420326,1,1e-05
420341,1,1e-05
420400,1,1e-05
420415,1,1e-05
420588,1,1e-05
420626,1,1e-05
420651,1,1e-05
420702,1,1e-05
420761,1,1e-05
420875,1,1e-05
420992,1,1e-05
421033,1,1e-05
421092,1,1e-05
421100,1,1e-05
421128,1,1e-05
421195,1,1e-05
421217,1,1e-05
421326,1,1e-05
421327,1,1e-05
421351,1,1e-05
421365,1,1e-05
421366,1,1e-05
421423,1,1e-05
421461,1,1e-05
421513,1,1e-05
421555,1,1e-05
421641,1,1e-05
421659,1,1e-05
421769,1,1e-05
421884,1,1e-05
421976,1,1e-05
422016,1,1e-05
422032,1,1e-05
422041,1,1e-05
422049,1,1e-05
422146,1,1e-05
422219,1,1e-05
422278,1,1e-05
422353,1,1e-05
422377,1,1e-05
422424,1,1e-05
422477,1,1e-05
422518,1,1e-05
422559,1,1e-05
422561,1,1e-05
422700,1,1e-05
422753,1,1e-05
422761,1,1e-05
422818,1,1e-05
422904,1,1e-05
422908,1,1e-05
422981,1,1e-05
422994,1,1e-05
423006,1,1e-05
423035,1,1e-05
423125,1,1e-05
423136,1,1e-05
423145,1,1e-05
423157,1,1e-05
423159,1,1e-05
423245,1,1e-05
423265,1,1e-05
423315,1,1e-05
423378,1,1e-05
423407,1,1e-05
423416,1,1e-05
423426,1,1e-05
423433,1,1e-05
423482,1,1e-05
423486,1,1e-05
423599,1,1e-05
423626,1,1e-05
423676,1,1e-05
423697,1,1e-05
423727,1,1e-05
423809,1,1e-05
423847,1,1e-05
423862,1,1e-05
423900,1,1e-05
423922,1,1e-05
423965,1,1e-05
424033,1,1e-05
424109,1,1e-05
424163,1,1e-05
424170,1,1e-05
424214,1,1e-05
424239,1,1e-05
424270,1,1e-05
424292,1,1e-05
424302,1,1e-05
424379,1,1e-05
424459,1,1e-05
424641,1,1e-05
424688,1,1e-05
424935,1,1e-05
425012,1,1e-05
425017,1,1e-05
425027,1,1e-05
425051,1,1e-05
425064,1,1e-05
425082,1,1e-05
425124,1,1e-05
425134,1,1e-05
425157,1,1e-05
425351,1,1e-05
425358,1,1e-05
425367,1,1e-05
425379,1,1e-05
425399,1,1e-05
425424,1,1e-05
425530,1,1e-05
425555,1,1e-05
425567,1,1e-05
425584,1,1e-05
425667,1,1e-05
425873,1,1e-05
425886,1,1e-05
425941,1,1e-05
425957,1,1e-05
426021,1,1e-05
426024,1,1e-05
426027,1,1e-05
426117,1,1e-05
426165,1,1e-05
426209,1,1e-05
426238,1,1e-05
426261,1,1e-05
426292,1,1e-05
426324,1,1e-05
426329,1,1e-05
426383,1,1e-05
426389,1,1e-05
426433,1,1e-05
426449,1,1e-05
426586,1,1e-05
426638,1,1e-05
426650,1,1e-05
426704,1,1e-05
426757,1,1e-05
426767,1,1e-05
426806,1,1e-05
426838,1,1e-05
426857,1,1e-05
426888,1,1e-05
426949,1,1e-05
427026,1,1e-05
427034,1,1e-05
427152,1,1e-05
427224,1,1e-05
427261,1,1e-05
427304,1,1e-05
427344,1,1e-05
427376,1,1e-05
427410,1,1e-05
427433,1,1e-05
427471,1,1e-05
427559,1,1e-05
427583,1,1e-05
427595,1,1e-05
427625,1,1e-05
427677,1,1e-05
427840,1,1e-05
427864,1,1e-05
427889,1,1e-05
427925,1,1e-05
428001,1,1e-05
428040,1,1e-05
428147,1,1e-05
428226,1,1e-05
428259,1,1e-05
428286,1,1e-05
428300,1,1e-05
428318,1,1e-05
428350,1,1e-05
428396,1,1e-05
428511,1,1e-05
428601,1,1e-05
428655,1,1e-05
428699,1,1e-05
428705,1,1e-05
428708,1,1e-05
428745,1,1e-05
428752,1,1e-05
428863,1,1e-05
428985,1,1e-05
428994,1,1e-05
429012,1,1e-05
429051,1,1e-05
429063,1,1e-05
429163,1,1e-05
429165,1,1e-05
429216,1,1e-05
429243,1,1e-05
429313,1,1e-05
429329,1,1e-05
429348,1,1e-05
429414,1,1e-05
429444,1,1e-05
429475,1,1e-05
429483,1,1e-05
429485,1,1e-05
429570,1,1e-05
429590,1,1e-05
429601,1,1e-05
429837,1,1e-05
429850,1,1e-05
429866,1,1e-05
429943,1,1e-05
429966,1,1e-05
429968,1,1e-05
430087,1,1e-05
430134,1,1e-05
430189,1,1e-05
430209,1,1e-05
430224,1,1e-05
430266,1,1e-05
430376,1,1e-05
430427,1,1e-05
430430,1,1e-05
430574,1,1e-05
430709,1,1e-05
430731,1,1e-05
430818,1,1e-05
430953,1,1e-05
430976,1,1e-05
431015,1,1e-05
431088,1,1e-05
431140,1,1e-05
431158,1,1e-05
431187,1,1e-05
431196,1,1e-05
431198,1,1e-05
431223,1,1e-05
431274,1,1e-05
431285,1,1e-05
431306,1,1e-05
431326,1,1e-05
431357,1,1e-05
431363,1,1e-05
431503,1,1e-05
431534,1,1e-05
431668,1,1e-05
431696,1,1e-05
431712,1,1e-05
431761,1,1e-05
431769,1,1e-05
431788,1,1e-05
431869,1,1e-05
431924,1,1e-05
431954,1,1e-05
431958,1,1e-05
432065,1,1e-05
432136,1,1e-05
432144,1,1e-05
432155,1,1e-05
432229,1,1e-05
432264,1,1e-05
432292,1,1e-05
432295,1,1e-05
432310,1,1e-05
432338,1,1e-05
432373,1,1e-05
432434,1,1e-05
432458,1,1e-05
432459,1,1e-05
432577,1,1e-05
432650,1,1e-05
432733,1,1e-05
432776,1,1e-05
432823,1,1e-05
432827,1,1e-05
432918,1,1e-05
432961,1,1e-05
432991,1,1e-05
432994,1,1e-05
433002,1,1e-05
433113,1,1e-05
433136,1,1e-05
433145,1,1e-05
433220,1,1e-05
433228,1,1e-05
433229,1,1e-05
433302,1,1e-05
433343,1,1e-05
433394,1,1e-05
433399,1,1e-05
433437,1,1e-05
433493,1,1e-05
433508,1,1e-05
433589,1,1e-05
433636,1,1e-05
433714,1,1e-05
433734,1,1e-05
433849,1,1e-05
433858,1,1e-05
433985,1,1e-05
434010,1,1e-05
434055,1,1e-05
434061,1,1e-05
434096,1,1e-05
434098,1,1e-05
434108,1,1e-05
434152,1,1e-05
434166,1,1e-05
434198,1,1e-05
434256,1,1e-05
434260,1,1e-05
434286,1,1e-05
434288,1,1e-05
434397,1,1e-05
434465,1,1e-05
434500,1,1e-05
434548,1,1e-05
434576,1,1e-05
434656,1,1e-05
434661,1,1e-05
434691,1,1e-05
434693,1,1e-05
434694,1,1e-05
434699,1,1e-05
434721,1,1e-05
434745,1,1e-05
434773,1,1e-05
434855,1,1e-05
435004,1,1e-05
435022,1,1e-05
435080,1,1e-05
435130,1,1e-05
435186,1,1e-05
435220,1,1e-05
435241,1,1e-05
435307,1,1e-05
435353,1,1e-05
435576,1,1e-05
435663,1,1e-05
435777,1,1e-05
435810,1,1e-05
435851,1,1e-05
435998,1,1e-05
436051,1,1e-05
436058,1,1e-05
436132,1,1e-05
436189,1,1e-05
436190,1,1e-05
436413,1,1e-05
436440,1,1e-05
436460,1,1e-05
436499,1,1e-05
436505,1,1e-05
436525,1,1e-05
436528,1,1e-05
436533,1,1e-05
436569,1,1e-05
436577,1,1e-05
436617,1,1e-05
436641,1,1e-05
436699,1,1e-05
436740,1,1e-05
436761,1,1e-05
436866,1,1e-05
436898,1,1e-05
436979,1,1e-05
437047,1,1e-05
437072,1,1e-05
437162,1,1e-05
437210,1,1e-05
437266,1,1e-05
437268,1,1e-05
437296,1,1e-05
437315,1,1e-05
437380,1,1e-05
437442,1,1e-05
437457,1,1e-05
437474,1,1e-05
437496,1,1e-05
437695,1,1e-05
437740,1,1e-05
437773,1,1e-05
437802,1,1e-05
437889,1,1e-05
437893,1,1e-05
437911,1,1e-05
437973,1,1e-05
437991,1,1e-05
438001,1,1e-05
438012,1,1e-05
438085,1,1e-05
438245,1,1e-05
438263,1,1e-05
438334,1,1e-05
438392,1,1e-05
438399,1,1e-05
438431,1,1e-05
438446,1,1e-05
438553,1,1e-05
438607,1,1e-05
438642,1,1e-05
438651,1,1e-05
438674,1,1e-05
438727,1,1e-05
438802,1,1e-05
438863,1,1e-05
438899,1,1e-05
438937,1,1e-05
438957,1,1e-05
439020,1,1e-05
439053,1,1e-05
439118,1,1e-05
439124,1,1e-05
439261,1,1e-05
439352,1,1e-05
439402,1,1e-05
439452,1,1e-05
439491,1,1e-05
439504,1,1e-05
439564,1,1e-05
439686,1,1e-05
439705,1,1e-05
439770,1,1e-05
439785,1,1e-05
439811,1,1e-05
439913,1,1e-05
439946,1,1e-05
439954,1,1e-05
439960,1,1e-05
439963,1,1e-05
439990,1,1e-05
440012,1,1e-05
440047,1,1e-05
440083,1,1e-05
440099,1,1e-05
440100,1,1e-05
440125,1,1e-05
440181,1,1e-05
440191,1,1e-05
440255,1,1e-05
440303,1,1e-05
440320,1,1e-05
440377,1,1e-05
440404,1,1e-05
440435,1,1e-05
440445,1,1e-05
440487,1,1e-05
440488,1,1e-05
440559,1,1e-05
440600,1,1e-05
440654,1,1e-05
440716,1,1e-05
440820,1,1e-05
440830,1,1e-05
440860,1,1e-05
440867,1,1e-05
440883,1,1e-05
441039,1,1e-05
441042,1,1e-05
441059,1,1e-05
441118,1,1e-05
441129,1,1e-05
441171,1,1e-05
441217,1,1e-05
441272,1,1e-05
441296,1,1e-05
441352,1,1e-05
441455,1,1e-05
441467,1,1e-05
441602,1,1e-05
441650,1,1e-05
441743,1,1e-05
441831,1,1e-05
441885,1,1e-05
441913,1,1e-05
442004,1,1e-05
442057,1,1e-05
442151,1,1e-05
442282,1,1e-05
442300,1,1e-05
442412,1,1e-05
442417,1,1e-05
442446,1,1e-05
442465,1,1e-05
442482,1,1e-05
442486,1,1e-05
442519,1,1e-05
442563,1,1e-05
442666,1,1e-05
442692,1,1e-05
442770,1,1e-05
442864,1,1e-05
442892,1,1e-05
442940,1,1e-05
442941,1,1e-05
442979,1,1e-05
443016,1,1e-05
443089,1,1e-05
443133,1,1e-05
443222,1,1e-05
443263,1,1e-05
443327,1,1e-05
443380,1,1e-05
443395,1,1e-05
443403,1,1e-05
443591,1,1e-05
443623,1,1e-05
443663,1,1e-05
443664,1,1e-05
443678,1,1e-05
443692,1,1e-05
443695,1,1e-05
443818,1,1e-05
443823,1,1e-05
443830,1,1e-05
443833,1,1e-05
443861,1,1e-05
443900,1,1e-05
443910,1,1e-05
443951,1,1e-05
443968,1,1e-05
443988,1,1e-05
444091,1,1e-05
444095,1,1e-05
444119,1,1e-05
444164,1,1e-05
444168,1,1e-05
444216,1,1e-05
444252,1,1e-05
444284,1,1e-05
444298,1,1e-05
444304,1,1e-05
444350,1,1e-05
444368,1,1e-05
444403,1,1e-05
444426,1,1e-05
444438,1,1e-05
444475,1,1e-05
444524,1,1e-05
444557,1,1e-05
444579,1,1e-05
444664,1,1e-05
444689,1,1e-05
444692,1,1e-05
444815,1,1e-05
444940,1,1e-05
445077,1,1e-05
445109,1,1e-05
445128,1,1e-05
445248,1,1e-05
445270,1,1e-05
445315,1,1e-05
445324,1,1e-05
445356,1,1e-05
445398,1,1e-05
445440,1,1e-05
445523,1,1e-05
445525,1,1e-05
445564,1,1e-05
445582,1,1e-05
445587,1,1e-05
445635,1,1e-05
445703,1,1e-05
445726,1,1e-05
445730,1,1e-05
445755,1,1e-05
445779,1,1e-05
445870,1,1e-05
445887,1,1e-05
445914,1,1e-05
446079,1,1e-05
446128,1,1e-05
446131,1,1e-05
446141,1,1e-05
446250,1,1e-05
446268,1,1e-05
446300,1,1e-05
446328,1,1e-05
446333,1,1e-05
446352,1,1e-05
446366,1,1e-05
446380,1,1e-05
446468,1,1e-05
446474,1,1e-05
446484,1,1e-05
446535,1,1e-05
446548,1,1e-05
446616,1,1e-05
446645,1,1e-05
446753,1,1e-05
446802,1,1e-05
446870,1,1e-05
446871,1,1e-05
446891,1,1e-05
446925,1,1e-05
446942,1,1e-05
446978,1,1e-05
446980,1,1e-05
446996,1,1e-05
447064,1,1e-05
447175,1,1e-05
447185,1,1e-05
447194,1,1e-05
447209,1,1e-05
447232,1,1e-05
447248,1,1e-05
447312,1,1e-05
447354,1,1e-05
447459,1,1e-05
447563,1,1e-05
447633,1,1e-05
447716,1,1e-05
447783,1,1e-05
447818,1,1e-05
447832,1,1e-05
447863,1,1e-05
447913,1,1e-05
447924,1,1e-05
447949,1,1e-05
448085,1,1e-05
448120,1,1e-05
448147,1,1e-05
448186,1,1e-05
448229,1,1e-05
448286,1,1e-05
448305,1,1e-05
448324,1,1e-05
448350,1,1e-05
448395,1,1e-05
448535,1,1e-05
448562,1,1e-05
448579,1,1e-05
448580,1,1e-05
448647,1,1e-05
448668,1,1e-05
448684,1,1e-05
448698,1,1e-05
448724,1,1e-05
448816,1,1e-05
448821,1,1e-05
448845,1,1e-05
448868,1,1e-05
448877,1,1e-05
448901,1,1e-05
448902,1,1e-05
448903,1,1e-05
448970,1,1e-05
449003,1,1e-05
449009,1,1e-05
449029,1,1e-05
449049,1,1e-05
449063,1,1e-05
449076,1,1e-05
449085,1,1e-05
449095,1,1e-05
449112,1,1e-05
449218,1,1e-05
449234,1,1e-05
449277,1,1e-05
449281,1,1e-05
449297,1,1e-05
449310,1,1e-05
449319,1,1e-05
449329,1,1e-05
449430,1,1e-05
449531,1,1e-05
449581,1,1e-05
449582,1,1e-05
449703,1,1e-05
449714,1,1e-05
449831,1,1e-05
449851,1,1e-05
449855,1,1e-05
449864,1,1e-05
449872,1,1e-05
449873,1,1e-05
449946,1,1e-05
449983,1,1e-05
449991,1,1e-05
450181,1,1e-05
450184,1,1e-05
450210,1,1e-05
450212,1,1e-05
450294,1,1e-05
450410,1,1e-05
450458,1,1e-05
450487,1,1e-05
450490,1,1e-05
450512,1,1e-05
450573,1,1e-05
450608,1,1e-05
450634,1,1e-05
450655,1,1e-05
450691,1,1e-05
450717,1,1e-05
450722,1,1e-05
450733,1,1e-05
450811,1,1e-05
450871,1,1e-05
450908,1,1e-05
450955,1,1e-05
451024,1,1e-05
451099,1,1e-05
451188,1,1e-05
451303,1,1e-05
451319,1,1e-05
451331,1,1e-05
451363,1,1e-05
451365,1,1e-05
451371,1,1e-05
451445,1,1e-05
451489,1,1e-05
451545,1,1e-05
451599,1,1e-05
451618,1,1e-05
451780,1,1e-05
451802,1,1e-05
451839,1,1e-05
451860,1,1e-05
451889,1,1e-05
451979,1,1e-05
451992,1,1e-05
452054,1,1e-05
452058,1,1e-05
452097,1,1e-05
452128,1,1e-05
452241,1,1e-05
452437,1,1e-05
452438,1,1e-05
452468,1,1e-05
452561,1,1e-05
452598,1,1e-05
452701,1,1e-05
452723,1,1e-05
452794,1,1e-05
452798,1,1e-05
452834,1,1e-05
452924,1,1e-05
453030,1,1e-05
453038,1,1e-05
453098,1,1e-05
453190,1,1e-05
453196,1,1e-05
453206,1,1e-05
453216,1,1e-05
453217,1,1e-05
453354,1,1e-05
453401,1,1e-05
453405,1,1e-05
453437,1,1e-05
453485,1,1e-05
453505,1,1e-05
453561,1,1e-05
453565,1,1e-05
453570,1,1e-05
453571,1,1e-05
453657,1,1e-05
453685,1,1e-05
453706,1,1e-05
453753,1,1e-05
453787,1,1e-05
453939,1,1e-05
454006,1,1e-05
454048,1,1e-05
454091,1,1e-05
454126,1,1e-05
454163,1,1e-05
454174,1,1e-05
454210,1,1e-05
454270,1,1e-05
454292,1,1e-05
454365,1,1e-05
454366,1,1e-05
454415,1,1e-05
454458,1,1e-05
454462,1,1e-05
454483,1,1e-05
454513,1,1e-05
454519,1,1e-05
454524,1,1e-05
454547,1,1e-05
454570,1,1e-05
454705,1,1e-05
454713,1,1e-05
454766,1,1e-05
454789,1,1e-05
454827,1,1e-05
454901,1,1e-05
454921,1,1e-05
454949,1,1e-05
454959,1,1e-05
455005,1,1e-05
455033,1,1e-05
455069,1,1e-05
455088,1,1e-05
455135,1,1e-05
455180,1,1e-05
455194,1,1e-05
455220,1,1e-05
455227,1,1e-05
455238,1,1e-05
455269,1,1e-05
455288,1,1e-05
455383,1,1e-05
455437,1,1e-05
455457,1,1e-05
455528,1,1e-05
455559,1,1e-05
455653,1,1e-05
455661,1,1e-05
455697,1,1e-05
455715,1,1e-05
455858,1,1e-05
455898,1,1e-05
455915,1,1e-05
455948,1,1e-05
455972,1,1e-05
456007,1,1e-05
456223,1,1e-05
456242,1,1e-05
456288,1,1e-05
456378,1,1e-05
456394,1,1e-05
456416,1,1e-05
456418,1,1e-05
456425,1,1e-05
456458,1,1e-05
456471,1,1e-05
456491,1,1e-05
456499,1,1e-05
456504,1,1e-05
456572,1,1e-05
456677,1,1e-05
456724,1,1e-05
456750,1,1e-05
456758,1,1e-05
456764,1,1e-05
456909,1,1e-05
456964,1,1e-05
456965,1,1e-05
457058,1,1e-05
457099,1,1e-05
457145,1,1e-05
457214,1,1e-05
457224,1,1e-05
457253,1,1e-05
457414,1,1e-05
457529,1,1e-05
457561,1,1e-05
457574,1,1e-05
457590,1,1e-05
457892,1,1e-05
457907,1,1e-05
457969,1,1e-05
458001,1,1e-05
458027,1,1e-05
458089,1,1e-05
458188,1,1e-05
458285,1,1e-05
458286,1,1e-05
458360,1,1e-05
458374,1,1e-05
458402,1,1e-05
458428,1,1e-05
458448,1,1e-05
458503,1,1e-05
458848,1,1e-05
458889,1,1e-05
458909,1,1e-05
458922,1,1e-05
458931,1,1e-05
458936,1,1e-05
458994,1,1e-05
459002,1,1e-05
459050,1,1e-05
459151,1,1e-05
459221,1,1e-05
459233,1,1e-05
459257,1,1e-05
459312,1,1e-05
459407,1,1e-05
459419,1,1e-05
459442,1,1e-05
459531,1,1e-05
459633,1,1e-05
459687,1,1e-05
459689,1,1e-05
459699,1,1e-05
459731,1,1e-05
459782,1,1e-05
459853,1,1e-05
459891,1,1e-05
459940,1,1e-05
459990,1,1e-05
459994,1,1e-05
460078,1,1e-05
460094,1,1e-05
460147,1,1e-05
460197,1,1e-05
460256,1,1e-05
460259,1,1e-05
460290,1,1e-05
460320,1,1e-05
460351,1,1e-05
460418,1,1e-05
460504,1,1e-05
460564,1,1e-05
460653,1,1e-05
460741,1,1e-05
460764,1,1e-05
460795,1,1e-05
460827,1,1e-05
460847,1,1e-05
461017,1,1e-05
461192,1,1e-05
461210,1,1e-05
461218,1,1e-05
461415,1,1e-05
461476,1,1e-05
461550,1,1e-05
461675,1,1e-05
461694,1,1e-05
461703,1,1e-05
461721,1,1e-05
461726,1,1e-05
461838,1,1e-05
461859,1,1e-05
461876,1,1e-05
461903,1,1e-05
461930,1,1e-05
461999,1,1e-05
462022,1,1e-05
462073,1,1e-05
462196,1,1e-05
462247,1,1e-05
462256,1,1e-05
462293,1,1e-05
462305,1,1e-05
462315,1,1e-05
462320,1,1e-05
462380,1,1e-05
462386,1,1e-05
462672,1,1e-05
462698,1,1e-05
462720,1,1e-05
462744,1,1e-05
462786,1,1e-05
462797,1,1e-05
462799,1,1e-05
462865,1,1e-05
462875,1,1e-05
462879,1,1e-05
462935,1,1e-05
462936,1,1e-05
463009,1,1e-05
463012,1,1e-05
463042,1,1e-05
463105,1,1e-05
463122,1,1e-05
463185,1,1e-05
463225,1,1e-05
463297,1,1e-05
463304,1,1e-05
463324,1,1e-05
463339,1,1e-05
463385,1,1e-05
463533,1,1e-05
463786,1,1e-05
463796,1,1e-05
463870,1,1e-05
463912,1,1e-05
464035,1,1e-05
464044,1,1e-05
464094,1,1e-05
464155,1,1e-05
464306,1,1e-05
464378,1,1e-05
464388,1,1e-05
464481,1,1e-05
464503,1,1e-05
464531,1,1e-05
464540,1,1e-05
464596,1,1e-05
464619,1,1e-05
464636,1,1e-05
464668,1,1e-05
464671,1,1e-05
464727,1,1e-05
464822,1,1e-05
464859,1,1e-05
464935,1,1e-05
464986,1,1e-05
465042,1,1e-05
465165,1,1e-05
465178,1,1e-05
465230,1,1e-05
465240,1,1e-05
465275,1,1e-05
465280,1,1e-05
465281,1,1e-05
465366,1,1e-05
465367,1,1e-05
465387,1,1e-05
465462,1,1e-05
465502,1,1e-05
465523,1,1e-05
465543,1,1e-05
465651,1,1e-05
465658,1,1e-05
465683,1,1e-05
465873,1,1e-05
465885,1,1e-05
465957,1,1e-05
465965,1,1e-05
466018,1,1e-05
466024,1,1e-05
466074,1,1e-05
466129,1,1e-05
466173,1,1e-05
466183,1,1e-05
466184,1,1e-05
466233,1,1e-05
466276,1,1e-05
466309,1,1e-05
466499,1,1e-05
466525,1,1e-05
466795,1,1e-05
466885,1,1e-05
466890,1,1e-05
466925,1,1e-05
466936,1,1e-05
466989,1,1e-05
467009,1,1e-05
467062,1,1e-05
467075,1,1e-05
467099,1,1e-05
467260,1,1e-05
467271,1,1e-05
467296,1,1e-05
467301,1,1e-05
467342,1,1e-05
467383,1,1e-05
467410,1,1e-05
467433,1,1e-05
467495,1,1e-05
467497,1,1e-05
467520,1,1e-05
467540,1,1e-05
467576,1,1e-05
467646,1,1e-05
467697,1,1e-05
467714,1,1e-05
467721,1,1e-05
467779,1,1e-05
467788,1,1e-05
467817,1,1e-05
468066,1,1e-05
468107,1,1e-05
468114,1,1e-05
468135,1,1e-05
468203,1,1e-05
468238,1,1e-05
468434,1,1e-05
468436,1,1e-05
468487,1,1e-05
468575,1,1e-05
468667,1,1e-05
468674,1,1e-05
468734,1,1e-05
468739,1,1e-05
468802,1,1e-05
468835,1,1e-05
468904,1,1e-05
468954,1,1e-05
469081,1,1e-05
469164,1,1e-05
469171,1,1e-05
469306,1,1e-05
469424,1,1e-05
469440,1,1e-05
469473,1,1e-05
469639,1,1e-05
469659,1,1e-05
469780,1,1e-05
469807,1,1e-05
469865,1,1e-05
469992,1,1e-05
470066,1,1e-05
470134,1,1e-05
470256,1,1e-05
470267,1,1e-05
470291,1,1e-05
470296,1,1e-05
470343,1,1e-05
470379,1,1e-05
470399,1,1e-05
470424,1,1e-05
470490,1,1e-05
470548,1,1e-05
470688,1,1e-05
470762,1,1e-05
470814,1,1e-05
470826,1,1e-05
470961,1,1e-05
470965,1,1e-05
471023,1,1e-05
471065,1,1e-05
471076,1,1e-05
471134,1,1e-05
471137,1,1e-05
471205,1,1e-05
471260,1,1e-05
471296,1,1e-05
471308,1,1e-05
471359,1,1e-05
471413,1,1e-05
471460,1,1e-05
471482,1,1e-05
471514,1,1e-05
471538,1,1e-05
471577,1,1e-05
471579,1,1e-05
471643,1,1e-05
471979,1,1e-05
471990,1,1e-05
472011,1,1e-05
472035,1,1e-05
472045,1,1e-05
472114,1,1e-05
472129,1,1e-05
472152,1,1e-05
472179,1,1e-05
472227,1,1e-05
472348,1,1e-05
472357,1,1e-05
472407,1,1e-05
472425,1,1e-05
472436,1,1e-05
472464,1,1e-05
472476,1,1e-05
472552,1,1e-05
472576,1,1e-05
472623,1,1e-05
472730,1,1e-05
472735,1,1e-05
472751,1,1e-05
472800,1,1e-05
472849,1,1e-05
472874,1,1e-05
472959,1,1e-05
473013,1,1e-05
473102,1,1e-05
473184,1,1e-05
473265,1,1e-05
473266,1,1e-05
473370,1,1e-05
473432,1,1e-05
473484,1,1e-05
473514,1,1e-05
473599,1,1e-05
473642,1,1e-05
473702,1,1e-05
473705,1,1e-05
473742,1,1e-05
473833,1,1e-05
473852,1,1e-05
473936,1,1e-05
474001,1,1e-05
474010,1,1e-05
474035,1,1e-05
474037,1,1e-05
474139,1,1e-05
474330,1,1e-05
474338,1,1e-05
474451,1,1e-05
474472,1,1e-05
474489,1,1e-05
474507,1,1e-05
474562,1,1e-05
474722,1,1e-05
474757,1,1e-05
474772,1,1e-05
474807,1,1e-05
474823,1,1e-05
474963,1,1e-05
474981,1,1e-05
475055,1,1e-05
475075,1,1e-05
475091,1,1e-05
475168,1,1e-05
475191,1,1e-05
475229,1,1e-05
475282,1,1e-05
475288,1,1e-05
475317,1,1e-05
475464,1,1e-05
475490,1,1e-05
475544,1,1e-05
475652,1,1e-05
475713,1,1e-05
475792,1,1e-05
475889,1,1e-05
475999,1,1e-05
476013,1,1e-05
476060,1,1e-05
476073,1,1e-05
476105,1,1e-05
476119,1,1e-05
476152,1,1e-05
476211,1,1e-05
476335,1,1e-05
476390,1,1e-05
476478,1,1e-05
476547,1,1e-05
476613,1,1e-05
476632,1,1e-05
476635,1,1e-05
476653,1,1e-05
476666,1,1e-05
476789,1,1e-05
476851,1,1e-05
476882,1,1e-05
477039,1,1e-05
477073,1,1e-05
477075,1,1e-05
477093,1,1e-05
477150,1,1e-05
477193,1,1e-05
477270,1,1e-05
477286,1,1e-05
477319,1,1e-05
477509,1,1e-05
477515,1,1e-05
477598,1,1e-05
477686,1,1e-05
477720,1,1e-05
477745,1,1e-05
477750,1,1e-05
477760,1,1e-05
477790,1,1e-05
477878,1,1e-05
477912,1,1e-05
477932,1,1e-05
477960,1,1e-05
477988,1,1e-05
478043,1,1e-05
478052,1,1e-05
478073,1,1e-05
478082,1,1e-05
478091,1,1e-05
478105,1,1e-05
478145,1,1e-05
478185,1,1e-05
478218,1,1e-05
478224,1,1e-05
478230,1,1e-05
478270,1,1e-05
478344,1,1e-05
478355,1,1e-05
478360,1,1e-05
478370,1,1e-05
478396,1,1e-05
478481,1,1e-05
478542,1,1e-05
478586,1,1e-05
478651,1,1e-05
478655,1,1e-05
478746,1,1e-05
478761,1,1e-05
478846,1,1e-05
478939,1,1e-05
479111,1,1e-05
479119,1,1e-05
479144,1,1e-05
479176,1,1e-05
479236,1,1e-05
479238,1,1e-05
479273,1,1e-05
479346,1,1e-05
479438,1,1e-05
479479,1,1e-05
479559,1,1e-05
479574,1,1e-05
479632,1,1e-05
479640,1,1e-05
479744,1,1e-05
479784,1,1e-05
479798,1,1e-05
479885,1,1e-05
479904,1,1e-05
479926,1,1e-05
479992,1,1e-05
480005,1,1e-05
480043,1,1e-05
480074,1,1e-05
480272,1,1e-05
480320,1,1e-05
480380,1,1e-05
480419,1,1e-05
480508,1,1e-05
480603,1,1e-05
480605,1,1e-05
480637,1,1e-05
480656,1,1e-05
480717,1,1e-05
480795,1,1e-05
480802,1,1e-05
480844,1,1e-05
480952,1,1e-05
480995,1,1e-05
481066,1,1e-05
481079,1,1e-05
481125,1,1e-05
481187,1,1e-05
481189,1,1e-05
481219,1,1e-05
481379,1,1e-05
481384,1,1e-05
481397,1,1e-05
481425,1,1e-05
481474,1,1e-05
481551,1,1e-05
481572,1,1e-05
481577,1,1e-05
481638,1,1e-05
481649,1,1e-05
481652,1,1e-05
481688,1,1e-05
481728,1,1e-05
481744,1,1e-05
481874,1,1e-05
481884,1,1e-05
481906,1,1e-05
481941,1,1e-05
481992,1,1e-05
482003,1,1e-05
482044,1,1e-05
482072,1,1e-05
482090,1,1e-05
482199,1,1e-05
482212,1,1e-05
482277,1,1e-05
482327,1,1e-05
482332,1,1e-05
482336,1,1e-05
482386,1,1e-05
482387,1,1e-05
482537,1,1e-05
482543,1,1e-05
482552,1,1e-05
482607,1,1e-05
482613,1,1e-05
482673,1,1e-05
482701,1,1e-05
482737,1,1e-05
482774,1,1e-05
482888,1,1e-05
482964,1,1e-05
482986,1,1e-05
483199,1,1e-05
483247,1,1e-05
483310,1,1e-05
483321,1,1e-05
483376,1,1e-05
483475,1,1e-05
483620,1,1e-05
483630,1,1e-05
483631,1,1e-05
483661,1,1e-05
483676,1,1e-05
483781,1,1e-05
483819,1,1e-05
483880,1,1e-05
483891,1,1e-05
483956,1,1e-05
484081,1,1e-05
484088,1,1e-05
484106,1,1e-05
484112,1,1e-05
484153,1,1e-05
484175,1,1e-05
484287,1,1e-05
484370,1,1e-05
484402,1,1e-05
484409,1,1e-05
484417,1,1e-05
484420,1,1e-05
484469,1,1e-05
484570,1,1e-05
484597,1,1e-05
484619,1,1e-05
484696,1,1e-05
484844,1,1e-05
484863,1,1e-05
484887,1,1e-05
484935,1,1e-05
484958,1,1e-05
484974,1,1e-05
485023,1,1e-05
485041,1,1e-05
485042,1,1e-05
485049,1,1e-05
485075,1,1e-05
485207,1,1e-05
485241,1,1e-05
485267,1,1e-05
485331,1,1e-05
485397,1,1e-05
485436,1,1e-05
485497,1,1e-05
485508,1,1e-05
485518,1,1e-05
485553,1,1e-05
485575,1,1e-05
485668,1,1e-05
485715,1,1e-05
485744,1,1e-05
485752,1,1e-05
485770,1,1e-05
485804,1,1e-05
485935,1,1e-05
485981,1,1e-05
486019,1,1e-05
486085,1,1e-05
486101,1,1e-05
486150,1,1e-05
486208,1,1e-05
486281,1,1e-05
486310,1,1e-05
486326,1,1e-05
486355,1,1e-05
486443,1,1e-05
486495,1,1e-05
486536,1,1e-05
486752,1,1e-05
486763,1,1e-05
486786,1,1e-05
486806,1,1e-05
486819,1,1e-05
486827,1,1e-05
486890,1,1e-05
486954,1,1e-05
487080,1,1e-05
487101,1,1e-05
487136,1,1e-05
487219,1,1e-05
487231,1,1e-05
487233,1,1e-05
487237,1,1e-05
487279,1,1e-05
487380,1,1e-05
487428,1,1e-05
487433,1,1e-05
487520,1,1e-05
487523,1,1e-05
487527,1,1e-05
487533,1,1e-05
487660,1,1e-05
487676,1,1e-05
487828,1,1e-05
487853,1,1e-05
487888,1,1e-05
487905,1,1e-05
487954,1,1e-05
487981,1,1e-05
488103,1,1e-05
488135,1,1e-05
488215,1,1e-05
488256,1,1e-05
488262,1,1e-05
488392,1,1e-05
488535,1,1e-05
488569,1,1e-05
488619,1,1e-05
488640,1,1e-05
488672,1,1e-05
488678,1,1e-05
488735,1,1e-05
488780,1,1e-05
488790,1,1e-05
488825,1,1e-05
488833,1,1e-05
488847,1,1e-05
488873,1,1e-05
488890,1,1e-05
489019,1,1e-05
489042,1,1e-05
489085,1,1e-05
489159,1,1e-05
489175,1,1e-05
489207,1,1e-05
489230,1,1e-05
489239,1,1e-05
489246,1,1e-05
489265,1,1e-05
489276,1,1e-05
489286,1,1e-05
489291,1,1e-05
489313,1,1e-05
489371,1,1e-05
489415,1,1e-05
489478,1,1e-05
489492,1,1e-05
489565,1,1e-05
489579,1,1e-05
489684,1,1e-05
489761,1,1e-05
489831,1,1e-05
489872,1,1e-05
489887,1,1e-05
489904,1,1e-05
489918,1,1e-05
490009,1,1e-05
490023,1,1e-05
490027,1,1e-05
490038,1,1e-05
490043,1,1e-05
490045,1,1e-05
490107,1,1e-05
490165,1,1e-05
490172,1,1e-05
490203,1,1e-05
490281,1,1e-05
490422,1,1e-05
490537,1,1e-05
490550,1,1e-05
490551,1,1e-05
490563,1,1e-05
490598,1,1e-05
490630,1,1e-05
490636,1,1e-05
490652,1,1e-05
490654,1,1e-05
490660,1,1e-05
490662,1,1e-05
490754,1,1e-05
490755,1,1e-05
490757,1,1e-05
490813,1,1e-05
490846,1,1e-05
490865,1,1e-05
490871,1,1e-05
490936,1,1e-05
491008,1,1e-05
491028,1,1e-05
491046,1,1e-05
491050,1,1e-05
491081,1,1e-05
491108,1,1e-05
491136,1,1e-05
491142,1,1e-05
491173,1,1e-05
491190,1,1e-05
491307,1,1e-05
491318,1,1e-05
491374,1,1e-05
491389,1,1e-05
491413,1,1e-05
491429,1,1e-05
491437,1,1e-05
491481,1,1e-05
491513,1,1e-05
491542,1,1e-05
491591,1,1e-05
491594,1,1e-05
491639,1,1e-05
491641,1,1e-05
491665,1,1e-05
491754,1,1e-05
491778,1,1e-05
491785,1,1e-05
491864,1,1e-05
491893,1,1e-05
491918,1,1e-05
491948,1,1e-05
491950,1,1e-05
492038,1,1e-05
492086,1,1e-05
492097,1,1e-05
492135,1,1e-05
492311,1,1e-05
492419,1,1e-05
492443,1,1e-05
492446,1,1e-05
492502,1,1e-05
492503,1,1e-05
492655,1,1e-05
492656,1,1e-05
492679,1,1e-05
492733,1,1e-05
492738,1,1e-05
492763,1,1e-05
492791,1,1e-05
492833,1,1e-05
492841,1,1e-05
492853,1,1e-05
492934,1,1e-05
492978,1,1e-05
493002,1,1e-05
493024,1,1e-05
493050,1,1e-05
493126,1,1e-05
493166,1,1e-05
493170,1,1e-05
493171,1,1e-05
493267,1,1e-05
493316,1,1e-05
493429,1,1e-05
493453,1,1e-05
493577,1,1e-05
493605,1,1e-05
493802,1,1e-05
493808,1,1e-05
493882,1,1e-05
493922,1,1e-05
493925,1,1e-05
493982,1,1e-05
494069,1,1e-05
494072,1,1e-05
494134,1,1e-05
494181,1,1e-05
494183,1,1e-05
494249,1,1e-05
494277,1,1e-05
494356,1,1e-05
494408,1,1e-05
494570,1,1e-05
494581,1,1e-05
494612,1,1e-05
494666,1,1e-05
494676,1,1e-05
494679,1,1e-05
494847,1,1e-05
494866,1,1e-05
494894,1,1e-05
494900,1,1e-05
494908,1,1e-05
494911,1,1e-05
494923,1,1e-05
494938,1,1e-05
494972,1,1e-05
495002,1,1e-05
495029,1,1e-05
495142,1,1e-05
495184,1,1e-05
495226,1,1e-05
495236,1,1e-05
495242,1,1e-05
495298,1,1e-05
495404,1,1e-05
495425,1,1e-05
495477,1,1e-05
495523,1,1e-05
495537,1,1e-05
495685,1,1e-05
495715,1,1e-05
495782,1,1e-05
495812,1,1e-05
495819,1,1e-05
495842,1,1e-05
495889,1,1e-05
495952,1,1e-05
495956,1,1e-05
495977,1,1e-05
496004,1,1e-05
496016,1,1e-05
496068,1,1e-05
496076,1,1e-05
496103,1,1e-05
496115,1,1e-05
496132,1,1e-05
496138,1,1e-05
496147,1,1e-05
496171,1,1e-05
496192,1,1e-05
496195,1,1e-05
496219,1,1e-05
496230,1,1e-05
496231,1,1e-05
496264,1,1e-05
496365,1,1e-05
496376,1,1e-05
496405,1,1e-05
496412,1,1e-05
496414,1,1e-05
496450,1,1e-05
496456,1,1e-05
496461,1,1e-05
496523,1,1e-05
496526,1,1e-05
496564,1,1e-05
496600,1,1e-05
496609,1,1e-05
496640,1,1e-05
496710,1,1e-05
496751,1,1e-05
496769,1,1e-05
496789,1,1e-05
496793,1,1e-05
496908,1,1e-05
496918,1,1e-05
496925,1,1e-05
496947,1,1e-05
497008,1,1e-05
497107,1,1e-05
497116,1,1e-05
497160,1,1e-05
497194,1,1e-05
497230,1,1e-05
497294,1,1e-05
497359,1,1e-05
497364,1,1e-05
497381,1,1e-05
497443,1,1e-05
497484,1,1e-05
497507,1,1e-05
497528,1,1e-05
497619,1,1e-05
497673,1,1e-05
497700,1,1e-05
497729,1,1e-05
497785,1,1e-05
497884,1,1e-05
497913,1,1e-05
497958,1,1e-05
497966,1,1e-05
497967,1,1e-05
498018,1,1e-05
498045,1,1e-05
498131,1,1e-05
498140,1,1e-05
498355,1,1e-05
498357,1,1e-05
498442,1,1e-05
498502,1,1e-05
498558,1,1e-05
498598,1,1e-05
498675,1,1e-05
498699,1,1e-05
498700,1,1e-05
498745,1,1e-05
498757,1,1e-05
498905,1,1e-05
498970,1,1e-05
499165,1,1e-05
499245,1,1e-05
499278,1,1e-05
499292,1,1e-05
499317,1,1e-05
499328,1,1e-05
499386,1,1e-05
499409,1,1e-05
499423,1,1e-05
499433,1,1e-05
499497,1,1e-05
499544,1,1e-05
499572,1,1e-05
499583,1,1e-05
499614,1,1e-05
499649,1,1e-05
499683,1,1e-05
499762,1,1e-05
499778,1,1e-05
499779,1,1e-05
499944,1,1e-05
500011,1,1e-05
500026,1,1e-05
500167,1,1e-05
500204,1,1e-05
500238,1,1e-05
500241,1,1e-05
500242,1,1e-05
500317,1,1e-05
500401,1,1e-05
500421,1,1e-05
500445,1,1e-05
500535,1,1e-05
500646,1,1e-05
500650,1,1e-05
500790,1,1e-05
500808,1,1e-05
500928,1,1e-05
500990,1,1e-05
501275,1,1e-05
501294,1,1e-05
501305,1,1e-05
501350,1,1e-05
501369,1,1e-05
501501,1,1e-05
501503,1,1e-05
501556,1,1e-05
501584,1,1e-05
501608,1,1e-05
501632,1,1e-05
501656,1,1e-05
501844,1,1e-05
501852,1,1e-05
501872,1,1e-05
501882,1,1e-05
501955,1,1e-05
502005,1,1e-05
502028,1,1e-05
502045,1,1e-05
502046,1,1e-05
502081,1,1e-05
502105,1,1e-05
502122,1,1e-05
502165,1,1e-05
502193,1,1e-05
502223,1,1e-05
502381,1,1e-05
502481,1,1e-05
502498,1,1e-05
502542,1,1e-05
502648,1,1e-05
502691,1,1e-05
502695,1,1e-05
502769,1,1e-05
502776,1,1e-05
502802,1,1e-05
502809,1,1e-05
502811,1,1e-05
502847,1,1e-05
502896,1,1e-05
502918,1,1e-05
503078,1,1e-05
503110,1,1e-05
503186,1,1e-05
503229,1,1e-05
503266,1,1e-05
503308,1,1e-05
503335,1,1e-05
503342,1,1e-05
503344,1,1e-05
503391,1,1e-05
503403,1,1e-05
503428,1,1e-05
503508,1,1e-05
503534,1,1e-05
503544,1,1e-05
503601,1,1e-05
503657,1,1e-05
503658,1,1e-05
503731,1,1e-05
503735,1,1e-05
503760,1,1e-05
503776,1,1e-05
503843,1,1e-05
503872,1,1e-05
503899,1,1e-05
503943,1,1e-05
503965,1,1e-05
503968,1,1e-05
504069,1,1e-05
504132,1,1e-05
504164,1,1e-05
504208,1,1e-05
504252,1,1e-05
504261,1,1e-05
504274,1,1e-05
504322,1,1e-05
504340,1,1e-05
504343,1,1e-05
504359,1,1e-05
504361,1,1e-05
504383,1,1e-05
504431,1,1e-05
504442,1,1e-05
504474,1,1e-05
504582,1,1e-05
504583,1,1e-05
504617,1,1e-05
504637,1,1e-05
504646,1,1e-05
504652,1,1e-05
504679,1,1e-05
504793,1,1e-05
504939,1,1e-05
504964,1,1e-05
504979,1,1e-05
504996,1,1e-05
505020,1,1e-05
505023,1,1e-05
505138,1,1e-05
505181,1,1e-05
505241,1,1e-05
505276,1,1e-05
505295,1,1e-05
505314,1,1e-05
505320,1,1e-05
505330,1,1e-05
505382,1,1e-05
505439,1,1e-05
505475,1,1e-05
505485,1,1e-05
505590,1,1e-05
505612,1,1e-05
505642,1,1e-05
505692,1,1e-05
505739,1,1e-05
505856,1,1e-05
505876,1,1e-05
505915,1,1e-05
505931,1,1e-05
505946,1,1e-05
505960,1,1e-05
506001,1,1e-05
506068,1,1e-05
506095,1,1e-05
506097,1,1e-05
506121,1,1e-05
506179,1,1e-05
506276,1,1e-05
506382,1,1e-05
506390,1,1e-05
506411,1,1e-05
506445,1,1e-05
506466,1,1e-05
506579,1,1e-05
506580,1,1e-05
506599,1,1e-05
506694,1,1e-05
506746,1,1e-05
506748,1,1e-05
506809,1,1e-05
506855,1,1e-05
506917,1,1e-05
506929,1,1e-05
506945,1,1e-05
506997,1,1e-05
507054,1,1e-05
507058,1,1e-05
507069,1,1e-05
507085,1,1e-05
507119,1,1e-05
507157,1,1e-05
507165,1,1e-05
507183,1,1e-05
507260,1,1e-05
507332,1,1e-05
507399,1,1e-05
507417,1,1e-05
507453,1,1e-05
507504,1,1e-05
507561,1,1e-05
507609,1,1e-05
507662,1,1e-05
507691,1,1e-05
507725,1,1e-05
507727,1,1e-05
507797,1,1e-05
507841,1,1e-05
507848,1,1e-05
507934,1,1e-05
508011,1,1e-05
508028,1,1e-05
508069,1,1e-05
508079,1,1e-05
508090,1,1e-05
508143,1,1e-05
508149,1,1e-05
508205,1,1e-05
508208,1,1e-05
508225,1,1e-05
508251,1,1e-05
508277,1,1e-05
508288,1,1e-05
508344,1,1e-05
508358,1,1e-05
508474,1,1e-05
508520,1,1e-05
508529,1,1e-05
508530,1,1e-05
508531,1,1e-05
508581,1,1e-05
508600,1,1e-05
508611,1,1e-05
508663,1,1e-05
508687,1,1e-05
508718,1,1e-05
508754,1,1e-05
508811,1,1e-05
508812,1,1e-05
508817,1,1e-05
508837,1,1e-05
508844,1,1e-05
508876,1,1e-05
508903,1,1e-05
508967,1,1e-05
509049,1,1e-05
509094,1,1e-05
509107,1,1e-05
509112,1,1e-05
509157,1,1e-05
509218,1,1e-05
509256,1,1e-05
509285,1,1e-05
509292,1,1e-05
509398,1,1e-05
509412,1,1e-05
509442,1,1e-05
509455,1,1e-05
509521,1,1e-05
509610,1,1e-05
509681,1,1e-05
509781,1,1e-05
509805,1,1e-05
509809,1,1e-05
509892,1,1e-05
509902,1,1e-05
509928,1,1e-05
510099,1,1e-05
510156,1,1e-05
510356,1,1e-05
510377,1,1e-05
510541,1,1e-05
510562,1,1e-05
510596,1,1e-05
510692,1,1e-05
510704,1,1e-05
510787,1,1e-05
510932,1,1e-05
510975,1,1e-05
511000,1,1e-05
511061,1,1e-05
511226,1,1e-05
511261,1,1e-05
511482,1,1e-05
511490,1,1e-05
511497,1,1e-05
511528,1,1e-05
511716,1,1e-05
511837,1,1e-05
511846,1,1e-05
511932,1,1e-05
511980,1,1e-05
511984,1,1e-05
512001,1,1e-05
512011,1,1e-05
512056,1,1e-05
512096,1,1e-05
512231,1,1e-05
512253,1,1e-05
512262,1,1e-05
512326,1,1e-05
512347,1,1e-05
512407,1,1e-05
512453,1,1e-05
512494,1,1e-05
512507,1,1e-05
512625,1,1e-05
512634,1,1e-05
512673,1,1e-05
512716,1,1e-05
512747,1,1e-05
512782,1,1e-05
512799,1,1e-05
512860,1,1e-05
512906,1,1e-05
512924,1,1e-05
512949,1,1e-05
512977,1,1e-05
513022,1,1e-05
513117,1,1e-05
513137,1,1e-05
513234,1,1e-05
513249,1,1e-05
513251,1,1e-05
513321,1,1e-05
513329,1,1e-05
513392,1,1e-05
513416,1,1e-05
513425,1,1e-05
513466,1,1e-05
513473,1,1e-05
513497,1,1e-05
513502,1,1e-05
513704,1,1e-05
513742,1,1e-05
513832,1,1e-05
513864,1,1e-05
513914,1,1e-05
513942,1,1e-05
513961,1,1e-05
514017,1,1e-05
514128,1,1e-05
514184,1,1e-05
514318,1,1e-05
514412,1,1e-05
514462,1,1e-05
514498,1,1e-05
514646,1,1e-05
514666,1,1e-05
514677,1,1e-05
514693,1,1e-05
514799,1,1e-05
514917,1,1e-05
514945,1,1e-05
514960,1,1e-05
514961,1,1e-05
515290,1,1e-05
515395,1,1e-05
515427,1,1e-05
515571,1,1e-05
515604,1,1e-05
515633,1,1e-05
515708,1,1e-05
515727,1,1e-05
515753,1,1e-05
515842,1,1e-05
515894,1,1e-05
515909,1,1e-05
515934,1,1e-05
515969,1,1e-05
516013,1,1e-05
516032,1,1e-05
516064,1,1e-05
516137,1,1e-05
516205,1,1e-05
516247,1,1e-05
516285,1,1e-05
516298,1,1e-05
516376,1,1e-05
516583,1,1e-05
516790,1,1e-05
516792,1,1e-05
516830,1,1e-05
516891,1,1e-05
516902,1,1e-05
516910,1,1e-05
516911,1,1e-05
516941,1,1e-05
516971,1,1e-05
516997,1,1e-05
517065,1,1e-05
517095,1,1e-05
517128,1,1e-05
517131,1,1e-05
517187,1,1e-05
517209,1,1e-05
517230,1,1e-05
517272,1,1e-05
517311,1,1e-05
517342,1,1e-05
517364,1,1e-05
517416,1,1e-05
517453,1,1e-05
517561,1,1e-05
517587,1,1e-05
517647,1,1e-05
517757,1,1e-05
517758,1,1e-05
517824,1,1e-05
517828,1,1e-05
517862,1,1e-05
517866,1,1e-05
517902,1,1e-05
517909,1,1e-05
517923,1,1e-05
517952,1,1e-05
517991,1,1e-05
518001,1,1e-05
518109,1,1e-05
518133,1,1e-05
518148,1,1e-05
518152,1,1e-05
518211,1,1e-05
518242,1,1e-05
518295,1,1e-05
518351,1,1e-05
518430,1,1e-05
518475,1,1e-05
518556,1,1e-05
518779,1,1e-05
518854,1,1e-05
518927,1,1e-05
518950,1,1e-05
518982,1,1e-05
519008,1,1e-05
519144,1,1e-05
519185,1,1e-05
519257,1,1e-05
519342,1,1e-05
519346,1,1e-05
519392,1,1e-05
519425,1,1e-05
519522,1,1e-05
519526,1,1e-05
519571,1,1e-05
519574,1,1e-05
519613,1,1e-05
519626,1,1e-05
519663,1,1e-05
519670,1,1e-05
519785,1,1e-05
519793,1,1e-05
519805,1,1e-05
519840,1,1e-05
519855,1,1e-05
519943,1,1e-05
519981,1,1e-05
520063,1,1e-05
520127,1,1e-05
520230,1,1e-05
520272,1,1e-05
520447,1,1e-05
520473,1,1e-05
520492,1,1e-05
520585,1,1e-05
520607,1,1e-05
520685,1,1e-05
520732,1,1e-05
520865,1,1e-05
520932,1,1e-05
520937,1,1e-05
520971,1,1e-05
520973,1,1e-05
520989,1,1e-05
521015,1,1e-05
521059,1,1e-05
521071,1,1e-05
521119,1,1e-05
521172,1,1e-05
521189,1,1e-05
521258,1,1e-05
521317,1,1e-05
521394,1,1e-05
521404,1,1e-05
521440,1,1e-05
521608,1,1e-05
521668,1,1e-05
521669,1,1e-05
521696,1,1e-05
521815,1,1e-05
521824,1,1e-05
521884,1,1e-05
521886,1,1e-05
521894,1,1e-05
521929,1,1e-05
522010,1,1e-05
522049,1,1e-05
522169,1,1e-05
522209,1,1e-05
522272,1,1e-05
522299,1,1e-05
522304,1,1e-05
522332,1,1e-05
522491,1,1e-05
522600,1,1e-05
522627,1,1e-05
522635,1,1e-05
522804,1,1e-05
522833,1,1e-05
522856,1,1e-05
522873,1,1e-05
522894,1,1e-05
522948,1,1e-05
522958,1,1e-05
523050,1,1e-05
523064,1,1e-05
523068,1,1e-05
523090,1,1e-05
523226,1,1e-05
523339,1,1e-05
523405,1,1e-05
523420,1,1e-05
523427,1,1e-05
523460,1,1e-05
523601,1,1e-05
523613,1,1e-05
523624,1,1e-05
523628,1,1e-05
523649,1,1e-05
523706,1,1e-05
523713,1,1e-05
523777,1,1e-05
523783,1,1e-05
523838,1,1e-05
523859,1,1e-05
523862,1,1e-05
523874,1,1e-05
523904,1,1e-05
523933,1,1e-05
523954,1,1e-05
523979,1,1e-05
524013,1,1e-05
524036,1,1e-05
524058,1,1e-05
524067,1,1e-05
524075,1,1e-05
524079,1,1e-05
524108,1,1e-05
524112,1,1e-05
524121,1,1e-05
524154,1,1e-05
524263,1,1e-05
524281,1,1e-05
524336,1,1e-05
524408,1,1e-05
524497,1,1e-05
524516,1,1e-05
524538,1,1e-05
524649,1,1e-05
524663,1,1e-05
524685,1,1e-05
524728,1,1e-05
524752,1,1e-05
524789,1,1e-05
524813,1,1e-05
524831,1,1e-05
524844,1,1e-05
524929,1,1e-05
525017,1,1e-05
525094,1,1e-05
525116,1,1e-05
525119,1,1e-05
525142,1,1e-05
525179,1,1e-05
525206,1,1e-05
525210,1,1e-05
525214,1,1e-05
525222,1,1e-05
525239,1,1e-05
525245,1,1e-05
525288,1,1e-05
525298,1,1e-05
525313,1,1e-05
525318,1,1e-05
525382,1,1e-05
525484,1,1e-05
525514,1,1e-05
525612,1,1e-05
525669,1,1e-05
525738,1,1e-05
525756,1,1e-05
525786,1,1e-05
525893,1,1e-05
525902,1,1e-05
525909,1,1e-05
525917,1,1e-05
525986,1,1e-05
525989,1,1e-05
526019,1,1e-05
526024,1,1e-05
526062,1,1e-05
526100,1,1e-05
526138,1,1e-05
526196,1,1e-05
526218,1,1e-05
526251,1,1e-05
526259,1,1e-05
526373,1,1e-05
526378,1,1e-05
526391,1,1e-05
526426,1,1e-05
526435,1,1e-05
526465,1,1e-05
526482,1,1e-05
526496,1,1e-05
526506,1,1e-05
526573,1,1e-05
526611,1,1e-05
526614,1,1e-05
526625,1,1e-05
526909,1,1e-05
527072,1,1e-05
527108,1,1e-05
527148,1,1e-05
527217,1,1e-05
527238,1,1e-05
527369,1,1e-05
527468,1,1e-05
527472,1,1e-05
527536,1,1e-05
527537,1,1e-05
527624,1,1e-05
527658,1,1e-05
527689,1,1e-05
527714,1,1e-05
527761,1,1e-05
527767,1,1e-05
527800,1,1e-05
527841,1,1e-05
527900,1,1e-05
527939,1,1e-05
528060,1,1e-05
528102,1,1e-05
528114,1,1e-05
528143,1,1e-05
528219,1,1e-05
528241,1,1e-05
528250,1,1e-05
528316,1,1e-05
528341,1,1e-05
528345,1,1e-05
528486,1,1e-05
528503,1,1e-05
528519,1,1e-05
528690,1,1e-05
528700,1,1e-05
528704,1,1e-05
528711,1,1e-05
528829,1,1e-05
528836,1,1e-05
528842,1,1e-05
528866,1,1e-05
528904,1,1e-05
528981,1,1e-05
529054,1,1e-05
529082,1,1e-05
529115,1,1e-05
529117,1,1e-05
529147,1,1e-05
529152,1,1e-05
529196,1,1e-05
529241,1,1e-05
529244,1,1e-05
529369,1,1e-05
529413,1,1e-05
529457,1,1e-05
529462,1,1e-05
529484,1,1e-05
529547,1,1e-05
529551,1,1e-05
529556,1,1e-05
529565,1,1e-05
529583,1,1e-05
529637,1,1e-05
529645,1,1e-05
529661,1,1e-05
529663,1,1e-05
529739,1,1e-05
529761,1,1e-05
529774,1,1e-05
529913,1,1e-05
529990,1,1e-05
529991,1,1e-05
529996,1,1e-05
530093,1,1e-05
530154,1,1e-05
530176,1,1e-05
530234,1,1e-05
530238,1,1e-05
530306,1,1e-05
530353,1,1e-05
530371,1,1e-05
530392,1,1e-05
530540,1,1e-05
530565,1,1e-05
530670,1,1e-05
530822,1,1e-05
530837,1,1e-05
530855,1,1e-05
530868,1,1e-05
531035,1,1e-05
531180,1,1e-05
531183,1,1e-05
531198,1,1e-05
531246,1,1e-05
531259,1,1e-05
531363,1,1e-05
531395,1,1e-05
531401,1,1e-05
531462,1,1e-05
531604,1,1e-05
531633,1,1e-05
531648,1,1e-05
531697,1,1e-05
531721,1,1e-05
531835,1,1e-05
531839,1,1e-05
531907,1,1e-05
531912,1,1e-05
531918,1,1e-05
531956,1,1e-05
531972,1,1e-05
532064,1,1e-05
532099,1,1e-05
532151,1,1e-05
532167,1,1e-05
532207,1,1e-05
532216,1,1e-05
532266,1,1e-05
532316,1,1e-05
532323,1,1e-05
532345,1,1e-05
532455,1,1e-05
532518,1,1e-05
532522,1,1e-05
532596,1,1e-05
532601,1,1e-05
532616,1,1e-05
532617,1,1e-05
532622,1,1e-05
532629,1,1e-05
532668,1,1e-05
532680,1,1e-05
532765,1,1e-05
532793,1,1e-05
532835,1,1e-05
532837,1,1e-05
532863,1,1e-05
532888,1,1e-05
532904,1,1e-05
532936,1,1e-05
532944,1,1e-05
533002,1,1e-05
533019,1,1e-05
533052,1,1e-05
533112,1,1e-05
533116,1,1e-05
533134,1,1e-05
533144,1,1e-05
533153,1,1e-05
533332,1,1e-05
533349,1,1e-05
533388,1,1e-05
533489,1,1e-05
533503,1,1e-05
533778,1,1e-05
533791,1,1e-05
533879,1,1e-05
533881,1,1e-05
533884,1,1e-05
533982,1,1e-05
534197,1,1e-05
534285,1,1e-05
534299,1,1e-05
534449,1,1e-05
534465,1,1e-05
534523,1,1e-05
534634,1,1e-05
534670,1,1e-05
534678,1,1e-05
534680,1,1e-05
534772,1,1e-05
534819,1,1e-05
534824,1,1e-05
534861,1,1e-05
534882,1,1e-05
534931,1,1e-05
534933,1,1e-05
534939,1,1e-05
534981,1,1e-05
534982,1,1e-05
535015,1,1e-05
535076,1,1e-05
535101,1,1e-05
535271,1,1e-05
535292,1,1e-05
535338,1,1e-05
535348,1,1e-05
535442,1,1e-05
535448,1,1e-05
535531,1,1e-05
535535,1,1e-05
535567,1,1e-05
535725,1,1e-05
535780,1,1e-05
535867,1,1e-05
535902,1,1e-05
536006,1,1e-05
536048,1,1e-05
536083,1,1e-05
536107,1,1e-05
536117,1,1e-05
536125,1,1e-05
536176,1,1e-05
536263,1,1e-05
536332,1,1e-05
536343,1,1e-05
536501,1,1e-05
536547,1,1e-05
536588,1,1e-05
536749,1,1e-05
536806,1,1e-05
536811,1,1e-05
536864,1,1e-05
536935,1,1e-05
536987,1,1e-05
536991,1,1e-05
537046,1,1e-05
537137,1,1e-05
537143,1,1e-05
537153,1,1e-05
537181,1,1e-05
537261,1,1e-05
537272,1,1e-05
537297,1,1e-05
537386,1,1e-05
537393,1,1e-05
537403,1,1e-05
537426,1,1e-05
537492,1,1e-05
537519,1,1e-05
537555,1,1e-05
537777,1,1e-05
537791,1,1e-05
537824,1,1e-05
537932,1,1e-05
537947,1,1e-05
538020,1,1e-05
538113,1,1e-05
538115,1,1e-05
538197,1,1e-05
538215,1,1e-05
538236,1,1e-05
538267,1,1e-05
538271,1,1e-05
538291,1,1e-05
538316,1,1e-05
538354,1,1e-05
538452,1,1e-05
538504,1,1e-05
538545,1,1e-05
538627,1,1e-05
538757,1,1e-05
538799,1,1e-05
538833,1,1e-05
538877,1,1e-05
538878,1,1e-05
538889,1,1e-05
538897,1,1e-05
538925,1,1e-05
539058,1,1e-05
539131,1,1e-05
539139,1,1e-05
539159,1,1e-05
539172,1,1e-05
539303,1,1e-05
539309,1,1e-05
539388,1,1e-05
539403,1,1e-05
539456,1,1e-05
539588,1,1e-05
539640,1,1e-05
539650,1,1e-05
539704,1,1e-05
539759,1,1e-05
539782,1,1e-05
539846,1,1e-05
539969,1,1e-05
540030,1,1e-05
540085,1,1e-05
540132,1,1e-05
540147,1,1e-05
540209,1,1e-05
540310,1,1e-05
540403,1,1e-05
540418,1,1e-05
540451,1,1e-05
540453,1,1e-05
540454,1,1e-05
540483,1,1e-05
540531,1,1e-05
540671,1,1e-05
540744,1,1e-05
540773,1,1e-05
540796,1,1e-05
540803,1,1e-05
540811,1,1e-05
540956,1,1e-05
540969,1,1e-05
540994,1,1e-05
541012,1,1e-05
541053,1,1e-05
541105,1,1e-05
541119,1,1e-05
541146,1,1e-05
541148,1,1e-05
541199,1,1e-05
541209,1,1e-05
541229,1,1e-05
541270,1,1e-05
541381,1,1e-05
541510,1,1e-05
541593,1,1e-05
541609,1,1e-05
541653,1,1e-05
541760,1,1e-05
541775,1,1e-05
541790,1,1e-05
541862,1,1e-05
541868,1,1e-05
541905,1,1e-05
541916,1,1e-05
541921,1,1e-05
541940,1,1e-05
542062,1,1e-05
542069,1,1e-05
542126,1,1e-05
542157,1,1e-05
542159,1,1e-05
542170,1,1e-05
542393,1,1e-05
542551,1,1e-05
542586,1,1e-05
542596,1,1e-05
542600,1,1e-05
542663,1,1e-05
542694,1,1e-05
542727,1,1e-05
542783,1,1e-05
542788,1,1e-05
542814,1,1e-05
542827,1,1e-05
542855,1,1e-05
542873,1,1e-05
542895,1,1e-05
542922,1,1e-05
542986,1,1e-05
543051,1,1e-05
543059,1,1e-05
543060,1,1e-05
543131,1,1e-05
543155,1,1e-05
543244,1,1e-05
543269,1,1e-05
543586,1,1e-05
543597,1,1e-05
543688,1,1e-05
543724,1,1e-05
543816,1,1e-05
543869,1,1e-05
543876,1,1e-05
543904,1,1e-05
543954,1,1e-05
543977,1,1e-05
543985,1,1e-05
544048,1,1e-05
544094,1,1e-05
544097,1,1e-05
544101,1,1e-05
544153,1,1e-05
544172,1,1e-05
544197,1,1e-05
544221,1,1e-05
544247,1,1e-05
544312,1,1e-05
544315,1,1e-05
544327,1,1e-05
544485,1,1e-05
544559,1,1e-05
544563,1,1e-05
544595,1,1e-05
544609,1,1e-05
544623,1,1e-05
544675,1,1e-05
544700,1,1e-05
544861,1,1e-05
544866,1,1e-05
544932,1,1e-05
545007,1,1e-05
545015,1,1e-05
545050,1,1e-05
545088,1,1e-05
545241,1,1e-05
545246,1,1e-05
545259,1,1e-05
545620,1,1e-05
545625,1,1e-05
545743,1,1e-05
545769,1,1e-05
545873,1,1e-05
545899,1,1e-05
545921,1,1e-05
545925,1,1e-05
545954,1,1e-05
546044,1,1e-05
546081,1,1e-05
546126,1,1e-05
546167,1,1e-05
546188,1,1e-05
546223,1,1e-05
546258,1,1e-05
546271,1,1e-05
546302,1,1e-05
546329,1,1e-05
546346,1,1e-05
546366,1,1e-05
546426,1,1e-05
546481,1,1e-05
546523,1,1e-05
546534,1,1e-05
546535,1,1e-05
546571,1,1e-05
546616,1,1e-05
546622,1,1e-05
546654,1,1e-05
546797,1,1e-05
546802,1,1e-05
546829,1,1e-05
546953,1,1e-05
547012,1,1e-05
547033,1,1e-05
547098,1,1e-05
547152,1,1e-05
547232,1,1e-05
547253,1,1e-05
547254,1,1e-05
547274,1,1e-05
547354,1,1e-05
547406,1,1e-05
547427,1,1e-05
547573,1,1e-05
547611,1,1e-05
547622,1,1e-05
547816,1,1e-05
547896,1,1e-05
548001,1,1e-05
548048,1,1e-05
548109,1,1e-05
548122,1,1e-05
548140,1,1e-05
548297,1,1e-05
548401,1,1e-05
548418,1,1e-05
548440,1,1e-05
548458,1,1e-05
548499,1,1e-05
548501,1,1e-05
548676,1,1e-05
548702,1,1e-05
548736,1,1e-05
548773,1,1e-05
548799,1,1e-05
548826,1,1e-05
548830,1,1e-05
548931,1,1e-05
549045,1,1e-05
549100,1,1e-05
549140,1,1e-05
549186,1,1e-05
549300,1,1e-05
549303,1,1e-05
549429,1,1e-05
549448,1,1e-05
549471,1,1e-05
549525,1,1e-05
549592,1,1e-05
549593,1,1e-05
549602,1,1e-05
549610,1,1e-05
549622,1,1e-05
549659,1,1e-05
549713,1,1e-05
549745,1,1e-05
549760,1,1e-05
549762,1,1e-05
549970,1,1e-05
549979,1,1e-05
550049,1,1e-05
550057,1,1e-05
550144,1,1e-05
550165,1,1e-05
550174,1,1e-05
550209,1,1e-05
550269,1,1e-05
550395,1,1e-05
550493,1,1e-05
550502,1,1e-05
550521,1,1e-05
550650,1,1e-05
550672,1,1e-05
550674,1,1e-05
550738,1,1e-05
550784,1,1e-05
550790,1,1e-05
550816,1,1e-05
550818,1,1e-05
550821,1,1e-05
550845,1,1e-05
550846,1,1e-05
550880,1,1e-05
550901,1,1e-05
550996,1,1e-05
551007,1,1e-05
551015,1,1e-05
551059,1,1e-05
551278,1,1e-05
551294,1,1e-05
551315,1,1e-05
551350,1,1e-05
551428,1,1e-05
551482,1,1e-05
551560,1,1e-05
551604,1,1e-05
551621,1,1e-05
551701,1,1e-05
551737,1,1e-05
551830,1,1e-05
551872,1,1e-05
551885,1,1e-05
551909,1,1e-05
551956,1,1e-05
551967,1,1e-05
552015,1,1e-05
552026,1,1e-05
552035,1,1e-05
552077,1,1e-05
552085,1,1e-05
552116,1,1e-05
552162,1,1e-05
552171,1,1e-05
552222,1,1e-05
552237,1,1e-05
552309,1,1e-05
552345,1,1e-05
552388,1,1e-05
552482,1,1e-05
552485,1,1e-05
552521,1,1e-05
552582,1,1e-05
552609,1,1e-05
552642,1,1e-05
552645,1,1e-05
552658,1,1e-05
552699,1,1e-05
552723,1,1e-05
552748,1,1e-05
552762,1,1e-05
552787,1,1e-05
552793,1,1e-05
552868,1,1e-05
552891,1,1e-05
552894,1,1e-05
552895,1,1e-05
552914,1,1e-05
553002,1,1e-05
553041,1,1e-05
553069,1,1e-05
553147,1,1e-05
553245,1,1e-05
553277,1,1e-05
553327,1,1e-05
553344,1,1e-05
553357,1,1e-05
553392,1,1e-05
553528,1,1e-05
553562,1,1e-05
553584,1,1e-05
553618,1,1e-05
553633,1,1e-05
553647,1,1e-05
553677,1,1e-05
553683,1,1e-05
553747,1,1e-05
553749,1,1e-05
553835,1,1e-05
553878,1,1e-05
553952,1,1e-05
553999,1,1e-05
554027,1,1e-05
554183,1,1e-05
554231,1,1e-05
554295,1,1e-05
554347,1,1e-05
554349,1,1e-05
554395,1,1e-05
554403,1,1e-05
554450,1,1e-05
554550,1,1e-05
554576,1,1e-05
554586,1,1e-05
554589,1,1e-05
554610,1,1e-05
554622,1,1e-05
554623,1,1e-05
554640,1,1e-05
554693,1,1e-05
554698,1,1e-05
554739,1,1e-05
554797,1,1e-05
554804,1,1e-05
554834,1,1e-05
554886,1,1e-05
554893,1,1e-05
554934,1,1e-05
555037,1,1e-05
555062,1,1e-05
555099,1,1e-05
555184,1,1e-05
555187,1,1e-05
555210,1,1e-05
555238,1,1e-05
555434,1,1e-05
555529,1,1e-05
555641,1,1e-05
555699,1,1e-05
555813,1,1e-05
555819,1,1e-05
555837,1,1e-05
555903,1,1e-05
555965,1,1e-05
556026,1,1e-05
556117,1,1e-05
556175,1,1e-05
556177,1,1e-05
556252,1,1e-05
556266,1,1e-05
556280,1,1e-05
556378,1,1e-05
556402,1,1e-05
556406,1,1e-05
556462,1,1e-05
556594,1,1e-05
556619,1,1e-05
556652,1,1e-05
556754,1,1e-05
556824,1,1e-05
556851,1,1e-05
557010,1,1e-05
557096,1,1e-05
557105,1,1e-05
557146,1,1e-05
557233,1,1e-05
557240,1,1e-05
557276,1,1e-05
557288,1,1e-05
557295,1,1e-05
557325,1,1e-05
557381,1,1e-05
557384,1,1e-05
557522,1,1e-05
557664,1,1e-05
557709,1,1e-05
557827,1,1e-05
557860,1,1e-05
557987,1,1e-05
557989,1,1e-05
558095,1,1e-05
558151,1,1e-05
558155,1,1e-05
558314,1,1e-05
558346,1,1e-05
558369,1,1e-05
558465,1,1e-05
558478,1,1e-05
558532,1,1e-05
558582,1,1e-05
558596,1,1e-05
558618,1,1e-05
558648,1,1e-05
558755,1,1e-05
558827,1,1e-05
558889,1,1e-05
558925,1,1e-05
558956,1,1e-05
559102,1,1e-05
559104,1,1e-05
559239,1,1e-05
559378,1,1e-05
559380,1,1e-05
559436,1,1e-05
559488,1,1e-05
559529,1,1e-05
559569,1,1e-05
559589,1,1e-05
559633,1,1e-05
559683,1,1e-05
559723,1,1e-05
559745,1,1e-05
559808,1,1e-05
559816,1,1e-05
559886,1,1e-05
559899,1,1e-05
559905,1,1e-05
559922,1,1e-05
559960,1,1e-05
559987,1,1e-05
560077,1,1e-05
560082,1,1e-05
560095,1,1e-05
560118,1,1e-05
560227,1,1e-05
560231,1,1e-05
560239,1,1e-05
560289,1,1e-05
560341,1,1e-05
560381,1,1e-05
560497,1,1e-05
560567,1,1e-05
560818,1,1e-05
560833,1,1e-05
560885,1,1e-05
560935,1,1e-05
561011,1,1e-05
561029,1,1e-05
561050,1,1e-05
561066,1,1e-05
561080,1,1e-05
561089,1,1e-05
561093,1,1e-05
561108,1,1e-05
561113,1,1e-05
561126,1,1e-05
561152,1,1e-05
561186,1,1e-05
561324,1,1e-05
561445,1,1e-05
561606,1,1e-05
561635,1,1e-05
561767,1,1e-05
561769,1,1e-05
561776,1,1e-05
561862,1,1e-05
561907,1,1e-05
561933,1,1e-05
561952,1,1e-05
562047,1,1e-05
562078,1,1e-05
562092,1,1e-05
562095,1,1e-05
562111,1,1e-05
562167,1,1e-05
562187,1,1e-05
562327,1,1e-05
562372,1,1e-05
562404,1,1e-05
562470,1,1e-05
562504,1,1e-05
562518,1,1e-05
562565,1,1e-05
562697,1,1e-05
562731,1,1e-05
562795,1,1e-05
562799,1,1e-05
562988,1,1e-05
563044,1,1e-05
563051,1,1e-05
563061,1,1e-05
563131,1,1e-05
563132,1,1e-05
563153,1,1e-05
563181,1,1e-05
563217,1,1e-05
563323,1,1e-05
563338,1,1e-05
563369,1,1e-05
563414,1,1e-05
563443,1,1e-05
563458,1,1e-05
563475,1,1e-05
563535,1,1e-05
563646,1,1e-05
563661,1,1e-05
563667,1,1e-05
563670,1,1e-05
563688,1,1e-05
563697,1,1e-05
563747,1,1e-05
563751,1,1e-05
563804,1,1e-05
563873,1,1e-05
563977,1,1e-05
564182,1,1e-05
564190,1,1e-05
564221,1,1e-05
564231,1,1e-05
564359,1,1e-05
564365,1,1e-05
564445,1,1e-05
564538,1,1e-05
564618,1,1e-05
564624,1,1e-05
564744,1,1e-05
564819,1,1e-05
564828,1,1e-05
564887,1,1e-05
564903,1,1e-05
564939,1,1e-05
564940,1,1e-05
564946,1,1e-05
564969,1,1e-05
564985,1,1e-05
565073,1,1e-05
565133,1,1e-05
565163,1,1e-05
565208,1,1e-05
565300,1,1e-05
565329,1,1e-05
565348,1,1e-05
565412,1,1e-05
565482,1,1e-05
565559,1,1e-05
565609,1,1e-05
565627,1,1e-05
565638,1,1e-05
565640,1,1e-05
565658,1,1e-05
565774,1,1e-05
565778,1,1e-05
565834,1,1e-05
565867,1,1e-05
565934,1,1e-05
565964,1,1e-05
566050,1,1e-05
566076,1,1e-05
566079,1,1e-05
566096,1,1e-05
566111,1,1e-05
566170,1,1e-05
566275,1,1e-05
566294,1,1e-05
566408,1,1e-05
566456,1,1e-05
566488,1,1e-05
566516,1,1e-05
566532,1,1e-05
566552,1,1e-05
566611,1,1e-05
566630,1,1e-05
566644,1,1e-05
566650,1,1e-05
566769,1,1e-05
566770,1,1e-05
566836,1,1e-05
566843,1,1e-05
566848,1,1e-05
566883,1,1e-05
566930,1,1e-05
567081,1,1e-05
567204,1,1e-05
567233,1,1e-05
567253,1,1e-05
567265,1,1e-05
567300,1,1e-05
567328,1,1e-05
567469,1,1e-05
567542,1,1e-05
567544,1,1e-05
567566,1,1e-05
567659,1,1e-05
567700,1,1e-05
567721,1,1e-05
567735,1,1e-05
567786,1,1e-05
567802,1,1e-05
567859,1,1e-05
567860,1,1e-05
567871,1,1e-05
567875,1,1e-05
567895,1,1e-05
567915,1,1e-05
567965,1,1e-05
568086,1,1e-05
568104,1,1e-05
568136,1,1e-05
568232,1,1e-05
568294,1,1e-05
568296,1,1e-05
568300,1,1e-05
568309,1,1e-05
568350,1,1e-05
568403,1,1e-05
568449,1,1e-05
568518,1,1e-05
568615,1,1e-05
568675,1,1e-05
568739,1,1e-05
568747,1,1e-05
568753,1,1e-05
568756,1,1e-05
568769,1,1e-05
568816,1,1e-05
568851,1,1e-05
568966,1,1e-05
569040,1,1e-05
569044,1,1e-05
569067,1,1e-05
569215,1,1e-05
569216,1,1e-05
569248,1,1e-05
569288,1,1e-05
569314,1,1e-05
569346,1,1e-05
569381,1,1e-05
569384,1,1e-05
569407,1,1e-05
569419,1,1e-05
569497,1,1e-05
569499,1,1e-05
569501,1,1e-05
569552,1,1e-05
569558,1,1e-05
569698,1,1e-05
569714,1,1e-05
569718,1,1e-05
569751,1,1e-05
569764,1,1e-05
569801,1,1e-05
569869,1,1e-05
569892,1,1e-05
569902,1,1e-05
569933,1,1e-05
569944,1,1e-05
569983,1,1e-05
570062,1,1e-05
570079,1,1e-05
570145,1,1e-05
570249,1,1e-05
570358,1,1e-05
570501,1,1e-05
570615,1,1e-05
570628,1,1e-05
570635,1,1e-05
570743,1,1e-05
570796,1,1e-05
570808,1,1e-05
570818,1,1e-05
570851,1,1e-05
570889,1,1e-05
570897,1,1e-05
570911,1,1e-05
570967,1,1e-05
570994,1,1e-05
571044,1,1e-05
571080,1,1e-05
571161,1,1e-05
571239,1,1e-05
571415,1,1e-05
571446,1,1e-05
571692,1,1e-05
571724,1,1e-05
571769,1,1e-05
571793,1,1e-05
571805,1,1e-05
571821,1,1e-05
571913,1,1e-05
571926,1,1e-05
571938,1,1e-05
571955,1,1e-05
572010,1,1e-05
572057,1,1e-05
572075,1,1e-05
572144,1,1e-05
572339,1,1e-05
572391,1,1e-05
572450,1,1e-05
572511,1,1e-05
572562,1,1e-05
572588,1,1e-05
572711,1,1e-05
572713,1,1e-05
572741,1,1e-05
572841,1,1e-05
572868,1,1e-05
572875,1,1e-05
572928,1,1e-05
573032,1,1e-05
573046,1,1e-05
573070,1,1e-05
573146,1,1e-05
573191,1,1e-05
573242,1,1e-05
573304,1,1e-05
573329,1,1e-05
573385,1,1e-05
573406,1,1e-05
573457,1,1e-05
573519,1,1e-05
573552,1,1e-05
573580,1,1e-05
573635,1,1e-05
573755,1,1e-05
573819,1,1e-05
573917,1,1e-05
574032,1,1e-05
574064,1,1e-05
574075,1,1e-05
574090,1,1e-05
574137,1,1e-05
574182,1,1e-05
574234,1,1e-05
574414,1,1e-05
574424,1,1e-05
574485,1,1e-05
574559,1,1e-05
574567,1,1e-05
574590,1,1e-05
574599,1,1e-05
574629,1,1e-05
574693,1,1e-05
574723,1,1e-05
574769,1,1e-05
574823,1,1e-05
574860,1,1e-05
574867,1,1e-05
574927,1,1e-05
574974,1,1e-05
575046,1,1e-05
575107,1,1e-05
575148,1,1e-05
575163,1,1e-05
575191,1,1e-05
575198,1,1e-05
575304,1,1e-05
575319,1,1e-05
575601,1,1e-05
575648,1,1e-05
575991,1,1e-05
576027,1,1e-05
576063,1,1e-05
576095,1,1e-05
576137,1,1e-05
576153,1,1e-05
576163,1,1e-05
576270,1,1e-05
576289,1,1e-05
576358,1,1e-05
576397,1,1e-05
576503,1,1e-05
576542,1,1e-05
576548,1,1e-05
576558,1,1e-05
576569,1,1e-05
576644,1,1e-05
576680,1,1e-05
576790,1,1e-05
576818,1,1e-05
576825,1,1e-05
577074,1,1e-05
577091,1,1e-05
577122,1,1e-05
577252,1,1e-05
577263,1,1e-05
577277,1,1e-05
577347,1,1e-05
577392,1,1e-05
577401,1,1e-05
577439,1,1e-05
577444,1,1e-05
577482,1,1e-05
577508,1,1e-05
577526,1,1e-05
577566,1,1e-05
577582,1,1e-05
577602,1,1e-05
577704,1,1e-05
577719,1,1e-05
577744,1,1e-05
577750,1,1e-05
577843,1,1e-05
578003,1,1e-05
578026,1,1e-05
578097,1,1e-05
578116,1,1e-05
578169,1,1e-05
578235,1,1e-05
578260,1,1e-05
578290,1,1e-05
578388,1,1e-05
578443,1,1e-05
578457,1,1e-05
578518,1,1e-05
578572,1,1e-05
578632,1,1e-05
578636,1,1e-05
578638,1,1e-05
578661,1,1e-05
578676,1,1e-05
578741,1,1e-05
578879,1,1e-05
578896,1,1e-05
578897,1,1e-05
578927,1,1e-05
578940,1,1e-05
578981,1,1e-05
578988,1,1e-05
578995,1,1e-05
579067,1,1e-05
579080,1,1e-05
579095,1,1e-05
579224,1,1e-05
579303,1,1e-05
579306,1,1e-05
579383,1,1e-05
579579,1,1e-05
579605,1,1e-05
579647,1,1e-05
579651,1,1e-05
579716,1,1e-05
579809,1,1e-05
579825,1,1e-05
579893,1,1e-05
580008,1,1e-05
580061,1,1e-05
580080,1,1e-05
580100,1,1e-05
580170,1,1e-05
580172,1,1e-05
580205,1,1e-05
580210,1,1e-05
580238,1,1e-05
580271,1,1e-05
580333,1,1e-05
580366,1,1e-05
580470,1,1e-05
580554,1,1e-05
580579,1,1e-05
580580,1,1e-05
580605,1,1e-05
580687,1,1e-05
580774,1,1e-05
580911,1,1e-05
581018,1,1e-05
581039,1,1e-05
581046,1,1e-05
581132,1,1e-05
581140,1,1e-05
581193,1,1e-05
581242,1,1e-05
581279,1,1e-05
581355,1,1e-05
581406,1,1e-05
581419,1,1e-05
581456,1,1e-05
581478,1,1e-05
581526,1,1e-05
581584,1,1e-05
581617,1,1e-05
581697,1,1e-05
581698,1,1e-05
581738,1,1e-05
581754,1,1e-05
581793,1,1e-05
581815,1,1e-05
581862,1,1e-05
581872,1,1e-05
581955,1,1e-05
582044,1,1e-05
582103,1,1e-05
582145,1,1e-05
582217,1,1e-05
582274,1,1e-05
582355,1,1e-05
582516,1,1e-05
582534,1,1e-05
582625,1,1e-05
582627,1,1e-05
582698,1,1e-05
582819,1,1e-05
582849,1,1e-05
582853,1,1e-05
582959,1,1e-05
583069,1,1e-05
583140,1,1e-05
583141,1,1e-05
583166,1,1e-05
583175,1,1e-05
583240,1,1e-05
583258,1,1e-05
583334,1,1e-05
583336,1,1e-05
583339,1,1e-05
583392,1,1e-05
583397,1,1e-05
583533,1,1e-05
583541,1,1e-05
583558,1,1e-05
583614,1,1e-05
583640,1,1e-05
583694,1,1e-05
583704,1,1e-05
583715,1,1e-05
583724,1,1e-05
583739,1,1e-05
583797,1,1e-05
583864,1,1e-05
583917,1,1e-05
583975,1,1e-05
583996,1,1e-05
584043,1,1e-05
584171,1,1e-05
584175,1,1e-05
584191,1,1e-05
584245,1,1e-05
584257,1,1e-05
584301,1,1e-05
584332,1,1e-05
584357,1,1e-05
584385,1,1e-05
584458,1,1e-05
584480,1,1e-05
584483,1,1e-05
584526,1,1e-05
584541,1,1e-05
584675,1,1e-05
584711,1,1e-05
584744,1,1e-05
584749,1,1e-05
584796,1,1e-05
584807,1,1e-05
584809,1,1e-05
584823,1,1e-05
584937,1,1e-05
585040,1,1e-05
585092,1,1e-05
585174,1,1e-05
585231,1,1e-05
585324,1,1e-05
585365,1,1e-05
585522,1,1e-05
585595,1,1e-05
585600,1,1e-05
585606,1,1e-05
585670,1,1e-05
585740,1,1e-05
585761,1,1e-05
585778,1,1e-05
585792,1,1e-05
585796,1,1e-05
585803,1,1e-05
585818,1,1e-05
585820,1,1e-05
585823,1,1e-05
585879,1,1e-05
586141,1,1e-05
586182,1,1e-05
586312,1,1e-05
586437,1,1e-05
586470,1,1e-05
586473,1,1e-05
586535,1,1e-05
586625,1,1e-05
586627,1,1e-05
586705,1,1e-05
586723,1,1e-05
586742,1,1e-05
586749,1,1e-05
586838,1,1e-05
586860,1,1e-05
586865,1,1e-05
586932,1,1e-05
587078,1,1e-05
587095,1,1e-05
587115,1,1e-05
587150,1,1e-05
587294,1,1e-05
587306,1,1e-05
587350,1,1e-05
587413,1,1e-05
587434,1,1e-05
587469,1,1e-05
587732,1,1e-05
587766,1,1e-05
587993,1,1e-05
588032,1,1e-05
588043,1,1e-05
588079,1,1e-05
588098,1,1e-05
588240,1,1e-05
588247,1,1e-05
588310,1,1e-05
588350,1,1e-05
588368,1,1e-05
588442,1,1e-05
588544,1,1e-05
588563,1,1e-05
588566,1,1e-05
588625,1,1e-05
588628,1,1e-05
588678,1,1e-05
588729,1,1e-05
588922,1,1e-05
589063,1,1e-05
589083,1,1e-05
589275,1,1e-05
589309,1,1e-05
589333,1,1e-05
589382,1,1e-05
589386,1,1e-05
589403,1,1e-05
589429,1,1e-05
589484,1,1e-05
589488,1,1e-05
589593,1,1e-05
589608,1,1e-05
589744,1,1e-05
589776,1,1e-05
589810,1,1e-05
589883,1,1e-05
589960,1,1e-05
590016,1,1e-05
590136,1,1e-05
590144,1,1e-05
590160,1,1e-05
590173,1,1e-05
590180,1,1e-05
590265,1,1e-05
590310,1,1e-05
590344,1,1e-05
590438,1,1e-05
590501,1,1e-05
590660,1,1e-05
590677,1,1e-05
590698,1,1e-05
590733,1,1e-05
590781,1,1e-05
590782,1,1e-05
590813,1,1e-05
590882,1,1e-05
590941,1,1e-05
590953,1,1e-05
590958,1,1e-05
590984,1,1e-05
591034,1,1e-05
591123,1,1e-05
591166,1,1e-05
591199,1,1e-05
591246,1,1e-05
591329,1,1e-05
591474,1,1e-05
591589,1,1e-05
591641,1,1e-05
591642,1,1e-05
591722,1,1e-05
591780,1,1e-05
591786,1,1e-05
591808,1,1e-05
591845,1,1e-05
591953,1,1e-05
591979,1,1e-05
592062,1,1e-05
592067,1,1e-05
592079,1,1e-05
592130,1,1e-05
592134,1,1e-05
592181,1,1e-05
592232,1,1e-05
592523,1,1e-05
592577,1,1e-05
592687,1,1e-05
592690,1,1e-05
592756,1,1e-05
592799,1,1e-05
592826,1,1e-05
592867,1,1e-05
592943,1,1e-05
593041,1,1e-05
593151,1,1e-05
593231,1,1e-05
593259,1,1e-05
593299,1,1e-05
593378,1,1e-05
593394,1,1e-05
593449,1,1e-05
593468,1,1e-05
593492,1,1e-05
593509,1,1e-05
593523,1,1e-05
593563,1,1e-05
593595,1,1e-05
593704,1,1e-05
593786,1,1e-05
593817,1,1e-05
593906,1,1e-05
593916,1,1e-05
593925,1,1e-05
593954,1,1e-05
594103,1,1e-05
594153,1,1e-05
594216,1,1e-05
594304,1,1e-05
594315,1,1e-05
594320,1,1e-05
594376,1,1e-05
594397,1,1e-05
594447,1,1e-05
594488,1,1e-05
594509,1,1e-05
594538,1,1e-05
594571,1,1e-05
594633,1,1e-05
594666,1,1e-05
594723,1,1e-05
594725,1,1e-05
594731,1,1e-05
594776,1,1e-05
594802,1,1e-05
594806,1,1e-05
594882,1,1e-05
594926,1,1e-05
594945,1,1e-05
595057,1,1e-05
595090,1,1e-05
595146,1,1e-05
595177,1,1e-05
595186,1,1e-05
595232,1,1e-05
595361,1,1e-05
595438,1,1e-05
595461,1,1e-05
595466,1,1e-05
595555,1,1e-05
595578,1,1e-05
595638,1,1e-05
595666,1,1e-05
595673,1,1e-05
595748,1,1e-05
595772,1,1e-05
595826,1,1e-05
595850,1,1e-05
595934,1,1e-05
595963,1,1e-05
595969,1,1e-05
595990,1,1e-05
596064,1,1e-05
596095,1,1e-05
596126,1,1e-05
596176,1,1e-05
596316,1,1e-05
596376,1,1e-05
596510,1,1e-05
596536,1,1e-05
596538,1,1e-05
596539,1,1e-05
596571,1,1e-05
596589,1,1e-05
596623,1,1e-05
596718,1,1e-05
596725,1,1e-05
596759,1,1e-05
596773,1,1e-05
596799,1,1e-05
596813,1,1e-05
596835,1,1e-05
596838,1,1e-05
596845,1,1e-05
596871,1,1e-05
596924,1,1e-05
597006,1,1e-05
597011,1,1e-05
597014,1,1e-05
597061,1,1e-05
597066,1,1e-05
597132,1,1e-05
597144,1,1e-05
597167,1,1e-05
597225,1,1e-05
597235,1,1e-05
597251,1,1e-05
597299,1,1e-05
597319,1,1e-05
597402,1,1e-05
597417,1,1e-05
597462,1,1e-05
597507,1,1e-05
597537,1,1e-05
597538,1,1e-05
597612,1,1e-05
597644,1,1e-05
597688,1,1e-05
597797,1,1e-05
597831,1,1e-05
597864,1,1e-05
597966,1,1e-05
598043,1,1e-05
598046,1,1e-05
598108,1,1e-05
598139,1,1e-05
598157,1,1e-05
598210,1,1e-05
598314,1,1e-05
598338,1,1e-05
598419,1,1e-05
598513,1,1e-05
598626,1,1e-05
598685,1,1e-05
598698,1,1e-05
598796,1,1e-05
598797,1,1e-05
598839,1,1e-05
598841,1,1e-05
598910,1,1e-05
598915,1,1e-05
598937,1,1e-05
598952,1,1e-05
598966,1,1e-05
599153,1,1e-05
599164,1,1e-05
599234,1,1e-05
599252,1,1e-05
599338,1,1e-05
599362,1,1e-05
599378,1,1e-05
599425,1,1e-05
599446,1,1e-05
599472,1,1e-05
599475,1,1e-05
599521,1,1e-05
599567,1,1e-05
599594,1,1e-05
599649,1,1e-05
599671,1,1e-05
599677,1,1e-05
599678,1,1e-05
599750,1,1e-05
599856,1,1e-05
599901,1,1e-05
600012,1,1e-05
600046,1,1e-05
600089,1,1e-05
600094,1,1e-05
600113,1,1e-05
600129,1,1e-05
600150,1,1e-05
600279,1,1e-05
600379,1,1e-05
600387,1,1e-05
600414,1,1e-05
600447,1,1e-05
600541,1,1e-05
600610,1,1e-05
600665,1,1e-05
600742,1,1e-05
600750,1,1e-05
600782,1,1e-05
601040,1,1e-05
601115,1,1e-05
601142,1,1e-05
601195,1,1e-05
601257,1,1e-05
601362,1,1e-05
601513,1,1e-05
601529,1,1e-05
601560,1,1e-05
601576,1,1e-05
601596,1,1e-05
601703,1,1e-05
601727,1,1e-05
601730,1,1e-05
601827,1,1e-05
601846,1,1e-05
601885,1,1e-05
601888,1,1e-05
601910,1,1e-05
601936,1,1e-05
602031,1,1e-05
602070,1,1e-05
602094,1,1e-05
602127,1,1e-05
602153,1,1e-05
602175,1,1e-05
602263,1,1e-05
602314,1,1e-05
602357,1,1e-05
602433,1,1e-05
602446,1,1e-05
602522,1,1e-05
602573,1,1e-05
602593,1,1e-05
602605,1,1e-05
602607,1,1e-05
602684,1,1e-05
602734,1,1e-05
602874,1,1e-05
602922,1,1e-05
603172,1,1e-05
603186,1,1e-05
603292,1,1e-05
603297,1,1e-05
603429,1,1e-05
603467,1,1e-05
603469,1,1e-05
603538,1,1e-05
603591,1,1e-05
603616,1,1e-05
603639,1,1e-05
603736,1,1e-05
603781,1,1e-05
603886,1,1e-05
603992,1,1e-05
604017,1,1e-05
604117,1,1e-05
604161,1,1e-05
604190,1,1e-05
604238,1,1e-05
604427,1,1e-05
604430,1,1e-05
604441,1,1e-05
604568,1,1e-05
604578,1,1e-05
604586,1,1e-05
604604,1,1e-05
604608,1,1e-05
604704,1,1e-05
604708,1,1e-05
604712,1,1e-05
604749,1,1e-05
604847,1,1e-05
604849,1,1e-05
604856,1,1e-05
604869,1,1e-05
604938,1,1e-05
604941,1,1e-05
605034,1,1e-05
605051,1,1e-05
605098,1,1e-05
605132,1,1e-05
605282,1,1e-05
605387,1,1e-05
605412,1,1e-05
605533,1,1e-05
605557,1,1e-05
605586,1,1e-05
605597,1,1e-05
605617,1,1e-05
605641,1,1e-05
605666,1,1e-05
605697,1,1e-05
605711,1,1e-05
605781,1,1e-05
605801,1,1e-05
605821,1,1e-05
605958,1,1e-05
605976,1,1e-05
606036,1,1e-05
606135,1,1e-05
606204,1,1e-05
606225,1,1e-05
606249,1,1e-05
606277,1,1e-05
606289,1,1e-05
606314,1,1e-05
606356,1,1e-05
606364,1,1e-05
606423,1,1e-05
606483,1,1e-05
606507,1,1e-05
606511,1,1e-05
606546,1,1e-05
606574,1,1e-05
606636,1,1e-05
606669,1,1e-05
606690,1,1e-05
606747,1,1e-05
606760,1,1e-05
606763,1,1e-05
606914,1,1e-05
606915,1,1e-05
606926,1,1e-05
606969,1,1e-05
607041,1,1e-05
607060,1,1e-05
607074,1,1e-05
607081,1,1e-05
607162,1,1e-05
607177,1,1e-05
607228,1,1e-05
607248,1,1e-05
607267,1,1e-05
607307,1,1e-05
607337,1,1e-05
607418,1,1e-05
607457,1,1e-05
607605,1,1e-05
607644,1,1e-05
607667,1,1e-05
607723,1,1e-05
607947,1,1e-05
607966,1,1e-05
607983,1,1e-05
608018,1,1e-05
608059,1,1e-05
608093,1,1e-05
608142,1,1e-05
608143,1,1e-05
608157,1,1e-05
608171,1,1e-05
608208,1,1e-05
608246,1,1e-05
608388,1,1e-05
608395,1,1e-05
608416,1,1e-05
608512,1,1e-05
608562,1,1e-05
608653,1,1e-05
608658,1,1e-05
608750,1,1e-05
608762,1,1e-05
608765,1,1e-05
608868,1,1e-05
608880,1,1e-05
608918,1,1e-05
608932,1,1e-05
608945,1,1e-05
609056,1,1e-05
609137,1,1e-05
609143,1,1e-05
609157,1,1e-05
609275,1,1e-05
609303,1,1e-05
609307,1,1e-05
609388,1,1e-05
609476,1,1e-05
609670,1,1e-05
609682,1,1e-05
609693,1,1e-05
609715,1,1e-05
609729,1,1e-05
609744,1,1e-05
609845,1,1e-05
609865,1,1e-05
609888,1,1e-05
609937,1,1e-05
609938,1,1e-05
609940,1,1e-05
610002,1,1e-05
610050,1,1e-05
610189,1,1e-05
610331,1,1e-05
610342,1,1e-05
610414,1,1e-05
610445,1,1e-05
610606,1,1e-05
610637,1,1e-05
610639,1,1e-05
610649,1,1e-05
610694,1,1e-05
610820,1,1e-05
610968,1,1e-05
610980,1,1e-05
610988,1,1e-05
611033,1,1e-05
611046,1,1e-05
611093,1,1e-05
611135,1,1e-05
611182,1,1e-05
611214,1,1e-05
611252,1,1e-05
611274,1,1e-05
611291,1,1e-05
611327,1,1e-05
611393,1,1e-05
611490,1,1e-05
611547,1,1e-05
611709,1,1e-05
611714,1,1e-05
611722,1,1e-05
611778,1,1e-05
611794,1,1e-05
611795,1,1e-05
611809,1,1e-05
611914,1,1e-05
611917,1,1e-05
611997,1,1e-05
612040,1,1e-05
612056,1,1e-05
612077,1,1e-05
612192,1,1e-05
612249,1,1e-05
612290,1,1e-05
612333,1,1e-05
612354,1,1e-05
612394,1,1e-05
612401,1,1e-05
612403,1,1e-05
612436,1,1e-05
612476,1,1e-05
612491,1,1e-05
612516,1,1e-05
612640,1,1e-05
612686,1,1e-05
612761,1,1e-05
612800,1,1e-05
612862,1,1e-05
612869,1,1e-05
612891,1,1e-05
612899,1,1e-05
612913,1,1e-05
612925,1,1e-05
612944,1,1e-05
612957,1,1e-05
613095,1,1e-05
613187,1,1e-05
613189,1,1e-05
613242,1,1e-05
613252,1,1e-05
613284,1,1e-05
613285,1,1e-05
613297,1,1e-05
613302,1,1e-05
613327,1,1e-05
613382,1,1e-05
613391,1,1e-05
613401,1,1e-05
613433,1,1e-05
613461,1,1e-05
613495,1,1e-05
613627,1,1e-05
613668,1,1e-05
613675,1,1e-05
613772,1,1e-05
613857,1,1e-05
613911,1,1e-05
613923,1,1e-05
613995,1,1e-05
614026,1,1e-05
614178,1,1e-05
614214,1,1e-05
614229,1,1e-05
614253,1,1e-05
614292,1,1e-05
614401,1,1e-05
614549,1,1e-05
614576,1,1e-05
614585,1,1e-05
614648,1,1e-05
614713,1,1e-05
614733,1,1e-05
614757,1,1e-05
614759,1,1e-05
614889,1,1e-05
615003,1,1e-05
615044,1,1e-05
615049,1,1e-05
615114,1,1e-05
615177,1,1e-05
615225,1,1e-05
615269,1,1e-05
615285,1,1e-05
615354,1,1e-05
615389,1,1e-05
615414,1,1e-05
615417,1,1e-05
615431,1,1e-05
615501,1,1e-05
615511,1,1e-05
615634,1,1e-05
615756,1,1e-05
615846,1,1e-05
615895,1,1e-05
615904,1,1e-05
615908,1,1e-05
615927,1,1e-05
615939,1,1e-05
615990,1,1e-05
615993,1,1e-05
616029,1,1e-05
616031,1,1e-05
616096,1,1e-05
616111,1,1e-05
616168,1,1e-05
616177,1,1e-05
616272,1,1e-05
616371,1,1e-05
616406,1,1e-05
616407,1,1e-05
616410,1,1e-05
616437,1,1e-05
616472,1,1e-05
616605,1,1e-05
616616,1,1e-05
616618,1,1e-05
616665,1,1e-05
616680,1,1e-05
616736,1,1e-05
616881,1,1e-05
616889,1,1e-05
617039,1,1e-05
617157,1,1e-05
617187,1,1e-05
617224,1,1e-05
617278,1,1e-05
617298,1,1e-05
617444,1,1e-05
617454,1,1e-05
617497,1,1e-05
617521,1,1e-05
617599,1,1e-05
617604,1,1e-05
617676,1,1e-05
617779,1,1e-05
617811,1,1e-05
617837,1,1e-05
617843,1,1e-05
617848,1,1e-05
617856,1,1e-05
617905,1,1e-05
617929,1,1e-05
617990,1,1e-05
617991,1,1e-05
618113,1,1e-05
618121,1,1e-05
618157,1,1e-05
618199,1,1e-05
618241,1,1e-05
618288,1,1e-05
618289,1,1e-05
618305,1,1e-05
618337,1,1e-05
618356,1,1e-05
618370,1,1e-05
618372,1,1e-05
618439,1,1e-05
618447,1,1e-05
618530,1,1e-05
618630,1,1e-05
618659,1,1e-05
618767,1,1e-05
618789,1,1e-05
618827,1,1e-05
618836,1,1e-05
618866,1,1e-05
618873,1,1e-05
618956,1,1e-05
618992,1,1e-05
619061,1,1e-05
619140,1,1e-05
619157,1,1e-05
619171,1,1e-05
619194,1,1e-05
619221,1,1e-05
619371,1,1e-05
619372,1,1e-05
619394,1,1e-05
619416,1,1e-05
619434,1,1e-05
619478,1,1e-05
619480,1,1e-05
619607,1,1e-05
619632,1,1e-05
619637,1,1e-05
619647,1,1e-05
619671,1,1e-05
619677,1,1e-05
619750,1,1e-05
619858,1,1e-05
619877,1,1e-05
619914,1,1e-05
619922,1,1e-05
619948,1,1e-05
620045,1,1e-05
620061,1,1e-05
620129,1,1e-05
620133,1,1e-05
620212,1,1e-05
620253,1,1e-05
620303,1,1e-05
620520,1,1e-05
620569,1,1e-05
620620,1,1e-05
620633,1,1e-05
620661,1,1e-05
620770,1,1e-05
620791,1,1e-05
620849,1,1e-05
620869,1,1e-05
620901,1,1e-05
620912,1,1e-05
620917,1,1e-05
620971,1,1e-05
621052,1,1e-05
621072,1,1e-05
621102,1,1e-05
621133,1,1e-05
621157,1,1e-05
621189,1,1e-05
621191,1,1e-05
621199,1,1e-05
621233,1,1e-05
621249,1,1e-05
621270,1,1e-05
621313,1,1e-05
621397,1,1e-05
621455,1,1e-05
621476,1,1e-05
621566,1,1e-05
621742,1,1e-05
621880,1,1e-05
621899,1,1e-05
621951,1,1e-05
621990,1,1e-05
622112,1,1e-05
622165,1,1e-05
622172,1,1e-05
622183,1,1e-05
622385,1,1e-05
622394,1,1e-05
622472,1,1e-05
622516,1,1e-05
622525,1,1e-05
622565,1,1e-05
622714,1,1e-05
622747,1,1e-05
622756,1,1e-05
622763,1,1e-05
622774,1,1e-05
622833,1,1e-05
622868,1,1e-05
622942,1,1e-05
622978,1,1e-05
623002,1,1e-05
623036,1,1e-05
623050,1,1e-05
623051,1,1e-05
623086,1,1e-05
623136,1,1e-05
623208,1,1e-05
623374,1,1e-05
623392,1,1e-05
623449,1,1e-05
623476,1,1e-05
623498,1,1e-05
623534,1,1e-05
623587,1,1e-05
623621,1,1e-05
623622,1,1e-05
623637,1,1e-05
623665,1,1e-05
623706,1,1e-05
623807,1,1e-05
623816,1,1e-05
623925,1,1e-05
623969,1,1e-05
624187,1,1e-05
624221,1,1e-05
624222,1,1e-05
624307,1,1e-05
624479,1,1e-05
624518,1,1e-05
624702,1,1e-05
624746,1,1e-05
624822,1,1e-05
624825,1,1e-05
624842,1,1e-05
624932,1,1e-05
624936,1,1e-05
625022,1,1e-05
625026,1,1e-05
625030,1,1e-05
625064,1,1e-05
625070,1,1e-05
625190,1,1e-05
625195,1,1e-05
625211,1,1e-05
625247,1,1e-05
625510,1,1e-05
625621,1,1e-05
625637,1,1e-05
625685,1,1e-05
625811,1,1e-05
625859,1,1e-05
625897,1,1e-05
625902,1,1e-05
625909,1,1e-05
626003,1,1e-05
626004,1,1e-05
626039,1,1e-05
626081,1,1e-05
626131,1,1e-05
626178,1,1e-05
626279,1,1e-05
626291,1,1e-05
626295,1,1e-05
626526,1,1e-05
626634,1,1e-05
626662,1,1e-05
626680,1,1e-05
626687,1,1e-05
626747,1,1e-05
626773,1,1e-05
626789,1,1e-05
626792,1,1e-05
626824,1,1e-05
626915,1,1e-05
626927,1,1e-05
626960,1,1e-05
626970,1,1e-05
626997,1,1e-05
627054,1,1e-05
627086,1,1e-05
627134,1,1e-05
627168,1,1e-05
627174,1,1e-05
627202,1,1e-05
627203,1,1e-05
627222,1,1e-05
627244,1,1e-05
627277,1,1e-05
627378,1,1e-05
627411,1,1e-05
627453,1,1e-05
627475,1,1e-05
627482,1,1e-05
627512,1,1e-05
627563,1,1e-05
627620,1,1e-05
627649,1,1e-05
627730,1,1e-05
627761,1,1e-05
627809,1,1e-05
627813,1,1e-05
627857,1,1e-05
627882,1,1e-05
628098,1,1e-05
628104,1,1e-05
628111,1,1e-05
628118,1,1e-05
628128,1,1e-05
628168,1,1e-05
628209,1,1e-05
628248,1,1e-05
628305,1,1e-05
628366,1,1e-05
628535,1,1e-05
628548,1,1e-05
628574,1,1e-05
628586,1,1e-05
628611,1,1e-05
628629,1,1e-05
628791,1,1e-05
628845,1,1e-05
628871,1,1e-05
628950,1,1e-05
628963,1,1e-05
628983,1,1e-05
629007,1,1e-05
629016,1,1e-05
629039,1,1e-05
629088,1,1e-05
629099,1,1e-05
629138,1,1e-05
629187,1,1e-05
629232,1,1e-05
629288,1,1e-05
629347,1,1e-05
629463,1,1e-05
629489,1,1e-05
629527,1,1e-05
629577,1,1e-05
629601,1,1e-05
629625,1,1e-05
629900,1,1e-05
629910,1,1e-05
629924,1,1e-05
629929,1,1e-05
630105,1,1e-05
630171,1,1e-05
630222,1,1e-05
630292,1,1e-05
630309,1,1e-05
630668,1,1e-05
630702,1,1e-05
630796,1,1e-05
630838,1,1e-05
630865,1,1e-05
630973,1,1e-05
631046,1,1e-05
631108,1,1e-05
631109,1,1e-05
631112,1,1e-05
631113,1,1e-05
631209,1,1e-05
631214,1,1e-05
631226,1,1e-05
631274,1,1e-05
631394,1,1e-05
631438,1,1e-05
631460,1,1e-05
631480,1,1e-05
631551,1,1e-05
631846,1,1e-05
631882,1,1e-05
631924,1,1e-05
631974,1,1e-05
632016,1,1e-05
632021,1,1e-05
632062,1,1e-05
632287,1,1e-05
632325,1,1e-05
632351,1,1e-05
632470,1,1e-05
632504,1,1e-05
632534,1,1e-05
632622,1,1e-05
632624,1,1e-05
632652,1,1e-05
632660,1,1e-05
632829,1,1e-05
632830,1,1e-05
632847,1,1e-05
632853,1,1e-05
632919,1,1e-05
632958,1,1e-05
633087,1,1e-05
633098,1,1e-05
633127,1,1e-05
633132,1,1e-05
633180,1,1e-05
633203,1,1e-05
633206,1,1e-05
633216,1,1e-05
633232,1,1e-05
633289,1,1e-05
633308,1,1e-05
633310,1,1e-05
633322,1,1e-05
633414,1,1e-05
633458,1,1e-05
633477,1,1e-05
633488,1,1e-05
633498,1,1e-05
633593,1,1e-05
633624,1,1e-05
633764,1,1e-05
633780,1,1e-05
633790,1,1e-05
633910,1,1e-05
633926,1,1e-05
633959,1,1e-05
633969,1,1e-05
633970,1,1e-05
633971,1,1e-05
634050,1,1e-05
634096,1,1e-05
634107,1,1e-05
634110,1,1e-05
634151,1,1e-05
634271,1,1e-05
634285,1,1e-05
634315,1,1e-05
634323,1,1e-05
634354,1,1e-05
634361,1,1e-05
634411,1,1e-05
634474,1,1e-05
634489,1,1e-05
634723,1,1e-05
634745,1,1e-05
634847,1,1e-05
634855,1,1e-05
634896,1,1e-05
634915,1,1e-05
634921,1,1e-05
634924,1,1e-05
635007,1,1e-05
635013,1,1e-05
635018,1,1e-05
635066,1,1e-05
635144,1,1e-05
635180,1,1e-05
635210,1,1e-05
635240,1,1e-05
635283,1,1e-05
635338,1,1e-05
635434,1,1e-05
635443,1,1e-05
635652,1,1e-05
635706,1,1e-05
635724,1,1e-05
635771,1,1e-05
635782,1,1e-05
635829,1,1e-05
635951,1,1e-05
636005,1,1e-05
636013,1,1e-05
636032,1,1e-05
636099,1,1e-05
636105,1,1e-05
636119,1,1e-05
636159,1,1e-05
636166,1,1e-05
636187,1,1e-05
636189,1,1e-05
636249,1,1e-05
636264,1,1e-05
636358,1,1e-05
636383,1,1e-05
636408,1,1e-05
636409,1,1e-05
636434,1,1e-05
636473,1,1e-05
636495,1,1e-05
636503,1,1e-05
636539,1,1e-05
636592,1,1e-05
636610,1,1e-05
636668,1,1e-05
636677,1,1e-05
636746,1,1e-05
636885,1,1e-05
637078,1,1e-05
637202,1,1e-05
637226,1,1e-05
637364,1,1e-05
637375,1,1e-05
637441,1,1e-05
637442,1,1e-05
637455,1,1e-05
637507,1,1e-05
637517,1,1e-05
637560,1,1e-05
637561,1,1e-05
637647,1,1e-05
637659,1,1e-05
637801,1,1e-05
637866,1,1e-05
637917,1,1e-05
637922,1,1e-05
637939,1,1e-05
637973,1,1e-05
637979,1,1e-05
638050,1,1e-05
638068,1,1e-05
638212,1,1e-05
638267,1,1e-05
638388,1,1e-05
638412,1,1e-05
638456,1,1e-05
638492,1,1e-05
638510,1,1e-05
638541,1,1e-05
638604,1,1e-05
638632,1,1e-05
638651,1,1e-05
638705,1,1e-05
638715,1,1e-05
638721,1,1e-05
638743,1,1e-05
638754,1,1e-05
638842,1,1e-05
638906,1,1e-05
638981,1,1e-05
639002,1,1e-05
639053,1,1e-05
639086,1,1e-05
639093,1,1e-05
639170,1,1e-05
639280,1,1e-05
639304,1,1e-05
639527,1,1e-05
639623,1,1e-05
639708,1,1e-05
639713,1,1e-05
639716,1,1e-05
639760,1,1e-05
639821,1,1e-05
639841,1,1e-05
639864,1,1e-05
639903,1,1e-05
639907,1,1e-05
640051,1,1e-05
640075,1,1e-05
640103,1,1e-05
640124,1,1e-05
640204,1,1e-05
640224,1,1e-05
640255,1,1e-05
640335,1,1e-05
640411,1,1e-05
640451,1,1e-05
640463,1,1e-05
640489,1,1e-05
640490,1,1e-05
640527,1,1e-05
640535,1,1e-05
640545,1,1e-05
640627,1,1e-05
640644,1,1e-05
640719,1,1e-05
640774,1,1e-05
640802,1,1e-05
640804,1,1e-05
640844,1,1e-05
640881,1,1e-05
640903,1,1e-05
640939,1,1e-05
640967,1,1e-05
641044,1,1e-05
641073,1,1e-05
641079,1,1e-05
641092,1,1e-05
641203,1,1e-05
641222,1,1e-05
641223,1,1e-05
641277,1,1e-05
641297,1,1e-05
641329,1,1e-05
641344,1,1e-05
641390,1,1e-05
641433,1,1e-05
641530,1,1e-05
641539,1,1e-05
641565,1,1e-05
641591,1,1e-05
641597,1,1e-05
641771,1,1e-05
641782,1,1e-05
642084,1,1e-05
642091,1,1e-05
642149,1,1e-05
642434,1,1e-05
642544,1,1e-05
642575,1,1e-05
642656,1,1e-05
642681,1,1e-05
642686,1,1e-05
642718,1,1e-05
642744,1,1e-05
642750,1,1e-05
642795,1,1e-05
642799,1,1e-05
642834,1,1e-05
642890,1,1e-05
642895,1,1e-05
642898,1,1e-05
642958,1,1e-05
642985,1,1e-05
642990,1,1e-05
642992,1,1e-05
643025,1,1e-05
643064,1,1e-05
643066,1,1e-05
643072,1,1e-05
643095,1,1e-05
643122,1,1e-05
643251,1,1e-05
643291,1,1e-05
643378,1,1e-05
643414,1,1e-05
643423,1,1e-05
643476,1,1e-05
643610,1,1e-05
643687,1,1e-05
643793,1,1e-05
643837,1,1e-05
643851,1,1e-05
643852,1,1e-05
643875,1,1e-05
643900,1,1e-05
643911,1,1e-05
643942,1,1e-05
643995,1,1e-05
644021,1,1e-05
644086,1,1e-05
644380,1,1e-05
644418,1,1e-05
644435,1,1e-05
644468,1,1e-05
644579,1,1e-05
644609,1,1e-05
644812,1,1e-05
644913,1,1e-05
645007,1,1e-05
645050,1,1e-05
645076,1,1e-05
645166,1,1e-05
645215,1,1e-05
645230,1,1e-05
645241,1,1e-05
645251,1,1e-05
645382,1,1e-05
645386,1,1e-05
645423,1,1e-05
645425,1,1e-05
645472,1,1e-05
645475,1,1e-05
645484,1,1e-05
645507,1,1e-05
645667,1,1e-05
645678,1,1e-05
645694,1,1e-05
645772,1,1e-05
645792,1,1e-05
645794,1,1e-05
645800,1,1e-05
645894,1,1e-05
645903,1,1e-05
646000,1,1e-05
646002,1,1e-05
646004,1,1e-05
646008,1,1e-05
646022,1,1e-05
646030,1,1e-05
646078,1,1e-05
646110,1,1e-05
646119,1,1e-05
646154,1,1e-05
646191,1,1e-05
646196,1,1e-05
646242,1,1e-05
646342,1,1e-05
646480,1,1e-05
646510,1,1e-05
646533,1,1e-05
646551,1,1e-05
646573,1,1e-05
646592,1,1e-05
646616,1,1e-05
646626,1,1e-05
646629,1,1e-05
646701,1,1e-05
646726,1,1e-05
646748,1,1e-05
646757,1,1e-05
646762,1,1e-05
646774,1,1e-05
646908,1,1e-05
646981,1,1e-05
646999,1,1e-05
647010,1,1e-05
647070,1,1e-05
647087,1,1e-05
647120,1,1e-05
647168,1,1e-05
647200,1,1e-05
647234,1,1e-05
647252,1,1e-05
647430,1,1e-05
647454,1,1e-05
647491,1,1e-05
647515,1,1e-05
647554,1,1e-05
647568,1,1e-05
647635,1,1e-05
647672,1,1e-05
647704,1,1e-05
647770,1,1e-05
647872,1,1e-05
647939,1,1e-05
647966,1,1e-05
647983,1,1e-05
648033,1,1e-05
648035,1,1e-05
648085,1,1e-05
648104,1,1e-05
648125,1,1e-05
648129,1,1e-05
648314,1,1e-05
648389,1,1e-05
648390,1,1e-05
648410,1,1e-05
648564,1,1e-05
648631,1,1e-05
648680,1,1e-05
648699,1,1e-05
648830,1,1e-05
648925,1,1e-05
648985,1,1e-05
649079,1,1e-05
649124,1,1e-05
649126,1,1e-05
649154,1,1e-05
649159,1,1e-05
649222,1,1e-05
649250,1,1e-05
649310,1,1e-05
649448,1,1e-05
649464,1,1e-05
649645,1,1e-05
649675,1,1e-05
649696,1,1e-05
649838,1,1e-05
649881,1,1e-05
649986,1,1e-05
650006,1,1e-05
650048,1,1e-05
650056,1,1e-05
650223,1,1e-05
650235,1,1e-05
650275,1,1e-05
650290,1,1e-05
650317,1,1e-05
650414,1,1e-05
650436,1,1e-05
650549,1,1e-05
650645,1,1e-05
650709,1,1e-05
650720,1,1e-05
650820,1,1e-05
650882,1,1e-05
650945,1,1e-05
650950,1,1e-05
650963,1,1e-05
651004,1,1e-05
651006,1,1e-05
651114,1,1e-05
651161,1,1e-05
651202,1,1e-05
651205,1,1e-05
651232,1,1e-05
651233,1,1e-05
651300,1,1e-05
651345,1,1e-05
651402,1,1e-05
651462,1,1e-05
651517,1,1e-05
651538,1,1e-05
651586,1,1e-05
651613,1,1e-05
651627,1,1e-05
651692,1,1e-05
651703,1,1e-05
651777,1,1e-05
651802,1,1e-05
651868,1,1e-05
651985,1,1e-05
651994,1,1e-05
652055,1,1e-05
652161,1,1e-05
652190,1,1e-05
652217,1,1e-05
652236,1,1e-05
652280,1,1e-05
652443,1,1e-05
652483,1,1e-05
652493,1,1e-05
652605,1,1e-05
652658,1,1e-05
652700,1,1e-05
652767,1,1e-05
652808,1,1e-05
652828,1,1e-05
652881,1,1e-05
652884,1,1e-05
652976,1,1e-05
653005,1,1e-05
653044,1,1e-05
653051,1,1e-05
653133,1,1e-05
653167,1,1e-05
653169,1,1e-05
653217,1,1e-05
653221,1,1e-05
653245,1,1e-05
653247,1,1e-05
653255,1,1e-05
653293,1,1e-05
653322,1,1e-05
653323,1,1e-05
653476,1,1e-05
653496,1,1e-05
653516,1,1e-05
653523,1,1e-05
653580,1,1e-05
653634,1,1e-05
653785,1,1e-05
653810,1,1e-05
653859,1,1e-05
653959,1,1e-05
653971,1,1e-05
654084,1,1e-05
654283,1,1e-05
654302,1,1e-05
654319,1,1e-05
654323,1,1e-05
654364,1,1e-05
654386,1,1e-05
654409,1,1e-05
654544,1,1e-05
654616,1,1e-05
654641,1,1e-05
654643,1,1e-05
654688,1,1e-05
654773,1,1e-05
654775,1,1e-05
654800,1,1e-05
654819,1,1e-05
654828,1,1e-05
654831,1,1e-05
654933,1,1e-05
654959,1,1e-05
654980,1,1e-05
655045,1,1e-05
655096,1,1e-05
655191,1,1e-05
655242,1,1e-05
655258,1,1e-05
655305,1,1e-05
655313,1,1e-05
655388,1,1e-05
655404,1,1e-05
655467,1,1e-05
655470,1,1e-05
655489,1,1e-05
655517,1,1e-05
655518,1,1e-05
655538,1,1e-05
655550,1,1e-05
655607,1,1e-05
655703,1,1e-05
655731,1,1e-05
655748,1,1e-05
655756,1,1e-05
655813,1,1e-05
655935,1,1e-05
655964,1,1e-05
655982,1,1e-05
656006,1,1e-05
656117,1,1e-05
656244,1,1e-05
656255,1,1e-05
656305,1,1e-05
656342,1,1e-05
656354,1,1e-05
656374,1,1e-05
656415,1,1e-05
656445,1,1e-05
656475,1,1e-05
656608,1,1e-05
656634,1,1e-05
656770,1,1e-05
656806,1,1e-05
656821,1,1e-05
656890,1,1e-05
656906,1,1e-05
656916,1,1e-05
656944,1,1e-05
657027,1,1e-05
657051,1,1e-05
657078,1,1e-05
657080,1,1e-05
657105,1,1e-05
657182,1,1e-05
657229,1,1e-05
657348,1,1e-05
657361,1,1e-05
657414,1,1e-05
657423,1,1e-05
657459,1,1e-05
657481,1,1e-05
657501,1,1e-05
657558,1,1e-05
657644,1,1e-05
657685,1,1e-05
657737,1,1e-05
657790,1,1e-05
658047,1,1e-05
658162,1,1e-05
658201,1,1e-05
658261,1,1e-05
658269,1,1e-05
658294,1,1e-05
658410,1,1e-05
658453,1,1e-05
658459,1,1e-05
658501,1,1e-05
658589,1,1e-05
658623,1,1e-05
658749,1,1e-05
658773,1,1e-05
658797,1,1e-05
658806,1,1e-05
658864,1,1e-05
658908,1,1e-05
658956,1,1e-05
659040,1,1e-05
659168,1,1e-05
659184,1,1e-05
659225,1,1e-05
659266,1,1e-05
659388,1,1e-05
659396,1,1e-05
659450,1,1e-05
659459,1,1e-05
659569,1,1e-05
659672,1,1e-05
659790,1,1e-05
659981,1,1e-05
659994,1,1e-05
660000,1,1e-05
660006,1,1e-05
660018,1,1e-05
660043,1,1e-05
660047,1,1e-05
660096,1,1e-05
660113,1,1e-05
660181,1,1e-05
660306,1,1e-05
660310,1,1e-05
660329,1,1e-05
660374,1,1e-05
660396,1,1e-05
660436,1,1e-05
660487,1,1e-05
660575,1,1e-05
660589,1,1e-05
660591,1,1e-05
660598,1,1e-05
660610,1,1e-05
660791,1,1e-05
660805,1,1e-05
660815,1,1e-05
660827,1,1e-05
660963,1,1e-05
661012,1,1e-05
661037,1,1e-05
661104,1,1e-05
661127,1,1e-05
661211,1,1e-05
661370,1,1e-05
661393,1,1e-05
661394,1,1e-05
661482,1,1e-05
661508,1,1e-05
661578,1,1e-05
661631,1,1e-05
661670,1,1e-05
661686,1,1e-05
661767,1,1e-05
661821,1,1e-05
661832,1,1e-05
661844,1,1e-05
661895,1,1e-05
661918,1,1e-05
661963,1,1e-05
662012,1,1e-05
662021,1,1e-05
662049,1,1e-05
662054,1,1e-05
662112,1,1e-05
662194,1,1e-05
662265,1,1e-05
662306,1,1e-05
662308,1,1e-05
662314,1,1e-05
662327,1,1e-05
662439,1,1e-05
662462,1,1e-05
662466,1,1e-05
662499,1,1e-05
662569,1,1e-05
662677,1,1e-05
662749,1,1e-05
662770,1,1e-05
662775,1,1e-05
662904,1,1e-05
662929,1,1e-05
662951,1,1e-05
662968,1,1e-05
663180,1,1e-05
663212,1,1e-05
663338,1,1e-05
663445,1,1e-05
663449,1,1e-05
663557,1,1e-05
663559,1,1e-05
663570,1,1e-05
663608,1,1e-05
663622,1,1e-05
663627,1,1e-05
663740,1,1e-05
663762,1,1e-05
663848,1,1e-05
663923,1,1e-05
663976,1,1e-05
663990,1,1e-05
664005,1,1e-05
664323,1,1e-05
664326,1,1e-05
664346,1,1e-05
664374,1,1e-05
664391,1,1e-05
664417,1,1e-05
664435,1,1e-05
664438,1,1e-05
664467,1,1e-05
664480,1,1e-05
664520,1,1e-05
664525,1,1e-05
664616,1,1e-05
664619,1,1e-05
664676,1,1e-05
664678,1,1e-05
664689,1,1e-05
664784,1,1e-05
664871,1,1e-05
664895,1,1e-05
664938,1,1e-05
664968,1,1e-05
664976,1,1e-05
665006,1,1e-05
665021,1,1e-05
665037,1,1e-05
665104,1,1e-05
665117,1,1e-05
665130,1,1e-05
665176,1,1e-05
665203,1,1e-05
665218,1,1e-05
665282,1,1e-05
665380,1,1e-05
665392,1,1e-05
665401,1,1e-05
665405,1,1e-05
665426,1,1e-05
665437,1,1e-05
665484,1,1e-05
665573,1,1e-05
665615,1,1e-05
665642,1,1e-05
665678,1,1e-05
665690,1,1e-05
665695,1,1e-05
665704,1,1e-05
665719,1,1e-05
665734,1,1e-05
665748,1,1e-05
665866,1,1e-05
665927,1,1e-05
665928,1,1e-05
665941,1,1e-05
665953,1,1e-05
666076,1,1e-05
666086,1,1e-05
666123,1,1e-05
666139,1,1e-05
666206,1,1e-05
666298,1,1e-05
666320,1,1e-05
666415,1,1e-05
666423,1,1e-05
666556,1,1e-05
666568,1,1e-05
666800,1,1e-05
666810,1,1e-05
666819,1,1e-05
666842,1,1e-05
666872,1,1e-05
666945,1,1e-05
666983,1,1e-05
667033,1,1e-05
667125,1,1e-05
667132,1,1e-05
667182,1,1e-05
667234,1,1e-05
667237,1,1e-05
667359,1,1e-05
667563,1,1e-05
667616,1,1e-05
667625,1,1e-05
667650,1,1e-05
667733,1,1e-05
667749,1,1e-05
667816,1,1e-05
667874,1,1e-05
667906,1,1e-05
668081,1,1e-05
668098,1,1e-05
668154,1,1e-05
668220,1,1e-05
668221,1,1e-05
668241,1,1e-05
668286,1,1e-05
668362,1,1e-05
668387,1,1e-05
668442,1,1e-05
668456,1,1e-05
668550,1,1e-05
668618,1,1e-05
668622,1,1e-05
668656,1,1e-05
668672,1,1e-05
668714,1,1e-05
668726,1,1e-05
668765,1,1e-05
668768,1,1e-05
668798,1,1e-05
668833,1,1e-05
668932,1,1e-05
668940,1,1e-05
668957,1,1e-05
668992,1,1e-05
668993,1,1e-05
669053,1,1e-05
669073,1,1e-05
669075,1,1e-05
669078,1,1e-05
669079,1,1e-05
669110,1,1e-05
669150,1,1e-05
669211,1,1e-05
669324,1,1e-05
669352,1,1e-05
669382,1,1e-05
669448,1,1e-05
669485,1,1e-05
669523,1,1e-05
669578,1,1e-05
669623,1,1e-05
669638,1,1e-05
669643,1,1e-05
669672,1,1e-05
669680,1,1e-05
669719,1,1e-05
669747,1,1e-05
669775,1,1e-05
669795,1,1e-05
669833,1,1e-05
669915,1,1e-05
669939,1,1e-05
669968,1,1e-05
670061,1,1e-05
670115,1,1e-05
670183,1,1e-05
670186,1,1e-05
670225,1,1e-05
670346,1,1e-05
670462,1,1e-05
670470,1,1e-05
670474,1,1e-05
670534,1,1e-05
670536,1,1e-05
670564,1,1e-05
670760,1,1e-05
670789,1,1e-05
670859,1,1e-05
670889,1,1e-05
670903,1,1e-05
670919,1,1e-05
671022,1,1e-05
671041,1,1e-05
671045,1,1e-05
671061,1,1e-05
671107,1,1e-05
671157,1,1e-05
671167,1,1e-05
671202,1,1e-05
671261,1,1e-05
671304,1,1e-05
671386,1,1e-05
671447,1,1e-05
671484,1,1e-05
671492,1,1e-05
671516,1,1e-05
671536,1,1e-05
671555,1,1e-05
671563,1,1e-05
671579,1,1e-05
671697,1,1e-05
671709,1,1e-05
671741,1,1e-05
671840,1,1e-05
671876,1,1e-05
671881,1,1e-05
671885,1,1e-05
671891,1,1e-05
671928,1,1e-05
672021,1,1e-05
672042,1,1e-05
672073,1,1e-05
672078,1,1e-05
672101,1,1e-05
672158,1,1e-05
672181,1,1e-05
672349,1,1e-05
672399,1,1e-05
672501,1,1e-05
672520,1,1e-05
672537,1,1e-05
672767,1,1e-05
672773,1,1e-05
672820,1,1e-05
672832,1,1e-05
672865,1,1e-05
672882,1,1e-05
672889,1,1e-05
672912,1,1e-05
672922,1,1e-05
672996,1,1e-05
673039,1,1e-05
673112,1,1e-05
673138,1,1e-05
673151,1,1e-05
673215,1,1e-05
673218,1,1e-05
673249,1,1e-05
673303,1,1e-05
673377,1,1e-05
673415,1,1e-05
673496,1,1e-05
673521,1,1e-05
673576,1,1e-05
673581,1,1e-05
673592,1,1e-05
673621,1,1e-05
673702,1,1e-05
673757,1,1e-05
673773,1,1e-05
673790,1,1e-05
673829,1,1e-05
673980,1,1e-05
674009,1,1e-05
674043,1,1e-05
674046,1,1e-05
674060,1,1e-05
674075,1,1e-05
674128,1,1e-05
674142,1,1e-05
674155,1,1e-05
674206,1,1e-05
674255,1,1e-05
674362,1,1e-05
674365,1,1e-05
674437,1,1e-05
674492,1,1e-05
674551,1,1e-05
674601,1,1e-05
674629,1,1e-05
674631,1,1e-05
674725,1,1e-05
674749,1,1e-05
674788,1,1e-05
674890,1,1e-05
674911,1,1e-05
674915,1,1e-05
674967,1,1e-05
675049,1,1e-05
675080,1,1e-05
675146,1,1e-05
675243,1,1e-05
675247,1,1e-05
675289,1,1e-05
675479,1,1e-05
675545,1,1e-05
675551,1,1e-05
675560,1,1e-05
675632,1,1e-05
675636,1,1e-05
675723,1,1e-05
675761,1,1e-05
675787,1,1e-05
675795,1,1e-05
675797,1,1e-05
676024,1,1e-05
676106,1,1e-05
676111,1,1e-05
676193,1,1e-05
676220,1,1e-05
676351,1,1e-05
676447,1,1e-05
676466,1,1e-05
676472,1,1e-05
676486,1,1e-05
676555,1,1e-05
676558,1,1e-05
676574,1,1e-05
676616,1,1e-05
676672,1,1e-05
676758,1,1e-05
676781,1,1e-05
676785,1,1e-05
676787,1,1e-05
676812,1,1e-05
676818,1,1e-05
676823,1,1e-05
676837,1,1e-05
676936,1,1e-05
677005,1,1e-05
677034,1,1e-05
677071,1,1e-05
677081,1,1e-05
677125,1,1e-05
677143,1,1e-05
677213,1,1e-05
677293,1,1e-05
677307,1,1e-05
677310,1,1e-05
677330,1,1e-05
677356,1,1e-05
677423,1,1e-05
677438,1,1e-05
677463,1,1e-05
677468,1,1e-05
677555,1,1e-05
677668,1,1e-05
677676,1,1e-05
677700,1,1e-05
677776,1,1e-05
677831,1,1e-05
677878,1,1e-05
677879,1,1e-05
677924,1,1e-05
677995,1,1e-05
677998,1,1e-05
678011,1,1e-05
678044,1,1e-05
678047,1,1e-05
678072,1,1e-05
678093,1,1e-05
678122,1,1e-05
678123,1,1e-05
678523,1,1e-05
678557,1,1e-05
678564,1,1e-05
678718,1,1e-05
678748,1,1e-05
678762,1,1e-05
678824,1,1e-05
678863,1,1e-05
678952,1,1e-05
678970,1,1e-05
678971,1,1e-05
679046,1,1e-05
679055,1,1e-05
679148,1,1e-05
679176,1,1e-05
679219,1,1e-05
679273,1,1e-05
679395,1,1e-05
679425,1,1e-05
679445,1,1e-05
679536,1,1e-05
679575,1,1e-05
679626,1,1e-05
679670,1,1e-05
679706,1,1e-05
679755,1,1e-05
679940,1,1e-05
679946,1,1e-05
680008,1,1e-05
680028,1,1e-05
680106,1,1e-05
680144,1,1e-05
680178,1,1e-05
680180,1,1e-05
680188,1,1e-05
680208,1,1e-05
680277,1,1e-05
680285,1,1e-05
680363,1,1e-05
680364,1,1e-05
680403,1,1e-05
680552,1,1e-05
680589,1,1e-05
680691,1,1e-05
680707,1,1e-05
680843,1,1e-05
680851,1,1e-05
680934,1,1e-05
680991,1,1e-05
681007,1,1e-05
681022,1,1e-05
681071,1,1e-05
681080,1,1e-05
681130,1,1e-05
681181,1,1e-05
681203,1,1e-05
681349,1,1e-05
681444,1,1e-05
681446,1,1e-05
681448,1,1e-05
681533,1,1e-05
681662,1,1e-05
681663,1,1e-05
681706,1,1e-05
681729,1,1e-05
681748,1,1e-05
681765,1,1e-05
681773,1,1e-05
681819,1,1e-05
681880,1,1e-05
681900,1,1e-05
681921,1,1e-05
681942,1,1e-05
681978,1,1e-05
682001,1,1e-05
682005,1,1e-05
682022,1,1e-05
682112,1,1e-05
682172,1,1e-05
682262,1,1e-05
682313,1,1e-05
682317,1,1e-05
682325,1,1e-05
682327,1,1e-05
682349,1,1e-05
682351,1,1e-05
682393,1,1e-05
682399,1,1e-05
682427,1,1e-05
682467,1,1e-05
682482,1,1e-05
682505,1,1e-05
682535,1,1e-05
682539,1,1e-05
682643,1,1e-05
682769,1,1e-05
682841,1,1e-05
682883,1,1e-05
682933,1,1e-05
683016,1,1e-05
683043,1,1e-05
683107,1,1e-05
683110,1,1e-05
683154,1,1e-05
683185,1,1e-05
683240,1,1e-05
683268,1,1e-05
683270,1,1e-05
683362,1,1e-05
683407,1,1e-05
683414,1,1e-05
683462,1,1e-05
683481,1,1e-05
683513,1,1e-05
683558,1,1e-05
683612,1,1e-05
683624,1,1e-05
683673,1,1e-05
683687,1,1e-05
683710,1,1e-05
683725,1,1e-05
683733,1,1e-05
683768,1,1e-05
683782,1,1e-05
683845,1,1e-05
684004,1,1e-05
684194,1,1e-05
684196,1,1e-05
684256,1,1e-05
684319,1,1e-05
684341,1,1e-05
684358,1,1e-05
684368,1,1e-05
684411,1,1e-05
684422,1,1e-05
684428,1,1e-05
684446,1,1e-05
684507,1,1e-05
684767,1,1e-05
684813,1,1e-05
684911,1,1e-05
685066,1,1e-05
685068,1,1e-05
685108,1,1e-05
685131,1,1e-05
685178,1,1e-05
685247,1,1e-05
685354,1,1e-05
685373,1,1e-05
685376,1,1e-05
685452,1,1e-05
685453,1,1e-05
685479,1,1e-05
685561,1,1e-05
685568,1,1e-05
685578,1,1e-05
685602,1,1e-05
685656,1,1e-05
685796,1,1e-05
685839,1,1e-05
685890,1,1e-05
685964,1,1e-05
685966,1,1e-05
685975,1,1e-05
686002,1,1e-05
686106,1,1e-05
686114,1,1e-05
686139,1,1e-05
686262,1,1e-05
686421,1,1e-05
686433,1,1e-05
686466,1,1e-05
686477,1,1e-05
686483,1,1e-05
686524,1,1e-05
686575,1,1e-05
686589,1,1e-05
686599,1,1e-05
686613,1,1e-05
686618,1,1e-05
686624,1,1e-05
686642,1,1e-05
686735,1,1e-05
686792,1,1e-05
686804,1,1e-05
686816,1,1e-05
686834,1,1e-05
686869,1,1e-05
686871,1,1e-05
686907,1,1e-05
686920,1,1e-05
686983,1,1e-05
687001,1,1e-05
687111,1,1e-05
687123,1,1e-05
687232,1,1e-05
687242,1,1e-05
687243,1,1e-05
687280,1,1e-05
687286,1,1e-05
687317,1,1e-05
687365,1,1e-05
687390,1,1e-05
687495,1,1e-05
687584,1,1e-05
687620,1,1e-05
687712,1,1e-05
687733,1,1e-05
687770,1,1e-05
687840,1,1e-05
687927,1,1e-05
687934,1,1e-05
688004,1,1e-05
688030,1,1e-05
688032,1,1e-05
688039,1,1e-05
688056,1,1e-05
688292,1,1e-05
688395,1,1e-05
688425,1,1e-05
688438,1,1e-05
688457,1,1e-05
688466,1,1e-05
688476,1,1e-05
688489,1,1e-05
688494,1,1e-05
688695,1,1e-05
688707,1,1e-05
688744,1,1e-05
688813,1,1e-05
688842,1,1e-05
688844,1,1e-05
688848,1,1e-05
688850,1,1e-05
688870,1,1e-05
689023,1,1e-05
689083,1,1e-05
689185,1,1e-05
689188,1,1e-05
689203,1,1e-05
689215,1,1e-05
689223,1,1e-05
689280,1,1e-05
689288,1,1e-05
689300,1,1e-05
689408,1,1e-05
689441,1,1e-05
689534,1,1e-05
689539,1,1e-05
689606,1,1e-05
689649,1,1e-05
689676,1,1e-05
689763,1,1e-05
689770,1,1e-05
689857,1,1e-05
689985,1,1e-05
689987,1,1e-05
689992,1,1e-05
690023,1,1e-05
690038,1,1e-05
690055,1,1e-05
690107,1,1e-05
690138,1,1e-05
690141,1,1e-05
690215,1,1e-05
690219,1,1e-05
690246,1,1e-05
690291,1,1e-05
690305,1,1e-05
690315,1,1e-05
690327,1,1e-05
690342,1,1e-05
690375,1,1e-05
690378,1,1e-05
690409,1,1e-05
690428,1,1e-05
690472,1,1e-05
690871,1,1e-05
690895,1,1e-05
690907,1,1e-05
690975,1,1e-05
691002,1,1e-05
691048,1,1e-05
691177,1,1e-05
691181,1,1e-05
691262,1,1e-05
691278,1,1e-05
691297,1,1e-05
691323,1,1e-05
691330,1,1e-05
691333,1,1e-05
691365,1,1e-05
691374,1,1e-05
691529,1,1e-05
691568,1,1e-05
691577,1,1e-05
691627,1,1e-05
691634,1,1e-05
691733,1,1e-05
691845,1,1e-05
691956,1,1e-05
692065,1,1e-05
692162,1,1e-05
692189,1,1e-05
692246,1,1e-05
692398,1,1e-05
692422,1,1e-05
692463,1,1e-05
692504,1,1e-05
692538,1,1e-05
692591,1,1e-05
692613,1,1e-05
692646,1,1e-05
692702,1,1e-05
692710,1,1e-05
692718,1,1e-05
692770,1,1e-05
692852,1,1e-05
692868,1,1e-05
692982,1,1e-05
693006,1,1e-05
693049,1,1e-05
693058,1,1e-05
693089,1,1e-05
693122,1,1e-05
693147,1,1e-05
693160,1,1e-05
693163,1,1e-05
693204,1,1e-05
693209,1,1e-05
693347,1,1e-05
693375,1,1e-05
693394,1,1e-05
693401,1,1e-05
693406,1,1e-05
693421,1,1e-05
693440,1,1e-05
693476,1,1e-05
693497,1,1e-05
693509,1,1e-05
693528,1,1e-05
693568,1,1e-05
693660,1,1e-05
693662,1,1e-05
693722,1,1e-05
693723,1,1e-05
693834,1,1e-05
693837,1,1e-05
694070,1,1e-05
694153,1,1e-05
694365,1,1e-05
694391,1,1e-05
694423,1,1e-05
694430,1,1e-05
694499,1,1e-05
694519,1,1e-05
694534,1,1e-05
694536,1,1e-05
694581,1,1e-05
694658,1,1e-05
694703,1,1e-05
694759,1,1e-05
694910,1,1e-05
694946,1,1e-05
695012,1,1e-05
695015,1,1e-05
695027,1,1e-05
695078,1,1e-05
695082,1,1e-05
695096,1,1e-05
695141,1,1e-05
695200,1,1e-05
695202,1,1e-05
695273,1,1e-05
695337,1,1e-05
695405,1,1e-05
695438,1,1e-05
695444,1,1e-05
695450,1,1e-05
695558,1,1e-05
695582,1,1e-05
695587,1,1e-05
695597,1,1e-05
695599,1,1e-05
695638,1,1e-05
695677,1,1e-05
695698,1,1e-05
695755,1,1e-05
695759,1,1e-05
695772,1,1e-05
695790,1,1e-05
695803,1,1e-05
696117,1,1e-05
696186,1,1e-05
696242,1,1e-05
696247,1,1e-05
696272,1,1e-05
696448,1,1e-05
696547,1,1e-05
696576,1,1e-05
696589,1,1e-05
696666,1,1e-05
696677,1,1e-05
696698,1,1e-05
696805,1,1e-05
696811,1,1e-05
696838,1,1e-05
696878,1,1e-05
696889,1,1e-05
696901,1,1e-05
696922,1,1e-05
696990,1,1e-05
697020,1,1e-05
697104,1,1e-05
697141,1,1e-05
697335,1,1e-05
697345,1,1e-05
697380,1,1e-05
697436,1,1e-05
697448,1,1e-05
697569,1,1e-05
697614,1,1e-05
697642,1,1e-05
697660,1,1e-05
697678,1,1e-05
697712,1,1e-05
697833,1,1e-05
697933,1,1e-05
698010,1,1e-05
698068,1,1e-05
698155,1,1e-05
698277,1,1e-05
698287,1,1e-05
698400,1,1e-05
698415,1,1e-05
698436,1,1e-05
698473,1,1e-05
698572,1,1e-05
698576,1,1e-05
698591,1,1e-05
698672,1,1e-05
698703,1,1e-05
698740,1,1e-05
698780,1,1e-05
698811,1,1e-05
698907,1,1e-05
699047,1,1e-05
699051,1,1e-05
699096,1,1e-05
699100,1,1e-05
699122,1,1e-05
699157,1,1e-05
699254,1,1e-05
699272,1,1e-05
699312,1,1e-05
699315,1,1e-05
699396,1,1e-05
699455,1,1e-05
699467,1,1e-05
699527,1,1e-05
699633,1,1e-05
699711,1,1e-05
699716,1,1e-05
699731,1,1e-05
699772,1,1e-05
699783,1,1e-05
699806,1,1e-05
699858,1,1e-05
699881,1,1e-05
699896,1,1e-05
699901,1,1e-05
699912,1,1e-05
699914,1,1e-05
699951,1,1e-05
699955,1,1e-05
699973,1,1e-05
699979,1,1e-05
699984,1,1e-05
699987,1,1e-05
700036,1,1e-05
700044,1,1e-05
700077,1,1e-05
700135,1,1e-05
700164,1,1e-05
700212,1,1e-05
700215,1,1e-05
700239,1,1e-05
700324,1,1e-05
700352,1,1e-05
700365,1,1e-05
700470,1,1e-05
700504,1,1e-05
700635,1,1e-05
700674,1,1e-05
700696,1,1e-05
700731,1,1e-05
700832,1,1e-05
700866,1,1e-05
700890,1,1e-05
700928,1,1e-05
700984,1,1e-05
701048,1,1e-05
701050,1,1e-05
701121,1,1e-05
701135,1,1e-05
701154,1,1e-05
701242,1,1e-05
701252,1,1e-05
701362,1,1e-05
701422,1,1e-05
701470,1,1e-05
701505,1,1e-05
701671,1,1e-05
701696,1,1e-05
701752,1,1e-05
701760,1,1e-05
701859,1,1e-05
701869,1,1e-05
701989,1,1e-05
702000,1,1e-05
702053,1,1e-05
702090,1,1e-05
702160,1,1e-05
702232,1,1e-05
702264,1,1e-05
702382,1,1e-05
702424,1,1e-05
702469,1,1e-05
702571,1,1e-05
702629,1,1e-05
702664,1,1e-05
702667,1,1e-05
702680,1,1e-05
702696,1,1e-05
702843,1,1e-05
702848,1,1e-05
702870,1,1e-05
702904,1,1e-05
703119,1,1e-05
703317,1,1e-05
703413,1,1e-05
703484,1,1e-05
703532,1,1e-05
703665,1,1e-05
703707,1,1e-05
703765,1,1e-05
703772,1,1e-05
703790,1,1e-05
703869,1,1e-05
703887,1,1e-05
703900,1,1e-05
703908,1,1e-05
703920,1,1e-05
703968,1,1e-05
704000,1,1e-05
704024,1,1e-05
704142,1,1e-05
704219,1,1e-05
704285,1,1e-05
704352,1,1e-05
704377,1,1e-05
704391,1,1e-05
704395,1,1e-05
704507,1,1e-05
704559,1,1e-05
704625,1,1e-05
704631,1,1e-05
704633,1,1e-05
704660,1,1e-05
704703,1,1e-05
704890,1,1e-05
704938,1,1e-05
704991,1,1e-05
705038,1,1e-05
705109,1,1e-05
705111,1,1e-05
705141,1,1e-05
705221,1,1e-05
705271,1,1e-05
705299,1,1e-05
705329,1,1e-05
705362,1,1e-05
705383,1,1e-05
705435,1,1e-05
705456,1,1e-05
705507,1,1e-05
705666,1,1e-05
705668,1,1e-05
705723,1,1e-05
705811,1,1e-05
705821,1,1e-05
705898,1,1e-05
705909,1,1e-05
705927,1,1e-05
705958,1,1e-05
705991,1,1e-05
706037,1,1e-05
706039,1,1e-05
706052,1,1e-05
706107,1,1e-05
706165,1,1e-05
706171,1,1e-05
706293,1,1e-05
706338,1,1e-05
706353,1,1e-05
706463,1,1e-05
706469,1,1e-05
706476,1,1e-05
706503,1,1e-05
706541,1,1e-05
706605,1,1e-05
706682,1,1e-05
706693,1,1e-05
706711,1,1e-05
706799,1,1e-05
706834,1,1e-05
706850,1,1e-05
706861,1,1e-05
706866,1,1e-05
706876,1,1e-05
706898,1,1e-05
706956,1,1e-05
706973,1,1e-05
707048,1,1e-05
707077,1,1e-05
707144,1,1e-05
707214,1,1e-05
707308,1,1e-05
707383,1,1e-05
707409,1,1e-05
707509,1,1e-05
707620,1,1e-05
707680,1,1e-05
707702,1,1e-05
707735,1,1e-05
707857,1,1e-05
707923,1,1e-05
707931,1,1e-05
707939,1,1e-05
708048,1,1e-05
708104,1,1e-05
708109,1,1e-05
708116,1,1e-05
708133,1,1e-05
708162,1,1e-05
708190,1,1e-05
708215,1,1e-05
708270,1,1e-05
708293,1,1e-05
708302,1,1e-05
708332,1,1e-05
708373,1,1e-05
708437,1,1e-05
708478,1,1e-05
708575,1,1e-05
708634,1,1e-05
708873,1,1e-05
708907,1,1e-05
709011,1,1e-05
709049,1,1e-05
709198,1,1e-05
709219,1,1e-05
709226,1,1e-05
709319,1,1e-05
709332,1,1e-05
709388,1,1e-05
709405,1,1e-05
709443,1,1e-05
709527,1,1e-05
709553,1,1e-05
709561,1,1e-05
709608,1,1e-05
709711,1,1e-05
709737,1,1e-05
709750,1,1e-05
709821,1,1e-05
709903,1,1e-05
709977,1,1e-05
710019,1,1e-05
710029,1,1e-05
710085,1,1e-05
710166,1,1e-05
710168,1,1e-05
710193,1,1e-05
710220,1,1e-05
710304,1,1e-05
710305,1,1e-05
710397,1,1e-05
710398,1,1e-05
710437,1,1e-05
710516,1,1e-05
710526,1,1e-05
710549,1,1e-05
710553,1,1e-05
710593,1,1e-05
710667,1,1e-05
710783,1,1e-05
710798,1,1e-05
710827,1,1e-05
710894,1,1e-05
711027,1,1e-05
711046,1,1e-05
711096,1,1e-05
711124,1,1e-05
711160,1,1e-05
711170,1,1e-05
711214,1,1e-05
711314,1,1e-05
711333,1,1e-05
711337,1,1e-05
711346,1,1e-05
711358,1,1e-05
711427,1,1e-05
711501,1,1e-05
711521,1,1e-05
711551,1,1e-05
711575,1,1e-05
711606,1,1e-05
711624,1,1e-05
711715,1,1e-05
711741,1,1e-05
711753,1,1e-05
711774,1,1e-05
711865,1,1e-05
711874,1,1e-05
711979,1,1e-05
712066,1,1e-05
712074,1,1e-05
712088,1,1e-05
712129,1,1e-05
712145,1,1e-05
712186,1,1e-05
712279,1,1e-05
712296,1,1e-05
712317,1,1e-05
712325,1,1e-05
712343,1,1e-05
712373,1,1e-05
712418,1,1e-05
712447,1,1e-05
712474,1,1e-05
712566,1,1e-05
712605,1,1e-05
712617,1,1e-05
712662,1,1e-05
712685,1,1e-05
712708,1,1e-05
712817,1,1e-05
712819,1,1e-05
712834,1,1e-05
712912,1,1e-05
712924,1,1e-05
712949,1,1e-05
712952,1,1e-05
712965,1,1e-05
712983,1,1e-05
713054,1,1e-05
713057,1,1e-05
713089,1,1e-05
713093,1,1e-05
713100,1,1e-05
713261,1,1e-05
713372,1,1e-05
713398,1,1e-05
713503,1,1e-05
713515,1,1e-05
713516,1,1e-05
713521,1,1e-05
713548,1,1e-05
713760,1,1e-05
713781,1,1e-05
713801,1,1e-05
713931,1,1e-05
713955,1,1e-05
713958,1,1e-05
713970,1,1e-05
713987,1,1e-05
714040,1,1e-05
714047,1,1e-05
714097,1,1e-05
714182,1,1e-05
714286,1,1e-05
714314,1,1e-05
714316,1,1e-05
714377,1,1e-05
714410,1,1e-05
714416,1,1e-05
714431,1,1e-05
714685,1,1e-05
714743,1,1e-05
714749,1,1e-05
714761,1,1e-05
714838,1,1e-05
714840,1,1e-05
714902,1,1e-05
714956,1,1e-05
714994,1,1e-05
715051,1,1e-05
715073,1,1e-05
715085,1,1e-05
715106,1,1e-05
715107,1,1e-05
715317,1,1e-05
715318,1,1e-05
715376,1,1e-05
715551,1,1e-05
715553,1,1e-05
715557,1,1e-05
715776,1,1e-05
715882,1,1e-05
715961,1,1e-05
715983,1,1e-05
716020,1,1e-05
716038,1,1e-05
716047,1,1e-05
716054,1,1e-05
716126,1,1e-05
716369,1,1e-05
716388,1,1e-05
716412,1,1e-05
716456,1,1e-05
716496,1,1e-05
716521,1,1e-05
716556,1,1e-05
716572,1,1e-05
716576,1,1e-05
716586,1,1e-05
716628,1,1e-05
716659,1,1e-05
716846,1,1e-05
716874,1,1e-05
716889,1,1e-05
716925,1,1e-05
716933,1,1e-05
716934,1,1e-05
716972,1,1e-05
716999,1,1e-05
717130,1,1e-05
717131,1,1e-05
717183,1,1e-05
717218,1,1e-05
717230,1,1e-05
717274,1,1e-05
717292,1,1e-05
717295,1,1e-05
717341,1,1e-05
717363,1,1e-05
717399,1,1e-05
717462,1,1e-05
717477,1,1e-05
717537,1,1e-05
717557,1,1e-05
717601,1,1e-05
717621,1,1e-05
717622,1,1e-05
717663,1,1e-05
717688,1,1e-05
717696,1,1e-05
717897,1,1e-05
717941,1,1e-05
717975,1,1e-05
717985,1,1e-05
718115,1,1e-05
718209,1,1e-05
718230,1,1e-05
718236,1,1e-05
718240,1,1e-05
718250,1,1e-05
718311,1,1e-05
718345,1,1e-05
718397,1,1e-05
718406,1,1e-05
718411,1,1e-05
718468,1,1e-05
718470,1,1e-05
718537,1,1e-05
718577,1,1e-05
718662,1,1e-05
718690,1,1e-05
718695,1,1e-05
718832,1,1e-05
718931,1,1e-05
718936,1,1e-05
718937,1,1e-05
718957,1,1e-05
718983,1,1e-05
718989,1,1e-05
719018,1,1e-05
719093,1,1e-05
719167,1,1e-05
719272,1,1e-05
719281,1,1e-05
719340,1,1e-05
719349,1,1e-05
719402,1,1e-05
719625,1,1e-05
719701,1,1e-05
719743,1,1e-05
719839,1,1e-05
719945,1,1e-05
719957,1,1e-05
719983,1,1e-05
720106,1,1e-05
720124,1,1e-05
720140,1,1e-05
720184,1,1e-05
720199,1,1e-05
720368,1,1e-05
720389,1,1e-05
720426,1,1e-05
720480,1,1e-05
720498,1,1e-05
720515,1,1e-05
720566,1,1e-05
720633,1,1e-05
720654,1,1e-05
720754,1,1e-05
720756,1,1e-05
720832,1,1e-05
720930,1,1e-05
720952,1,1e-05
720976,1,1e-05
721038,1,1e-05
721042,1,1e-05
721059,1,1e-05
721082,1,1e-05
721118,1,1e-05
721220,1,1e-05
721224,1,1e-05
721238,1,1e-05
721299,1,1e-05
721353,1,1e-05
721536,1,1e-05
721627,1,1e-05
721628,1,1e-05
721642,1,1e-05
721722,1,1e-05
721724,1,1e-05
721749,1,1e-05
721768,1,1e-05
721786,1,1e-05
721816,1,1e-05
721833,1,1e-05
721875,1,1e-05
721884,1,1e-05
721956,1,1e-05
721986,1,1e-05
721987,1,1e-05
722042,1,1e-05
722109,1,1e-05
722119,1,1e-05
722132,1,1e-05
722181,1,1e-05
722211,1,1e-05
722258,1,1e-05
722323,1,1e-05
722343,1,1e-05
722353,1,1e-05
722390,1,1e-05
722402,1,1e-05
722442,1,1e-05
722460,1,1e-05
722468,1,1e-05
722487,1,1e-05
722575,1,1e-05
722586,1,1e-05
722652,1,1e-05
722684,1,1e-05
722729,1,1e-05
722760,1,1e-05
722794,1,1e-05
722812,1,1e-05
722825,1,1e-05
722833,1,1e-05
722908,1,1e-05
723012,1,1e-05
723047,1,1e-05
723066,1,1e-05
723122,1,1e-05
723180,1,1e-05
723277,1,1e-05
723326,1,1e-05
723386,1,1e-05
723396,1,1e-05
723437,1,1e-05
723439,1,1e-05
723449,1,1e-05
723465,1,1e-05
723466,1,1e-05
723474,1,1e-05
723563,1,1e-05
723688,1,1e-05
723703,1,1e-05
723748,1,1e-05
723756,1,1e-05
723764,1,1e-05
723778,1,1e-05
723820,1,1e-05
723866,1,1e-05
723874,1,1e-05
723900,1,1e-05
723915,1,1e-05
723971,1,1e-05
724008,1,1e-05
724048,1,1e-05
724050,1,1e-05
724051,1,1e-05
724111,1,1e-05
724176,1,1e-05
724182,1,1e-05
724190,1,1e-05
724192,1,1e-05
724359,1,1e-05
724368,1,1e-05
724494,1,1e-05
724517,1,1e-05
724518,1,1e-05
724621,1,1e-05
724667,1,1e-05
724671,1,1e-05
724765,1,1e-05
724804,1,1e-05
724881,1,1e-05
724885,1,1e-05
724893,1,1e-05
724914,1,1e-05
724960,1,1e-05
724967,1,1e-05
724975,1,1e-05
725024,1,1e-05
725066,1,1e-05
725093,1,1e-05
725179,1,1e-05
725208,1,1e-05
725303,1,1e-05
725341,1,1e-05
725384,1,1e-05
725438,1,1e-05
725450,1,1e-05
725488,1,1e-05
725540,1,1e-05
725548,1,1e-05
725641,1,1e-05
725734,1,1e-05
725773,1,1e-05
725881,1,1e-05
725907,1,1e-05
725916,1,1e-05
725928,1,1e-05
725940,1,1e-05
726035,1,1e-05
726139,1,1e-05
726209,1,1e-05
726210,1,1e-05
726239,1,1e-05
726253,1,1e-05
726267,1,1e-05
726326,1,1e-05
726502,1,1e-05
726514,1,1e-05
726581,1,1e-05
726632,1,1e-05
726648,1,1e-05
726686,1,1e-05
726786,1,1e-05
726877,1,1e-05
726989,1,1e-05
727114,1,1e-05
727118,1,1e-05
727163,1,1e-05
727274,1,1e-05
727328,1,1e-05
727402,1,1e-05
727473,1,1e-05
727486,1,1e-05
727623,1,1e-05
727643,1,1e-05
727682,1,1e-05
727723,1,1e-05
727777,1,1e-05
727814,1,1e-05
727997,1,1e-05
728166,1,1e-05
728207,1,1e-05
728229,1,1e-05
728264,1,1e-05
728272,1,1e-05
728310,1,1e-05
728532,1,1e-05
728656,1,1e-05
728658,1,1e-05
728667,1,1e-05
728673,1,1e-05
728723,1,1e-05
728735,1,1e-05
728755,1,1e-05
728813,1,1e-05
728823,1,1e-05
728876,1,1e-05
728897,1,1e-05
728923,1,1e-05
728964,1,1e-05
728977,1,1e-05
729045,1,1e-05
729087,1,1e-05
729212,1,1e-05
729272,1,1e-05
729371,1,1e-05
729417,1,1e-05
729445,1,1e-05
729609,1,1e-05
729643,1,1e-05
729681,1,1e-05
729790,1,1e-05
729794,1,1e-05
729928,1,1e-05
729943,1,1e-05
729966,1,1e-05
729978,1,1e-05
729988,1,1e-05
730037,1,1e-05
730057,1,1e-05
730095,1,1e-05
730100,1,1e-05
730156,1,1e-05
730194,1,1e-05
730202,1,1e-05
730220,1,1e-05
730234,1,1e-05
730282,1,1e-05
730306,1,1e-05
730347,1,1e-05
730348,1,1e-05
730493,1,1e-05
730513,1,1e-05
730602,1,1e-05
730609,1,1e-05
730650,1,1e-05
730668,1,1e-05
730729,1,1e-05
730796,1,1e-05
730802,1,1e-05
730848,1,1e-05
730872,1,1e-05
730907,1,1e-05
730946,1,1e-05
730975,1,1e-05
731091,1,1e-05
731099,1,1e-05
731179,1,1e-05
731213,1,1e-05
731223,1,1e-05
731250,1,1e-05
731256,1,1e-05
731257,1,1e-05
731284,1,1e-05
731312,1,1e-05
731318,1,1e-05
731324,1,1e-05
731380,1,1e-05
731403,1,1e-05
731414,1,1e-05
731457,1,1e-05
731666,1,1e-05
731740,1,1e-05
731757,1,1e-05
731842,1,1e-05
731850,1,1e-05
731873,1,1e-05
731918,1,1e-05
731965,1,1e-05
732030,1,1e-05
732083,1,1e-05
732227,1,1e-05
732248,1,1e-05
732275,1,1e-05
732409,1,1e-05
732411,1,1e-05
732421,1,1e-05
732584,1,1e-05
732641,1,1e-05
732652,1,1e-05
732685,1,1e-05
732832,1,1e-05
732936,1,1e-05
732971,1,1e-05
733033,1,1e-05
733218,1,1e-05
733263,1,1e-05
733283,1,1e-05
733337,1,1e-05
733343,1,1e-05
733444,1,1e-05
733473,1,1e-05
733509,1,1e-05
733533,1,1e-05
733561,1,1e-05
733607,1,1e-05
733673,1,1e-05
733707,1,1e-05
733718,1,1e-05
733747,1,1e-05
733759,1,1e-05
733779,1,1e-05
733865,1,1e-05
734024,1,1e-05
734072,1,1e-05
734092,1,1e-05
734184,1,1e-05
734293,1,1e-05
734302,1,1e-05
734312,1,1e-05
734329,1,1e-05
734430,1,1e-05
734446,1,1e-05
734583,1,1e-05
734692,1,1e-05
734764,1,1e-05
734993,1,1e-05
735005,1,1e-05
735057,1,1e-05
735209,1,1e-05
735234,1,1e-05
735327,1,1e-05
735478,1,1e-05
735527,1,1e-05
735715,1,1e-05
735747,1,1e-05
735783,1,1e-05
735792,1,1e-05
735835,1,1e-05
735861,1,1e-05
735894,1,1e-05
735899,1,1e-05
736000,1,1e-05
736099,1,1e-05
736270,1,1e-05
736358,1,1e-05
736382,1,1e-05
736428,1,1e-05
736439,1,1e-05
736470,1,1e-05
736532,1,1e-05
736579,1,1e-05
736624,1,1e-05
736639,1,1e-05
736780,1,1e-05
736878,1,1e-05
736884,1,1e-05
736903,1,1e-05
736904,1,1e-05
736981,1,1e-05
736987,1,1e-05
737060,1,1e-05
737089,1,1e-05
737095,1,1e-05
737100,1,1e-05
737161,1,1e-05
737189,1,1e-05
737191,1,1e-05
737244,1,1e-05
737273,1,1e-05
737276,1,1e-05
737293,1,1e-05
737463,1,1e-05
737538,1,1e-05
737551,1,1e-05
737583,1,1e-05
737669,1,1e-05
737672,1,1e-05
737673,1,1e-05
737749,1,1e-05
737851,1,1e-05
737866,1,1e-05
738030,1,1e-05
738091,1,1e-05
738114,1,1e-05
738119,1,1e-05
738152,1,1e-05
738158,1,1e-05
738234,1,1e-05
738292,1,1e-05
738400,1,1e-05
738418,1,1e-05
738516,1,1e-05
738674,1,1e-05
738706,1,1e-05
738726,1,1e-05
738730,1,1e-05
738775,1,1e-05
738805,1,1e-05
738862,1,1e-05
738865,1,1e-05
738958,1,1e-05
739016,1,1e-05
739065,1,1e-05
739181,1,1e-05
739287,1,1e-05
739294,1,1e-05
739297,1,1e-05
739339,1,1e-05
739343,1,1e-05
739412,1,1e-05
739413,1,1e-05
739416,1,1e-05
739496,1,1e-05
739582,1,1e-05
739615,1,1e-05
739656,1,1e-05
739700,1,1e-05
739743,1,1e-05
739751,1,1e-05
739901,1,1e-05
739943,1,1e-05
739960,1,1e-05
739986,1,1e-05
739989,1,1e-05
740074,1,1e-05
740089,1,1e-05
740105,1,1e-05
740176,1,1e-05
740205,1,1e-05
740229,1,1e-05
740385,1,1e-05
740409,1,1e-05
740429,1,1e-05
740434,1,1e-05
740502,1,1e-05
740534,1,1e-05
740571,1,1e-05
740583,1,1e-05
740585,1,1e-05
740651,1,1e-05
740657,1,1e-05
740721,1,1e-05
740773,1,1e-05
740779,1,1e-05
740786,1,1e-05
740939,1,1e-05
740959,1,1e-05
741099,1,1e-05
741139,1,1e-05
741179,1,1e-05
741229,1,1e-05
741251,1,1e-05
741306,1,1e-05
741339,1,1e-05
741367,1,1e-05
741422,1,1e-05
741423,1,1e-05
741425,1,1e-05
741548,1,1e-05
741565,1,1e-05
741575,1,1e-05
741615,1,1e-05
741736,1,1e-05
741775,1,1e-05
741793,1,1e-05
741832,1,1e-05
741935,1,1e-05
742027,1,1e-05
742051,1,1e-05
742084,1,1e-05
742119,1,1e-05
742133,1,1e-05
742303,1,1e-05
742398,1,1e-05
742403,1,1e-05
742462,1,1e-05
742523,1,1e-05
742609,1,1e-05
742802,1,1e-05
742820,1,1e-05
742880,1,1e-05
742929,1,1e-05
742995,1,1e-05
743007,1,1e-05
743097,1,1e-05
743109,1,1e-05
743111,1,1e-05
743119,1,1e-05
743278,1,1e-05
743332,1,1e-05
743397,1,1e-05
743461,1,1e-05
743501,1,1e-05
743538,1,1e-05
743682,1,1e-05
743839,1,1e-05
743921,1,1e-05
743934,1,1e-05
743951,1,1e-05
743961,1,1e-05
744026,1,1e-05
744056,1,1e-05
744076,1,1e-05
744093,1,1e-05
744166,1,1e-05
744171,1,1e-05
744192,1,1e-05
744216,1,1e-05
744219,1,1e-05
744226,1,1e-05
744261,1,1e-05
744338,1,1e-05
744373,1,1e-05
744397,1,1e-05
744460,1,1e-05
744543,1,1e-05
744616,1,1e-05
744623,1,1e-05
744629,1,1e-05
744655,1,1e-05
744657,1,1e-05
744685,1,1e-05
744705,1,1e-05
744751,1,1e-05
744758,1,1e-05
744772,1,1e-05
744846,1,1e-05
744903,1,1e-05
744922,1,1e-05
744935,1,1e-05
744966,1,1e-05
744993,1,1e-05
745061,1,1e-05
745303,1,1e-05
745306,1,1e-05
745314,1,1e-05
745352,1,1e-05
745408,1,1e-05
745497,1,1e-05
745518,1,1e-05
745554,1,1e-05
745604,1,1e-05
745619,1,1e-05
745631,1,1e-05
745657,1,1e-05
745728,1,1e-05
745763,1,1e-05
745768,1,1e-05
745808,1,1e-05
745815,1,1e-05
745859,1,1e-05
745868,1,1e-05
745896,1,1e-05
745917,1,1e-05
745957,1,1e-05
745979,1,1e-05
745990,1,1e-05
745996,1,1e-05
746004,1,1e-05
746057,1,1e-05
746134,1,1e-05
746165,1,1e-05
746189,1,1e-05
746231,1,1e-05
746267,1,1e-05
746284,1,1e-05
746339,1,1e-05
746385,1,1e-05
746389,1,1e-05
746418,1,1e-05
746439,1,1e-05
746540,1,1e-05
746544,1,1e-05
746709,1,1e-05
746809,1,1e-05
746821,1,1e-05
746829,1,1e-05
746840,1,1e-05
746878,1,1e-05
746920,1,1e-05
746950,1,1e-05
746997,1,1e-05
747016,1,1e-05
747073,1,1e-05
747088,1,1e-05
747124,1,1e-05
747188,1,1e-05
747290,1,1e-05
747307,1,1e-05
747316,1,1e-05
747319,1,1e-05
747422,1,1e-05
747490,1,1e-05
747538,1,1e-05
747573,1,1e-05
747583,1,1e-05
747612,1,1e-05
747693,1,1e-05
747748,1,1e-05
747759,1,1e-05
747828,1,1e-05
747829,1,1e-05
747881,1,1e-05
747921,1,1e-05
747983,1,1e-05
748022,1,1e-05
748052,1,1e-05
748115,1,1e-05
748126,1,1e-05
748141,1,1e-05
748166,1,1e-05
748178,1,1e-05
748269,1,1e-05
748461,1,1e-05
748481,1,1e-05
748494,1,1e-05
748503,1,1e-05
748623,1,1e-05
748630,1,1e-05
748707,1,1e-05
748803,1,1e-05
748947,1,1e-05
748961,1,1e-05
748965,1,1e-05
748970,1,1e-05
748988,1,1e-05
748992,1,1e-05
749173,1,1e-05
749279,1,1e-05
749382,1,1e-05
749443,1,1e-05
749496,1,1e-05
749519,1,1e-05
749636,1,1e-05
749638,1,1e-05
749729,1,1e-05
749747,1,1e-05
749756,1,1e-05
749766,1,1e-05
749788,1,1e-05
749807,1,1e-05
749867,1,1e-05
749911,1,1e-05
749971,1,1e-05
750011,1,1e-05
750078,1,1e-05
750151,1,1e-05
750271,1,1e-05
750294,1,1e-05
750328,1,1e-05
750349,1,1e-05
750401,1,1e-05
750406,1,1e-05
750497,1,1e-05
750560,1,1e-05
750633,1,1e-05
750662,1,1e-05
750674,1,1e-05
750684,1,1e-05
750728,1,1e-05
750746,1,1e-05
750796,1,1e-05
750935,1,1e-05
751064,1,1e-05
751209,1,1e-05
751319,1,1e-05
751379,1,1e-05
751383,1,1e-05
751440,1,1e-05
751477,1,1e-05
751668,1,1e-05
751672,1,1e-05
751701,1,1e-05
751720,1,1e-05
751786,1,1e-05
751810,1,1e-05
751860,1,1e-05
751977,1,1e-05
751983,1,1e-05
752107,1,1e-05
752129,1,1e-05
752241,1,1e-05
752268,1,1e-05
752269,1,1e-05
752349,1,1e-05
752415,1,1e-05
752459,1,1e-05
752553,1,1e-05
752555,1,1e-05
752586,1,1e-05
752599,1,1e-05
752646,1,1e-05
752730,1,1e-05
752804,1,1e-05
752926,1,1e-05
752979,1,1e-05
753002,1,1e-05
753013,1,1e-05
753072,1,1e-05
753134,1,1e-05
753151,1,1e-05
753180,1,1e-05
753219,1,1e-05
753385,1,1e-05
753475,1,1e-05
753654,1,1e-05
753679,1,1e-05
753789,1,1e-05
753790,1,1e-05
753919,1,1e-05
753942,1,1e-05
753958,1,1e-05
753992,1,1e-05
754000,1,1e-05
754008,1,1e-05
754215,1,1e-05
754247,1,1e-05
754267,1,1e-05
754397,1,1e-05
754410,1,1e-05
754483,1,1e-05
754508,1,1e-05
754531,1,1e-05
754552,1,1e-05
754635,1,1e-05
754703,1,1e-05
754835,1,1e-05
754865,1,1e-05
754891,1,1e-05
754914,1,1e-05
754992,1,1e-05
755011,1,1e-05
755018,1,1e-05
755054,1,1e-05
755148,1,1e-05
755167,1,1e-05
755173,1,1e-05
755242,1,1e-05
755301,1,1e-05
755426,1,1e-05
755435,1,1e-05
755608,1,1e-05
755695,1,1e-05
755704,1,1e-05
755797,1,1e-05
755829,1,1e-05
755846,1,1e-05
755871,1,1e-05
755894,1,1e-05
755911,1,1e-05
755939,1,1e-05
756017,1,1e-05
756043,1,1e-05
756072,1,1e-05
756085,1,1e-05
756086,1,1e-05
756133,1,1e-05
756142,1,1e-05
756146,1,1e-05
756194,1,1e-05
756252,1,1e-05
756293,1,1e-05
756303,1,1e-05
756359,1,1e-05
756376,1,1e-05
756451,1,1e-05
756509,1,1e-05
756533,1,1e-05
756535,1,1e-05
756551,1,1e-05
756601,1,1e-05
756608,1,1e-05
756738,1,1e-05
756757,1,1e-05
756765,1,1e-05
756788,1,1e-05
756874,1,1e-05
756972,1,1e-05
757093,1,1e-05
757254,1,1e-05
757329,1,1e-05
757464,1,1e-05
757465,1,1e-05
757513,1,1e-05
757574,1,1e-05
757580,1,1e-05
757592,1,1e-05
757608,1,1e-05
757641,1,1e-05
757682,1,1e-05
757758,1,1e-05
757826,1,1e-05
757908,1,1e-05
757917,1,1e-05
758007,1,1e-05
758031,1,1e-05
758074,1,1e-05
758126,1,1e-05
758133,1,1e-05
758161,1,1e-05
758209,1,1e-05
758214,1,1e-05
758221,1,1e-05
758252,1,1e-05
758290,1,1e-05
758313,1,1e-05
758382,1,1e-05
758390,1,1e-05
758479,1,1e-05
758493,1,1e-05
758593,1,1e-05
758605,1,1e-05
758615,1,1e-05
758744,1,1e-05
758759,1,1e-05
758805,1,1e-05
758832,1,1e-05
758914,1,1e-05
758934,1,1e-05
759000,1,1e-05
759079,1,1e-05
759185,1,1e-05
759266,1,1e-05
759396,1,1e-05
759397,1,1e-05
759434,1,1e-05
759522,1,1e-05
759581,1,1e-05
759782,1,1e-05
759839,1,1e-05
759870,1,1e-05
759899,1,1e-05
759909,1,1e-05
759910,1,1e-05
759919,1,1e-05
760035,1,1e-05
760077,1,1e-05
760078,1,1e-05
760143,1,1e-05
760147,1,1e-05
760192,1,1e-05
760221,1,1e-05
760294,1,1e-05
760300,1,1e-05
760312,1,1e-05
760340,1,1e-05
760375,1,1e-05
760406,1,1e-05
760434,1,1e-05
760480,1,1e-05
760547,1,1e-05
760548,1,1e-05
760581,1,1e-05
760587,1,1e-05
760621,1,1e-05
760738,1,1e-05
760798,1,1e-05
760868,1,1e-05
760987,1,1e-05
761139,1,1e-05
761186,1,1e-05
761224,1,1e-05
761288,1,1e-05
761300,1,1e-05
761331,1,1e-05
761340,1,1e-05
761345,1,1e-05
761367,1,1e-05
761390,1,1e-05
761419,1,1e-05
761467,1,1e-05
761495,1,1e-05
761510,1,1e-05
761513,1,1e-05
761555,1,1e-05
761560,1,1e-05
761593,1,1e-05
761600,1,1e-05
761666,1,1e-05
761672,1,1e-05
761681,1,1e-05
761911,1,1e-05
761943,1,1e-05
762008,1,1e-05
762016,1,1e-05
762036,1,1e-05
762202,1,1e-05
762233,1,1e-05
762250,1,1e-05
762260,1,1e-05
762360,1,1e-05
762377,1,1e-05
762411,1,1e-05
762434,1,1e-05
762455,1,1e-05
762492,1,1e-05
762540,1,1e-05
762561,1,1e-05
762588,1,1e-05
762595,1,1e-05
762636,1,1e-05
762673,1,1e-05
762719,1,1e-05
762729,1,1e-05
762736,1,1e-05
762823,1,1e-05
762838,1,1e-05
762871,1,1e-05
762906,1,1e-05
762957,1,1e-05
762961,1,1e-05
762997,1,1e-05
763078,1,1e-05
763082,1,1e-05
763113,1,1e-05
763167,1,1e-05
763278,1,1e-05
763302,1,1e-05
763336,1,1e-05
763394,1,1e-05
763455,1,1e-05
763505,1,1e-05
763523,1,1e-05
763633,1,1e-05
763680,1,1e-05
763734,1,1e-05
763772,1,1e-05
763782,1,1e-05
763886,1,1e-05
763945,1,1e-05
764090,1,1e-05
764094,1,1e-05
764152,1,1e-05
764162,1,1e-05
764201,1,1e-05
764209,1,1e-05
764210,1,1e-05
764212,1,1e-05
764213,1,1e-05
764225,1,1e-05
764226,1,1e-05
764249,1,1e-05
764252,1,1e-05
764254,1,1e-05
764306,1,1e-05
764336,1,1e-05
764347,1,1e-05
764363,1,1e-05
764419,1,1e-05
764472,1,1e-05
764534,1,1e-05
764611,1,1e-05
764615,1,1e-05
764655,1,1e-05
764761,1,1e-05
764797,1,1e-05
764926,1,1e-05
765019,1,1e-05
765023,1,1e-05
765037,1,1e-05
765065,1,1e-05
765122,1,1e-05
765329,1,1e-05
765390,1,1e-05
765393,1,1e-05
765440,1,1e-05
765579,1,1e-05
765638,1,1e-05
765643,1,1e-05
765807,1,1e-05
765850,1,1e-05
766127,1,1e-05
766138,1,1e-05
766197,1,1e-05
766215,1,1e-05
766228,1,1e-05
766372,1,1e-05
766392,1,1e-05
766425,1,1e-05
766450,1,1e-05
766463,1,1e-05
766469,1,1e-05
766493,1,1e-05
766557,1,1e-05
766578,1,1e-05
766602,1,1e-05
766736,1,1e-05
766746,1,1e-05
767007,1,1e-05
767049,1,1e-05
767129,1,1e-05
767274,1,1e-05
767321,1,1e-05
767371,1,1e-05
767382,1,1e-05
767385,1,1e-05
767423,1,1e-05
767476,1,1e-05
767561,1,1e-05
767589,1,1e-05
767652,1,1e-05
767691,1,1e-05
767700,1,1e-05
767725,1,1e-05
767755,1,1e-05
767784,1,1e-05
767790,1,1e-05
767793,1,1e-05
767818,1,1e-05
767836,1,1e-05
767847,1,1e-05
767848,1,1e-05
767905,1,1e-05
767926,1,1e-05
767929,1,1e-05
768021,1,1e-05
768030,1,1e-05
768075,1,1e-05
768089,1,1e-05
768347,1,1e-05
768417,1,1e-05
768435,1,1e-05
768437,1,1e-05
768446,1,1e-05
768459,1,1e-05
768467,1,1e-05
768600,1,1e-05
768643,1,1e-05
768644,1,1e-05
768654,1,1e-05
768664,1,1e-05
768766,1,1e-05
768827,1,1e-05
768834,1,1e-05
768862,1,1e-05
768958,1,1e-05
768992,1,1e-05
768996,1,1e-05
769007,1,1e-05
769014,1,1e-05
769146,1,1e-05
769179,1,1e-05
769194,1,1e-05
769224,1,1e-05
769228,1,1e-05
769324,1,1e-05
769348,1,1e-05
769454,1,1e-05
769558,1,1e-05
769590,1,1e-05
769611,1,1e-05
769627,1,1e-05
769708,1,1e-05
769717,1,1e-05
769792,1,1e-05
769854,1,1e-05
769927,1,1e-05
770011,1,1e-05
770066,1,1e-05
770077,1,1e-05
770079,1,1e-05
770103,1,1e-05
770118,1,1e-05
770200,1,1e-05
770267,1,1e-05
770275,1,1e-05
770276,1,1e-05
770279,1,1e-05
770297,1,1e-05
770306,1,1e-05
770310,1,1e-05
770320,1,1e-05
770364,1,1e-05
770405,1,1e-05
770447,1,1e-05
770452,1,1e-05
770453,1,1e-05
770534,1,1e-05
770678,1,1e-05
770684,1,1e-05
770705,1,1e-05
770717,1,1e-05
770752,1,1e-05
770852,1,1e-05
770962,1,1e-05
770964,1,1e-05
770984,1,1e-05
771059,1,1e-05
771061,1,1e-05
771066,1,1e-05
771095,1,1e-05
771128,1,1e-05
771168,1,1e-05
771233,1,1e-05
771362,1,1e-05
771635,1,1e-05
771643,1,1e-05
771685,1,1e-05
771734,1,1e-05
771779,1,1e-05
771809,1,1e-05
771923,1,1e-05
772047,1,1e-05
772125,1,1e-05
772214,1,1e-05
772216,1,1e-05
772231,1,1e-05
772316,1,1e-05
772422,1,1e-05
772438,1,1e-05
772534,1,1e-05
772565,1,1e-05
772600,1,1e-05
772631,1,1e-05
772665,1,1e-05
772887,1,1e-05
772919,1,1e-05
773007,1,1e-05
773156,1,1e-05
773168,1,1e-05
773191,1,1e-05
773265,1,1e-05
773266,1,1e-05
773328,1,1e-05
773392,1,1e-05
773414,1,1e-05
773423,1,1e-05
773450,1,1e-05
773452,1,1e-05
773509,1,1e-05
773547,1,1e-05
773618,1,1e-05
773620,1,1e-05
773630,1,1e-05
773631,1,1e-05
773644,1,1e-05
773661,1,1e-05
773667,1,1e-05
773698,1,1e-05
773732,1,1e-05
773759,1,1e-05
773813,1,1e-05
773890,1,1e-05
773914,1,1e-05
773927,1,1e-05
773935,1,1e-05
773965,1,1e-05
773983,1,1e-05
773986,1,1e-05
774080,1,1e-05
774142,1,1e-05
774206,1,1e-05
774290,1,1e-05
774346,1,1e-05
774379,1,1e-05
774415,1,1e-05
774574,1,1e-05
774614,1,1e-05
774643,1,1e-05
774657,1,1e-05
774668,1,1e-05
774710,1,1e-05
774750,1,1e-05
774773,1,1e-05
774814,1,1e-05
774882,1,1e-05
774896,1,1e-05
774914,1,1e-05
774989,1,1e-05
775028,1,1e-05
775035,1,1e-05
775096,1,1e-05
775232,1,1e-05
775256,1,1e-05
775266,1,1e-05
775300,1,1e-05
775301,1,1e-05
775334,1,1e-05
775373,1,1e-05
775378,1,1e-05
775497,1,1e-05
775514,1,1e-05
775555,1,1e-05
775576,1,1e-05
775626,1,1e-05
775643,1,1e-05
775681,1,1e-05
775737,1,1e-05
775767,1,1e-05
775793,1,1e-05
775847,1,1e-05
775915,1,1e-05
775985,1,1e-05
776037,1,1e-05
776091,1,1e-05
776117,1,1e-05
776253,1,1e-05
776321,1,1e-05
776338,1,1e-05
776367,1,1e-05
776454,1,1e-05
776459,1,1e-05
776534,1,1e-05
776541,1,1e-05
776559,1,1e-05
776671,1,1e-05
776684,1,1e-05
776717,1,1e-05
776758,1,1e-05
776933,1,1e-05
776939,1,1e-05
776955,1,1e-05
776989,1,1e-05
777199,1,1e-05
777247,1,1e-05
777280,1,1e-05
777391,1,1e-05
777416,1,1e-05
777423,1,1e-05
777433,1,1e-05
777442,1,1e-05
777447,1,1e-05
777534,1,1e-05
777623,1,1e-05
777653,1,1e-05
777741,1,1e-05
777882,1,1e-05
777904,1,1e-05
777982,1,1e-05
778012,1,1e-05
778019,1,1e-05
778079,1,1e-05
778109,1,1e-05
778123,1,1e-05
778215,1,1e-05
778223,1,1e-05
778242,1,1e-05
778246,1,1e-05
778285,1,1e-05
778319,1,1e-05
778352,1,1e-05
778443,1,1e-05
778476,1,1e-05
778494,1,1e-05
778539,1,1e-05
778715,1,1e-05
778768,1,1e-05
778783,1,1e-05
778797,1,1e-05
778868,1,1e-05
778877,1,1e-05
778938,1,1e-05
778957,1,1e-05
778991,1,1e-05
779021,1,1e-05
779058,1,1e-05
779068,1,1e-05
779231,1,1e-05
779269,1,1e-05
779285,1,1e-05
779331,1,1e-05
779367,1,1e-05
779376,1,1e-05
779402,1,1e-05
779490,1,1e-05
779496,1,1e-05
779514,1,1e-05
779527,1,1e-05
779541,1,1e-05
779727,1,1e-05
779828,1,1e-05
779835,1,1e-05
779838,1,1e-05
779870,1,1e-05
779950,1,1e-05
780024,1,1e-05
780068,1,1e-05
780073,1,1e-05
780079,1,1e-05
780111,1,1e-05
780171,1,1e-05
780216,1,1e-05
780263,1,1e-05
780302,1,1e-05
780335,1,1e-05
780379,1,1e-05
780399,1,1e-05
780409,1,1e-05
780475,1,1e-05
780510,1,1e-05
780516,1,1e-05
780545,1,1e-05
780551,1,1e-05
780584,1,1e-05
780734,1,1e-05
780757,1,1e-05
780788,1,1e-05
780869,1,1e-05
780929,1,1e-05
780954,1,1e-05
780986,1,1e-05
781013,1,1e-05
781028,1,1e-05
781070,1,1e-05
781147,1,1e-05
781191,1,1e-05
781208,1,1e-05
781235,1,1e-05
781251,1,1e-05
781281,1,1e-05
781346,1,1e-05
781365,1,1e-05
781369,1,1e-05
781406,1,1e-05
781439,1,1e-05
781484,1,1e-05
781514,1,1e-05
781526,1,1e-05
781562,1,1e-05
781575,1,1e-05
781625,1,1e-05
781643,1,1e-05
781783,1,1e-05
781789,1,1e-05
781812,1,1e-05
781923,1,1e-05
781981,1,1e-05
782000,1,1e-05
782017,1,1e-05
782025,1,1e-05
782105,1,1e-05
782116,1,1e-05
782139,1,1e-05
782142,1,1e-05
782156,1,1e-05
782232,1,1e-05
782247,1,1e-05
782289,1,1e-05
782334,1,1e-05
782447,1,1e-05
782458,1,1e-05
782533,1,1e-05
782550,1,1e-05
782589,1,1e-05
782602,1,1e-05
782615,1,1e-05
782660,1,1e-05
782822,1,1e-05
782889,1,1e-05
782947,1,1e-05
782964,1,1e-05
783001,1,1e-05
783011,1,1e-05
783041,1,1e-05
783066,1,1e-05
783097,1,1e-05
783174,1,1e-05
783186,1,1e-05
783207,1,1e-05
783250,1,1e-05
783270,1,1e-05
783273,1,1e-05
783278,1,1e-05
783314,1,1e-05
783319,1,1e-05
783340,1,1e-05
783347,1,1e-05
783407,1,1e-05
783496,1,1e-05
783533,1,1e-05
783564,1,1e-05
783586,1,1e-05
783591,1,1e-05
783662,1,1e-05
783761,1,1e-05
783808,1,1e-05
783817,1,1e-05
783882,1,1e-05
783904,1,1e-05
784143,1,1e-05
784203,1,1e-05
784291,1,1e-05
784324,1,1e-05
784330,1,1e-05
784345,1,1e-05
784464,1,1e-05
784551,1,1e-05
784594,1,1e-05
784652,1,1e-05
784716,1,1e-05
784769,1,1e-05
784779,1,1e-05
784794,1,1e-05
784813,1,1e-05
784829,1,1e-05
784896,1,1e-05
784908,1,1e-05
784934,1,1e-05
784975,1,1e-05
785049,1,1e-05
785096,1,1e-05
785127,1,1e-05
785215,1,1e-05
785234,1,1e-05
785300,1,1e-05
785311,1,1e-05
785327,1,1e-05
785364,1,1e-05
785366,1,1e-05
785405,1,1e-05
785470,1,1e-05
785489,1,1e-05
785506,1,1e-05
785619,1,1e-05
785675,1,1e-05
785710,1,1e-05
785734,1,1e-05
785779,1,1e-05
785802,1,1e-05
785831,1,1e-05
785844,1,1e-05
785884,1,1e-05
785886,1,1e-05
785933,1,1e-05
785944,1,1e-05
785966,1,1e-05
786103,1,1e-05
786147,1,1e-05
786206,1,1e-05
786255,1,1e-05
786267,1,1e-05
786320,1,1e-05
786400,1,1e-05
786424,1,1e-05
786450,1,1e-05
786476,1,1e-05
786585,1,1e-05
786591,1,1e-05
786715,1,1e-05
786835,1,1e-05
786873,1,1e-05
786874,1,1e-05
786902,1,1e-05
786930,1,1e-05
786974,1,1e-05
787042,1,1e-05
787057,1,1e-05
787075,1,1e-05
787101,1,1e-05
787159,1,1e-05
787275,1,1e-05
787276,1,1e-05
787291,1,1e-05
787348,1,1e-05
787411,1,1e-05
787491,1,1e-05
787495,1,1e-05
787568,1,1e-05
787578,1,1e-05
787589,1,1e-05
787598,1,1e-05
787699,1,1e-05
787744,1,1e-05
787769,1,1e-05
787874,1,1e-05
787929,1,1e-05
787941,1,1e-05
787954,1,1e-05
788030,1,1e-05
788050,1,1e-05
788081,1,1e-05
788114,1,1e-05
788145,1,1e-05
788226,1,1e-05
788302,1,1e-05
788353,1,1e-05
788529,1,1e-05
788616,1,1e-05
788784,1,1e-05
788789,1,1e-05
788884,1,1e-05
788925,1,1e-05
788947,1,1e-05
788995,1,1e-05
789062,1,1e-05
789117,1,1e-05
789135,1,1e-05
789164,1,1e-05
789208,1,1e-05
789239,1,1e-05
789292,1,1e-05
789327,1,1e-05
789332,1,1e-05
789364,1,1e-05
789410,1,1e-05
789467,1,1e-05
789475,1,1e-05
789491,1,1e-05
789509,1,1e-05
789552,1,1e-05
789587,1,1e-05
789599,1,1e-05
789675,1,1e-05
789697,1,1e-05
789921,1,1e-05
790023,1,1e-05
790048,1,1e-05
790069,1,1e-05
790118,1,1e-05
790141,1,1e-05
790195,1,1e-05
790286,1,1e-05
790295,1,1e-05
790300,1,1e-05
790359,1,1e-05
790521,1,1e-05
790533,1,1e-05
790572,1,1e-05
790655,1,1e-05
790710,1,1e-05
790788,1,1e-05
790792,1,1e-05
790795,1,1e-05
790806,1,1e-05
790863,1,1e-05
790969,1,1e-05
790983,1,1e-05
791037,1,1e-05
791044,1,1e-05
791090,1,1e-05
791095,1,1e-05
791213,1,1e-05
791214,1,1e-05
791271,1,1e-05
791294,1,1e-05
791297,1,1e-05
791328,1,1e-05
791378,1,1e-05
791380,1,1e-05
791381,1,1e-05
791434,1,1e-05
791460,1,1e-05
791479,1,1e-05
791533,1,1e-05
791540,1,1e-05
791596,1,1e-05
791605,1,1e-05
791624,1,1e-05
791638,1,1e-05
791735,1,1e-05
791765,1,1e-05
791871,1,1e-05
791916,1,1e-05
791933,1,1e-05
791975,1,1e-05
792030,1,1e-05
792143,1,1e-05
792152,1,1e-05
792204,1,1e-05
792297,1,1e-05
792429,1,1e-05
792453,1,1e-05
792549,1,1e-05
792571,1,1e-05
792617,1,1e-05
792621,1,1e-05
792759,1,1e-05
792785,1,1e-05
792794,1,1e-05
792892,1,1e-05
792910,1,1e-05
792911,1,1e-05
793035,1,1e-05
793204,1,1e-05
793274,1,1e-05
793343,1,1e-05
793423,1,1e-05
793439,1,1e-05
793454,1,1e-05
793517,1,1e-05
793554,1,1e-05
793592,1,1e-05
793627,1,1e-05
793660,1,1e-05
793870,1,1e-05
793879,1,1e-05
793907,1,1e-05
793959,1,1e-05
793990,1,1e-05
793997,1,1e-05
794028,1,1e-05
794139,1,1e-05
794193,1,1e-05
794239,1,1e-05
794348,1,1e-05
794420,1,1e-05
794474,1,1e-05
794616,1,1e-05
794665,1,1e-05
794689,1,1e-05
794787,1,1e-05
794791,1,1e-05
795027,1,1e-05
795049,1,1e-05
795099,1,1e-05
795100,1,1e-05
795199,1,1e-05
795218,1,1e-05
795226,1,1e-05
795235,1,1e-05
795248,1,1e-05
795284,1,1e-05
795285,1,1e-05
795292,1,1e-05
795299,1,1e-05
795344,1,1e-05
795379,1,1e-05
795458,1,1e-05
795496,1,1e-05
795556,1,1e-05
795802,1,1e-05
795845,1,1e-05
795846,1,1e-05
795894,1,1e-05
795975,1,1e-05
795995,1,1e-05
796066,1,1e-05
796070,1,1e-05
796084,1,1e-05
796124,1,1e-05
796140,1,1e-05
796152,1,1e-05
796188,1,1e-05
796223,1,1e-05
796233,1,1e-05
796241,1,1e-05
796279,1,1e-05
796358,1,1e-05
796445,1,1e-05
796473,1,1e-05
796516,1,1e-05
796579,1,1e-05
796594,1,1e-05
796598,1,1e-05
796601,1,1e-05
796602,1,1e-05
796650,1,1e-05
796652,1,1e-05
796656,1,1e-05
796660,1,1e-05
796760,1,1e-05
796875,1,1e-05
797003,1,1e-05
797007,1,1e-05
797012,1,1e-05
797017,1,1e-05
797049,1,1e-05
797178,1,1e-05
797365,1,1e-05
797367,1,1e-05
797423,1,1e-05
797429,1,1e-05
797435,1,1e-05
797623,1,1e-05
797711,1,1e-05
797916,1,1e-05
797934,1,1e-05
797970,1,1e-05
798021,1,1e-05
798049,1,1e-05
798109,1,1e-05
798112,1,1e-05
798127,1,1e-05
798142,1,1e-05
798199,1,1e-05
798245,1,1e-05
798247,1,1e-05
798269,1,1e-05
798341,1,1e-05
798437,1,1e-05
798462,1,1e-05
798474,1,1e-05
798638,1,1e-05
798648,1,1e-05
798657,1,1e-05
798791,1,1e-05
798806,1,1e-05
798838,1,1e-05
798938,1,1e-05
798975,1,1e-05
798983,1,1e-05
799011,1,1e-05
799013,1,1e-05
799065,1,1e-05
799072,1,1e-05
799126,1,1e-05
799185,1,1e-05
799270,1,1e-05
799348,1,1e-05
799357,1,1e-05
799407,1,1e-05
799454,1,1e-05
799511,1,1e-05
799599,1,1e-05
799624,1,1e-05
799709,1,1e-05
799759,1,1e-05
799775,1,1e-05
799786,1,1e-05
799872,1,1e-05
799895,1,1e-05
799933,1,1e-05
799965,1,1e-05
799977,1,1e-05
800025,1,1e-05
800028,1,1e-05
800057,1,1e-05
800097,1,1e-05
800107,1,1e-05
800130,1,1e-05
800149,1,1e-05
800155,1,1e-05
800157,1,1e-05
800183,1,1e-05
800216,1,1e-05
800345,1,1e-05
800384,1,1e-05
800404,1,1e-05
800405,1,1e-05
800429,1,1e-05
800433,1,1e-05
800492,1,1e-05
800530,1,1e-05
800547,1,1e-05
800554,1,1e-05
800569,1,1e-05
800585,1,1e-05
800696,1,1e-05
800727,1,1e-05
800829,1,1e-05
800943,1,1e-05
801075,1,1e-05
801164,1,1e-05
801352,1,1e-05
801415,1,1e-05
801417,1,1e-05
801451,1,1e-05
801462,1,1e-05
801579,1,1e-05
801635,1,1e-05
801690,1,1e-05
801733,1,1e-05
801857,1,1e-05
801913,1,1e-05
801924,1,1e-05
801935,1,1e-05
802002,1,1e-05
802119,1,1e-05
802139,1,1e-05
802320,1,1e-05
802325,1,1e-05
802327,1,1e-05
802347,1,1e-05
802421,1,1e-05
802546,1,1e-05
802579,1,1e-05
802640,1,1e-05
802661,1,1e-05
802728,1,1e-05
802758,1,1e-05
802764,1,1e-05
802784,1,1e-05
802828,1,1e-05
802833,1,1e-05
802849,1,1e-05
802869,1,1e-05
802928,1,1e-05
802981,1,1e-05
803042,1,1e-05
803058,1,1e-05
803088,1,1e-05
803120,1,1e-05
803168,1,1e-05
803178,1,1e-05
803185,1,1e-05
803384,1,1e-05
803490,1,1e-05
803533,1,1e-05
803566,1,1e-05
803636,1,1e-05
803637,1,1e-05
803644,1,1e-05
803647,1,1e-05
803709,1,1e-05
803724,1,1e-05
803759,1,1e-05
803770,1,1e-05
803806,1,1e-05
803868,1,1e-05
803920,1,1e-05
803921,1,1e-05
803940,1,1e-05
803974,1,1e-05
804065,1,1e-05
804073,1,1e-05
804092,1,1e-05
804115,1,1e-05
804126,1,1e-05
804162,1,1e-05
804169,1,1e-05
804173,1,1e-05
804234,1,1e-05
804257,1,1e-05
804263,1,1e-05
804308,1,1e-05
804323,1,1e-05
804357,1,1e-05
804395,1,1e-05
804433,1,1e-05
804487,1,1e-05
804504,1,1e-05
804515,1,1e-05
804586,1,1e-05
804600,1,1e-05
804603,1,1e-05
804624,1,1e-05
804667,1,1e-05
804684,1,1e-05
804711,1,1e-05
804721,1,1e-05
804731,1,1e-05
804742,1,1e-05
804918,1,1e-05
804943,1,1e-05
804976,1,1e-05
804990,1,1e-05
805068,1,1e-05
805115,1,1e-05
805186,1,1e-05
805285,1,1e-05
805305,1,1e-05
805481,1,1e-05
805484,1,1e-05
805521,1,1e-05
805529,1,1e-05
805556,1,1e-05
805661,1,1e-05
805684,1,1e-05
805687,1,1e-05
805731,1,1e-05
805761,1,1e-05
805849,1,1e-05
806035,1,1e-05
806052,1,1e-05
806135,1,1e-05
806142,1,1e-05
806162,1,1e-05
806189,1,1e-05
806220,1,1e-05
806366,1,1e-05
806396,1,1e-05
806463,1,1e-05
806521,1,1e-05
806589,1,1e-05
806605,1,1e-05
806624,1,1e-05
806674,1,1e-05
806720,1,1e-05
806747,1,1e-05
806807,1,1e-05
806946,1,1e-05
806953,1,1e-05
806956,1,1e-05
806959,1,1e-05
807034,1,1e-05
807111,1,1e-05
807112,1,1e-05
807113,1,1e-05
807141,1,1e-05
807150,1,1e-05
807180,1,1e-05
807187,1,1e-05
807278,1,1e-05
807309,1,1e-05
807335,1,1e-05
807363,1,1e-05
807394,1,1e-05
807425,1,1e-05
807455,1,1e-05
807553,1,1e-05
807595,1,1e-05
807616,1,1e-05
807680,1,1e-05
807713,1,1e-05
807789,1,1e-05
807985,1,1e-05
808065,1,1e-05
808070,1,1e-05
808108,1,1e-05
808124,1,1e-05
808132,1,1e-05
808159,1,1e-05
808205,1,1e-05
808243,1,1e-05
808278,1,1e-05
808409,1,1e-05
808430,1,1e-05
808475,1,1e-05
808515,1,1e-05
808554,1,1e-05
808562,1,1e-05
808564,1,1e-05
808571,1,1e-05
808584,1,1e-05
808697,1,1e-05
808735,1,1e-05
808840,1,1e-05
808858,1,1e-05
808889,1,1e-05
808906,1,1e-05
808973,1,1e-05
809026,1,1e-05
809134,1,1e-05
809198,1,1e-05
809227,1,1e-05
809280,1,1e-05
809399,1,1e-05
809414,1,1e-05
809446,1,1e-05
809465,1,1e-05
809471,1,1e-05
809496,1,1e-05
809512,1,1e-05
809549,1,1e-05
809605,1,1e-05
809629,1,1e-05
809635,1,1e-05
809663,1,1e-05
809679,1,1e-05
809785,1,1e-05
809809,1,1e-05
809985,1,1e-05
810009,1,1e-05
810024,1,1e-05
810058,1,1e-05
810104,1,1e-05
810140,1,1e-05
810219,1,1e-05
810291,1,1e-05
810327,1,1e-05
810331,1,1e-05
810400,1,1e-05
810449,1,1e-05
810487,1,1e-05
810490,1,1e-05
810616,1,1e-05
810655,1,1e-05
810724,1,1e-05
810749,1,1e-05
810760,1,1e-05
810857,1,1e-05
810860,1,1e-05
810883,1,1e-05
810886,1,1e-05
810904,1,1e-05
810951,1,1e-05
810959,1,1e-05
811026,1,1e-05
811102,1,1e-05
811150,1,1e-05
811193,1,1e-05
811320,1,1e-05
811326,1,1e-05
811383,1,1e-05
811457,1,1e-05
811520,1,1e-05
811619,1,1e-05
811622,1,1e-05
811720,1,1e-05
811735,1,1e-05
811785,1,1e-05
811790,1,1e-05
811799,1,1e-05
811839,1,1e-05
811843,1,1e-05
811878,1,1e-05
811988,1,1e-05
812004,1,1e-05
812023,1,1e-05
812046,1,1e-05
812105,1,1e-05
812114,1,1e-05
812131,1,1e-05
812152,1,1e-05
812203,1,1e-05
812219,1,1e-05
812222,1,1e-05
812247,1,1e-05
812257,1,1e-05
812365,1,1e-05
812574,1,1e-05
812607,1,1e-05
812939,1,1e-05
812965,1,1e-05
813070,1,1e-05
813155,1,1e-05
813197,1,1e-05
813259,1,1e-05
813308,1,1e-05
813432,1,1e-05
813463,1,1e-05
813504,1,1e-05
813506,1,1e-05
813571,1,1e-05
813604,1,1e-05
813641,1,1e-05
813652,1,1e-05
813667,1,1e-05
813694,1,1e-05
813712,1,1e-05
813808,1,1e-05
813965,1,1e-05
813969,1,1e-05
813970,1,1e-05
813976,1,1e-05
814024,1,1e-05
814057,1,1e-05
814061,1,1e-05
814128,1,1e-05
814160,1,1e-05
814292,1,1e-05
814355,1,1e-05
814395,1,1e-05
814519,1,1e-05
814565,1,1e-05
814586,1,1e-05
814720,1,1e-05
814868,1,1e-05
814932,1,1e-05
815115,1,1e-05
815184,1,1e-05
815189,1,1e-05
815199,1,1e-05
815220,1,1e-05
815234,1,1e-05
815277,1,1e-05
815380,1,1e-05
815392,1,1e-05
815399,1,1e-05
815455,1,1e-05
815520,1,1e-05
815572,1,1e-05
815618,1,1e-05
815680,1,1e-05
815703,1,1e-05
815720,1,1e-05
815789,1,1e-05
815828,1,1e-05
815831,1,1e-05
815898,1,1e-05
815922,1,1e-05
815939,1,1e-05
815962,1,1e-05
815972,1,1e-05
815974,1,1e-05
815987,1,1e-05
815989,1,1e-05
816043,1,1e-05
816048,1,1e-05
816091,1,1e-05
816102,1,1e-05
816118,1,1e-05
816171,1,1e-05
816217,1,1e-05
816244,1,1e-05
816249,1,1e-05
816325,1,1e-05
816338,1,1e-05
816358,1,1e-05
816373,1,1e-05
816406,1,1e-05
816463,1,1e-05
816556,1,1e-05
816674,1,1e-05
816711,1,1e-05
816719,1,1e-05
816738,1,1e-05
816749,1,1e-05
816758,1,1e-05
816823,1,1e-05
816851,1,1e-05
816878,1,1e-05
816881,1,1e-05
816908,1,1e-05
816928,1,1e-05
816963,1,1e-05
817167,1,1e-05
817236,1,1e-05
817258,1,1e-05
817270,1,1e-05
817283,1,1e-05
817327,1,1e-05
817351,1,1e-05
817356,1,1e-05
817387,1,1e-05
817486,1,1e-05
817503,1,1e-05
817505,1,1e-05
817531,1,1e-05
817546,1,1e-05
817594,1,1e-05
817711,1,1e-05
817773,1,1e-05
817790,1,1e-05
817793,1,1e-05
817819,1,1e-05
817871,1,1e-05
817874,1,1e-05
817878,1,1e-05
817928,1,1e-05
817981,1,1e-05
818103,1,1e-05
818107,1,1e-05
818254,1,1e-05
818320,1,1e-05
818398,1,1e-05
818551,1,1e-05
818570,1,1e-05
818600,1,1e-05
818632,1,1e-05
818701,1,1e-05
818706,1,1e-05
818726,1,1e-05
818730,1,1e-05
818753,1,1e-05
818812,1,1e-05
818871,1,1e-05
818884,1,1e-05
818986,1,1e-05
818996,1,1e-05
819023,1,1e-05
819042,1,1e-05
819103,1,1e-05
819125,1,1e-05
819245,1,1e-05
819304,1,1e-05
819371,1,1e-05
819392,1,1e-05
819509,1,1e-05
819528,1,1e-05
819561,1,1e-05
819595,1,1e-05
819664,1,1e-05
819667,1,1e-05
819748,1,1e-05
819771,1,1e-05
819806,1,1e-05
819833,1,1e-05
819850,1,1e-05
819895,1,1e-05
819945,1,1e-05
819959,1,1e-05
819969,1,1e-05
819970,1,1e-05
820039,1,1e-05
820099,1,1e-05
820138,1,1e-05
820289,1,1e-05
820291,1,1e-05
820318,1,1e-05
820341,1,1e-05
820472,1,1e-05
820652,1,1e-05
820692,1,1e-05
820769,1,1e-05
820934,1,1e-05
820940,1,1e-05
820951,1,1e-05
821010,1,1e-05
821015,1,1e-05
821103,1,1e-05
821163,1,1e-05
821220,1,1e-05
821242,1,1e-05
821271,1,1e-05
821279,1,1e-05
821314,1,1e-05
821315,1,1e-05
821327,1,1e-05
821385,1,1e-05
821426,1,1e-05
821454,1,1e-05
821470,1,1e-05
821474,1,1e-05
821483,1,1e-05
821512,1,1e-05
821555,1,1e-05
821578,1,1e-05
821607,1,1e-05
821713,1,1e-05
821772,1,1e-05
821959,1,1e-05
821977,1,1e-05
821994,1,1e-05
822014,1,1e-05
822046,1,1e-05
822092,1,1e-05
822149,1,1e-05
822209,1,1e-05
822228,1,1e-05
822245,1,1e-05
822281,1,1e-05
822285,1,1e-05
822343,1,1e-05
822365,1,1e-05
822375,1,1e-05
822382,1,1e-05
822406,1,1e-05
822429,1,1e-05
822476,1,1e-05
822490,1,1e-05
822535,1,1e-05
822553,1,1e-05
822623,1,1e-05
822783,1,1e-05
822826,1,1e-05
822839,1,1e-05
822862,1,1e-05
822875,1,1e-05
822880,1,1e-05
822943,1,1e-05
823021,1,1e-05
823062,1,1e-05
823142,1,1e-05
823222,1,1e-05
823233,1,1e-05
823273,1,1e-05
823325,1,1e-05
823345,1,1e-05
823380,1,1e-05
823393,1,1e-05
823408,1,1e-05
823432,1,1e-05
823476,1,1e-05
823487,1,1e-05
823558,1,1e-05
823571,1,1e-05
823575,1,1e-05
823581,1,1e-05
823645,1,1e-05
823647,1,1e-05
823674,1,1e-05
823690,1,1e-05
823734,1,1e-05
823738,1,1e-05
823743,1,1e-05
823792,1,1e-05
823841,1,1e-05
823856,1,1e-05
823958,1,1e-05
823970,1,1e-05
823980,1,1e-05
824021,1,1e-05
824036,1,1e-05
824049,1,1e-05
824071,1,1e-05
824083,1,1e-05
824119,1,1e-05
824167,1,1e-05
824231,1,1e-05
824286,1,1e-05
824340,1,1e-05
824365,1,1e-05
824409,1,1e-05
824501,1,1e-05
824540,1,1e-05
824636,1,1e-05
824643,1,1e-05
824645,1,1e-05
824652,1,1e-05
824896,1,1e-05
824907,1,1e-05
824915,1,1e-05
824935,1,1e-05
824962,1,1e-05
824995,1,1e-05
825067,1,1e-05
825083,1,1e-05
825103,1,1e-05
825116,1,1e-05
825124,1,1e-05
825129,1,1e-05
825148,1,1e-05
825154,1,1e-05
825184,1,1e-05
825226,1,1e-05
825246,1,1e-05
825251,1,1e-05
825269,1,1e-05
825305,1,1e-05
825316,1,1e-05
825463,1,1e-05
825583,1,1e-05
825592,1,1e-05
825654,1,1e-05
825663,1,1e-05
825676,1,1e-05
825737,1,1e-05
825764,1,1e-05
825842,1,1e-05
825866,1,1e-05
825996,1,1e-05
826024,1,1e-05
826097,1,1e-05
826225,1,1e-05
826231,1,1e-05
826234,1,1e-05
826263,1,1e-05
826333,1,1e-05
826422,1,1e-05
826455,1,1e-05
826476,1,1e-05
826534,1,1e-05
826556,1,1e-05
826557,1,1e-05
826695,1,1e-05
826733,1,1e-05
826798,1,1e-05
826947,1,1e-05
826980,1,1e-05
826982,1,1e-05
826988,1,1e-05
826989,1,1e-05
827038,1,1e-05
827073,1,1e-05
827090,1,1e-05
827121,1,1e-05
827154,1,1e-05
827156,1,1e-05
827158,1,1e-05
827175,1,1e-05
827188,1,1e-05
827212,1,1e-05
827249,1,1e-05
827297,1,1e-05
827319,1,1e-05
827352,1,1e-05
827358,1,1e-05
827410,1,1e-05
827476,1,1e-05
827521,1,1e-05
827569,1,1e-05
827579,1,1e-05
827604,1,1e-05
827620,1,1e-05
827626,1,1e-05
827652,1,1e-05
827687,1,1e-05
827701,1,1e-05
827721,1,1e-05
827788,1,1e-05
827884,1,1e-05
827930,1,1e-05
827939,1,1e-05
827982,1,1e-05
827984,1,1e-05
828065,1,1e-05
828067,1,1e-05
828101,1,1e-05
828130,1,1e-05
828181,1,1e-05
828228,1,1e-05
828229,1,1e-05
828262,1,1e-05
828344,1,1e-05
828383,1,1e-05
828467,1,1e-05
828491,1,1e-05
828564,1,1e-05
828603,1,1e-05
828630,1,1e-05
828659,1,1e-05
828790,1,1e-05
828791,1,1e-05
828796,1,1e-05
828844,1,1e-05
828906,1,1e-05
828925,1,1e-05
828928,1,1e-05
828990,1,1e-05
829029,1,1e-05
829053,1,1e-05
829079,1,1e-05
829085,1,1e-05
829089,1,1e-05
829112,1,1e-05
829130,1,1e-05
829165,1,1e-05
829180,1,1e-05
829232,1,1e-05
829235,1,1e-05
829276,1,1e-05
829282,1,1e-05
829384,1,1e-05
829420,1,1e-05
829422,1,1e-05
829432,1,1e-05
829494,1,1e-05
829517,1,1e-05
829527,1,1e-05
829571,1,1e-05
829585,1,1e-05
829754,1,1e-05
829776,1,1e-05
829792,1,1e-05
829828,1,1e-05
829868,1,1e-05
829915,1,1e-05
830039,1,1e-05
830060,1,1e-05
830062,1,1e-05
830086,1,1e-05
830092,1,1e-05
830093,1,1e-05
830126,1,1e-05
830165,1,1e-05
830172,1,1e-05
830184,1,1e-05
830196,1,1e-05
830203,1,1e-05
830222,1,1e-05
830228,1,1e-05
830241,1,1e-05
830244,1,1e-05
830264,1,1e-05
830269,1,1e-05
830285,1,1e-05
830307,1,1e-05
830339,1,1e-05
830370,1,1e-05
830392,1,1e-05
830458,1,1e-05
830482,1,1e-05
830541,1,1e-05
830584,1,1e-05
830679,1,1e-05
830694,1,1e-05
830696,1,1e-05
830828,1,1e-05
830859,1,1e-05
830948,1,1e-05
830973,1,1e-05
831113,1,1e-05
831176,1,1e-05
831207,1,1e-05
831275,1,1e-05
831284,1,1e-05
831295,1,1e-05
831305,1,1e-05
831379,1,1e-05
831416,1,1e-05
831435,1,1e-05
831486,1,1e-05
831542,1,1e-05
831547,1,1e-05
831553,1,1e-05
831572,1,1e-05
831573,1,1e-05
831627,1,1e-05
831713,1,1e-05
831779,1,1e-05
831813,1,1e-05
831845,1,1e-05
831896,1,1e-05
831902,1,1e-05
831935,1,1e-05
831993,1,1e-05
832022,1,1e-05
832037,1,1e-05
832046,1,1e-05
832109,1,1e-05
832138,1,1e-05
832170,1,1e-05
832336,1,1e-05
832369,1,1e-05
832376,1,1e-05
832414,1,1e-05
832432,1,1e-05
832469,1,1e-05
832495,1,1e-05
832508,1,1e-05
832525,1,1e-05
832540,1,1e-05
832590,1,1e-05
832618,1,1e-05
832791,1,1e-05
832807,1,1e-05
832822,1,1e-05
832826,1,1e-05
832831,1,1e-05
832838,1,1e-05
832839,1,1e-05
832842,1,1e-05
832881,1,1e-05
832952,1,1e-05
832998,1,1e-05
833001,1,1e-05
833047,1,1e-05
833139,1,1e-05
833206,1,1e-05
833221,1,1e-05
833365,1,1e-05
833368,1,1e-05
833441,1,1e-05
833451,1,1e-05
833485,1,1e-05
833520,1,1e-05
833689,1,1e-05
833711,1,1e-05
833780,1,1e-05
833809,1,1e-05
833950,1,1e-05
833953,1,1e-05
834042,1,1e-05
834097,1,1e-05
834161,1,1e-05
834174,1,1e-05
834228,1,1e-05
834252,1,1e-05
834306,1,1e-05
834328,1,1e-05
834355,1,1e-05
834418,1,1e-05
834424,1,1e-05
834452,1,1e-05
834455,1,1e-05
834458,1,1e-05
834473,1,1e-05
834493,1,1e-05
834506,1,1e-05
834514,1,1e-05
834619,1,1e-05
834638,1,1e-05
834736,1,1e-05
834737,1,1e-05
834758,1,1e-05
834898,1,1e-05
834904,1,1e-05
834913,1,1e-05
834926,1,1e-05
834952,1,1e-05
834987,1,1e-05
835000,1,1e-05
835083,1,1e-05
835153,1,1e-05
835177,1,1e-05
835217,1,1e-05
835229,1,1e-05
835298,1,1e-05
835324,1,1e-05
835395,1,1e-05
835419,1,1e-05
835459,1,1e-05
835461,1,1e-05
835480,1,1e-05
835701,1,1e-05
835719,1,1e-05
835744,1,1e-05
835839,1,1e-05
835853,1,1e-05
835864,1,1e-05
835904,1,1e-05
835920,1,1e-05
835933,1,1e-05
835949,1,1e-05
835955,1,1e-05
835977,1,1e-05
835981,1,1e-05
836085,1,1e-05
836142,1,1e-05
836270,1,1e-05
836317,1,1e-05
836328,1,1e-05
836345,1,1e-05
836346,1,1e-05
836385,1,1e-05
836390,1,1e-05
836403,1,1e-05
836427,1,1e-05
836511,1,1e-05
836514,1,1e-05
836544,1,1e-05
836588,1,1e-05
836602,1,1e-05
836651,1,1e-05
836664,1,1e-05
836711,1,1e-05
836797,1,1e-05
836806,1,1e-05
836886,1,1e-05
836933,1,1e-05
836959,1,1e-05
836961,1,1e-05
836993,1,1e-05
837003,1,1e-05
837116,1,1e-05
837125,1,1e-05
837135,1,1e-05
837145,1,1e-05
837167,1,1e-05
837174,1,1e-05
837232,1,1e-05
837400,1,1e-05
837477,1,1e-05
837533,1,1e-05
837538,1,1e-05
837586,1,1e-05
837641,1,1e-05
837828,1,1e-05
837872,1,1e-05
837904,1,1e-05
838007,1,1e-05
838017,1,1e-05
838243,1,1e-05
838285,1,1e-05
838330,1,1e-05
838337,1,1e-05
838341,1,1e-05
838349,1,1e-05
838366,1,1e-05
838394,1,1e-05
838395,1,1e-05
838397,1,1e-05
838465,1,1e-05
838470,1,1e-05
838512,1,1e-05
838617,1,1e-05
838641,1,1e-05
838649,1,1e-05
838653,1,1e-05
838742,1,1e-05
838769,1,1e-05
838803,1,1e-05
839020,1,1e-05
839088,1,1e-05
839097,1,1e-05
839192,1,1e-05
839300,1,1e-05
839342,1,1e-05
839355,1,1e-05
839395,1,1e-05
839465,1,1e-05
839554,1,1e-05
839627,1,1e-05
839628,1,1e-05
839638,1,1e-05
839658,1,1e-05
839693,1,1e-05
839710,1,1e-05
839805,1,1e-05
839879,1,1e-05
839888,1,1e-05
840001,1,1e-05
840005,1,1e-05
840076,1,1e-05
840078,1,1e-05
840095,1,1e-05
840145,1,1e-05
840153,1,1e-05
840192,1,1e-05
840237,1,1e-05
840257,1,1e-05
840266,1,1e-05
840341,1,1e-05
840417,1,1e-05
840480,1,1e-05
840510,1,1e-05
840551,1,1e-05
840596,1,1e-05
840598,1,1e-05
840707,1,1e-05
840739,1,1e-05
840813,1,1e-05
840907,1,1e-05
840916,1,1e-05
840960,1,1e-05
841001,1,1e-05
841033,1,1e-05
841119,1,1e-05
841124,1,1e-05
841165,1,1e-05
841187,1,1e-05
841194,1,1e-05
841218,1,1e-05
841252,1,1e-05
841295,1,1e-05
841339,1,1e-05
841343,1,1e-05
841415,1,1e-05
841424,1,1e-05
841582,1,1e-05
841595,1,1e-05
841614,1,1e-05
841666,1,1e-05
841693,1,1e-05
841740,1,1e-05
841765,1,1e-05
841792,1,1e-05
841840,1,1e-05
841945,1,1e-05
841947,1,1e-05
841990,1,1e-05
842287,1,1e-05
842351,1,1e-05
842379,1,1e-05
842636,1,1e-05
842657,1,1e-05
842664,1,1e-05
842678,1,1e-05
842706,1,1e-05
842731,1,1e-05
842746,1,1e-05
842798,1,1e-05
842862,1,1e-05
842875,1,1e-05
843001,1,1e-05
843055,1,1e-05
843058,1,1e-05
843067,1,1e-05
843085,1,1e-05
843090,1,1e-05
843118,1,1e-05
843143,1,1e-05
843148,1,1e-05
843173,1,1e-05
843189,1,1e-05
843272,1,1e-05
843345,1,1e-05
843373,1,1e-05
843391,1,1e-05
843438,1,1e-05
843458,1,1e-05
843484,1,1e-05
843531,1,1e-05
843542,1,1e-05
843577,1,1e-05
843613,1,1e-05
843663,1,1e-05
843670,1,1e-05
843893,1,1e-05
844032,1,1e-05
844037,1,1e-05
844113,1,1e-05
844137,1,1e-05
844275,1,1e-05
844361,1,1e-05
844387,1,1e-05
844428,1,1e-05
844481,1,1e-05
844484,1,1e-05
844522,1,1e-05
844577,1,1e-05
844642,1,1e-05
844685,1,1e-05
844797,1,1e-05
844819,1,1e-05
844848,1,1e-05
844915,1,1e-05
845026,1,1e-05
845072,1,1e-05
845089,1,1e-05
845093,1,1e-05
845097,1,1e-05
845136,1,1e-05
845146,1,1e-05
845251,1,1e-05
845282,1,1e-05
845288,1,1e-05
845324,1,1e-05
845386,1,1e-05
845389,1,1e-05
845435,1,1e-05
845531,1,1e-05
845539,1,1e-05
845602,1,1e-05
845640,1,1e-05
845680,1,1e-05
845720,1,1e-05
845730,1,1e-05
845767,1,1e-05
845857,1,1e-05
845872,1,1e-05
845937,1,1e-05
845961,1,1e-05
845968,1,1e-05
846005,1,1e-05
846014,1,1e-05
846116,1,1e-05
846120,1,1e-05
846153,1,1e-05
846216,1,1e-05
846272,1,1e-05
846282,1,1e-05
846292,1,1e-05
846305,1,1e-05
846311,1,1e-05
846317,1,1e-05
846377,1,1e-05
846399,1,1e-05
846424,1,1e-05
846445,1,1e-05
846537,1,1e-05
846551,1,1e-05
846641,1,1e-05
846668,1,1e-05
846675,1,1e-05
846699,1,1e-05
846703,1,1e-05
846712,1,1e-05
846723,1,1e-05
846761,1,1e-05
846762,1,1e-05
846785,1,1e-05
846819,1,1e-05
846822,1,1e-05
846859,1,1e-05
846867,1,1e-05
847160,1,1e-05
847222,1,1e-05
847223,1,1e-05
847345,1,1e-05
847351,1,1e-05
847389,1,1e-05
847433,1,1e-05
847461,1,1e-05
847593,1,1e-05
847732,1,1e-05
847831,1,1e-05
847932,1,1e-05
847943,1,1e-05
847957,1,1e-05
848129,1,1e-05
848193,1,1e-05
848309,1,1e-05
848400,1,1e-05
848417,1,1e-05
848519,1,1e-05
848540,1,1e-05
848602,1,1e-05
848625,1,1e-05
848656,1,1e-05
848657,1,1e-05
848687,1,1e-05
848701,1,1e-05
848708,1,1e-05
848730,1,1e-05
848809,1,1e-05
848816,1,1e-05
848866,1,1e-05
848898,1,1e-05
848947,1,1e-05
849016,1,1e-05
849084,1,1e-05
849152,1,1e-05
849216,1,1e-05
849340,1,1e-05
849359,1,1e-05
849393,1,1e-05
849452,1,1e-05
849458,1,1e-05
849540,1,1e-05
849546,1,1e-05
849548,1,1e-05
849571,1,1e-05
849580,1,1e-05
849618,1,1e-05
849624,1,1e-05
849626,1,1e-05
849635,1,1e-05
849707,1,1e-05
849742,1,1e-05
849746,1,1e-05
849770,1,1e-05
849773,1,1e-05
849831,1,1e-05
849884,1,1e-05
849907,1,1e-05
849927,1,1e-05
849980,1,1e-05
850243,1,1e-05
850274,1,1e-05
850294,1,1e-05
850328,1,1e-05
850401,1,1e-05
850446,1,1e-05
850493,1,1e-05
850602,1,1e-05
850673,1,1e-05
850804,1,1e-05
850868,1,1e-05
850931,1,1e-05
851032,1,1e-05
851103,1,1e-05
851123,1,1e-05
851166,1,1e-05
851171,1,1e-05
851193,1,1e-05
851208,1,1e-05
851220,1,1e-05
851270,1,1e-05
851277,1,1e-05
851336,1,1e-05
851346,1,1e-05
851454,1,1e-05
851457,1,1e-05
851521,1,1e-05
851626,1,1e-05
851641,1,1e-05
851717,1,1e-05
851738,1,1e-05
851777,1,1e-05
851794,1,1e-05
851801,1,1e-05
851848,1,1e-05
851909,1,1e-05
851973,1,1e-05
852000,1,1e-05
852070,1,1e-05
852096,1,1e-05
852112,1,1e-05
852120,1,1e-05
852131,1,1e-05
852156,1,1e-05
852177,1,1e-05
852210,1,1e-05
852225,1,1e-05
852238,1,1e-05
852247,1,1e-05
852298,1,1e-05
852310,1,1e-05
852318,1,1e-05
852601,1,1e-05
852646,1,1e-05
852660,1,1e-05
852683,1,1e-05
852786,1,1e-05
852816,1,1e-05
852940,1,1e-05
853047,1,1e-05
853095,1,1e-05
853161,1,1e-05
853167,1,1e-05
853178,1,1e-05
853204,1,1e-05
853293,1,1e-05
853303,1,1e-05
853319,1,1e-05
853368,1,1e-05
853402,1,1e-05
853578,1,1e-05
853622,1,1e-05
853630,1,1e-05
853827,1,1e-05
853868,1,1e-05
853915,1,1e-05
853922,1,1e-05
853955,1,1e-05
853957,1,1e-05
853963,1,1e-05
853979,1,1e-05
854029,1,1e-05
854062,1,1e-05
854090,1,1e-05
854130,1,1e-05
854151,1,1e-05
854226,1,1e-05
854228,1,1e-05
854280,1,1e-05
854298,1,1e-05
854309,1,1e-05
854377,1,1e-05
854413,1,1e-05
854441,1,1e-05
854490,1,1e-05
854565,1,1e-05
854654,1,1e-05
854852,1,1e-05
854856,1,1e-05
854881,1,1e-05
854997,1,1e-05
855110,1,1e-05
855192,1,1e-05
855225,1,1e-05
855336,1,1e-05
855393,1,1e-05
855425,1,1e-05
855439,1,1e-05
855462,1,1e-05
855474,1,1e-05
855572,1,1e-05
855810,1,1e-05
855865,1,1e-05
855914,1,1e-05
855944,1,1e-05
856049,1,1e-05
856078,1,1e-05
856080,1,1e-05
856116,1,1e-05
856191,1,1e-05
856205,1,1e-05
856244,1,1e-05
856255,1,1e-05
856269,1,1e-05
856293,1,1e-05
856326,1,1e-05
856366,1,1e-05
856407,1,1e-05
856426,1,1e-05
856490,1,1e-05
856526,1,1e-05
856572,1,1e-05
856595,1,1e-05
856680,1,1e-05
856698,1,1e-05
856731,1,1e-05
856764,1,1e-05
856807,1,1e-05
856823,1,1e-05
856921,1,1e-05
856981,1,1e-05
857058,1,1e-05
857079,1,1e-05
857271,1,1e-05
857364,1,1e-05
857506,1,1e-05
857543,1,1e-05
857546,1,1e-05
857586,1,1e-05
857612,1,1e-05
857656,1,1e-05
857693,1,1e-05
857793,1,1e-05
857812,1,1e-05
857838,1,1e-05
857901,1,1e-05
857968,1,1e-05
857975,1,1e-05
858071,1,1e-05
858091,1,1e-05
858154,1,1e-05
858160,1,1e-05
858208,1,1e-05
858360,1,1e-05
858475,1,1e-05
858486,1,1e-05
858535,1,1e-05
858562,1,1e-05
858678,1,1e-05
858738,1,1e-05
858795,1,1e-05
858835,1,1e-05
858870,1,1e-05
858933,1,1e-05
859070,1,1e-05
859076,1,1e-05
859084,1,1e-05
859115,1,1e-05
859331,1,1e-05
859350,1,1e-05
859393,1,1e-05
859406,1,1e-05
859504,1,1e-05
859576,1,1e-05
859608,1,1e-05
859613,1,1e-05
859644,1,1e-05
859703,1,1e-05
859758,1,1e-05
859797,1,1e-05
859871,1,1e-05
859894,1,1e-05
860014,1,1e-05
860094,1,1e-05
860099,1,1e-05
860118,1,1e-05
860197,1,1e-05
860250,1,1e-05
860255,1,1e-05
860259,1,1e-05
860263,1,1e-05
860319,1,1e-05
860371,1,1e-05
860432,1,1e-05
860442,1,1e-05
860516,1,1e-05
860580,1,1e-05
860607,1,1e-05
860630,1,1e-05
860661,1,1e-05
860770,1,1e-05
860781,1,1e-05
860803,1,1e-05
860824,1,1e-05
860860,1,1e-05
860909,1,1e-05
860962,1,1e-05
861202,1,1e-05
861257,1,1e-05
861325,1,1e-05
861338,1,1e-05
861402,1,1e-05
861518,1,1e-05
861536,1,1e-05
861545,1,1e-05
861561,1,1e-05
861606,1,1e-05
861660,1,1e-05
861661,1,1e-05
861662,1,1e-05
861682,1,1e-05
861736,1,1e-05
861750,1,1e-05
861784,1,1e-05
861807,1,1e-05
861833,1,1e-05
861840,1,1e-05
861868,1,1e-05
861902,1,1e-05
861938,1,1e-05
862045,1,1e-05
862087,1,1e-05
862118,1,1e-05
862239,1,1e-05
862247,1,1e-05
862281,1,1e-05
862303,1,1e-05
862450,1,1e-05
862475,1,1e-05
862481,1,1e-05
862538,1,1e-05
862624,1,1e-05
862630,1,1e-05
862639,1,1e-05
862693,1,1e-05
862807,1,1e-05
862843,1,1e-05
862869,1,1e-05
862898,1,1e-05
862937,1,1e-05
862961,1,1e-05
862981,1,1e-05
863034,1,1e-05
863126,1,1e-05
863157,1,1e-05
863185,1,1e-05
863245,1,1e-05
863318,1,1e-05
863319,1,1e-05
863322,1,1e-05
863330,1,1e-05
863349,1,1e-05
863382,1,1e-05
863451,1,1e-05
863462,1,1e-05
863495,1,1e-05
863560,1,1e-05
863584,1,1e-05
863637,1,1e-05
863646,1,1e-05
863710,1,1e-05
863840,1,1e-05
863843,1,1e-05
864106,1,1e-05
864163,1,1e-05
864242,1,1e-05
864264,1,1e-05
864416,1,1e-05
864422,1,1e-05
864432,1,1e-05
864508,1,1e-05
864581,1,1e-05
864619,1,1e-05
864620,1,1e-05
864741,1,1e-05
864755,1,1e-05
864771,1,1e-05
864827,1,1e-05
864915,1,1e-05
864920,1,1e-05
864998,1,1e-05
865025,1,1e-05
865080,1,1e-05
865096,1,1e-05
865109,1,1e-05
865112,1,1e-05
865120,1,1e-05
865154,1,1e-05
865171,1,1e-05
865207,1,1e-05
865275,1,1e-05
865369,1,1e-05
865537,1,1e-05
865583,1,1e-05
865618,1,1e-05
865656,1,1e-05
865696,1,1e-05
865735,1,1e-05
865847,1,1e-05
865883,1,1e-05
865889,1,1e-05
866067,1,1e-05
866118,1,1e-05
866144,1,1e-05
866185,1,1e-05
866192,1,1e-05
866199,1,1e-05
866222,1,1e-05
866246,1,1e-05
866261,1,1e-05
866304,1,1e-05
866342,1,1e-05
866397,1,1e-05
866413,1,1e-05
866415,1,1e-05
866472,1,1e-05
866505,1,1e-05
866542,1,1e-05
866719,1,1e-05
866723,1,1e-05
866747,1,1e-05
866768,1,1e-05
866775,1,1e-05
866785,1,1e-05
866795,1,1e-05
866809,1,1e-05
866852,1,1e-05
866859,1,1e-05
866878,1,1e-05
866893,1,1e-05
866982,1,1e-05
867008,1,1e-05
867017,1,1e-05
867183,1,1e-05
867244,1,1e-05
867289,1,1e-05
867328,1,1e-05
867422,1,1e-05
867469,1,1e-05
867519,1,1e-05
867590,1,1e-05
867714,1,1e-05
867733,1,1e-05
867834,1,1e-05
867888,1,1e-05
867995,1,1e-05
868018,1,1e-05
868106,1,1e-05
868123,1,1e-05
868128,1,1e-05
868177,1,1e-05
868195,1,1e-05
868245,1,1e-05
868250,1,1e-05
868277,1,1e-05
868432,1,1e-05
868450,1,1e-05
868485,1,1e-05
868490,1,1e-05
868518,1,1e-05
868524,1,1e-05
868556,1,1e-05
868645,1,1e-05
868726,1,1e-05
868788,1,1e-05
868799,1,1e-05
868806,1,1e-05
868847,1,1e-05
868924,1,1e-05
869014,1,1e-05
869042,1,1e-05
869064,1,1e-05
869077,1,1e-05
869212,1,1e-05
869236,1,1e-05
869286,1,1e-05
869384,1,1e-05
869488,1,1e-05
869504,1,1e-05
869530,1,1e-05
869642,1,1e-05
869721,1,1e-05
869750,1,1e-05
869801,1,1e-05
869807,1,1e-05
869925,1,1e-05
869967,1,1e-05
869980,1,1e-05
870018,1,1e-05
870087,1,1e-05
870111,1,1e-05
870151,1,1e-05
870172,1,1e-05
870189,1,1e-05
870270,1,1e-05
870300,1,1e-05
870334,1,1e-05
870386,1,1e-05
870460,1,1e-05
870522,1,1e-05
870573,1,1e-05
870575,1,1e-05
870600,1,1e-05
870641,1,1e-05
870670,1,1e-05
870683,1,1e-05
870790,1,1e-05
870797,1,1e-05
870872,1,1e-05
870881,1,1e-05
870911,1,1e-05
870954,1,1e-05
870966,1,1e-05
871044,1,1e-05
871108,1,1e-05
871177,1,1e-05
871200,1,1e-05
871217,1,1e-05
871303,1,1e-05
871431,1,1e-05
871481,1,1e-05
871611,1,1e-05
871684,1,1e-05
871685,1,1e-05
871728,1,1e-05
871741,1,1e-05
871760,1,1e-05
871763,1,1e-05
871805,1,1e-05
871965,1,1e-05
872064,1,1e-05
872073,1,1e-05
872281,1,1e-05
872325,1,1e-05
872533,1,1e-05
872600,1,1e-05
872609,1,1e-05
872727,1,1e-05
872826,1,1e-05
872880,1,1e-05
872886,1,1e-05
872905,1,1e-05
872970,1,1e-05
872976,1,1e-05
873019,1,1e-05
873038,1,1e-05
873049,1,1e-05
873126,1,1e-05
873159,1,1e-05
873358,1,1e-05
873409,1,1e-05
873414,1,1e-05
873438,1,1e-05
873548,1,1e-05
873590,1,1e-05
873623,1,1e-05
873647,1,1e-05
873673,1,1e-05
873760,1,1e-05
873822,1,1e-05
873828,1,1e-05
873835,1,1e-05
873942,1,1e-05
873943,1,1e-05
873959,1,1e-05
873987,1,1e-05
874002,1,1e-05
874051,1,1e-05
874153,1,1e-05
874208,1,1e-05
874248,1,1e-05
874293,1,1e-05
874328,1,1e-05
874334,1,1e-05
874345,1,1e-05
874348,1,1e-05
874355,1,1e-05
874357,1,1e-05
874421,1,1e-05
874433,1,1e-05
874469,1,1e-05
874520,1,1e-05
874574,1,1e-05
874577,1,1e-05
874588,1,1e-05
874607,1,1e-05
874630,1,1e-05
874755,1,1e-05
874767,1,1e-05
874793,1,1e-05
874805,1,1e-05
874819,1,1e-05
874825,1,1e-05
874829,1,1e-05
874918,1,1e-05
875013,1,1e-05
875060,1,1e-05
875131,1,1e-05
875180,1,1e-05
875202,1,1e-05
875204,1,1e-05
875230,1,1e-05
875248,1,1e-05
875254,1,1e-05
875286,1,1e-05
875297,1,1e-05
875355,1,1e-05
875363,1,1e-05
875406,1,1e-05
875428,1,1e-05
875571,1,1e-05
875577,1,1e-05
875589,1,1e-05
875602,1,1e-05
875624,1,1e-05
875642,1,1e-05
875753,1,1e-05
875765,1,1e-05
875804,1,1e-05
875868,1,1e-05
875893,1,1e-05
875998,1,1e-05
875999,1,1e-05
876081,1,1e-05
876102,1,1e-05
876321,1,1e-05
876322,1,1e-05
876359,1,1e-05
876380,1,1e-05
876439,1,1e-05
876608,1,1e-05
876629,1,1e-05
876644,1,1e-05
876667,1,1e-05
876729,1,1e-05
876794,1,1e-05
876797,1,1e-05
876847,1,1e-05
876910,1,1e-05
877133,1,1e-05
877143,1,1e-05
877144,1,1e-05
877230,1,1e-05
877251,1,1e-05
877483,1,1e-05
877504,1,1e-05
877540,1,1e-05
877541,1,1e-05
877577,1,1e-05
877658,1,1e-05
877659,1,1e-05
877662,1,1e-05
877709,1,1e-05
877779,1,1e-05
877787,1,1e-05
877859,1,1e-05
877898,1,1e-05
877958,1,1e-05
877979,1,1e-05
878012,1,1e-05
878090,1,1e-05
878146,1,1e-05
878164,1,1e-05
878208,1,1e-05
878225,1,1e-05
878241,1,1e-05
878250,1,1e-05
878285,1,1e-05
878299,1,1e-05
878387,1,1e-05
878390,1,1e-05
878576,1,1e-05
878646,1,1e-05
878688,1,1e-05
878709,1,1e-05
878742,1,1e-05
878805,1,1e-05
878807,1,1e-05
878852,1,1e-05
879023,1,1e-05
879037,1,1e-05
879097,1,1e-05
879111,1,1e-05
879121,1,1e-05
879196,1,1e-05
879270,1,1e-05
879412,1,1e-05
879574,1,1e-05
879619,1,1e-05
879649,1,1e-05
879668,1,1e-05
879745,1,1e-05
879810,1,1e-05
879816,1,1e-05
879942,1,1e-05
879943,1,1e-05
879970,1,1e-05
880103,1,1e-05
880158,1,1e-05
880251,1,1e-05
880319,1,1e-05
880338,1,1e-05
880386,1,1e-05
880428,1,1e-05
880436,1,1e-05
880458,1,1e-05
880525,1,1e-05
880616,1,1e-05
880708,1,1e-05
880719,1,1e-05
880766,1,1e-05
880813,1,1e-05
880936,1,1e-05
881010,1,1e-05
881070,1,1e-05
881115,1,1e-05
881287,1,1e-05
881355,1,1e-05
881366,1,1e-05
881522,1,1e-05
881529,1,1e-05
881626,1,1e-05
881721,1,1e-05
881758,1,1e-05
881759,1,1e-05
881767,1,1e-05
881804,1,1e-05
881869,1,1e-05
881925,1,1e-05
881992,1,1e-05
881996,1,1e-05
882096,1,1e-05
882098,1,1e-05
882111,1,1e-05
882123,1,1e-05
882230,1,1e-05
882235,1,1e-05
882276,1,1e-05
882384,1,1e-05
882422,1,1e-05
882441,1,1e-05
882478,1,1e-05
882525,1,1e-05
882588,1,1e-05
882594,1,1e-05
882608,1,1e-05
882634,1,1e-05
882672,1,1e-05
882673,1,1e-05
882685,1,1e-05
882844,1,1e-05
882955,1,1e-05
883021,1,1e-05
883101,1,1e-05
883122,1,1e-05
883360,1,1e-05
883370,1,1e-05
883374,1,1e-05
883500,1,1e-05
883579,1,1e-05
883613,1,1e-05
883628,1,1e-05
883696,1,1e-05
883712,1,1e-05
883779,1,1e-05
883801,1,1e-05
883839,1,1e-05
883856,1,1e-05
883877,1,1e-05
883890,1,1e-05
884020,1,1e-05
884082,1,1e-05
884087,1,1e-05
884144,1,1e-05
884207,1,1e-05
884410,1,1e-05
884504,1,1e-05
884524,1,1e-05
884530,1,1e-05
884582,1,1e-05
884587,1,1e-05
884590,1,1e-05
884661,1,1e-05
884677,1,1e-05
884713,1,1e-05
884730,1,1e-05
884746,1,1e-05
884750,1,1e-05
884752,1,1e-05
884855,1,1e-05
884884,1,1e-05
884921,1,1e-05
885004,1,1e-05
885130,1,1e-05
885141,1,1e-05
885212,1,1e-05
885266,1,1e-05
885337,1,1e-05
885364,1,1e-05
885391,1,1e-05
885422,1,1e-05
885432,1,1e-05
885499,1,1e-05
885555,1,1e-05
885560,1,1e-05
885652,1,1e-05
885753,1,1e-05
886063,1,1e-05
886287,1,1e-05
886321,1,1e-05
886327,1,1e-05
886368,1,1e-05
886379,1,1e-05
886436,1,1e-05
886520,1,1e-05
886527,1,1e-05
886581,1,1e-05
886617,1,1e-05
886665,1,1e-05
886742,1,1e-05
886746,1,1e-05
886808,1,1e-05
886959,1,1e-05
887025,1,1e-05
887087,1,1e-05
887204,1,1e-05
887207,1,1e-05
887236,1,1e-05
887369,1,1e-05
887489,1,1e-05
887556,1,1e-05
887582,1,1e-05
887609,1,1e-05
887633,1,1e-05
887665,1,1e-05
887681,1,1e-05
887722,1,1e-05
887730,1,1e-05
887734,1,1e-05
887873,1,1e-05
887879,1,1e-05
887948,1,1e-05
888052,1,1e-05
888122,1,1e-05
888135,1,1e-05
888143,1,1e-05
888185,1,1e-05
888188,1,1e-05
888272,1,1e-05
888283,1,1e-05
888308,1,1e-05
888319,1,1e-05
888351,1,1e-05
888369,1,1e-05
888478,1,1e-05
888494,1,1e-05
888633,1,1e-05
888721,1,1e-05
888726,1,1e-05
888727,1,1e-05
888752,1,1e-05
888764,1,1e-05
888782,1,1e-05
888831,1,1e-05
888878,1,1e-05
888909,1,1e-05
888937,1,1e-05
888980,1,1e-05
889002,1,1e-05
889056,1,1e-05
889136,1,1e-05
889153,1,1e-05
889195,1,1e-05
889203,1,1e-05
889208,1,1e-05
889284,1,1e-05
889383,1,1e-05
889394,1,1e-05
889430,1,1e-05
889455,1,1e-05
889494,1,1e-05
889499,1,1e-05
889655,1,1e-05
889838,1,1e-05
889869,1,1e-05
889878,1,1e-05
889921,1,1e-05
889988,1,1e-05
890102,1,1e-05
890106,1,1e-05
890111,1,1e-05
890201,1,1e-05
890212,1,1e-05
890239,1,1e-05
890247,1,1e-05
890264,1,1e-05
890289,1,1e-05
890341,1,1e-05
890501,1,1e-05
890537,1,1e-05
890579,1,1e-05
890685,1,1e-05
890714,1,1e-05
890731,1,1e-05
890746,1,1e-05
890799,1,1e-05
890821,1,1e-05
890827,1,1e-05
890853,1,1e-05
890864,1,1e-05
891041,1,1e-05
891091,1,1e-05
891113,1,1e-05
891139,1,1e-05
891164,1,1e-05
891187,1,1e-05
891201,1,1e-05
891214,1,1e-05
891218,1,1e-05
891222,1,1e-05
891243,1,1e-05
891300,1,1e-05
891343,1,1e-05
891390,1,1e-05
891410,1,1e-05
891435,1,1e-05
891503,1,1e-05
891551,1,1e-05
891582,1,1e-05
891604,1,1e-05
891613,1,1e-05
891635,1,1e-05
891655,1,1e-05
891751,1,1e-05
891922,1,1e-05
891960,1,1e-05
891966,1,1e-05
892018,1,1e-05
892093,1,1e-05
892104,1,1e-05
892120,1,1e-05
892121,1,1e-05
892147,1,1e-05
892171,1,1e-05
892218,1,1e-05
892225,1,1e-05
892254,1,1e-05
892265,1,1e-05
892325,1,1e-05
892373,1,1e-05
892380,1,1e-05
892504,1,1e-05
892512,1,1e-05
892558,1,1e-05
892576,1,1e-05
892580,1,1e-05
892620,1,1e-05
892640,1,1e-05
892725,1,1e-05
892744,1,1e-05
892851,1,1e-05
892865,1,1e-05
892898,1,1e-05
892923,1,1e-05
892928,1,1e-05
892934,1,1e-05
892952,1,1e-05
893003,1,1e-05
893005,1,1e-05
893148,1,1e-05
893349,1,1e-05
893394,1,1e-05
893500,1,1e-05
893523,1,1e-05
893559,1,1e-05
893622,1,1e-05
893647,1,1e-05
893690,1,1e-05
893702,1,1e-05
893888,1,1e-05
893944,1,1e-05
893980,1,1e-05
893991,1,1e-05
894084,1,1e-05
894099,1,1e-05
894101,1,1e-05
894136,1,1e-05
894164,1,1e-05
894167,1,1e-05
894199,1,1e-05
894205,1,1e-05
894207,1,1e-05
894232,1,1e-05
894383,1,1e-05
894408,1,1e-05
894464,1,1e-05
894467,1,1e-05
894504,1,1e-05
894525,1,1e-05
894540,1,1e-05
894631,1,1e-05
894637,1,1e-05
894646,1,1e-05
894743,1,1e-05
894787,1,1e-05
894840,1,1e-05
894857,1,1e-05
894862,1,1e-05
894881,1,1e-05
894911,1,1e-05
894922,1,1e-05
895002,1,1e-05
895106,1,1e-05
895146,1,1e-05
895203,1,1e-05
895204,1,1e-05
895217,1,1e-05
895249,1,1e-05
895286,1,1e-05
895386,1,1e-05
895459,1,1e-05
895521,1,1e-05
895599,1,1e-05
895635,1,1e-05
895705,1,1e-05
895858,1,1e-05
895875,1,1e-05
895969,1,1e-05
896089,1,1e-05
896107,1,1e-05
896248,1,1e-05
896294,1,1e-05
896336,1,1e-05
896385,1,1e-05
896424,1,1e-05
896501,1,1e-05
896531,1,1e-05
896533,1,1e-05
896536,1,1e-05
896558,1,1e-05
896564,1,1e-05
896796,1,1e-05
896867,1,1e-05
896918,1,1e-05
896922,1,1e-05
896974,1,1e-05
897004,1,1e-05
897032,1,1e-05
897066,1,1e-05
897080,1,1e-05
897126,1,1e-05
897190,1,1e-05
897265,1,1e-05
897306,1,1e-05
897357,1,1e-05
897385,1,1e-05
897395,1,1e-05
897409,1,1e-05
897423,1,1e-05
897431,1,1e-05
897503,1,1e-05
897629,1,1e-05
897689,1,1e-05
897726,1,1e-05
897728,1,1e-05
897738,1,1e-05
897744,1,1e-05
897765,1,1e-05
897784,1,1e-05
897859,1,1e-05
897872,1,1e-05
897896,1,1e-05
897917,1,1e-05
897925,1,1e-05
897926,1,1e-05
898041,1,1e-05
898088,1,1e-05
898132,1,1e-05
898183,1,1e-05
898258,1,1e-05
898266,1,1e-05
898316,1,1e-05
898676,1,1e-05
898734,1,1e-05
898746,1,1e-05
898771,1,1e-05
898794,1,1e-05
898804,1,1e-05
898909,1,1e-05
899008,1,1e-05
899052,1,1e-05
899147,1,1e-05
899148,1,1e-05
899221,1,1e-05
899244,1,1e-05
899256,1,1e-05
899274,1,1e-05
899355,1,1e-05
899369,1,1e-05
899447,1,1e-05
899463,1,1e-05
899544,1,1e-05
899655,1,1e-05
899669,1,1e-05
899688,1,1e-05
899694,1,1e-05
899703,1,1e-05
899762,1,1e-05
899782,1,1e-05
899792,1,1e-05
899804,1,1e-05
899876,1,1e-05
899877,1,1e-05
899993,1,1e-05
900007,1,1e-05
900039,1,1e-05
900132,1,1e-05
900170,1,1e-05
900221,1,1e-05
900256,1,1e-05
900313,1,1e-05
900328,1,1e-05
900458,1,1e-05
900462,1,1e-05
900475,1,1e-05
900501,1,1e-05
900557,1,1e-05
900567,1,1e-05
900572,1,1e-05
900582,1,1e-05
900782,1,1e-05
900797,1,1e-05
900821,1,1e-05
900925,1,1e-05
900943,1,1e-05
901044,1,1e-05
901085,1,1e-05
901123,1,1e-05
901135,1,1e-05
901207,1,1e-05
901231,1,1e-05
901259,1,1e-05
901412,1,1e-05
901455,1,1e-05
901499,1,1e-05
901526,1,1e-05
901572,1,1e-05
901655,1,1e-05
901687,1,1e-05
901692,1,1e-05
901721,1,1e-05
901805,1,1e-05
901808,1,1e-05
901821,1,1e-05
901866,1,1e-05
901886,1,1e-05
901989,1,1e-05
902041,1,1e-05
902045,1,1e-05
902061,1,1e-05
902114,1,1e-05
902132,1,1e-05
902150,1,1e-05
902237,1,1e-05
902281,1,1e-05
902290,1,1e-05
902396,1,1e-05
902448,1,1e-05
902491,1,1e-05
902634,1,1e-05
902755,1,1e-05
902758,1,1e-05
902809,1,1e-05
902868,1,1e-05
903010,1,1e-05
903130,1,1e-05
903169,1,1e-05
903271,1,1e-05
903281,1,1e-05
903366,1,1e-05
903415,1,1e-05
903417,1,1e-05
903438,1,1e-05
903454,1,1e-05
903575,1,1e-05
903692,1,1e-05
903701,1,1e-05
903713,1,1e-05
903753,1,1e-05
903795,1,1e-05
903879,1,1e-05
903885,1,1e-05
903937,1,1e-05
903965,1,1e-05
903987,1,1e-05
904012,1,1e-05
904027,1,1e-05
904076,1,1e-05
904092,1,1e-05
904168,1,1e-05
904211,1,1e-05
904278,1,1e-05
904299,1,1e-05
904366,1,1e-05
904445,1,1e-05
904465,1,1e-05
904474,1,1e-05
904537,1,1e-05
904545,1,1e-05
904566,1,1e-05
904567,1,1e-05
904577,1,1e-05
904601,1,1e-05
904641,1,1e-05
904708,1,1e-05
904742,1,1e-05
904756,1,1e-05
904814,1,1e-05
904816,1,1e-05
904910,1,1e-05
904947,1,1e-05
904965,1,1e-05
904995,1,1e-05
905009,1,1e-05
905014,1,1e-05
905093,1,1e-05
905259,1,1e-05
905289,1,1e-05
905297,1,1e-05
905316,1,1e-05
905355,1,1e-05
905360,1,1e-05
905383,1,1e-05
905481,1,1e-05
905498,1,1e-05
905655,1,1e-05
905680,1,1e-05
905792,1,1e-05
905831,1,1e-05
905922,1,1e-05
905951,1,1e-05
905956,1,1e-05
905979,1,1e-05
905998,1,1e-05
906003,1,1e-05
906036,1,1e-05
906050,1,1e-05
906104,1,1e-05
906118,1,1e-05
906133,1,1e-05
906163,1,1e-05
906184,1,1e-05
906213,1,1e-05
906274,1,1e-05
906300,1,1e-05
906510,1,1e-05
906512,1,1e-05
906593,1,1e-05
906620,1,1e-05
906631,1,1e-05
906665,1,1e-05
906699,1,1e-05
906740,1,1e-05
906775,1,1e-05
906847,1,1e-05
906969,1,1e-05
906992,1,1e-05
907064,1,1e-05
907107,1,1e-05
907184,1,1e-05
907245,1,1e-05
907268,1,1e-05
907281,1,1e-05
907320,1,1e-05
907337,1,1e-05
907372,1,1e-05
907378,1,1e-05
907386,1,1e-05
907409,1,1e-05
907464,1,1e-05
907536,1,1e-05
907595,1,1e-05
907654,1,1e-05
907677,1,1e-05
907689,1,1e-05
907753,1,1e-05
907780,1,1e-05
907843,1,1e-05
907869,1,1e-05
907900,1,1e-05
907998,1,1e-05
908131,1,1e-05
908140,1,1e-05
908222,1,1e-05
908253,1,1e-05
908302,1,1e-05
908319,1,1e-05
908373,1,1e-05
908448,1,1e-05
908460,1,1e-05
908497,1,1e-05
908556,1,1e-05
908564,1,1e-05
908573,1,1e-05
908581,1,1e-05
908603,1,1e-05
908612,1,1e-05
908646,1,1e-05
908673,1,1e-05
908696,1,1e-05
908728,1,1e-05
908783,1,1e-05
908843,1,1e-05
908868,1,1e-05
908892,1,1e-05
909004,1,1e-05
909037,1,1e-05
909076,1,1e-05
909127,1,1e-05
909144,1,1e-05
909164,1,1e-05
909165,1,1e-05
909178,1,1e-05
909202,1,1e-05
909241,1,1e-05
909327,1,1e-05
909370,1,1e-05
909384,1,1e-05
909557,1,1e-05
909602,1,1e-05
909643,1,1e-05
909675,1,1e-05
909780,1,1e-05
909793,1,1e-05
909796,1,1e-05
909832,1,1e-05
909928,1,1e-05
909931,1,1e-05
909971,1,1e-05
910015,1,1e-05
910145,1,1e-05
910191,1,1e-05
910245,1,1e-05
910255,1,1e-05
910306,1,1e-05
910344,1,1e-05
910386,1,1e-05
910428,1,1e-05
910557,1,1e-05
910623,1,1e-05
910656,1,1e-05
910672,1,1e-05
910687,1,1e-05
910746,1,1e-05
910823,1,1e-05
910845,1,1e-05
910900,1,1e-05
910907,1,1e-05
910926,1,1e-05
910933,1,1e-05
910952,1,1e-05
910990,1,1e-05
911062,1,1e-05
911089,1,1e-05
911110,1,1e-05
911195,1,1e-05
911232,1,1e-05
911311,1,1e-05
911332,1,1e-05
911373,1,1e-05
911454,1,1e-05
911511,1,1e-05
911570,1,1e-05
911612,1,1e-05
911648,1,1e-05
911681,1,1e-05
911698,1,1e-05
911748,1,1e-05
911806,1,1e-05
911820,1,1e-05
911857,1,1e-05
911887,1,1e-05
911971,1,1e-05
911976,1,1e-05
912119,1,1e-05
912169,1,1e-05
912203,1,1e-05
912252,1,1e-05
912271,1,1e-05
912317,1,1e-05
912354,1,1e-05
912380,1,1e-05
912381,1,1e-05
912436,1,1e-05
912482,1,1e-05
912497,1,1e-05
912576,1,1e-05
912618,1,1e-05
912674,1,1e-05
912767,1,1e-05
912817,1,1e-05
912833,1,1e-05
912907,1,1e-05
912951,1,1e-05
912971,1,1e-05
913122,1,1e-05
913143,1,1e-05
913166,1,1e-05
913252,1,1e-05
913330,1,1e-05
913456,1,1e-05
913502,1,1e-05
913531,1,1e-05
913628,1,1e-05
913661,1,1e-05
913703,1,1e-05
913729,1,1e-05
913730,1,1e-05
913787,1,1e-05
913794,1,1e-05
913815,1,1e-05
914098,1,1e-05
914227,1,1e-05
914332,1,1e-05
914365,1,1e-05
914397,1,1e-05
914400,1,1e-05
914407,1,1e-05
914434,1,1e-05
914454,1,1e-05
914487,1,1e-05
914644,1,1e-05
914663,1,1e-05
914679,1,1e-05
914712,1,1e-05
914749,1,1e-05
914849,1,1e-05
914876,1,1e-05
914884,1,1e-05
915031,1,1e-05
915037,1,1e-05
915181,1,1e-05
915192,1,1e-05
915206,1,1e-05
915215,1,1e-05
915217,1,1e-05
915278,1,1e-05
915343,1,1e-05
915527,1,1e-05
915546,1,1e-05
915607,1,1e-05
915619,1,1e-05
915687,1,1e-05
915747,1,1e-05
915901,1,1e-05
915978,1,1e-05
915996,1,1e-05
916058,1,1e-05
916136,1,1e-05
916189,1,1e-05
916196,1,1e-05
916333,1,1e-05
916403,1,1e-05
916425,1,1e-05
916427,1,1e-05
916433,1,1e-05
916463,1,1e-05
916568,1,1e-05
916571,1,1e-05
916790,1,1e-05
916981,1,1e-05
917074,1,1e-05
917128,1,1e-05
917199,1,1e-05
917234,1,1e-05
917243,1,1e-05
917349,1,1e-05
917350,1,1e-05
917585,1,1e-05
917631,1,1e-05
917678,1,1e-05
917762,1,1e-05
917796,1,1e-05
917800,1,1e-05
917831,1,1e-05
917892,1,1e-05
918049,1,1e-05
918062,1,1e-05
918106,1,1e-05
918152,1,1e-05
918230,1,1e-05
918264,1,1e-05
918271,1,1e-05
918348,1,1e-05
918356,1,1e-05
918383,1,1e-05
918393,1,1e-05
918423,1,1e-05
918448,1,1e-05
918486,1,1e-05
918492,1,1e-05
918506,1,1e-05
918540,1,1e-05
918549,1,1e-05
918649,1,1e-05
918671,1,1e-05
918690,1,1e-05
918699,1,1e-05
918711,1,1e-05
918731,1,1e-05
918759,1,1e-05
918794,1,1e-05
918797,1,1e-05
918866,1,1e-05
918881,1,1e-05
918886,1,1e-05
918919,1,1e-05
918977,1,1e-05
919007,1,1e-05
919016,1,1e-05
919024,1,1e-05
919071,1,1e-05
919098,1,1e-05
919160,1,1e-05
919171,1,1e-05
919204,1,1e-05
919233,1,1e-05
919295,1,1e-05
919296,1,1e-05
919331,1,1e-05
919351,1,1e-05
919386,1,1e-05
919392,1,1e-05
919437,1,1e-05
919596,1,1e-05
919635,1,1e-05
919644,1,1e-05
919656,1,1e-05
919681,1,1e-05
919754,1,1e-05
919760,1,1e-05
919818,1,1e-05
919836,1,1e-05
919963,1,1e-05
920017,1,1e-05
920073,1,1e-05
920213,1,1e-05
920221,1,1e-05
920239,1,1e-05
920293,1,1e-05
920368,1,1e-05
920402,1,1e-05
920439,1,1e-05
920458,1,1e-05
920460,1,1e-05
920485,1,1e-05
920501,1,1e-05
920512,1,1e-05
920529,1,1e-05
920705,1,1e-05
920816,1,1e-05
920835,1,1e-05
920906,1,1e-05
920971,1,1e-05
921056,1,1e-05
921057,1,1e-05
921070,1,1e-05
921097,1,1e-05
921165,1,1e-05
921172,1,1e-05
921239,1,1e-05
921248,1,1e-05
921265,1,1e-05
921289,1,1e-05
921303,1,1e-05
921313,1,1e-05
921325,1,1e-05
921328,1,1e-05
921405,1,1e-05
921420,1,1e-05
921462,1,1e-05
921467,1,1e-05
921505,1,1e-05
921532,1,1e-05
921539,1,1e-05
921548,1,1e-05
921621,1,1e-05
921625,1,1e-05
921633,1,1e-05
921645,1,1e-05
921690,1,1e-05
921714,1,1e-05
921735,1,1e-05
921785,1,1e-05
921821,1,1e-05
921888,1,1e-05
921903,1,1e-05
921921,1,1e-05
921930,1,1e-05
921937,1,1e-05
922040,1,1e-05
922119,1,1e-05
922152,1,1e-05
922200,1,1e-05
922249,1,1e-05
922305,1,1e-05
922339,1,1e-05
922366,1,1e-05
922381,1,1e-05
922383,1,1e-05
922446,1,1e-05
922475,1,1e-05
922484,1,1e-05
922583,1,1e-05
922653,1,1e-05
922655,1,1e-05
922709,1,1e-05
922741,1,1e-05
922776,1,1e-05
922778,1,1e-05
922842,1,1e-05
922878,1,1e-05
922889,1,1e-05
922932,1,1e-05
923004,1,1e-05
923038,1,1e-05
923073,1,1e-05
923226,1,1e-05
923230,1,1e-05
923252,1,1e-05
923320,1,1e-05
923404,1,1e-05
923424,1,1e-05
923583,1,1e-05
923653,1,1e-05
923793,1,1e-05
923798,1,1e-05
923879,1,1e-05
923888,1,1e-05
923926,1,1e-05
923966,1,1e-05
924009,1,1e-05
924031,1,1e-05
924050,1,1e-05
924065,1,1e-05
924128,1,1e-05
924140,1,1e-05
924148,1,1e-05
924231,1,1e-05
924257,1,1e-05
924291,1,1e-05
924351,1,1e-05
924388,1,1e-05
924398,1,1e-05
924406,1,1e-05
924465,1,1e-05
924468,1,1e-05
924517,1,1e-05
924572,1,1e-05
924625,1,1e-05
924769,1,1e-05
924770,1,1e-05
924778,1,1e-05
924877,1,1e-05
925109,1,1e-05
925138,1,1e-05
925267,1,1e-05
925354,1,1e-05
925358,1,1e-05
925430,1,1e-05
925447,1,1e-05
925510,1,1e-05
925547,1,1e-05
925572,1,1e-05
925673,1,1e-05
925690,1,1e-05
925932,1,1e-05
926115,1,1e-05
926262,1,1e-05
926349,1,1e-05
926363,1,1e-05
926380,1,1e-05
926423,1,1e-05
926620,1,1e-05
926649,1,1e-05
926662,1,1e-05
926787,1,1e-05
926809,1,1e-05
926814,1,1e-05
926839,1,1e-05
926884,1,1e-05
926901,1,1e-05
926984,1,1e-05
926992,1,1e-05
927130,1,1e-05
927174,1,1e-05
927199,1,1e-05
927209,1,1e-05
927241,1,1e-05
927299,1,1e-05
927327,1,1e-05
927386,1,1e-05
927489,1,1e-05
927519,1,1e-05
927569,1,1e-05
927601,1,1e-05
927663,1,1e-05
927684,1,1e-05
927721,1,1e-05
927722,1,1e-05
927729,1,1e-05
927757,1,1e-05
927758,1,1e-05
927794,1,1e-05
927822,1,1e-05
927856,1,1e-05
927863,1,1e-05
927880,1,1e-05
927957,1,1e-05
927969,1,1e-05
928013,1,1e-05
928028,1,1e-05
928117,1,1e-05
928233,1,1e-05
928246,1,1e-05
928270,1,1e-05
928322,1,1e-05
928362,1,1e-05
928367,1,1e-05
928480,1,1e-05
928493,1,1e-05
928532,1,1e-05
928542,1,1e-05
928546,1,1e-05
928568,1,1e-05
928587,1,1e-05
928604,1,1e-05
928633,1,1e-05
928649,1,1e-05
928799,1,1e-05
928878,1,1e-05
928898,1,1e-05
928899,1,1e-05
928942,1,1e-05
928958,1,1e-05
928960,1,1e-05
929096,1,1e-05
929100,1,1e-05
929196,1,1e-05
929201,1,1e-05
929237,1,1e-05
929301,1,1e-05
929307,1,1e-05
929416,1,1e-05
929513,1,1e-05
929552,1,1e-05
929637,1,1e-05
929642,1,1e-05
929662,1,1e-05
929739,1,1e-05
929783,1,1e-05
929855,1,1e-05
929877,1,1e-05
929898,1,1e-05
929917,1,1e-05
930135,1,1e-05
930195,1,1e-05
930300,1,1e-05
930332,1,1e-05
930400,1,1e-05
930465,1,1e-05
930466,1,1e-05
930484,1,1e-05
930512,1,1e-05
930557,1,1e-05
930577,1,1e-05
930603,1,1e-05
930645,1,1e-05
930659,1,1e-05
930765,1,1e-05
930852,1,1e-05
930861,1,1e-05
930914,1,1e-05
931083,1,1e-05
931112,1,1e-05
931121,1,1e-05
931137,1,1e-05
931140,1,1e-05
931166,1,1e-05
931253,1,1e-05
931371,1,1e-05
931380,1,1e-05
931428,1,1e-05
931514,1,1e-05
931582,1,1e-05
931730,1,1e-05
931753,1,1e-05
931763,1,1e-05
931770,1,1e-05
931791,1,1e-05
931821,1,1e-05
931822,1,1e-05
931829,1,1e-05
931922,1,1e-05
931934,1,1e-05
931953,1,1e-05
931965,1,1e-05
931982,1,1e-05
932049,1,1e-05
932291,1,1e-05
932324,1,1e-05
932336,1,1e-05
932383,1,1e-05
932391,1,1e-05
932429,1,1e-05
932448,1,1e-05
932594,1,1e-05
932654,1,1e-05
932657,1,1e-05
932668,1,1e-05
932691,1,1e-05
932723,1,1e-05
932745,1,1e-05
932766,1,1e-05
932812,1,1e-05
932817,1,1e-05
932868,1,1e-05
932896,1,1e-05
932926,1,1e-05
932980,1,1e-05
933044,1,1e-05
933057,1,1e-05
933140,1,1e-05
933152,1,1e-05
933217,1,1e-05
933220,1,1e-05
933231,1,1e-05
933241,1,1e-05
933271,1,1e-05
933277,1,1e-05
933344,1,1e-05
933417,1,1e-05
933422,1,1e-05
933508,1,1e-05
933566,1,1e-05
933596,1,1e-05
933621,1,1e-05
933665,1,1e-05
933742,1,1e-05
933745,1,1e-05
933798,1,1e-05
933816,1,1e-05
933834,1,1e-05
933876,1,1e-05
933889,1,1e-05
933908,1,1e-05
933913,1,1e-05
934047,1,1e-05
934051,1,1e-05
934093,1,1e-05
934124,1,1e-05
934201,1,1e-05
934218,1,1e-05
934222,1,1e-05
934262,1,1e-05
934430,1,1e-05
934459,1,1e-05
934478,1,1e-05
934491,1,1e-05
934556,1,1e-05
934651,1,1e-05
934685,1,1e-05
934741,1,1e-05
934799,1,1e-05
934982,1,1e-05
935054,1,1e-05
935177,1,1e-05
935220,1,1e-05
935222,1,1e-05
935245,1,1e-05
935310,1,1e-05
935336,1,1e-05
935355,1,1e-05
935363,1,1e-05
935366,1,1e-05
935375,1,1e-05
935434,1,1e-05
935582,1,1e-05
935593,1,1e-05
935602,1,1e-05
935609,1,1e-05
935757,1,1e-05
935798,1,1e-05
935839,1,1e-05
935843,1,1e-05
935847,1,1e-05
935897,1,1e-05
936071,1,1e-05
936121,1,1e-05
936122,1,1e-05
936171,1,1e-05
936203,1,1e-05
936297,1,1e-05
936420,1,1e-05
936461,1,1e-05
936485,1,1e-05
936574,1,1e-05
936595,1,1e-05
936633,1,1e-05
936740,1,1e-05
936859,1,1e-05
936946,1,1e-05
936951,1,1e-05
936954,1,1e-05
936974,1,1e-05
936989,1,1e-05
937002,1,1e-05
937057,1,1e-05
937087,1,1e-05
937103,1,1e-05
937104,1,1e-05
937111,1,1e-05
937140,1,1e-05
937141,1,1e-05
937159,1,1e-05
937172,1,1e-05
937178,1,1e-05
937243,1,1e-05
937258,1,1e-05
937287,1,1e-05
937370,1,1e-05
937417,1,1e-05
937589,1,1e-05
937657,1,1e-05
937673,1,1e-05
937680,1,1e-05
937696,1,1e-05
937705,1,1e-05
937736,1,1e-05
937859,1,1e-05
937999,1,1e-05
938114,1,1e-05
938146,1,1e-05
938221,1,1e-05
938389,1,1e-05
938393,1,1e-05
938427,1,1e-05
938477,1,1e-05
938486,1,1e-05
938501,1,1e-05
938515,1,1e-05
938637,1,1e-05
938674,1,1e-05
938706,1,1e-05
938742,1,1e-05
938752,1,1e-05
938842,1,1e-05
938848,1,1e-05
938864,1,1e-05
938923,1,1e-05
939034,1,1e-05
939079,1,1e-05
939130,1,1e-05
939168,1,1e-05
939176,1,1e-05
939309,1,1e-05
939516,1,1e-05
939621,1,1e-05
939810,1,1e-05
939812,1,1e-05
939944,1,1e-05
939949,1,1e-05
939965,1,1e-05
940003,1,1e-05
940011,1,1e-05
940023,1,1e-05
940219,1,1e-05
940334,1,1e-05
940374,1,1e-05
940496,1,1e-05
940514,1,1e-05
940540,1,1e-05
940631,1,1e-05
940671,1,1e-05
940699,1,1e-05
940835,1,1e-05
940910,1,1e-05
940935,1,1e-05
940983,1,1e-05
941041,1,1e-05
941146,1,1e-05
941204,1,1e-05
941228,1,1e-05
941279,1,1e-05
941281,1,1e-05
941290,1,1e-05
941347,1,1e-05
941354,1,1e-05
941374,1,1e-05
941423,1,1e-05
941456,1,1e-05
941465,1,1e-05
941472,1,1e-05
941599,1,1e-05
941647,1,1e-05
941651,1,1e-05
941697,1,1e-05
941816,1,1e-05
941847,1,1e-05
941859,1,1e-05
941885,1,1e-05
941916,1,1e-05
941938,1,1e-05
942076,1,1e-05
942101,1,1e-05
942126,1,1e-05
942137,1,1e-05
942300,1,1e-05
942375,1,1e-05
942448,1,1e-05
942495,1,1e-05
942577,1,1e-05
942595,1,1e-05
942710,1,1e-05
942731,1,1e-05
942868,1,1e-05
942974,1,1e-05
942992,1,1e-05
943045,1,1e-05
943132,1,1e-05
943133,1,1e-05
943142,1,1e-05
943188,1,1e-05
943193,1,1e-05
943200,1,1e-05
943207,1,1e-05
943238,1,1e-05
943371,1,1e-05
943381,1,1e-05
943383,1,1e-05
943452,1,1e-05
943524,1,1e-05
943562,1,1e-05
943577,1,1e-05
943627,1,1e-05
943650,1,1e-05
943713,1,1e-05
943739,1,1e-05
943744,1,1e-05
943745,1,1e-05
943798,1,1e-05
943847,1,1e-05
943986,1,1e-05
944033,1,1e-05
944197,1,1e-05
944318,1,1e-05
944321,1,1e-05
944335,1,1e-05
944578,1,1e-05
944687,1,1e-05
944728,1,1e-05
944745,1,1e-05
944763,1,1e-05
944767,1,1e-05
944822,1,1e-05
944860,1,1e-05
944911,1,1e-05
944940,1,1e-05
944953,1,1e-05
944970,1,1e-05
945163,1,1e-05
945211,1,1e-05
945262,1,1e-05
945313,1,1e-05
945478,1,1e-05
945605,1,1e-05
945808,1,1e-05
945809,1,1e-05
945829,1,1e-05
945896,1,1e-05
945953,1,1e-05
945988,1,1e-05
946018,1,1e-05
946062,1,1e-05
946076,1,1e-05
946127,1,1e-05
946169,1,1e-05
946279,1,1e-05
946324,1,1e-05
946419,1,1e-05
946454,1,1e-05
946492,1,1e-05
946566,1,1e-05
946590,1,1e-05
946653,1,1e-05
946659,1,1e-05
946687,1,1e-05
946716,1,1e-05
946732,1,1e-05
946739,1,1e-05
946757,1,1e-05
946775,1,1e-05
946810,1,1e-05
946829,1,1e-05
946972,1,1e-05
947079,1,1e-05
947109,1,1e-05
947113,1,1e-05
947132,1,1e-05
947240,1,1e-05
947326,1,1e-05
947567,1,1e-05
947602,1,1e-05
947715,1,1e-05
947762,1,1e-05
947781,1,1e-05
947872,1,1e-05
947958,1,1e-05
948006,1,1e-05
948045,1,1e-05
948082,1,1e-05
948137,1,1e-05
948185,1,1e-05
948206,1,1e-05
948248,1,1e-05
948451,1,1e-05
948550,1,1e-05
948581,1,1e-05
948584,1,1e-05
948585,1,1e-05
948637,1,1e-05
948689,1,1e-05
948809,1,1e-05
948830,1,1e-05
948914,1,1e-05
949006,1,1e-05
949044,1,1e-05
949099,1,1e-05
949162,1,1e-05
949178,1,1e-05
949212,1,1e-05
949237,1,1e-05
949252,1,1e-05
949282,1,1e-05
949517,1,1e-05
949542,1,1e-05
949547,1,1e-05
949674,1,1e-05
949742,1,1e-05
949790,1,1e-05
949817,1,1e-05
949998,1,1e-05
950268,1,1e-05
950273,1,1e-05
950326,1,1e-05
950335,1,1e-05
950347,1,1e-05
950473,1,1e-05
950513,1,1e-05
950560,1,1e-05
950561,1,1e-05
950623,1,1e-05
950678,1,1e-05
950727,1,1e-05
950753,1,1e-05
950864,1,1e-05
950988,1,1e-05
950990,1,1e-05
950999,1,1e-05
951077,1,1e-05
951283,1,1e-05
951291,1,1e-05
951405,1,1e-05
951422,1,1e-05
951450,1,1e-05
951489,1,1e-05
951498,1,1e-05
951507,1,1e-05
951643,1,1e-05
951676,1,1e-05
951693,1,1e-05
951695,1,1e-05
951696,1,1e-05
951732,1,1e-05
951775,1,1e-05
951809,1,1e-05
951813,1,1e-05
951832,1,1e-05
951834,1,1e-05
951841,1,1e-05
951865,1,1e-05
951868,1,1e-05
951965,1,1e-05
951980,1,1e-05
952070,1,1e-05
952093,1,1e-05
952112,1,1e-05
952187,1,1e-05
952196,1,1e-05
952246,1,1e-05
952251,1,1e-05
952265,1,1e-05
952270,1,1e-05
952334,1,1e-05
952394,1,1e-05
952432,1,1e-05
952459,1,1e-05
952585,1,1e-05
952627,1,1e-05
952630,1,1e-05
952634,1,1e-05
952663,1,1e-05
952708,1,1e-05
952720,1,1e-05
952851,1,1e-05
952879,1,1e-05
952885,1,1e-05
952963,1,1e-05
952974,1,1e-05
952978,1,1e-05
952982,1,1e-05
952984,1,1e-05
953005,1,1e-05
953062,1,1e-05
953072,1,1e-05
953165,1,1e-05
953209,1,1e-05
953234,1,1e-05
953237,1,1e-05
953278,1,1e-05
953305,1,1e-05
953306,1,1e-05
953321,1,1e-05
953349,1,1e-05
953424,1,1e-05
953441,1,1e-05
953492,1,1e-05
953595,1,1e-05
953668,1,1e-05
953721,1,1e-05
953779,1,1e-05
953828,1,1e-05
953891,1,1e-05
953909,1,1e-05
953924,1,1e-05
953926,1,1e-05
953954,1,1e-05
953966,1,1e-05
954150,1,1e-05
954155,1,1e-05
954175,1,1e-05
954244,1,1e-05
954260,1,1e-05
954340,1,1e-05
954362,1,1e-05
954382,1,1e-05
954383,1,1e-05
954471,1,1e-05
954475,1,1e-05
954490,1,1e-05
954556,1,1e-05
954585,1,1e-05
954602,1,1e-05
954604,1,1e-05
954642,1,1e-05
954720,1,1e-05
954773,1,1e-05
954853,1,1e-05
954911,1,1e-05
954937,1,1e-05
955029,1,1e-05
955036,1,1e-05
955038,1,1e-05
955056,1,1e-05
955082,1,1e-05
955165,1,1e-05
955188,1,1e-05
955192,1,1e-05
955202,1,1e-05
955237,1,1e-05
955266,1,1e-05
955284,1,1e-05
955383,1,1e-05
955432,1,1e-05
955436,1,1e-05
955457,1,1e-05
955510,1,1e-05
955532,1,1e-05
955550,1,1e-05
955551,1,1e-05
955598,1,1e-05
955600,1,1e-05
955603,1,1e-05
955630,1,1e-05
955649,1,1e-05
955713,1,1e-05
955745,1,1e-05
955762,1,1e-05
955769,1,1e-05
955786,1,1e-05
955822,1,1e-05
955927,1,1e-05
955931,1,1e-05
955938,1,1e-05
955945,1,1e-05
955979,1,1e-05
955987,1,1e-05
956009,1,1e-05
956067,1,1e-05
956157,1,1e-05
956167,1,1e-05
956218,1,1e-05
956251,1,1e-05
956274,1,1e-05
956330,1,1e-05
956345,1,1e-05
956436,1,1e-05
956442,1,1e-05
956446,1,1e-05
956491,1,1e-05
956511,1,1e-05
956580,1,1e-05
956683,1,1e-05
956686,1,1e-05
956742,1,1e-05
956763,1,1e-05
956771,1,1e-05
956878,1,1e-05
956919,1,1e-05
956945,1,1e-05
956972,1,1e-05
957055,1,1e-05
957060,1,1e-05
957208,1,1e-05
957252,1,1e-05
957264,1,1e-05
957277,1,1e-05
957301,1,1e-05
957303,1,1e-05
957316,1,1e-05
957336,1,1e-05
957431,1,1e-05
957436,1,1e-05
957523,1,1e-05
957589,1,1e-05
957616,1,1e-05
957650,1,1e-05
957708,1,1e-05
957817,1,1e-05
957827,1,1e-05
957858,1,1e-05
957914,1,1e-05
957960,1,1e-05
957969,1,1e-05
958035,1,1e-05
958092,1,1e-05
958130,1,1e-05
958176,1,1e-05
958222,1,1e-05
958224,1,1e-05
958259,1,1e-05
958264,1,1e-05
958292,1,1e-05
958380,1,1e-05
958429,1,1e-05
958430,1,1e-05
958508,1,1e-05
958590,1,1e-05
958797,1,1e-05
958876,1,1e-05
958902,1,1e-05
958992,1,1e-05
958997,1,1e-05
959022,1,1e-05
959037,1,1e-05
959135,1,1e-05
959175,1,1e-05
959190,1,1e-05
959203,1,1e-05
959256,1,1e-05
959293,1,1e-05
959310,1,1e-05
959315,1,1e-05
959443,1,1e-05
959533,1,1e-05
959569,1,1e-05
959573,1,1e-05
959588,1,1e-05
959592,1,1e-05
959655,1,1e-05
959674,1,1e-05
959718,1,1e-05
959782,1,1e-05
959858,1,1e-05
959867,1,1e-05
959914,1,1e-05
960002,1,1e-05
960104,1,1e-05
960105,1,1e-05
960123,1,1e-05
960133,1,1e-05
960150,1,1e-05
960256,1,1e-05
960260,1,1e-05
960291,1,1e-05
960352,1,1e-05
960360,1,1e-05
960381,1,1e-05
960384,1,1e-05
960532,1,1e-05
960553,1,1e-05
960581,1,1e-05
960602,1,1e-05
960613,1,1e-05
960634,1,1e-05
960825,1,1e-05
960899,1,1e-05
960939,1,1e-05
960955,1,1e-05
961003,1,1e-05
961067,1,1e-05
961140,1,1e-05
961144,1,1e-05
961204,1,1e-05
961377,1,1e-05
961539,1,1e-05
961559,1,1e-05
961566,1,1e-05
961570,1,1e-05
961582,1,1e-05
961591,1,1e-05
961634,1,1e-05
961638,1,1e-05
961688,1,1e-05
961844,1,1e-05
961879,1,1e-05
961898,1,1e-05
962017,1,1e-05
962020,1,1e-05
962060,1,1e-05
962062,1,1e-05
962172,1,1e-05
962214,1,1e-05
962233,1,1e-05
962297,1,1e-05
962375,1,1e-05
962410,1,1e-05
962421,1,1e-05
962434,1,1e-05
962472,1,1e-05
962488,1,1e-05
962503,1,1e-05
962515,1,1e-05
962568,1,1e-05
962585,1,1e-05
962729,1,1e-05
962789,1,1e-05
962822,1,1e-05
962861,1,1e-05
962935,1,1e-05
962959,1,1e-05
963071,1,1e-05
963159,1,1e-05
963195,1,1e-05
963201,1,1e-05
963252,1,1e-05
963308,1,1e-05
963445,1,1e-05
963505,1,1e-05
963556,1,1e-05
963577,1,1e-05
963678,1,1e-05
963692,1,1e-05
963770,1,1e-05
963785,1,1e-05
963800,1,1e-05
963826,1,1e-05
963923,1,1e-05
964007,1,1e-05
964008,1,1e-05
964031,1,1e-05
964117,1,1e-05
964119,1,1e-05
964131,1,1e-05
964172,1,1e-05
964236,1,1e-05
964356,1,1e-05
964365,1,1e-05
964401,1,1e-05
964402,1,1e-05
964420,1,1e-05
964430,1,1e-05
964477,1,1e-05
964531,1,1e-05
964555,1,1e-05
964557,1,1e-05
964558,1,1e-05
964603,1,1e-05
964622,1,1e-05
964689,1,1e-05
964714,1,1e-05
964765,1,1e-05
964778,1,1e-05
964792,1,1e-05
964825,1,1e-05
964830,1,1e-05
964881,1,1e-05
964892,1,1e-05
964893,1,1e-05
965029,1,1e-05
965133,1,1e-05
965136,1,1e-05
965190,1,1e-05
965290,1,1e-05
965326,1,1e-05
965498,1,1e-05
965533,1,1e-05
965544,1,1e-05
965628,1,1e-05
965633,1,1e-05
965637,1,1e-05
965720,1,1e-05
965869,1,1e-05
965874,1,1e-05
965912,1,1e-05
965914,1,1e-05
966000,1,1e-05
966001,1,1e-05
966010,1,1e-05
966074,1,1e-05
966112,1,1e-05
966249,1,1e-05
966281,1,1e-05
966396,1,1e-05
966584,1,1e-05
966599,1,1e-05
966618,1,1e-05
966652,1,1e-05
966742,1,1e-05
966754,1,1e-05
966843,1,1e-05
966882,1,1e-05
966998,1,1e-05
967026,1,1e-05
967126,1,1e-05
967129,1,1e-05
967133,1,1e-05
967168,1,1e-05
967174,1,1e-05
967273,1,1e-05
967306,1,1e-05
967339,1,1e-05
967360,1,1e-05
967361,1,1e-05
967390,1,1e-05
967570,1,1e-05
967626,1,1e-05
967714,1,1e-05
967735,1,1e-05
967785,1,1e-05
967824,1,1e-05
967840,1,1e-05
967876,1,1e-05
967879,1,1e-05
967880,1,1e-05
967909,1,1e-05
967926,1,1e-05
967930,1,1e-05
967953,1,1e-05
967992,1,1e-05
968035,1,1e-05
968086,1,1e-05
968088,1,1e-05
968179,1,1e-05
968236,1,1e-05
968256,1,1e-05
968270,1,1e-05
968282,1,1e-05
968390,1,1e-05
968394,1,1e-05
968437,1,1e-05
968498,1,1e-05
968527,1,1e-05
968595,1,1e-05
968615,1,1e-05
968644,1,1e-05
968675,1,1e-05
968809,1,1e-05
968829,1,1e-05
968868,1,1e-05
968871,1,1e-05
968976,1,1e-05
969095,1,1e-05
969122,1,1e-05
969150,1,1e-05
969156,1,1e-05
969356,1,1e-05
969435,1,1e-05
969442,1,1e-05
969486,1,1e-05
969537,1,1e-05
969599,1,1e-05
969616,1,1e-05
969717,1,1e-05
969725,1,1e-05
969865,1,1e-05
969933,1,1e-05
969947,1,1e-05
969963,1,1e-05
970070,1,1e-05
970075,1,1e-05
970136,1,1e-05
970158,1,1e-05
970184,1,1e-05
970215,1,1e-05
970262,1,1e-05
970330,1,1e-05
970342,1,1e-05
970432,1,1e-05
970558,1,1e-05
970591,1,1e-05
970592,1,1e-05
970593,1,1e-05
970630,1,1e-05
970632,1,1e-05
970691,1,1e-05
970716,1,1e-05
970721,1,1e-05
970740,1,1e-05
970802,1,1e-05
970864,1,1e-05
970914,1,1e-05
970983,1,1e-05
970996,1,1e-05
971025,1,1e-05
971069,1,1e-05
971072,1,1e-05
971114,1,1e-05
971154,1,1e-05
971214,1,1e-05
971219,1,1e-05
971230,1,1e-05
971263,1,1e-05
971265,1,1e-05
971380,1,1e-05
971388,1,1e-05
971443,1,1e-05
971447,1,1e-05
971543,1,1e-05
971570,1,1e-05
971616,1,1e-05
971657,1,1e-05
971744,1,1e-05
971805,1,1e-05
971867,1,1e-05
971872,1,1e-05
971907,1,1e-05
971926,1,1e-05
972037,1,1e-05
972042,1,1e-05
972072,1,1e-05
972076,1,1e-05
972113,1,1e-05
972147,1,1e-05
972219,1,1e-05
972271,1,1e-05
972278,1,1e-05
972280,1,1e-05
972351,1,1e-05
972360,1,1e-05
972368,1,1e-05
972378,1,1e-05
972466,1,1e-05
972624,1,1e-05
972638,1,1e-05
972665,1,1e-05
972702,1,1e-05
972808,1,1e-05
972860,1,1e-05
972922,1,1e-05
972951,1,1e-05
973157,1,1e-05
973209,1,1e-05
973211,1,1e-05
973225,1,1e-05
973314,1,1e-05
973378,1,1e-05
973523,1,1e-05
973562,1,1e-05
973672,1,1e-05
973724,1,1e-05
973805,1,1e-05
973814,1,1e-05
973827,1,1e-05
973857,1,1e-05
973998,1,1e-05
974009,1,1e-05
974032,1,1e-05
974036,1,1e-05
974060,1,1e-05
974061,1,1e-05
974109,1,1e-05
974225,1,1e-05
974230,1,1e-05
974299,1,1e-05
974370,1,1e-05
974396,1,1e-05
974405,1,1e-05
974413,1,1e-05
974437,1,1e-05
974457,1,1e-05
974477,1,1e-05
974481,1,1e-05
974491,1,1e-05
974510,1,1e-05
974578,1,1e-05
974604,1,1e-05
974617,1,1e-05
974635,1,1e-05
974664,1,1e-05
974672,1,1e-05
974702,1,1e-05
974759,1,1e-05
974816,1,1e-05
974839,1,1e-05
974882,1,1e-05
974951,1,1e-05
974961,1,1e-05
974962,1,1e-05
975031,1,1e-05
975032,1,1e-05
975068,1,1e-05
975074,1,1e-05
975118,1,1e-05
975226,1,1e-05
975250,1,1e-05
975299,1,1e-05
975311,1,1e-05
975369,1,1e-05
975418,1,1e-05
975486,1,1e-05
975497,1,1e-05
975509,1,1e-05
975520,1,1e-05
975542,1,1e-05
975580,1,1e-05
975590,1,1e-05
975598,1,1e-05
975620,1,1e-05
975643,1,1e-05
975670,1,1e-05
975684,1,1e-05
975688,1,1e-05
975707,1,1e-05
975719,1,1e-05
975729,1,1e-05
975853,1,1e-05
975913,1,1e-05
975952,1,1e-05
976027,1,1e-05
976153,1,1e-05
976170,1,1e-05
976186,1,1e-05
976335,1,1e-05
976423,1,1e-05
976438,1,1e-05
976489,1,1e-05
976494,1,1e-05
976505,1,1e-05
976597,1,1e-05
976599,1,1e-05
976611,1,1e-05
976622,1,1e-05
976636,1,1e-05
976654,1,1e-05
976729,1,1e-05
976730,1,1e-05
976782,1,1e-05
976878,1,1e-05
976901,1,1e-05
976983,1,1e-05
977025,1,1e-05
977032,1,1e-05
977042,1,1e-05
977056,1,1e-05
977072,1,1e-05
977099,1,1e-05
977124,1,1e-05
977148,1,1e-05
977149,1,1e-05
977243,1,1e-05
977249,1,1e-05
977300,1,1e-05
977305,1,1e-05
977318,1,1e-05
977335,1,1e-05
977338,1,1e-05
977375,1,1e-05
977486,1,1e-05
977516,1,1e-05
977652,1,1e-05
977669,1,1e-05
977711,1,1e-05
977722,1,1e-05
977771,1,1e-05
977825,1,1e-05
977831,1,1e-05
977971,1,1e-05
978089,1,1e-05
978101,1,1e-05
978115,1,1e-05
978140,1,1e-05
978157,1,1e-05
978236,1,1e-05
978272,1,1e-05
978319,1,1e-05
978340,1,1e-05
978362,1,1e-05
978368,1,1e-05
978459,1,1e-05
978462,1,1e-05
978488,1,1e-05
978615,1,1e-05
978690,1,1e-05
978798,1,1e-05
978884,1,1e-05
978915,1,1e-05
979109,1,1e-05
979117,1,1e-05
979127,1,1e-05
979154,1,1e-05
979178,1,1e-05
979191,1,1e-05
979227,1,1e-05
979290,1,1e-05
979329,1,1e-05
979345,1,1e-05
979362,1,1e-05
979485,1,1e-05
979546,1,1e-05
979608,1,1e-05
979613,1,1e-05
979652,1,1e-05
979654,1,1e-05
979683,1,1e-05
979710,1,1e-05
979823,1,1e-05
979827,1,1e-05
979875,1,1e-05
979954,1,1e-05
979955,1,1e-05
980006,1,1e-05
980080,1,1e-05
980164,1,1e-05
980169,1,1e-05
980170,1,1e-05
980178,1,1e-05
980336,1,1e-05
980458,1,1e-05
980466,1,1e-05
980482,1,1e-05
980634,1,1e-05
980639,1,1e-05
980662,1,1e-05
980682,1,1e-05
980700,1,1e-05
980702,1,1e-05
980755,1,1e-05
980855,1,1e-05
980914,1,1e-05
980949,1,1e-05
980961,1,1e-05
980963,1,1e-05
981202,1,1e-05
981317,1,1e-05
981347,1,1e-05
981367,1,1e-05
981373,1,1e-05
981408,1,1e-05
981476,1,1e-05
981606,1,1e-05
981645,1,1e-05
981769,1,1e-05
981772,1,1e-05
981859,1,1e-05
981922,1,1e-05
981950,1,1e-05
981989,1,1e-05
982118,1,1e-05
982134,1,1e-05
982152,1,1e-05
982176,1,1e-05
982238,1,1e-05
982320,1,1e-05
982344,1,1e-05
982384,1,1e-05
982411,1,1e-05
982434,1,1e-05
982466,1,1e-05
982573,1,1e-05
982663,1,1e-05
982670,1,1e-05
982676,1,1e-05
982698,1,1e-05
982747,1,1e-05
982804,1,1e-05
982886,1,1e-05
982892,1,1e-05
983056,1,1e-05
983058,1,1e-05
983151,1,1e-05
983189,1,1e-05
983196,1,1e-05
983209,1,1e-05
983248,1,1e-05
983253,1,1e-05
983344,1,1e-05
983387,1,1e-05
983412,1,1e-05
983497,1,1e-05
983530,1,1e-05
983539,1,1e-05
983564,1,1e-05
983589,1,1e-05
983629,1,1e-05
983641,1,1e-05
983680,1,1e-05
983810,1,1e-05
983894,1,1e-05
984009,1,1e-05
984265,1,1e-05
984286,1,1e-05
984343,1,1e-05
984371,1,1e-05
984372,1,1e-05
984373,1,1e-05
984387,1,1e-05
984458,1,1e-05
984512,1,1e-05
984625,1,1e-05
984662,1,1e-05
984709,1,1e-05
984717,1,1e-05
984729,1,1e-05
984846,1,1e-05
984858,1,1e-05
984969,1,1e-05
985027,1,1e-05
985221,1,1e-05
985316,1,1e-05
985398,1,1e-05
985414,1,1e-05
985421,1,1e-05
985482,1,1e-05
985516,1,1e-05
985526,1,1e-05
985566,1,1e-05
985576,1,1e-05
985608,1,1e-05
985624,1,1e-05
985640,1,1e-05
985698,1,1e-05
985700,1,1e-05
985711,1,1e-05
985723,1,1e-05
985788,1,1e-05
985820,1,1e-05
985828,1,1e-05
985836,1,1e-05
985838,1,1e-05
985866,1,1e-05
986076,1,1e-05
986083,1,1e-05
986093,1,1e-05
986097,1,1e-05
986154,1,1e-05
986195,1,1e-05
986199,1,1e-05
986242,1,1e-05
986326,1,1e-05
986370,1,1e-05
986399,1,1e-05
986574,1,1e-05
986621,1,1e-05
986700,1,1e-05
986712,1,1e-05
986731,1,1e-05
986735,1,1e-05
986759,1,1e-05
986775,1,1e-05
986858,1,1e-05
986903,1,1e-05
986909,1,1e-05
986993,1,1e-05
987029,1,1e-05
987043,1,1e-05
987082,1,1e-05
987084,1,1e-05
987100,1,1e-05
987111,1,1e-05
987116,1,1e-05
987125,1,1e-05
987168,1,1e-05
987190,1,1e-05
987236,1,1e-05
987242,1,1e-05
987283,1,1e-05
987306,1,1e-05
987322,1,1e-05
987324,1,1e-05
987541,1,1e-05
987547,1,1e-05
987596,1,1e-05
987685,1,1e-05
987694,1,1e-05
987702,1,1e-05
987720,1,1e-05
987878,1,1e-05
988075,1,1e-05
988081,1,1e-05
988128,1,1e-05
988163,1,1e-05
988210,1,1e-05
988213,1,1e-05
988214,1,1e-05
988215,1,1e-05
988250,1,1e-05
988284,1,1e-05
988323,1,1e-05
988469,1,1e-05
988478,1,1e-05
988517,1,1e-05
988551,1,1e-05
988638,1,1e-05
988650,1,1e-05
988657,1,1e-05
988670,1,1e-05
988776,1,1e-05
988864,1,1e-05
988896,1,1e-05
988905,1,1e-05
988917,1,1e-05
988939,1,1e-05
988954,1,1e-05
988970,1,1e-05
989074,1,1e-05
989096,1,1e-05
989106,1,1e-05
989214,1,1e-05
989272,1,1e-05
989275,1,1e-05
989278,1,1e-05
989308,1,1e-05
989387,1,1e-05
989417,1,1e-05
989426,1,1e-05
989433,1,1e-05
989570,1,1e-05
989599,1,1e-05
989626,1,1e-05
989696,1,1e-05
989708,1,1e-05
989770,1,1e-05
989884,1,1e-05
989889,1,1e-05
989906,1,1e-05
989910,1,1e-05
989912,1,1e-05
989927,1,1e-05
989930,1,1e-05
989954,1,1e-05
989999,1,1e-05
990052,1,1e-05
990073,1,1e-05
990222,1,1e-05
990319,1,1e-05
990372,1,1e-05
990434,1,1e-05
990526,1,1e-05
990532,1,1e-05
990568,1,1e-05
990593,1,1e-05
990642,1,1e-05
990770,1,1e-05
990825,1,1e-05
990846,1,1e-05
990891,1,1e-05
990897,1,1e-05
990910,1,1e-05
990917,1,1e-05
991188,1,1e-05
991212,1,1e-05
991291,1,1e-05
991332,1,1e-05
991359,1,1e-05
991394,1,1e-05
991418,1,1e-05
991482,1,1e-05
991525,1,1e-05
991630,1,1e-05
991637,1,1e-05
991711,1,1e-05
991722,1,1e-05
991743,1,1e-05
991770,1,1e-05
991774,1,1e-05
991808,1,1e-05
991810,1,1e-05
991826,1,1e-05
991927,1,1e-05
991976,1,1e-05
991996,1,1e-05
992003,1,1e-05
992004,1,1e-05
992034,1,1e-05
992120,1,1e-05
992205,1,1e-05
992354,1,1e-05
992529,1,1e-05
992534,1,1e-05
992545,1,1e-05
992624,1,1e-05
992778,1,1e-05
992782,1,1e-05
992901,1,1e-05
992910,1,1e-05
992921,1,1e-05
992990,1,1e-05
993009,1,1e-05
993027,1,1e-05
993034,1,1e-05
993095,1,1e-05
993181,1,1e-05
993238,1,1e-05
993317,1,1e-05
993336,1,1e-05
993385,1,1e-05
993390,1,1e-05
993403,1,1e-05
993415,1,1e-05
993418,1,1e-05
993548,1,1e-05
993675,1,1e-05
993708,1,1e-05
993761,1,1e-05
993805,1,1e-05
993888,1,1e-05
993966,1,1e-05
993988,1,1e-05
994027,1,1e-05
994032,1,1e-05
994087,1,1e-05
994092,1,1e-05
994112,1,1e-05
994221,1,1e-05
994311,1,1e-05
994317,1,1e-05
994400,1,1e-05
994489,1,1e-05
994599,1,1e-05
994605,1,1e-05
994614,1,1e-05
994647,1,1e-05
994658,1,1e-05
994771,1,1e-05
994782,1,1e-05
994810,1,1e-05
994849,1,1e-05
994866,1,1e-05
994902,1,1e-05
994903,1,1e-05
994921,1,1e-05
994944,1,1e-05
995262,1,1e-05
995297,1,1e-05
995582,1,1e-05
995595,1,1e-05
995596,1,1e-05
995599,1,1e-05
995610,1,1e-05
995611,1,1e-05
995679,1,1e-05
995758,1,1e-05
995782,1,1e-05
995795,1,1e-05
995841,1,1e-05
995875,1,1e-05
995978,1,1e-05
995990,1,1e-05
995991,1,1e-05
996056,1,1e-05
996094,1,1e-05
996175,1,1e-05
996244,1,1e-05
996250,1,1e-05
996267,1,1e-05
996279,1,1e-05
996323,1,1e-05
996354,1,1e-05
996453,1,1e-05
996469,1,1e-05
996477,1,1e-05
996493,1,1e-05
996510,1,1e-05
996530,1,1e-05
996537,1,1e-05
996544,1,1e-05
996565,1,1e-05
996659,1,1e-05
996677,1,1e-05
996724,1,1e-05
996798,1,1e-05
996808,1,1e-05
996853,1,1e-05
996947,1,1e-05
996994,1,1e-05
997064,1,1e-05
997093,1,1e-05
997102,1,1e-05
997219,1,1e-05
997291,1,1e-05
997349,1,1e-05
997356,1,1e-05
997381,1,1e-05
997423,1,1e-05
997478,1,1e-05
997484,1,1e-05
997521,1,1e-05
997618,1,1e-05
997636,1,1e-05
997641,1,1e-05
997670,1,1e-05
997708,1,1e-05
997711,1,1e-05
997823,1,1e-05
997843,1,1e-05
997863,1,1e-05
997870,1,1e-05
997873,1,1e-05
997921,1,1e-05
997953,1,1e-05
997978,1,1e-05
998013,1,1e-05
998022,1,1e-05
998042,1,1e-05
998077,1,1e-05
998097,1,1e-05
998102,1,1e-05
998144,1,1e-05
998163,1,1e-05
998164,1,1e-05
998173,1,1e-05
998248,1,1e-05
998259,1,1e-05
998268,1,1e-05
998291,1,1e-05
998385,1,1e-05
998443,1,1e-05
998486,1,1e-05
998525,1,1e-05
998626,1,1e-05
998672,1,1e-05
998740,1,1e-05
998748,1,1e-05
998751,1,1e-05
998765,1,1e-05
998778,1,1e-05
998805,1,1e-05
998850,1,1e-05
998859,1,1e-05
998912,1,1e-05
998920,1,1e-05
998991,1,1e-05
999078,1,1e-05
999256,1,1e-05
999350,1,1e-05
999389,1,1e-05
999399,1,1e-05
999564,1,1e-05
999663,1,1e-05
999731,1,1e-05
999744,1,1e-05
999747,1,1e-05
999749,1,1e-05
999768,1,1e-05
999806,1,1e-05
999808,1,1e-05
999906,1,1e-05
999997,1,1e-05
