pin,count,probability
888888,2153,0.0269125
999999,2151,0.0268875
666666,2118,0.026475
000000,2085,0.0260625
444444,1245,0.0155625
777777,1233,0.0154125
111111,1231,0.0153875
222222,1202,0.015025
333333,1185,0.0148125
555555,1177,0.0147125
121212,989,0.0123625
131452,978,0.012225
123123,970,0.012125
112233,960,0.012
101010,954,0.011925
520520,946,0.011825
456789,896,0.0112
765432,893,0.0111625
123456,890,0.011125
543210,887,0.0110875
876543,885,0.0110625
234567,873,0.0109125
345678,866,0.010825
012345,858,0.010725
654321,854,0.010675
987654,839,0.0104875
001994,92,0.00115
001975,91,0.0011375
001953,91,0.0011375
196900,90,0.001125
196100,85,0.0010625
001977,85,0.0010625
196200,85,0.0010625
195200,83,0.0010375
001999,82,0.001025
199800,82,0.001025
196800,82,0.001025
199000,82,0.001025
001950,82,0.001025
001959,81,0.0010125
198300,81,0.0010125
001979,81,0.0010125
001952,80,0.001
196000,80,0.001
001956,80,0.001
198900,80,0.001
196500,80,0.001
001996,80,0.001
001963,79,0.0009875
200100,79,0.0009875
001976,78,0.000975
198100,78,0.000975
197000,78,0.000975
002004,78,0.000975
196700,78,0.000975
199700,78,0.000975
001964,78,0.000975
200300,77,0.0009625
001985,77,0.0009625
001984,77,0.0009625
001997,77,0.0009625
001951,76,0.00095
001966,76,0.00095
200500,76,0.00095
198600,76,0.00095
001971,75,0.0009375
199600,75,0.0009375
002003,75,0.0009375
197700,75,0.0009375
197800,75,0.0009375
001998,75,0.0009375
195100,75,0.0009375
196300,75,0.0009375
199400,74,0.000925
197100,74,0.000925
001965,74,0.000925
001954,73,0.0009125
002001,73,0.0009125
001991,73,0.0009125
001990,73,0.0009125
001968,73,0.0009125
198800,73,0.0009125
198200,72,0.0009
200000,72,0.0009
001957,72,0.0009
199200,72,0.0009
195500,72,0.0009
197500,72,0.0009
001967,70,0.000875
001995,70,0.000875
199900,70,0.000875
200200,70,0.000875
195300,70,0.000875
001972,70,0.000875
198000,70,0.000875
002002,69,0.0008625
001982,69,0.0008625
199100,69,0.0008625
195600,68,0.00085
001955,68,0.00085
195800,68,0.00085
195400,68,0.00085
001981,68,0.00085
001960,68,0.00085
197300,68,0.00085
199300,67,0.0008375
001987,67,0.0008375
197900,66,0.000825
198500,66,0.000825
001989,66,0.000825
001992,66,0.000825
199500,65,0.0008125
001970,65,0.0008125
196400,65,0.0008125
001958,65,0.0008125
197600,65,0.0008125
001983,65,0.0008125
001993,65,0.0008125
200400,64,0.0008
001980,64,0.0008
196600,64,0.0008
001974,64,0.0008
001973,63,0.0007875
001961,62,0.000775
195900,62,0.000775
001986,62,0.000775
001988,61,0.0007625
001969,61,0.0007625
197400,60,0.00075
001962,60,0.00075
195700,60,0.00075
198400,60,0.00075
001978,60,0.00075
195000,59,0.0007375
197200,58,0.000725
198700,57,0.0007125
002005,57,0.0007125
002000,57,0.0007125
210216,8,0.0001
220700,7,8.75e-05
141200,6,7.5e-05
200105,6,7.5e-05
240935,6,7.5e-05
061270,6,7.5e-05
130235,6,7.5e-05
120297,6,7.5e-05
170865,6,7.5e-05
030220,6,7.5e-05
120121,6,7.5e-05
040482,6,7.5e-05
240713,5,6.25e-05
030291,5,6.25e-05
230540,5,6.25e-05
240817,5,6.25e-05
220722,5,6.25e-05
250937,5,6.25e-05
100646,5,6.25e-05
250467,5,6.25e-05
221149,5,6.25e-05
130669,5,6.25e-05
080504,5,6.25e-05
020953,5,6.25e-05
010998,5,6.25e-05
140688,5,6.25e-05
100498,5,6.25e-05
140872,5,6.25e-05
030518,5,6.25e-05
100268,5,6.25e-05
270545,5,6.25e-05
130894,5,6.25e-05
120390,5,6.25e-05
051109,5,6.25e-05
230441,5,6.25e-05
020467,5,6.25e-05
151186,5,6.25e-05
080968,5,6.25e-05
220493,5,6.25e-05
160154,5,6.25e-05
050696,5,6.25e-05
280368,5,6.25e-05
100354,5,6.25e-05
021249,5,6.25e-05
230419,5,6.25e-05
161250,5,6.25e-05
020180,5,6.25e-05
070337,5,6.25e-05
041274,5,6.25e-05
271117,5,6.25e-05
100612,5,6.25e-05
170141,5,6.25e-05
210861,5,6.25e-05
270686,5,6.25e-05
190536,5,6.25e-05
200947,5,6.25e-05
150735,5,6.25e-05
121121,5,6.25e-05
030286,5,6.25e-05
071283,5,6.25e-05
211073,5,6.25e-05
160571,5,6.25e-05
131160,5,6.25e-05
250524,5,6.25e-05
200415,5,6.25e-05
080331,5,6.25e-05
141286,5,6.25e-05
181201,4,5e-05
081157,4,5e-05
020322,4,5e-05
160300,4,5e-05
090172,4,5e-05
070406,4,5e-05
150103,4,5e-05
050332,4,5e-05
150570,4,5e-05
270955,4,5e-05
060966,4,5e-05
180127,4,5e-05
091174,4,5e-05
141168,4,5e-05
050132,4,5e-05
150679,4,5e-05
031251,4,5e-05
080605,4,5e-05
160381,4,5e-05
250460,4,5e-05
270172,4,5e-05
140787,4,5e-05
260335,4,5e-05
140186,4,5e-05
110247,4,5e-05
250233,4,5e-05
040303,4,5e-05
150232,4,5e-05
100996,4,5e-05
261117,4,5e-05
250706,4,5e-05
060929,4,5e-05
250729,4,5e-05
010756,4,5e-05
171055,4,5e-05
121149,4,5e-05
160183,4,5e-05
220602,4,5e-05
060628,4,5e-05
011168,4,5e-05
260983,4,5e-05
171147,4,5e-05
140598,4,5e-05
230185,4,5e-05
240695,4,5e-05
070774,4,5e-05
010926,4,5e-05
280538,4,5e-05
020139,4,5e-05
030624,4,5e-05
270915,4,5e-05
160721,4,5e-05
081013,4,5e-05
150962,4,5e-05
231282,4,5e-05
110208,4,5e-05
070846,4,5e-05
260579,4,5e-05
140563,4,5e-05
120964,4,5e-05
170803,4,5e-05
200881,4,5e-05
080927,4,5e-05
110906,4,5e-05
200964,4,5e-05
020456,4,5e-05
060913,4,5e-05
090604,4,5e-05
091199,4,5e-05
230949,4,5e-05
251201,4,5e-05
240897,4,5e-05
020488,4,5e-05
110138,4,5e-05
040735,4,5e-05
100134,4,5e-05
230537,4,5e-05
031150,4,5e-05
050536,4,5e-05
111285,4,5e-05
180954,4,5e-05
220962,4,5e-05
200682,4,5e-05
110323,4,5e-05
090215,4,5e-05
020493,4,5e-05
151262,4,5e-05
240235,4,5e-05
140194,4,5e-05
210746,4,5e-05
011084,4,5e-05
140261,4,5e-05
100395,4,5e-05
070133,4,5e-05
200398,4,5e-05
120276,4,5e-05
121048,4,5e-05
030322,4,5e-05
201086,4,5e-05
221176,4,5e-05
050641,4,5e-05
160410,4,5e-05
051208,4,5e-05
131036,4,5e-05
050199,4,5e-05
280394,4,5e-05
030654,4,5e-05
020574,4,5e-05
271145,4,5e-05
181078,4,5e-05
280878,4,5e-05
101220,4,5e-05
010632,4,5e-05
180921,4,5e-05
160177,4,5e-05
280672,4,5e-05
080898,4,5e-05
161041,4,5e-05
161175,4,5e-05
030347,4,5e-05
010662,4,5e-05
031235,4,5e-05
150539,4,5e-05
180523,4,5e-05
041086,4,5e-05
250563,4,5e-05
220911,4,5e-05
131057,4,5e-05
091068,4,5e-05
130393,4,5e-05
260229,4,5e-05
140251,4,5e-05
270297,4,5e-05
050522,4,5e-05
170691,4,5e-05
190249,4,5e-05
200244,4,5e-05
050391,4,5e-05
040835,4,5e-05
100348,4,5e-05
090880,4,5e-05
240458,4,5e-05
190864,4,5e-05
270465,4,5e-05
220127,4,5e-05
190392,4,5e-05
180571,4,5e-05
240176,4,5e-05
240264,4,5e-05
060942,4,5e-05
120657,4,5e-05
110941,4,5e-05
090759,4,5e-05
021082,4,5e-05
010573,4,5e-05
100658,4,5e-05
120310,4,5e-05
020517,4,5e-05
210641,4,5e-05
160898,4,5e-05
200459,4,5e-05
211007,4,5e-05
021179,4,5e-05
050279,4,5e-05
240157,4,5e-05
051116,4,5e-05
150601,4,5e-05
010402,4,5e-05
270818,4,5e-05
180899,4,5e-05
181137,4,5e-05
261057,4,5e-05
140738,4,5e-05
071157,4,5e-05
100242,4,5e-05
111006,4,5e-05
220346,4,5e-05
020188,4,5e-05
030414,4,5e-05
030131,4,5e-05
190210,4,5e-05
130856,4,5e-05
110473,4,5e-05
250872,4,5e-05
041241,4,5e-05
150173,4,5e-05
070969,4,5e-05
270673,4,5e-05
280727,4,5e-05
030822,4,5e-05
161260,4,5e-05
070609,4,5e-05
250723,4,5e-05
010357,4,5e-05
160461,4,5e-05
191060,4,5e-05
110537,4,5e-05
260913,4,5e-05
260133,4,5e-05
070739,4,5e-05
141044,4,5e-05
251195,4,5e-05
280925,4,5e-05
090820,4,5e-05
181238,4,5e-05
020845,4,5e-05
210453,4,5e-05
080440,4,5e-05
040442,4,5e-05
220163,4,5e-05
200839,4,5e-05
270139,4,5e-05
240566,4,5e-05
260504,4,5e-05
050972,4,5e-05
230211,4,5e-05
080444,4,5e-05
020988,4,5e-05
200631,4,5e-05
031219,4,5e-05
070525,4,5e-05
220673,4,5e-05
280794,4,5e-05
190518,4,5e-05
120503,4,5e-05
140995,4,5e-05
090323,4,5e-05
280858,4,5e-05
170350,4,5e-05
180447,4,5e-05
250425,4,5e-05
030316,4,5e-05
050561,4,5e-05
270814,4,5e-05
181190,4,5e-05
080212,4,5e-05
150676,4,5e-05
160882,4,5e-05
240153,4,5e-05
260301,4,5e-05
280397,4,5e-05
220459,4,5e-05
220645,4,5e-05
181145,4,5e-05
040480,4,5e-05
010911,4,5e-05
140991,4,5e-05
110223,4,5e-05
040588,4,5e-05
210503,4,5e-05
111257,4,5e-05
160640,4,5e-05
220768,4,5e-05
221059,4,5e-05
130532,4,5e-05
200757,4,5e-05
280873,4,5e-05
251060,4,5e-05
180185,4,5e-05
190843,4,5e-05
030419,4,5e-05
210862,4,5e-05
241036,4,5e-05
180200,4,5e-05
260609,4,5e-05
240351,4,5e-05
230850,4,5e-05
260828,4,5e-05
130682,4,5e-05
210389,4,5e-05
100714,4,5e-05
050579,4,5e-05
150880,4,5e-05
210557,4,5e-05
230793,4,5e-05
140163,4,5e-05
241284,4,5e-05
270174,4,5e-05
260633,4,5e-05
070457,4,5e-05
181044,4,5e-05
270552,4,5e-05
191203,4,5e-05
280192,4,5e-05
260910,4,5e-05
121161,4,5e-05
170827,4,5e-05
201169,4,5e-05
121259,4,5e-05
200818,4,5e-05
090374,4,5e-05
081264,4,5e-05
160682,4,5e-05
140933,4,5e-05
150906,4,5e-05
160361,4,5e-05
070993,4,5e-05
110469,4,5e-05
070671,4,5e-05
271072,4,5e-05
260731,4,5e-05
280681,4,5e-05
110757,4,5e-05
060973,4,5e-05
200993,4,5e-05
180606,4,5e-05
200774,4,5e-05
090771,4,5e-05
170371,4,5e-05
011048,4,5e-05
070572,4,5e-05
040626,4,5e-05
270776,4,5e-05
231293,4,5e-05
060914,4,5e-05
030640,4,5e-05
181267,4,5e-05
230239,4,5e-05
220943,4,5e-05
280608,4,5e-05
031124,4,5e-05
120733,4,5e-05
170980,4,5e-05
200106,4,5e-05
131053,4,5e-05
200124,4,5e-05
200135,4,5e-05
170124,4,5e-05
181277,4,5e-05
070292,4,5e-05
140711,4,5e-05
030792,4,5e-05
240753,4,5e-05
160395,4,5e-05
160708,4,5e-05
211042,4,5e-05
210340,4,5e-05
011178,4,5e-05
060418,4,5e-05
050449,4,5e-05
230955,4,5e-05
130446,4,5e-05
030476,4,5e-05
020342,4,5e-05
241206,4,5e-05
141209,4,5e-05
140983,4,5e-05
230827,4,5e-05
230782,4,5e-05
241237,4,5e-05
130707,4,5e-05
231131,4,5e-05
251005,4,5e-05
050151,4,5e-05
060146,4,5e-05
070563,4,5e-05
240716,4,5e-05
281281,4,5e-05
230883,4,5e-05
170279,4,5e-05
230579,4,5e-05
071165,4,5e-05
081224,4,5e-05
050194,4,5e-05
171081,4,5e-05
190970,4,5e-05
040168,4,5e-05
180270,4,5e-05
270161,4,5e-05
060610,4,5e-05
241008,4,5e-05
280599,4,5e-05
170630,4,5e-05
080125,4,5e-05
240766,4,5e-05
110563,4,5e-05
060854,4,5e-05
260272,4,5e-05
131109,4,5e-05
111092,4,5e-05
211210,4,5e-05
240652,4,5e-05
031001,4,5e-05
260570,4,5e-05
060748,4,5e-05
010983,4,5e-05
150519,4,5e-05
261125,4,5e-05
101163,4,5e-05
280519,4,5e-05
091050,4,5e-05
160707,4,5e-05
020816,4,5e-05
160547,4,5e-05
281240,3,3.75e-05
181104,3,3.75e-05
130659,3,3.75e-05
110462,3,3.75e-05
121022,3,3.75e-05
130765,3,3.75e-05
250896,3,3.75e-05
170739,3,3.75e-05
270126,3,3.75e-05
150769,3,3.75e-05
281037,3,3.75e-05
230331,3,3.75e-05
030301,3,3.75e-05
260371,3,3.75e-05
070146,3,3.75e-05
040829,3,3.75e-05
280569,3,3.75e-05
210825,3,3.75e-05
040483,3,3.75e-05
170870,3,3.75e-05
260303,3,3.75e-05
180939,3,3.75e-05
050859,3,3.75e-05
241019,3,3.75e-05
030916,3,3.75e-05
120456,3,3.75e-05
200982,3,3.75e-05
090129,3,3.75e-05
070419,3,3.75e-05
040550,3,3.75e-05
070447,3,3.75e-05
230962,3,3.75e-05
270717,3,3.75e-05
281203,3,3.75e-05
030910,3,3.75e-05
130549,3,3.75e-05
210774,3,3.75e-05
200293,3,3.75e-05
100821,3,3.75e-05
060559,3,3.75e-05
211033,3,3.75e-05
131128,3,3.75e-05
010159,3,3.75e-05
220965,3,3.75e-05
170257,3,3.75e-05
140497,3,3.75e-05
010569,3,3.75e-05
070173,3,3.75e-05
150651,3,3.75e-05
130641,3,3.75e-05
281184,3,3.75e-05
120605,3,3.75e-05
201019,3,3.75e-05
180652,3,3.75e-05
071299,3,3.75e-05
240929,3,3.75e-05
050130,3,3.75e-05
131075,3,3.75e-05
240607,3,3.75e-05
160724,3,3.75e-05
111048,3,3.75e-05
060243,3,3.75e-05
190833,3,3.75e-05
161070,3,3.75e-05
220191,3,3.75e-05
220846,3,3.75e-05
210832,3,3.75e-05
170145,3,3.75e-05
040153,3,3.75e-05
070664,3,3.75e-05
200972,3,3.75e-05
220574,3,3.75e-05
130599,3,3.75e-05
170191,3,3.75e-05
060506,3,3.75e-05
191082,3,3.75e-05
040515,3,3.75e-05
110738,3,3.75e-05
160109,3,3.75e-05
200867,3,3.75e-05
100969,3,3.75e-05
231231,3,3.75e-05
171182,3,3.75e-05
101143,3,3.75e-05
280370,3,3.75e-05
171117,3,3.75e-05
250276,3,3.75e-05
130524,3,3.75e-05
231182,3,3.75e-05
130460,3,3.75e-05
170278,3,3.75e-05
130519,3,3.75e-05
270581,3,3.75e-05
150105,3,3.75e-05
100142,3,3.75e-05
271204,3,3.75e-05
080597,3,3.75e-05
111120,3,3.75e-05
051268,3,3.75e-05
130375,3,3.75e-05
120786,3,3.75e-05
090400,3,3.75e-05
180538,3,3.75e-05
260543,3,3.75e-05
210776,3,3.75e-05
090518,3,3.75e-05
120106,3,3.75e-05
130450,3,3.75e-05
120573,3,3.75e-05
040252,3,3.75e-05
201150,3,3.75e-05
260909,3,3.75e-05
170113,3,3.75e-05
150231,3,3.75e-05
200261,3,3.75e-05
270518,3,3.75e-05
080993,3,3.75e-05
090484,3,3.75e-05
220482,3,3.75e-05
040143,3,3.75e-05
090747,3,3.75e-05
130679,3,3.75e-05
141262,3,3.75e-05
250278,3,3.75e-05
210971,3,3.75e-05
050910,3,3.75e-05
251096,3,3.75e-05
020856,3,3.75e-05
040522,3,3.75e-05
090981,3,3.75e-05
130943,3,3.75e-05
200534,3,3.75e-05
110999,3,3.75e-05
100851,3,3.75e-05
120107,3,3.75e-05
231023,3,3.75e-05
250464,3,3.75e-05
110232,3,3.75e-05
260136,3,3.75e-05
110612,3,3.75e-05
160408,3,3.75e-05
280756,3,3.75e-05
010989,3,3.75e-05
030413,3,3.75e-05
021071,3,3.75e-05
010281,3,3.75e-05
100130,3,3.75e-05
260685,3,3.75e-05
140435,3,3.75e-05
091048,3,3.75e-05
221062,3,3.75e-05
240814,3,3.75e-05
161060,3,3.75e-05
260799,3,3.75e-05
251213,3,3.75e-05
241239,3,3.75e-05
100601,3,3.75e-05
070225,3,3.75e-05
140465,3,3.75e-05
280954,3,3.75e-05
130490,3,3.75e-05
170809,3,3.75e-05
020130,3,3.75e-05
110201,3,3.75e-05
110572,3,3.75e-05
151089,3,3.75e-05
150540,3,3.75e-05
080791,3,3.75e-05
041065,3,3.75e-05
090683,3,3.75e-05
270468,3,3.75e-05
200396,3,3.75e-05
110255,3,3.75e-05
120214,3,3.75e-05
260713,3,3.75e-05
270400,3,3.75e-05
140222,3,3.75e-05
101141,3,3.75e-05
050655,3,3.75e-05
280694,3,3.75e-05
050629,3,3.75e-05
240637,3,3.75e-05
040395,3,3.75e-05
280319,3,3.75e-05
260512,3,3.75e-05
060409,3,3.75e-05
270809,3,3.75e-05
171143,3,3.75e-05
260849,3,3.75e-05
250404,3,3.75e-05
140903,3,3.75e-05
031129,3,3.75e-05
230305,3,3.75e-05
231193,3,3.75e-05
090336,3,3.75e-05
110443,3,3.75e-05
151274,3,3.75e-05
031233,3,3.75e-05
141094,3,3.75e-05
140323,3,3.75e-05
261192,3,3.75e-05
060918,3,3.75e-05
281228,3,3.75e-05
231137,3,3.75e-05
050642,3,3.75e-05
211170,3,3.75e-05
240781,3,3.75e-05
130876,3,3.75e-05
170733,3,3.75e-05
010200,3,3.75e-05
161233,3,3.75e-05
031211,3,3.75e-05
020780,3,3.75e-05
190376,3,3.75e-05
050309,3,3.75e-05
151101,3,3.75e-05
120667,3,3.75e-05
260434,3,3.75e-05
090294,3,3.75e-05
170335,3,3.75e-05
030879,3,3.75e-05
061011,3,3.75e-05
260576,3,3.75e-05
011022,3,3.75e-05
081207,3,3.75e-05
040298,3,3.75e-05
170695,3,3.75e-05
100852,3,3.75e-05
051234,3,3.75e-05
190859,3,3.75e-05
120367,3,3.75e-05
040697,3,3.75e-05
250700,3,3.75e-05
250251,3,3.75e-05
280570,3,3.75e-05
220135,3,3.75e-05
070451,3,3.75e-05
221046,3,3.75e-05
090710,3,3.75e-05
060783,3,3.75e-05
171134,3,3.75e-05
241194,3,3.75e-05
230399,3,3.75e-05
110108,3,3.75e-05
100335,3,3.75e-05
141117,3,3.75e-05
160660,3,3.75e-05
270345,3,3.75e-05
080825,3,3.75e-05
180614,3,3.75e-05
240491,3,3.75e-05
051040,3,3.75e-05
161063,3,3.75e-05
030846,3,3.75e-05
141136,3,3.75e-05
051201,3,3.75e-05
220804,3,3.75e-05
151253,3,3.75e-05
050947,3,3.75e-05
271003,3,3.75e-05
221063,3,3.75e-05
280980,3,3.75e-05
080347,3,3.75e-05
050259,3,3.75e-05
160520,3,3.75e-05
141131,3,3.75e-05
131026,3,3.75e-05
020781,3,3.75e-05
210613,3,3.75e-05
240873,3,3.75e-05
110287,3,3.75e-05
150121,3,3.75e-05
211134,3,3.75e-05
271029,3,3.75e-05
030381,3,3.75e-05
210479,3,3.75e-05
280209,3,3.75e-05
081124,3,3.75e-05
100815,3,3.75e-05
091272,3,3.75e-05
051181,3,3.75e-05
151199,3,3.75e-05
171179,3,3.75e-05
231244,3,3.75e-05
100797,3,3.75e-05
130139,3,3.75e-05
050162,3,3.75e-05
200823,3,3.75e-05
220764,3,3.75e-05
050951,3,3.75e-05
190609,3,3.75e-05
251293,3,3.75e-05
050753,3,3.75e-05
120256,3,3.75e-05
060399,3,3.75e-05
240385,3,3.75e-05
121083,3,3.75e-05
130579,3,3.75e-05
200467,3,3.75e-05
271234,3,3.75e-05
141290,3,3.75e-05
280456,3,3.75e-05
190402,3,3.75e-05
020348,3,3.75e-05
010660,3,3.75e-05
230871,3,3.75e-05
280386,3,3.75e-05
190504,3,3.75e-05
030608,3,3.75e-05
030959,3,3.75e-05
200290,3,3.75e-05
110157,3,3.75e-05
100817,3,3.75e-05
260546,3,3.75e-05
140811,3,3.75e-05
080744,3,3.75e-05
070701,3,3.75e-05
121150,3,3.75e-05
070612,3,3.75e-05
150119,3,3.75e-05
220533,3,3.75e-05
130397,3,3.75e-05
280541,3,3.75e-05
080717,3,3.75e-05
080358,3,3.75e-05
071185,3,3.75e-05
010765,3,3.75e-05
180623,3,3.75e-05
081236,3,3.75e-05
120268,3,3.75e-05
030603,3,3.75e-05
141050,3,3.75e-05
200340,3,3.75e-05
071086,3,3.75e-05
031053,3,3.75e-05
051248,3,3.75e-05
260754,3,3.75e-05
020420,3,3.75e-05
240689,3,3.75e-05
020453,3,3.75e-05
250291,3,3.75e-05
270220,3,3.75e-05
281157,3,3.75e-05
101204,3,3.75e-05
250649,3,3.75e-05
011002,3,3.75e-05
220695,3,3.75e-05
130349,3,3.75e-05
020255,3,3.75e-05
170544,3,3.75e-05
070119,3,3.75e-05
090420,3,3.75e-05
150604,3,3.75e-05
010929,3,3.75e-05
131270,3,3.75e-05
030343,3,3.75e-05
180600,3,3.75e-05
050928,3,3.75e-05
240129,3,3.75e-05
130642,3,3.75e-05
221117,3,3.75e-05
030644,3,3.75e-05
040388,3,3.75e-05
270620,3,3.75e-05
051007,3,3.75e-05
010941,3,3.75e-05
240313,3,3.75e-05
070512,3,3.75e-05
260966,3,3.75e-05
150551,3,3.75e-05
171203,3,3.75e-05
020403,3,3.75e-05
021166,3,3.75e-05
140502,3,3.75e-05
160503,3,3.75e-05
070965,3,3.75e-05
051269,3,3.75e-05
040410,3,3.75e-05
200599,3,3.75e-05
280627,3,3.75e-05
090653,3,3.75e-05
130895,3,3.75e-05
030307,3,3.75e-05
101033,3,3.75e-05
211156,3,3.75e-05
261243,3,3.75e-05
200761,3,3.75e-05
180237,3,3.75e-05
220663,3,3.75e-05
230546,3,3.75e-05
190768,3,3.75e-05
161278,3,3.75e-05
050242,3,3.75e-05
230758,3,3.75e-05
250446,3,3.75e-05
170331,3,3.75e-05
130133,3,3.75e-05
120520,3,3.75e-05
230685,3,3.75e-05
160836,3,3.75e-05
020664,3,3.75e-05
241191,3,3.75e-05
241292,3,3.75e-05
250531,3,3.75e-05
281084,3,3.75e-05
220388,3,3.75e-05
040217,3,3.75e-05
240866,3,3.75e-05
230544,3,3.75e-05
191183,3,3.75e-05
061294,3,3.75e-05
010567,3,3.75e-05
070822,3,3.75e-05
090408,3,3.75e-05
100626,3,3.75e-05
030620,3,3.75e-05
051162,3,3.75e-05
050547,3,3.75e-05
180374,3,3.75e-05
201291,3,3.75e-05
160158,3,3.75e-05
170678,3,3.75e-05
240523,3,3.75e-05
280181,3,3.75e-05
160951,3,3.75e-05
100944,3,3.75e-05
241095,3,3.75e-05
070548,3,3.75e-05
130212,3,3.75e-05
210132,3,3.75e-05
220461,3,3.75e-05
151074,3,3.75e-05
090237,3,3.75e-05
100102,3,3.75e-05
271130,3,3.75e-05
071129,3,3.75e-05
191286,3,3.75e-05
281261,3,3.75e-05
030696,3,3.75e-05
170574,3,3.75e-05
211183,3,3.75e-05
170214,3,3.75e-05
210496,3,3.75e-05
210603,3,3.75e-05
231295,3,3.75e-05
070395,3,3.75e-05
200268,3,3.75e-05
070599,3,3.75e-05
190202,3,3.75e-05
130476,3,3.75e-05
100557,3,3.75e-05
201076,3,3.75e-05
100595,3,3.75e-05
040544,3,3.75e-05
130804,3,3.75e-05
240212,3,3.75e-05
050218,3,3.75e-05
270100,3,3.75e-05
090740,3,3.75e-05
221278,3,3.75e-05
231097,3,3.75e-05
030851,3,3.75e-05
140445,3,3.75e-05
260908,3,3.75e-05
070558,3,3.75e-05
151134,3,3.75e-05
180205,3,3.75e-05
071268,3,3.75e-05
011199,3,3.75e-05
260946,3,3.75e-05
140356,3,3.75e-05
030823,3,3.75e-05
060107,3,3.75e-05
120164,3,3.75e-05
230565,3,3.75e-05
180397,3,3.75e-05
210960,3,3.75e-05
070675,3,3.75e-05
141128,3,3.75e-05
210882,3,3.75e-05
121060,3,3.75e-05
030177,3,3.75e-05
140307,3,3.75e-05
240540,3,3.75e-05
011190,3,3.75e-05
040660,3,3.75e-05
280582,3,3.75e-05
030818,3,3.75e-05
170480,3,3.75e-05
081135,3,3.75e-05
060461,3,3.75e-05
140938,3,3.75e-05
141161,3,3.75e-05
110756,3,3.75e-05
191176,3,3.75e-05
130619,3,3.75e-05
230741,3,3.75e-05
070591,3,3.75e-05
170619,3,3.75e-05
100308,3,3.75e-05
260649,3,3.75e-05
191136,3,3.75e-05
150350,3,3.75e-05
010104,3,3.75e-05
221177,3,3.75e-05
031000,3,3.75e-05
250230,3,3.75e-05
120331,3,3.75e-05
060495,3,3.75e-05
171157,3,3.75e-05
180513,3,3.75e-05
160203,3,3.75e-05
230424,3,3.75e-05
280427,3,3.75e-05
210918,3,3.75e-05
120485,3,3.75e-05
200410,3,3.75e-05
210120,3,3.75e-05
180728,3,3.75e-05
191118,3,3.75e-05
111238,3,3.75e-05
071028,3,3.75e-05
251164,3,3.75e-05
090810,3,3.75e-05
020912,3,3.75e-05
080984,3,3.75e-05
090897,3,3.75e-05
160237,3,3.75e-05
211251,3,3.75e-05
160163,3,3.75e-05
270129,3,3.75e-05
050486,3,3.75e-05
260929,3,3.75e-05
050936,3,3.75e-05
220605,3,3.75e-05
180729,3,3.75e-05
150189,3,3.75e-05
190157,3,3.75e-05
090403,3,3.75e-05
090395,3,3.75e-05
261094,3,3.75e-05
090122,3,3.75e-05
170992,3,3.75e-05
260905,3,3.75e-05
230895,3,3.75e-05
120596,3,3.75e-05
070760,3,3.75e-05
050111,3,3.75e-05
191071,3,3.75e-05
071111,3,3.75e-05
110587,3,3.75e-05
211151,3,3.75e-05
220212,3,3.75e-05
020170,3,3.75e-05
081273,3,3.75e-05
171285,3,3.75e-05
090362,3,3.75e-05
210763,3,3.75e-05
250327,3,3.75e-05
180628,3,3.75e-05
130573,3,3.75e-05
220744,3,3.75e-05
220450,3,3.75e-05
120408,3,3.75e-05
230801,3,3.75e-05
120708,3,3.75e-05
200940,3,3.75e-05
131174,3,3.75e-05
210704,3,3.75e-05
190783,3,3.75e-05
200423,3,3.75e-05
250919,3,3.75e-05
161142,3,3.75e-05
221061,3,3.75e-05
210508,3,3.75e-05
181014,3,3.75e-05
280611,3,3.75e-05
160613,3,3.75e-05
111080,3,3.75e-05
050475,3,3.75e-05
021220,3,3.75e-05
150964,3,3.75e-05
051277,3,3.75e-05
170881,3,3.75e-05
121001,3,3.75e-05
250272,3,3.75e-05
010379,3,3.75e-05
041036,3,3.75e-05
240763,3,3.75e-05
040174,3,3.75e-05
200796,3,3.75e-05
210892,3,3.75e-05
010358,3,3.75e-05
060561,3,3.75e-05
070261,3,3.75e-05
220131,3,3.75e-05
230824,3,3.75e-05
191205,3,3.75e-05
030540,3,3.75e-05
181042,3,3.75e-05
040357,3,3.75e-05
060223,3,3.75e-05
250816,3,3.75e-05
270242,3,3.75e-05
050953,3,3.75e-05
080178,3,3.75e-05
230356,3,3.75e-05
120709,3,3.75e-05
120457,3,3.75e-05
211286,3,3.75e-05
240331,3,3.75e-05
170106,3,3.75e-05
230711,3,3.75e-05
030515,3,3.75e-05
100272,3,3.75e-05
131078,3,3.75e-05
100403,3,3.75e-05
110994,3,3.75e-05
080370,3,3.75e-05
270778,3,3.75e-05
110151,3,3.75e-05
010824,3,3.75e-05
030905,3,3.75e-05
040722,3,3.75e-05
040364,3,3.75e-05
050662,3,3.75e-05
160229,3,3.75e-05
250984,3,3.75e-05
200653,3,3.75e-05
280404,3,3.75e-05
140554,3,3.75e-05
181021,3,3.75e-05
210735,3,3.75e-05
280932,3,3.75e-05
140985,3,3.75e-05
020407,3,3.75e-05
160523,3,3.75e-05
170905,3,3.75e-05
250250,3,3.75e-05
020376,3,3.75e-05
211028,3,3.75e-05
260760,3,3.75e-05
080830,3,3.75e-05
280505,3,3.75e-05
200178,3,3.75e-05
090511,3,3.75e-05
100380,3,3.75e-05
071016,3,3.75e-05
021081,3,3.75e-05
050293,3,3.75e-05
101026,3,3.75e-05
190715,3,3.75e-05
020949,3,3.75e-05
160828,3,3.75e-05
260747,3,3.75e-05
250587,3,3.75e-05
130872,3,3.75e-05
011172,3,3.75e-05
051191,3,3.75e-05
030359,3,3.75e-05
110995,3,3.75e-05
190656,3,3.75e-05
100534,3,3.75e-05
170291,3,3.75e-05
181053,3,3.75e-05
231035,3,3.75e-05
010375,3,3.75e-05
250733,3,3.75e-05
040296,3,3.75e-05
161288,3,3.75e-05
140120,3,3.75e-05
161239,3,3.75e-05
281006,3,3.75e-05
150683,3,3.75e-05
260874,3,3.75e-05
110171,3,3.75e-05
251003,3,3.75e-05
140387,3,3.75e-05
070361,3,3.75e-05
240755,3,3.75e-05
060809,3,3.75e-05
031075,3,3.75e-05
201125,3,3.75e-05
101234,3,3.75e-05
261258,3,3.75e-05
210331,3,3.75e-05
250720,3,3.75e-05
240972,3,3.75e-05
210166,3,3.75e-05
191027,3,3.75e-05
120988,3,3.75e-05
080107,3,3.75e-05
220239,3,3.75e-05
060646,3,3.75e-05
230248,3,3.75e-05
241111,3,3.75e-05
010151,3,3.75e-05
110678,3,3.75e-05
181180,3,3.75e-05
170665,3,3.75e-05
010892,3,3.75e-05
080206,3,3.75e-05
030574,3,3.75e-05
170192,3,3.75e-05
020928,3,3.75e-05
061247,3,3.75e-05
211140,3,3.75e-05
100206,3,3.75e-05
240435,3,3.75e-05
090886,3,3.75e-05
200568,3,3.75e-05
200691,3,3.75e-05
051009,3,3.75e-05
080353,3,3.75e-05
160771,3,3.75e-05
260222,3,3.75e-05
170558,3,3.75e-05
230986,3,3.75e-05
040629,3,3.75e-05
260898,3,3.75e-05
260666,3,3.75e-05
250538,3,3.75e-05
170446,3,3.75e-05
110661,3,3.75e-05
030296,3,3.75e-05
131070,3,3.75e-05
071199,3,3.75e-05
181182,3,3.75e-05
260852,3,3.75e-05
220577,3,3.75e-05
120288,3,3.75e-05
070941,3,3.75e-05
060780,3,3.75e-05
041290,3,3.75e-05
230289,3,3.75e-05
090739,3,3.75e-05
051138,3,3.75e-05
140254,3,3.75e-05
180947,3,3.75e-05
130632,3,3.75e-05
070488,3,3.75e-05
221144,3,3.75e-05
060473,3,3.75e-05
120465,3,3.75e-05
230572,3,3.75e-05
181205,3,3.75e-05
060505,3,3.75e-05
200380,3,3.75e-05
160121,3,3.75e-05
201214,3,3.75e-05
130156,3,3.75e-05
120848,3,3.75e-05
220477,3,3.75e-05
210267,3,3.75e-05
230654,3,3.75e-05
010709,3,3.75e-05
220727,3,3.75e-05
070829,3,3.75e-05
160726,3,3.75e-05
150625,3,3.75e-05
270800,3,3.75e-05
191092,3,3.75e-05
081244,3,3.75e-05
140438,3,3.75e-05
041062,3,3.75e-05
120562,3,3.75e-05
010374,3,3.75e-05
260684,3,3.75e-05
131175,3,3.75e-05
021066,3,3.75e-05
071081,3,3.75e-05
090847,3,3.75e-05
120158,3,3.75e-05
190842,3,3.75e-05
031232,3,3.75e-05
010960,3,3.75e-05
200754,3,3.75e-05
050770,3,3.75e-05
220417,3,3.75e-05
130211,3,3.75e-05
270334,3,3.75e-05
030591,3,3.75e-05
020809,3,3.75e-05
220831,3,3.75e-05
170266,3,3.75e-05
230371,3,3.75e-05
061093,3,3.75e-05
281202,3,3.75e-05
220819,3,3.75e-05
040354,3,3.75e-05
080462,3,3.75e-05
051139,3,3.75e-05
100906,3,3.75e-05
120930,3,3.75e-05
190886,3,3.75e-05
010390,3,3.75e-05
021021,3,3.75e-05
160595,3,3.75e-05
270240,3,3.75e-05
180149,3,3.75e-05
170270,3,3.75e-05
090541,3,3.75e-05
010233,3,3.75e-05
010380,3,3.75e-05
070805,3,3.75e-05
120670,3,3.75e-05
250247,3,3.75e-05
190174,3,3.75e-05
020811,3,3.75e-05
090363,3,3.75e-05
240266,3,3.75e-05
050366,3,3.75e-05
191243,3,3.75e-05
250211,3,3.75e-05
281290,3,3.75e-05
170139,3,3.75e-05
041244,3,3.75e-05
230119,3,3.75e-05
010377,3,3.75e-05
040493,3,3.75e-05
210110,3,3.75e-05
230448,3,3.75e-05
061213,3,3.75e-05
271148,3,3.75e-05
100923,3,3.75e-05
090207,3,3.75e-05
121279,3,3.75e-05
020102,3,3.75e-05
041017,3,3.75e-05
230277,3,3.75e-05
160626,3,3.75e-05
160869,3,3.75e-05
190628,3,3.75e-05
190488,3,3.75e-05
270840,3,3.75e-05
161100,3,3.75e-05
020748,3,3.75e-05
250663,3,3.75e-05
010195,3,3.75e-05
071014,3,3.75e-05
240283,3,3.75e-05
190508,3,3.75e-05
030409,3,3.75e-05
280728,3,3.75e-05
121243,3,3.75e-05
170338,3,3.75e-05
210917,3,3.75e-05
110660,3,3.75e-05
130660,3,3.75e-05
190910,3,3.75e-05
170516,3,3.75e-05
240251,3,3.75e-05
170349,3,3.75e-05
161217,3,3.75e-05
270223,3,3.75e-05
240460,3,3.75e-05
281166,3,3.75e-05
260654,3,3.75e-05
230163,3,3.75e-05
260608,3,3.75e-05
050810,3,3.75e-05
150415,3,3.75e-05
060607,3,3.75e-05
170843,3,3.75e-05
180687,3,3.75e-05
270528,3,3.75e-05
231156,3,3.75e-05
071162,3,3.75e-05
120527,3,3.75e-05
050945,3,3.75e-05
120316,3,3.75e-05
170631,3,3.75e-05
210998,3,3.75e-05
210590,3,3.75e-05
171191,3,3.75e-05
020885,3,3.75e-05
040195,3,3.75e-05
030809,3,3.75e-05
190606,3,3.75e-05
190815,3,3.75e-05
010777,3,3.75e-05
141071,3,3.75e-05
050465,3,3.75e-05
140427,3,3.75e-05
080737,3,3.75e-05
050410,3,3.75e-05
220762,3,3.75e-05
261167,3,3.75e-05
121270,3,3.75e-05
090644,3,3.75e-05
050946,3,3.75e-05
221248,3,3.75e-05
190680,3,3.75e-05
070156,3,3.75e-05
240295,3,3.75e-05
040932,3,3.75e-05
111164,3,3.75e-05
121009,3,3.75e-05
010251,3,3.75e-05
080681,3,3.75e-05
210246,3,3.75e-05
060490,3,3.75e-05
230991,3,3.75e-05
250882,3,3.75e-05
060421,3,3.75e-05
180296,3,3.75e-05
031048,3,3.75e-05
060226,3,3.75e-05
170849,3,3.75e-05
241208,3,3.75e-05
251045,3,3.75e-05
080932,3,3.75e-05
130818,3,3.75e-05
230730,3,3.75e-05
271193,3,3.75e-05
090228,3,3.75e-05
260154,3,3.75e-05
241150,3,3.75e-05
100374,3,3.75e-05
021157,3,3.75e-05
170273,3,3.75e-05
121074,3,3.75e-05
080195,3,3.75e-05
190475,3,3.75e-05
010890,3,3.75e-05
130458,3,3.75e-05
211103,3,3.75e-05
221018,3,3.75e-05
140248,3,3.75e-05
131039,3,3.75e-05
231241,3,3.75e-05
260463,3,3.75e-05
271024,3,3.75e-05
231123,3,3.75e-05
111292,3,3.75e-05
141142,3,3.75e-05
141005,3,3.75e-05
080103,3,3.75e-05
270147,3,3.75e-05
280682,3,3.75e-05
020782,3,3.75e-05
190236,3,3.75e-05
220464,3,3.75e-05
240997,3,3.75e-05
121091,3,3.75e-05
160825,3,3.75e-05
101291,3,3.75e-05
161280,3,3.75e-05
060468,3,3.75e-05
210230,3,3.75e-05
250887,3,3.75e-05
190379,3,3.75e-05
261047,3,3.75e-05
270156,3,3.75e-05
061229,3,3.75e-05
230718,3,3.75e-05
260735,3,3.75e-05
051270,3,3.75e-05
131248,3,3.75e-05
010605,3,3.75e-05
041028,3,3.75e-05
050333,3,3.75e-05
180586,3,3.75e-05
161112,3,3.75e-05
141058,3,3.75e-05
280963,3,3.75e-05
041137,3,3.75e-05
220326,3,3.75e-05
100385,3,3.75e-05
231106,3,3.75e-05
060115,3,3.75e-05
131130,3,3.75e-05
160710,3,3.75e-05
010723,3,3.75e-05
020906,3,3.75e-05
160549,3,3.75e-05
040510,3,3.75e-05
170316,3,3.75e-05
280810,3,3.75e-05
131072,3,3.75e-05
260383,3,3.75e-05
200409,3,3.75e-05
170927,3,3.75e-05
151173,3,3.75e-05
220563,3,3.75e-05
260428,3,3.75e-05
240228,3,3.75e-05
230458,3,3.75e-05
070190,3,3.75e-05
131096,3,3.75e-05
010399,3,3.75e-05
141090,3,3.75e-05
060589,3,3.75e-05
160889,3,3.75e-05
080402,3,3.75e-05
160496,3,3.75e-05
190965,3,3.75e-05
020290,3,3.75e-05
160876,3,3.75e-05
080556,3,3.75e-05
140326,3,3.75e-05
240793,3,3.75e-05
131246,3,3.75e-05
150454,3,3.75e-05
120747,3,3.75e-05
220719,3,3.75e-05
210947,3,3.75e-05
030252,3,3.75e-05
210242,3,3.75e-05
200334,3,3.75e-05
271121,3,3.75e-05
030552,3,3.75e-05
260935,3,3.75e-05
080959,3,3.75e-05
170583,3,3.75e-05
271116,3,3.75e-05
260981,3,3.75e-05
210901,3,3.75e-05
210115,3,3.75e-05
150662,3,3.75e-05
111083,3,3.75e-05
281255,3,3.75e-05
150303,3,3.75e-05
261156,3,3.75e-05
050690,3,3.75e-05
080977,3,3.75e-05
250908,3,3.75e-05
080875,3,3.75e-05
201033,3,3.75e-05
131155,3,3.75e-05
151189,3,3.75e-05
250469,3,3.75e-05
120971,3,3.75e-05
220441,3,3.75e-05
170771,3,3.75e-05
210797,3,3.75e-05
100296,3,3.75e-05
010220,3,3.75e-05
010930,3,3.75e-05
140139,3,3.75e-05
101249,3,3.75e-05
110527,3,3.75e-05
241286,3,3.75e-05
170318,3,3.75e-05
030695,3,3.75e-05
020590,3,3.75e-05
220502,3,3.75e-05
240467,3,3.75e-05
230569,3,3.75e-05
190613,3,3.75e-05
130616,3,3.75e-05
141114,3,3.75e-05
100874,3,3.75e-05
111244,3,3.75e-05
011159,3,3.75e-05
120186,3,3.75e-05
190519,3,3.75e-05
160108,3,3.75e-05
270549,3,3.75e-05
070477,3,3.75e-05
200556,3,3.75e-05
121064,3,3.75e-05
261186,3,3.75e-05
200546,3,3.75e-05
170148,3,3.75e-05
160417,3,3.75e-05
240792,3,3.75e-05
030613,3,3.75e-05
021125,3,3.75e-05
141102,3,3.75e-05
100748,3,3.75e-05
020393,3,3.75e-05
010521,3,3.75e-05
071067,3,3.75e-05
100806,3,3.75e-05
161147,3,3.75e-05
120112,3,3.75e-05
220265,3,3.75e-05
200736,3,3.75e-05
020429,3,3.75e-05
030738,3,3.75e-05
130648,3,3.75e-05
010288,3,3.75e-05
161170,3,3.75e-05
081081,3,3.75e-05
200366,3,3.75e-05
050766,3,3.75e-05
071136,3,3.75e-05
100603,3,3.75e-05
220849,3,3.75e-05
030890,3,3.75e-05
110493,3,3.75e-05
020622,3,3.75e-05
091034,3,3.75e-05
220705,3,3.75e-05
140243,3,3.75e-05
220955,3,3.75e-05
240286,3,3.75e-05
281020,3,3.75e-05
281264,3,3.75e-05
210822,3,3.75e-05
280420,3,3.75e-05
140429,3,3.75e-05
020292,3,3.75e-05
111137,3,3.75e-05
220513,3,3.75e-05
211035,3,3.75e-05
070982,3,3.75e-05
231010,3,3.75e-05
241174,3,3.75e-05
101207,3,3.75e-05
200360,3,3.75e-05
200917,3,3.75e-05
110675,3,3.75e-05
200151,3,3.75e-05
111131,3,3.75e-05
231107,3,3.75e-05
151212,3,3.75e-05
110806,3,3.75e-05
270875,3,3.75e-05
080484,3,3.75e-05
040775,3,3.75e-05
200207,3,3.75e-05
221153,3,3.75e-05
280906,3,3.75e-05
260348,3,3.75e-05
120859,3,3.75e-05
010625,3,3.75e-05
230809,3,3.75e-05
050509,3,3.75e-05
221066,3,3.75e-05
260128,3,3.75e-05
060691,3,3.75e-05
260953,3,3.75e-05
110868,3,3.75e-05
240879,3,3.75e-05
051226,3,3.75e-05
040347,3,3.75e-05
220787,3,3.75e-05
280789,3,3.75e-05
140355,3,3.75e-05
161271,3,3.75e-05
081292,3,3.75e-05
040149,3,3.75e-05
060923,3,3.75e-05
040180,3,3.75e-05
210587,3,3.75e-05
020200,3,3.75e-05
280317,3,3.75e-05
230513,3,3.75e-05
190502,3,3.75e-05
211071,3,3.75e-05
070859,3,3.75e-05
131186,3,3.75e-05
280407,3,3.75e-05
180654,3,3.75e-05
270207,3,3.75e-05
210165,3,3.75e-05
090102,3,3.75e-05
190927,3,3.75e-05
220675,3,3.75e-05
151191,3,3.75e-05
171291,3,3.75e-05
220371,3,3.75e-05
220867,3,3.75e-05
061143,3,3.75e-05
200683,3,3.75e-05
140284,3,3.75e-05
220378,3,3.75e-05
120231,3,3.75e-05
200253,3,3.75e-05
171154,3,3.75e-05
100760,3,3.75e-05
010306,3,3.75e-05
071010,3,3.75e-05
060866,3,3.75e-05
150269,3,3.75e-05
041079,3,3.75e-05
081027,3,3.75e-05
190690,3,3.75e-05
201028,3,3.75e-05
061235,3,3.75e-05
150134,3,3.75e-05
190464,3,3.75e-05
221068,3,3.75e-05
271271,3,3.75e-05
220691,3,3.75e-05
191169,3,3.75e-05
041286,3,3.75e-05
030639,3,3.75e-05
220221,3,3.75e-05
250776,3,3.75e-05
040400,3,3.75e-05
140963,3,3.75e-05
041190,3,3.75e-05
220957,3,3.75e-05
020237,3,3.75e-05
190846,3,3.75e-05
221132,3,3.75e-05
030429,3,3.75e-05
271295,3,3.75e-05
281222,3,3.75e-05
150760,3,3.75e-05
010452,3,3.75e-05
050699,3,3.75e-05
071167,3,3.75e-05
221187,3,3.75e-05
260397,3,3.75e-05
180498,3,3.75e-05
171093,3,3.75e-05
130710,3,3.75e-05
230980,3,3.75e-05
080753,3,3.75e-05
200351,3,3.75e-05
110746,3,3.75e-05
160666,3,3.75e-05
281121,3,3.75e-05
031089,3,3.75e-05
140877,3,3.75e-05
281263,3,3.75e-05
220701,3,3.75e-05
050619,3,3.75e-05
030354,3,3.75e-05
241251,3,3.75e-05
280372,3,3.75e-05
070933,3,3.75e-05
110206,3,3.75e-05
150437,3,3.75e-05
061214,3,3.75e-05
080555,3,3.75e-05
281242,3,3.75e-05
170478,3,3.75e-05
020551,3,3.75e-05
241241,3,3.75e-05
221170,3,3.75e-05
141023,3,3.75e-05
191249,3,3.75e-05
020999,3,3.75e-05
250313,3,3.75e-05
181090,3,3.75e-05
120904,3,3.75e-05
230346,3,3.75e-05
160858,3,3.75e-05
070986,3,3.75e-05
230386,3,3.75e-05
111013,3,3.75e-05
020391,3,3.75e-05
260743,3,3.75e-05
211060,3,3.75e-05
121240,3,3.75e-05
210122,3,3.75e-05
271184,3,3.75e-05
201067,3,3.75e-05
220810,3,3.75e-05
240168,3,3.75e-05
200935,3,3.75e-05
111045,3,3.75e-05
130484,3,3.75e-05
240221,3,3.75e-05
120766,3,3.75e-05
190860,3,3.75e-05
050981,3,3.75e-05
210848,3,3.75e-05
020613,3,3.75e-05
020614,3,3.75e-05
250320,3,3.75e-05
220632,3,3.75e-05
110141,3,3.75e-05
191219,3,3.75e-05
060955,3,3.75e-05
090848,3,3.75e-05
060494,3,3.75e-05
250401,3,3.75e-05
171235,3,3.75e-05
160941,3,3.75e-05
220975,3,3.75e-05
280503,3,3.75e-05
131052,3,3.75e-05
110558,3,3.75e-05
110123,3,3.75e-05
051100,3,3.75e-05
210986,3,3.75e-05
131268,3,3.75e-05
100426,3,3.75e-05
260674,3,3.75e-05
120386,3,3.75e-05
190620,3,3.75e-05
041132,3,3.75e-05
100957,3,3.75e-05
150147,3,3.75e-05
100174,3,3.75e-05
160649,3,3.75e-05
200134,3,3.75e-05
080216,3,3.75e-05
120101,3,3.75e-05
090961,3,3.75e-05
060134,3,3.75e-05
140875,3,3.75e-05
231021,3,3.75e-05
150413,3,3.75e-05
011094,3,3.75e-05
060412,3,3.75e-05
190190,3,3.75e-05
181058,3,3.75e-05
250364,3,3.75e-05
281156,3,3.75e-05
210143,3,3.75e-05
151132,3,3.75e-05
270143,3,3.75e-05
160583,3,3.75e-05
270567,3,3.75e-05
260848,3,3.75e-05
171276,3,3.75e-05
240326,3,3.75e-05
140441,3,3.75e-05
140682,3,3.75e-05
240977,3,3.75e-05
260394,3,3.75e-05
160974,3,3.75e-05
110657,3,3.75e-05
181158,3,3.75e-05
090502,3,3.75e-05
070197,3,3.75e-05
010176,3,3.75e-05
210738,3,3.75e-05
051103,3,3.75e-05
200813,3,3.75e-05
090486,3,3.75e-05
211141,3,3.75e-05
121147,3,3.75e-05
280214,3,3.75e-05
010129,3,3.75e-05
190934,3,3.75e-05
160504,3,3.75e-05
140669,3,3.75e-05
170223,3,3.75e-05
091017,3,3.75e-05
171246,3,3.75e-05
150688,3,3.75e-05
190819,3,3.75e-05
260616,3,3.75e-05
270633,3,3.75e-05
160861,3,3.75e-05
110685,3,3.75e-05
140221,3,3.75e-05
190234,3,3.75e-05
280356,3,3.75e-05
211106,3,3.75e-05
230417,3,3.75e-05
221107,3,3.75e-05
160277,3,3.75e-05
280917,3,3.75e-05
071114,3,3.75e-05
100252,3,3.75e-05
140278,3,3.75e-05
020995,3,3.75e-05
040335,3,3.75e-05
231246,3,3.75e-05
130404,3,3.75e-05
170135,3,3.75e-05
141069,3,3.75e-05
030541,3,3.75e-05
230840,3,3.75e-05
170414,3,3.75e-05
100594,3,3.75e-05
141297,3,3.75e-05
151239,3,3.75e-05
020926,3,3.75e-05
041042,3,3.75e-05
251214,3,3.75e-05
120250,3,3.75e-05
120227,3,3.75e-05
101159,3,3.75e-05
080784,3,3.75e-05
030720,3,3.75e-05
200284,3,3.75e-05
031237,3,3.75e-05
230283,3,3.75e-05
170669,3,3.75e-05
140689,3,3.75e-05
010337,3,3.75e-05
020192,3,3.75e-05
170718,3,3.75e-05
050362,3,3.75e-05
030871,3,3.75e-05
010781,3,3.75e-05
150450,3,3.75e-05
011197,3,3.75e-05
230325,3,3.75e-05
250765,3,3.75e-05
120370,3,3.75e-05
180519,3,3.75e-05
221067,3,3.75e-05
040941,3,3.75e-05
170708,3,3.75e-05
091008,3,3.75e-05
170539,3,3.75e-05
050543,3,3.75e-05
140964,3,3.75e-05
151215,3,3.75e-05
061065,3,3.75e-05
250620,3,3.75e-05
051038,3,3.75e-05
100221,3,3.75e-05
271062,3,3.75e-05
160265,3,3.75e-05
150272,3,3.75e-05
091019,3,3.75e-05
240836,3,3.75e-05
180175,3,3.75e-05
240539,3,3.75e-05
020324,3,3.75e-05
220118,3,3.75e-05
220821,3,3.75e-05
210235,3,3.75e-05
010400,3,3.75e-05
090507,3,3.75e-05
050464,3,3.75e-05
261048,3,3.75e-05
020245,3,3.75e-05
280851,3,3.75e-05
280476,3,3.75e-05
180794,3,3.75e-05
231032,3,3.75e-05
021113,3,3.75e-05
170986,3,3.75e-05
151000,3,3.75e-05
170888,3,3.75e-05
020397,3,3.75e-05
081247,3,3.75e-05
250155,3,3.75e-05
081139,3,3.75e-05
040139,3,3.75e-05
121158,3,3.75e-05
200925,3,3.75e-05
150709,3,3.75e-05
210268,3,3.75e-05
180490,3,3.75e-05
111260,3,3.75e-05
220887,3,3.75e-05
040414,3,3.75e-05
101089,3,3.75e-05
060619,3,3.75e-05
090998,3,3.75e-05
061046,3,3.75e-05
171242,3,3.75e-05
280764,3,3.75e-05
090927,3,3.75e-05
110502,3,3.75e-05
040373,3,3.75e-05
111266,3,3.75e-05
191270,3,3.75e-05
170941,3,3.75e-05
170197,3,3.75e-05
150591,3,3.75e-05
180751,3,3.75e-05
261298,3,3.75e-05
110398,3,3.75e-05
030814,3,3.75e-05
200794,3,3.75e-05
280602,3,3.75e-05
191066,3,3.75e-05
170755,3,3.75e-05
130270,3,3.75e-05
280326,3,3.75e-05
231058,3,3.75e-05
080306,3,3.75e-05
150684,3,3.75e-05
140895,3,3.75e-05
210831,3,3.75e-05
030501,3,3.75e-05
190728,3,3.75e-05
240388,3,3.75e-05
111165,3,3.75e-05
030945,3,3.75e-05
260256,3,3.75e-05
011213,3,3.75e-05
081171,3,3.75e-05
030741,3,3.75e-05
021012,3,3.75e-05
160784,3,3.75e-05
031278,3,3.75e-05
071219,3,3.75e-05
050324,3,3.75e-05
100259,3,3.75e-05
150342,3,3.75e-05
240328,3,3.75e-05
040875,3,3.75e-05
130598,3,3.75e-05
110613,3,3.75e-05
260812,3,3.75e-05
080312,3,3.75e-05
210525,3,3.75e-05
191293,3,3.75e-05
080100,3,3.75e-05
240162,3,3.75e-05
060345,3,3.75e-05
180974,3,3.75e-05
050593,3,3.75e-05
051215,3,3.75e-05
270106,3,3.75e-05
160796,3,3.75e-05
010650,3,3.75e-05
211173,3,3.75e-05
180857,3,3.75e-05
161139,3,3.75e-05
151110,3,3.75e-05
060341,3,3.75e-05
100194,3,3.75e-05
170328,3,3.75e-05
040591,3,3.75e-05
060183,3,3.75e-05
071295,3,3.75e-05
110696,3,3.75e-05
130538,3,3.75e-05
281131,3,3.75e-05
180868,3,3.75e-05
090684,3,3.75e-05
250374,3,3.75e-05
110396,3,3.75e-05
071262,3,3.75e-05
120358,3,3.75e-05
191295,3,3.75e-05
241127,3,3.75e-05
160586,3,3.75e-05
141051,3,3.75e-05
120526,3,3.75e-05
020731,3,3.75e-05
060362,3,3.75e-05
190984,3,3.75e-05
051041,3,3.75e-05
091000,3,3.75e-05
160334,3,3.75e-05
240613,3,3.75e-05
071087,3,3.75e-05
121021,3,3.75e-05
210437,3,3.75e-05
080205,3,3.75e-05
090725,3,3.75e-05
180977,3,3.75e-05
200252,3,3.75e-05
131148,3,3.75e-05
250976,3,3.75e-05
270206,3,3.75e-05
040276,3,3.75e-05
141084,3,3.75e-05
200167,3,3.75e-05
100524,3,3.75e-05
120991,3,3.75e-05
230855,3,3.75e-05
041097,3,3.75e-05
050930,3,3.75e-05
090280,3,3.75e-05
270192,3,3.75e-05
181089,3,3.75e-05
150785,3,3.75e-05
221284,3,3.75e-05
050481,3,3.75e-05
190231,3,3.75e-05
101232,3,3.75e-05
030470,3,3.75e-05
110621,3,3.75e-05
230970,3,3.75e-05
150586,3,3.75e-05
191142,3,3.75e-05
120777,3,3.75e-05
270550,3,3.75e-05
140943,3,3.75e-05
021105,3,3.75e-05
040813,3,3.75e-05
090691,3,3.75e-05
230468,3,3.75e-05
130687,3,3.75e-05
060428,3,3.75e-05
110600,3,3.75e-05
220208,3,3.75e-05
220369,3,3.75e-05
040930,3,3.75e-05
210318,3,3.75e-05
281224,3,3.75e-05
020677,3,3.75e-05
080243,3,3.75e-05
200468,3,3.75e-05
110442,3,3.75e-05
020902,3,3.75e-05
190226,3,3.75e-05
151288,3,3.75e-05
141210,3,3.75e-05
220586,3,3.75e-05
130884,3,3.75e-05
111040,3,3.75e-05
050941,3,3.75e-05
041059,3,3.75e-05
270429,3,3.75e-05
060758,3,3.75e-05
080777,3,3.75e-05
040297,3,3.75e-05
100315,3,3.75e-05
250588,3,3.75e-05
210574,2,2.5e-05
111219,2,2.5e-05
170475,2,2.5e-05
191020,2,2.5e-05
111253,2,2.5e-05
280969,2,2.5e-05
260693,2,2.5e-05
200780,2,2.5e-05
030265,2,2.5e-05
121065,2,2.5e-05
230866,2,2.5e-05
150534,2,2.5e-05
250543,2,2.5e-05
131177,2,2.5e-05
071181,2,2.5e-05
080618,2,2.5e-05
221042,2,2.5e-05
241114,2,2.5e-05
180420,2,2.5e-05
010135,2,2.5e-05
020270,2,2.5e-05
040867,2,2.5e-05
060675,2,2.5e-05
071224,2,2.5e-05
061286,2,2.5e-05
020222,2,2.5e-05
270544,2,2.5e-05
090326,2,2.5e-05
050924,2,2.5e-05
220469,2,2.5e-05
130219,2,2.5e-05
251049,2,2.5e-05
250413,2,2.5e-05
050566,2,2.5e-05
050442,2,2.5e-05
270656,2,2.5e-05
050803,2,2.5e-05
120373,2,2.5e-05
040506,2,2.5e-05
200257,2,2.5e-05
180670,2,2.5e-05
130914,2,2.5e-05
180402,2,2.5e-05
021003,2,2.5e-05
070217,2,2.5e-05
190158,2,2.5e-05
240197,2,2.5e-05
190499,2,2.5e-05
120298,2,2.5e-05
100685,2,2.5e-05
271252,2,2.5e-05
140255,2,2.5e-05
061013,2,2.5e-05
171133,2,2.5e-05
110819,2,2.5e-05
250974,2,2.5e-05
080674,2,2.5e-05
250378,2,2.5e-05
100884,2,2.5e-05
261219,2,2.5e-05
010792,2,2.5e-05
080930,2,2.5e-05
130892,2,2.5e-05
050451,2,2.5e-05
050120,2,2.5e-05
130250,2,2.5e-05
240659,2,2.5e-05
533879,2,2.5e-05
231095,2,2.5e-05
040747,2,2.5e-05
170147,2,2.5e-05
200250,2,2.5e-05
060255,2,2.5e-05
210601,2,2.5e-05
281174,2,2.5e-05
220435,2,2.5e-05
221007,2,2.5e-05
640871,2,2.5e-05
280142,2,2.5e-05
220376,2,2.5e-05
130957,2,2.5e-05
230775,2,2.5e-05
040584,2,2.5e-05
021222,2,2.5e-05
180146,2,2.5e-05
220404,2,2.5e-05
110475,2,2.5e-05
260582,2,2.5e-05
021135,2,2.5e-05
240378,2,2.5e-05
270627,2,2.5e-05
070529,2,2.5e-05
230701,2,2.5e-05
060605,2,2.5e-05
141135,2,2.5e-05
161056,2,2.5e-05
090590,2,2.5e-05
250692,2,2.5e-05
080710,2,2.5e-05
120944,2,2.5e-05
241039,2,2.5e-05
280674,2,2.5e-05
180579,2,2.5e-05
220418,2,2.5e-05
110524,2,2.5e-05
170264,2,2.5e-05
120134,2,2.5e-05
271000,2,2.5e-05
020593,2,2.5e-05
080822,2,2.5e-05
170200,2,2.5e-05
280429,2,2.5e-05
150952,2,2.5e-05
110687,2,2.5e-05
100941,2,2.5e-05
280733,2,2.5e-05
130208,2,2.5e-05
171273,2,2.5e-05
110774,2,2.5e-05
051114,2,2.5e-05
010822,2,2.5e-05
070756,2,2.5e-05
040374,2,2.5e-05
060460,2,2.5e-05
071139,2,2.5e-05
010996,2,2.5e-05
211202,2,2.5e-05
070994,2,2.5e-05
160131,2,2.5e-05
141263,2,2.5e-05
180746,2,2.5e-05
120348,2,2.5e-05
070948,2,2.5e-05
201065,2,2.5e-05
271242,2,2.5e-05
020541,2,2.5e-05
250981,2,2.5e-05
120696,2,2.5e-05
181075,2,2.5e-05
130276,2,2.5e-05
181045,2,2.5e-05
121219,2,2.5e-05
191005,2,2.5e-05
261091,2,2.5e-05
141066,2,2.5e-05
121182,2,2.5e-05
220657,2,2.5e-05
151096,2,2.5e-05
070680,2,2.5e-05
040356,2,2.5e-05
220595,2,2.5e-05
221210,2,2.5e-05
080483,2,2.5e-05
280799,2,2.5e-05
130355,2,2.5e-05
250595,2,2.5e-05
121220,2,2.5e-05
071179,2,2.5e-05
030507,2,2.5e-05
190723,2,2.5e-05
170263,2,2.5e-05
060329,2,2.5e-05
130118,2,2.5e-05
081162,2,2.5e-05
041144,2,2.5e-05
251199,2,2.5e-05
250786,2,2.5e-05
040547,2,2.5e-05
110520,2,2.5e-05
040655,2,2.5e-05
081080,2,2.5e-05
280656,2,2.5e-05
260691,2,2.5e-05
250178,2,2.5e-05
050863,2,2.5e-05
020100,2,2.5e-05
220924,2,2.5e-05
050500,2,2.5e-05
251015,2,2.5e-05
110765,2,2.5e-05
150357,2,2.5e-05
131279,2,2.5e-05
070638,2,2.5e-05
140901,2,2.5e-05
050728,2,2.5e-05
090829,2,2.5e-05
231210,2,2.5e-05
240670,2,2.5e-05
140385,2,2.5e-05
070722,2,2.5e-05
180631,2,2.5e-05
141036,2,2.5e-05
170373,2,2.5e-05
140263,2,2.5e-05
161267,2,2.5e-05
260419,2,2.5e-05
151228,2,2.5e-05
011180,2,2.5e-05
120584,2,2.5e-05
090390,2,2.5e-05
230530,2,2.5e-05
221181,2,2.5e-05
030531,2,2.5e-05
270449,2,2.5e-05
060954,2,2.5e-05
110788,2,2.5e-05
040796,2,2.5e-05
201034,2,2.5e-05
281128,2,2.5e-05
100279,2,2.5e-05
021094,2,2.5e-05
050351,2,2.5e-05
030425,2,2.5e-05
240890,2,2.5e-05
141182,2,2.5e-05
020801,2,2.5e-05
230912,2,2.5e-05
221275,2,2.5e-05
230319,2,2.5e-05
160143,2,2.5e-05
130724,2,2.5e-05
110916,2,2.5e-05
250398,2,2.5e-05
210956,2,2.5e-05
051073,2,2.5e-05
280425,2,2.5e-05
280395,2,2.5e-05
210382,2,2.5e-05
200165,2,2.5e-05
060819,2,2.5e-05
230587,2,2.5e-05
231022,2,2.5e-05
070325,2,2.5e-05
080803,2,2.5e-05
100726,2,2.5e-05
040485,2,2.5e-05
171277,2,2.5e-05
121185,2,2.5e-05
201190,2,2.5e-05
160185,2,2.5e-05
140792,2,2.5e-05
280913,2,2.5e-05
210440,2,2.5e-05
191262,2,2.5e-05
160328,2,2.5e-05
271097,2,2.5e-05
150695,2,2.5e-05
020793,2,2.5e-05
181077,2,2.5e-05
060259,2,2.5e-05
120183,2,2.5e-05
130121,2,2.5e-05
020546,2,2.5e-05
220333,2,2.5e-05
181269,2,2.5e-05
011259,2,2.5e-05
270884,2,2.5e-05
061056,2,2.5e-05
110220,2,2.5e-05
080726,2,2.5e-05
160957,2,2.5e-05
260892,2,2.5e-05
091291,2,2.5e-05
051291,2,2.5e-05
230977,2,2.5e-05
111140,2,2.5e-05
111007,2,2.5e-05
120552,2,2.5e-05
280592,2,2.5e-05
020104,2,2.5e-05
080241,2,2.5e-05
010258,2,2.5e-05
031246,2,2.5e-05
060232,2,2.5e-05
160141,2,2.5e-05
141283,2,2.5e-05
152821,2,2.5e-05
140315,2,2.5e-05
030920,2,2.5e-05
090319,2,2.5e-05
190478,2,2.5e-05
070186,2,2.5e-05
240976,2,2.5e-05
316268,2,2.5e-05
141006,2,2.5e-05
260308,2,2.5e-05
231203,2,2.5e-05
100432,2,2.5e-05
060493,2,2.5e-05
052468,2,2.5e-05
071068,2,2.5e-05
070259,2,2.5e-05
110723,2,2.5e-05
061036,2,2.5e-05
070362,2,2.5e-05
260190,2,2.5e-05
050345,2,2.5e-05
160585,2,2.5e-05
180549,2,2.5e-05
060123,2,2.5e-05
170728,2,2.5e-05
190320,2,2.5e-05
250215,2,2.5e-05
231116,2,2.5e-05
150996,2,2.5e-05
020505,2,2.5e-05
180472,2,2.5e-05
101016,2,2.5e-05
050299,2,2.5e-05
020558,2,2.5e-05
121239,2,2.5e-05
060254,2,2.5e-05
120642,2,2.5e-05
120707,2,2.5e-05
261199,2,2.5e-05
010556,2,2.5e-05
150319,2,2.5e-05
160747,2,2.5e-05
151135,2,2.5e-05
170943,2,2.5e-05
010501,2,2.5e-05
120802,2,2.5e-05
080443,2,2.5e-05
190809,2,2.5e-05
041119,2,2.5e-05
181082,2,2.5e-05
121095,2,2.5e-05
200191,2,2.5e-05
080771,2,2.5e-05
100681,2,2.5e-05
180577,2,2.5e-05
030600,2,2.5e-05
190501,2,2.5e-05
270618,2,2.5e-05
060858,2,2.5e-05
090934,2,2.5e-05
070278,2,2.5e-05
028384,2,2.5e-05
010502,2,2.5e-05
120419,2,2.5e-05
010497,2,2.5e-05
140277,2,2.5e-05
180897,2,2.5e-05
270448,2,2.5e-05
250965,2,2.5e-05
110866,2,2.5e-05
211154,2,2.5e-05
171109,2,2.5e-05
150372,2,2.5e-05
021147,2,2.5e-05
150226,2,2.5e-05
040567,2,2.5e-05
220539,2,2.5e-05
270812,2,2.5e-05
060159,2,2.5e-05
170251,2,2.5e-05
251069,2,2.5e-05
250995,2,2.5e-05
111123,2,2.5e-05
130936,2,2.5e-05
181013,2,2.5e-05
131104,2,2.5e-05
061062,2,2.5e-05
120332,2,2.5e-05
210307,2,2.5e-05
190668,2,2.5e-05
170308,2,2.5e-05
070806,2,2.5e-05
050134,2,2.5e-05
161128,2,2.5e-05
240256,2,2.5e-05
090738,2,2.5e-05
191175,2,2.5e-05
091254,2,2.5e-05
130322,2,2.5e-05
010692,2,2.5e-05
081180,2,2.5e-05
260698,2,2.5e-05
220406,2,2.5e-05
040132,2,2.5e-05
170241,2,2.5e-05
426414,2,2.5e-05
270615,2,2.5e-05
271272,2,2.5e-05
050214,2,2.5e-05
230362,2,2.5e-05
130425,2,2.5e-05
061032,2,2.5e-05
110764,2,2.5e-05
090231,2,2.5e-05
021169,2,2.5e-05
050502,2,2.5e-05
260405,2,2.5e-05
250216,2,2.5e-05
101002,2,2.5e-05
251083,2,2.5e-05
250953,2,2.5e-05
101210,2,2.5e-05
060196,2,2.5e-05
150622,2,2.5e-05
131097,2,2.5e-05
230364,2,2.5e-05
140803,2,2.5e-05
060590,2,2.5e-05
100614,2,2.5e-05
090599,2,2.5e-05
250503,2,2.5e-05
070838,2,2.5e-05
230138,2,2.5e-05
110317,2,2.5e-05
070347,2,2.5e-05
110468,2,2.5e-05
280130,2,2.5e-05
060697,2,2.5e-05
140327,2,2.5e-05
101020,2,2.5e-05
070438,2,2.5e-05
270889,2,2.5e-05
160125,2,2.5e-05
110234,2,2.5e-05
251291,2,2.5e-05
010409,2,2.5e-05
140805,2,2.5e-05
224465,2,2.5e-05
190240,2,2.5e-05
140668,2,2.5e-05
160557,2,2.5e-05
140253,2,2.5e-05
161092,2,2.5e-05
200533,2,2.5e-05
010482,2,2.5e-05
120364,2,2.5e-05
250103,2,2.5e-05
140267,2,2.5e-05
190342,2,2.5e-05
250529,2,2.5e-05
040594,2,2.5e-05
010741,2,2.5e-05
230413,2,2.5e-05
120924,2,2.5e-05
021278,2,2.5e-05
220647,2,2.5e-05
280767,2,2.5e-05
240210,2,2.5e-05
120199,2,2.5e-05
160511,2,2.5e-05
051166,2,2.5e-05
270582,2,2.5e-05
150602,2,2.5e-05
040264,2,2.5e-05
250277,2,2.5e-05
110989,2,2.5e-05
061277,2,2.5e-05
180449,2,2.5e-05
020634,2,2.5e-05
021040,2,2.5e-05
180779,2,2.5e-05
101110,2,2.5e-05
240643,2,2.5e-05
201187,2,2.5e-05
150706,2,2.5e-05
040403,2,2.5e-05
110420,2,2.5e-05
160921,2,2.5e-05
220690,2,2.5e-05
200255,2,2.5e-05
230273,2,2.5e-05
021154,2,2.5e-05
190168,2,2.5e-05
130715,2,2.5e-05
010796,2,2.5e-05
141035,2,2.5e-05
190517,2,2.5e-05
081146,2,2.5e-05
210530,2,2.5e-05
071091,2,2.5e-05
270755,2,2.5e-05
091195,2,2.5e-05
020352,2,2.5e-05
200971,2,2.5e-05
101185,2,2.5e-05
080878,2,2.5e-05
020502,2,2.5e-05
100796,2,2.5e-05
260492,2,2.5e-05
220786,2,2.5e-05
080398,2,2.5e-05
270305,2,2.5e-05
090988,2,2.5e-05
120172,2,2.5e-05
200156,2,2.5e-05
170504,2,2.5e-05
270700,2,2.5e-05
210757,2,2.5e-05
110663,2,2.5e-05
260822,2,2.5e-05
070104,2,2.5e-05
280170,2,2.5e-05
200333,2,2.5e-05
110807,2,2.5e-05
190400,2,2.5e-05
171163,2,2.5e-05
180844,2,2.5e-05
140211,2,2.5e-05
160717,2,2.5e-05
110796,2,2.5e-05
221234,2,2.5e-05
230434,2,2.5e-05
211008,2,2.5e-05
161296,2,2.5e-05
080167,2,2.5e-05
200600,2,2.5e-05
080231,2,2.5e-05
040360,2,2.5e-05
191084,2,2.5e-05
200570,2,2.5e-05
040530,2,2.5e-05
030906,2,2.5e-05
190246,2,2.5e-05
100212,2,2.5e-05
250935,2,2.5e-05
100648,2,2.5e-05
101206,2,2.5e-05
131017,2,2.5e-05
030466,2,2.5e-05
250263,2,2.5e-05
040144,2,2.5e-05
190730,2,2.5e-05
220592,2,2.5e-05
071212,2,2.5e-05
201274,2,2.5e-05
080119,2,2.5e-05
210149,2,2.5e-05
200316,2,2.5e-05
190393,2,2.5e-05
280978,2,2.5e-05
240306,2,2.5e-05
060563,2,2.5e-05
011082,2,2.5e-05
200595,2,2.5e-05
070349,2,2.5e-05
260529,2,2.5e-05
281118,2,2.5e-05
131123,2,2.5e-05
020893,2,2.5e-05
060287,2,2.5e-05
230418,2,2.5e-05
181287,2,2.5e-05
250487,2,2.5e-05
180137,2,2.5e-05
150963,2,2.5e-05
446314,2,2.5e-05
170232,2,2.5e-05
100847,2,2.5e-05
280707,2,2.5e-05
170499,2,2.5e-05
160680,2,2.5e-05
030486,2,2.5e-05
110227,2,2.5e-05
230638,2,2.5e-05
201215,2,2.5e-05
130207,2,2.5e-05
140348,2,2.5e-05
100933,2,2.5e-05
161251,2,2.5e-05
210282,2,2.5e-05
050196,2,2.5e-05
200508,2,2.5e-05
150815,2,2.5e-05
260938,2,2.5e-05
250911,2,2.5e-05
050819,2,2.5e-05
130411,2,2.5e-05
160327,2,2.5e-05
111201,2,2.5e-05
171263,2,2.5e-05
040701,2,2.5e-05
080907,2,2.5e-05
131024,2,2.5e-05
230628,2,2.5e-05
150345,2,2.5e-05
240387,2,2.5e-05
040265,2,2.5e-05
040717,2,2.5e-05
271288,2,2.5e-05
190116,2,2.5e-05
111150,2,2.5e-05
140664,2,2.5e-05
100312,2,2.5e-05
251036,2,2.5e-05
010807,2,2.5e-05
260257,2,2.5e-05
111043,2,2.5e-05
261130,2,2.5e-05
260792,2,2.5e-05
020147,2,2.5e-05
100774,2,2.5e-05
131221,2,2.5e-05
240189,2,2.5e-05
110885,2,2.5e-05
210399,2,2.5e-05
270258,2,2.5e-05
121085,2,2.5e-05
091181,2,2.5e-05
120301,2,2.5e-05
201055,2,2.5e-05
801156,2,2.5e-05
190443,2,2.5e-05
190448,2,2.5e-05
120934,2,2.5e-05
041172,2,2.5e-05
190629,2,2.5e-05
041083,2,2.5e-05
030637,2,2.5e-05
161098,2,2.5e-05
021031,2,2.5e-05
241002,2,2.5e-05
050519,2,2.5e-05
170142,2,2.5e-05
230733,2,2.5e-05
120888,2,2.5e-05
210762,2,2.5e-05
180712,2,2.5e-05
170848,2,2.5e-05
080880,2,2.5e-05
170486,2,2.5e-05
100128,2,2.5e-05
326154,2,2.5e-05
141015,2,2.5e-05
270929,2,2.5e-05
020323,2,2.5e-05
050316,2,2.5e-05
151006,2,2.5e-05
040704,2,2.5e-05
010511,2,2.5e-05
031280,2,2.5e-05
130578,2,2.5e-05
181041,2,2.5e-05
210847,2,2.5e-05
150339,2,2.5e-05
190780,2,2.5e-05
150165,2,2.5e-05
250227,2,2.5e-05
131103,2,2.5e-05
140984,2,2.5e-05
120236,2,2.5e-05
090213,2,2.5e-05
210991,2,2.5e-05
020923,2,2.5e-05
180364,2,2.5e-05
130808,2,2.5e-05
140841,2,2.5e-05
050354,2,2.5e-05
200842,2,2.5e-05
140677,2,2.5e-05
041147,2,2.5e-05
270397,2,2.5e-05
280700,2,2.5e-05
040622,2,2.5e-05
120518,2,2.5e-05
140918,2,2.5e-05
190408,2,2.5e-05
070469,2,2.5e-05
220555,2,2.5e-05
010578,2,2.5e-05
090751,2,2.5e-05
020573,2,2.5e-05
130714,2,2.5e-05
080804,2,2.5e-05
060545,2,2.5e-05
191041,2,2.5e-05
060674,2,2.5e-05
271096,2,2.5e-05
060539,2,2.5e-05
200826,2,2.5e-05
230372,2,2.5e-05
161133,2,2.5e-05
050745,2,2.5e-05
030708,2,2.5e-05
250689,2,2.5e-05
091011,2,2.5e-05
270672,2,2.5e-05
240350,2,2.5e-05
150308,2,2.5e-05
151156,2,2.5e-05
230915,2,2.5e-05
040960,2,2.5e-05
280835,2,2.5e-05
200169,2,2.5e-05
200222,2,2.5e-05
050529,2,2.5e-05
030699,2,2.5e-05
131207,2,2.5e-05
260198,2,2.5e-05
110811,2,2.5e-05
230605,2,2.5e-05
090414,2,2.5e-05
141296,2,2.5e-05
080559,2,2.5e-05
010916,2,2.5e-05
011262,2,2.5e-05
240677,2,2.5e-05
020219,2,2.5e-05
061058,2,2.5e-05
141141,2,2.5e-05
160738,2,2.5e-05
030332,2,2.5e-05
172274,2,2.5e-05
250328,2,2.5e-05
221168,2,2.5e-05
080798,2,2.5e-05
210385,2,2.5e-05
020166,2,2.5e-05
031254,2,2.5e-05
211120,2,2.5e-05
201074,2,2.5e-05
060608,2,2.5e-05
170225,2,2.5e-05
220210,2,2.5e-05
180754,2,2.5e-05
220353,2,2.5e-05
190412,2,2.5e-05
170377,2,2.5e-05
091002,2,2.5e-05
230770,2,2.5e-05
280649,2,2.5e-05
131125,2,2.5e-05
220228,2,2.5e-05
010505,2,2.5e-05
200514,2,2.5e-05
200463,2,2.5e-05
081170,2,2.5e-05
040378,2,2.5e-05
010325,2,2.5e-05
160283,2,2.5e-05
040764,2,2.5e-05
040789,2,2.5e-05
110153,2,2.5e-05
160722,2,2.5e-05
081069,2,2.5e-05
030791,2,2.5e-05
280105,2,2.5e-05
060910,2,2.5e-05
201092,2,2.5e-05
011160,2,2.5e-05
020135,2,2.5e-05
040966,2,2.5e-05
171299,2,2.5e-05
011097,2,2.5e-05
250452,2,2.5e-05
100276,2,2.5e-05
130589,2,2.5e-05
020194,2,2.5e-05
120219,2,2.5e-05
130859,2,2.5e-05
130560,2,2.5e-05
050200,2,2.5e-05
260947,2,2.5e-05
150472,2,2.5e-05
161030,2,2.5e-05
020267,2,2.5e-05
180399,2,2.5e-05
260252,2,2.5e-05
210553,2,2.5e-05
150194,2,2.5e-05
230833,2,2.5e-05
170299,2,2.5e-05
110876,2,2.5e-05
030468,2,2.5e-05
201159,2,2.5e-05
250409,2,2.5e-05
061243,2,2.5e-05
201175,2,2.5e-05
240360,2,2.5e-05
031138,2,2.5e-05
060638,2,2.5e-05
140740,2,2.5e-05
220847,2,2.5e-05
190915,2,2.5e-05
081166,2,2.5e-05
270594,2,2.5e-05
251243,2,2.5e-05
121105,2,2.5e-05
270605,2,2.5e-05
220294,2,2.5e-05
130125,2,2.5e-05
161156,2,2.5e-05
130269,2,2.5e-05
250422,2,2.5e-05
061268,2,2.5e-05
230499,2,2.5e-05
020296,2,2.5e-05
100579,2,2.5e-05
100294,2,2.5e-05
261124,2,2.5e-05
070149,2,2.5e-05
250609,2,2.5e-05
061285,2,2.5e-05
270989,2,2.5e-05
160871,2,2.5e-05
060481,2,2.5e-05
280840,2,2.5e-05
210442,2,2.5e-05
230584,2,2.5e-05
210103,2,2.5e-05
051228,2,2.5e-05
160345,2,2.5e-05
160901,2,2.5e-05
210266,2,2.5e-05
190821,2,2.5e-05
170179,2,2.5e-05
160811,2,2.5e-05
270547,2,2.5e-05
170518,2,2.5e-05
140115,2,2.5e-05
180368,2,2.5e-05
210635,2,2.5e-05
201269,2,2.5e-05
230429,2,2.5e-05
100678,2,2.5e-05
160364,2,2.5e-05
080695,2,2.5e-05
250870,2,2.5e-05
120421,2,2.5e-05
190895,2,2.5e-05
150463,2,2.5e-05
171265,2,2.5e-05
020213,2,2.5e-05
070182,2,2.5e-05
070955,2,2.5e-05
020670,2,2.5e-05
130239,2,2.5e-05
100147,2,2.5e-05
080464,2,2.5e-05
260346,2,2.5e-05
120993,2,2.5e-05
111231,2,2.5e-05
061211,2,2.5e-05
051280,2,2.5e-05
080946,2,2.5e-05
090386,2,2.5e-05
051095,2,2.5e-05
140409,2,2.5e-05
180649,2,2.5e-05
220322,2,2.5e-05
190955,2,2.5e-05
031144,2,2.5e-05
100181,2,2.5e-05
210281,2,2.5e-05
081241,2,2.5e-05
010918,2,2.5e-05
220771,2,2.5e-05
140888,2,2.5e-05
090410,2,2.5e-05
020428,2,2.5e-05
261165,2,2.5e-05
270850,2,2.5e-05
030123,2,2.5e-05
180691,2,2.5e-05
151078,2,2.5e-05
171149,2,2.5e-05
230481,2,2.5e-05
041206,2,2.5e-05
170292,2,2.5e-05
040437,2,2.5e-05
151251,2,2.5e-05
110934,2,2.5e-05
121034,2,2.5e-05
010857,2,2.5e-05
040791,2,2.5e-05
201252,2,2.5e-05
230719,2,2.5e-05
150837,2,2.5e-05
031239,2,2.5e-05
150559,2,2.5e-05
190937,2,2.5e-05
040786,2,2.5e-05
040292,2,2.5e-05
020685,2,2.5e-05
030621,2,2.5e-05
131241,2,2.5e-05
251056,2,2.5e-05
010775,2,2.5e-05
071064,2,2.5e-05
140117,2,2.5e-05
071208,2,2.5e-05
201250,2,2.5e-05
090656,2,2.5e-05
881638,2,2.5e-05
270477,2,2.5e-05
100728,2,2.5e-05
070738,2,2.5e-05
210260,2,2.5e-05
070970,2,2.5e-05
250234,2,2.5e-05
240506,2,2.5e-05
100577,2,2.5e-05
090605,2,2.5e-05
010885,2,2.5e-05
251152,2,2.5e-05
170296,2,2.5e-05
280930,2,2.5e-05
090337,2,2.5e-05
130529,2,2.5e-05
040462,2,2.5e-05
180508,2,2.5e-05
261217,2,2.5e-05
210788,2,2.5e-05
151040,2,2.5e-05
100227,2,2.5e-05
210272,2,2.5e-05
190107,2,2.5e-05
220828,2,2.5e-05
120615,2,2.5e-05
111287,2,2.5e-05
041091,2,2.5e-05
250471,2,2.5e-05
040488,2,2.5e-05
130730,2,2.5e-05
120799,2,2.5e-05
261081,2,2.5e-05
200623,2,2.5e-05
260456,2,2.5e-05
090278,2,2.5e-05
020710,2,2.5e-05
110656,2,2.5e-05
090645,2,2.5e-05
010469,2,2.5e-05
010462,2,2.5e-05
230531,2,2.5e-05
191061,2,2.5e-05
220233,2,2.5e-05
260737,2,2.5e-05
090329,2,2.5e-05
171018,2,2.5e-05
160385,2,2.5e-05
190472,2,2.5e-05
040179,2,2.5e-05
190837,2,2.5e-05
080305,2,2.5e-05
221291,2,2.5e-05
201155,2,2.5e-05
230551,2,2.5e-05
151124,2,2.5e-05
190914,2,2.5e-05
150587,2,2.5e-05
061033,2,2.5e-05
040202,2,2.5e-05
201012,2,2.5e-05
280401,2,2.5e-05
080735,2,2.5e-05
200733,2,2.5e-05
140384,2,2.5e-05
200203,2,2.5e-05
171037,2,2.5e-05
080672,2,2.5e-05
260365,2,2.5e-05
200973,2,2.5e-05
220250,2,2.5e-05
190693,2,2.5e-05
030765,2,2.5e-05
090202,2,2.5e-05
050393,2,2.5e-05
160475,2,2.5e-05
021056,2,2.5e-05
090302,2,2.5e-05
240553,2,2.5e-05
010706,2,2.5e-05
190467,2,2.5e-05
221100,2,2.5e-05
180361,2,2.5e-05
250382,2,2.5e-05
190340,2,2.5e-05
220966,2,2.5e-05
201140,2,2.5e-05
181202,2,2.5e-05
110458,2,2.5e-05
030560,2,2.5e-05
040996,2,2.5e-05
120645,2,2.5e-05
050375,2,2.5e-05
220449,2,2.5e-05
180732,2,2.5e-05
140897,2,2.5e-05
110110,2,2.5e-05
260728,2,2.5e-05
181289,2,2.5e-05
210599,2,2.5e-05
230812,2,2.5e-05
130224,2,2.5e-05
031102,2,2.5e-05
210799,2,2.5e-05
210996,2,2.5e-05
280659,2,2.5e-05
220408,2,2.5e-05
170959,2,2.5e-05
041000,2,2.5e-05
171119,2,2.5e-05
070944,2,2.5e-05
270178,2,2.5e-05
260389,2,2.5e-05
030975,2,2.5e-05
040346,2,2.5e-05
041282,2,2.5e-05
170642,2,2.5e-05
281172,2,2.5e-05
170566,2,2.5e-05
130303,2,2.5e-05
250859,2,2.5e-05
280284,2,2.5e-05
040703,2,2.5e-05
240772,2,2.5e-05
130604,2,2.5e-05
251145,2,2.5e-05
170759,2,2.5e-05
120864,2,2.5e-05
140602,2,2.5e-05
050337,2,2.5e-05
240428,2,2.5e-05
120554,2,2.5e-05
170455,2,2.5e-05
160167,2,2.5e-05
050223,2,2.5e-05
250513,2,2.5e-05
180109,2,2.5e-05
171048,2,2.5e-05
040639,2,2.5e-05
150633,2,2.5e-05
130159,2,2.5e-05
221119,2,2.5e-05
280546,2,2.5e-05
180768,2,2.5e-05
130203,2,2.5e-05
190975,2,2.5e-05
220564,2,2.5e-05
190889,2,2.5e-05
191120,2,2.5e-05
181064,2,2.5e-05
081061,2,2.5e-05
280313,2,2.5e-05
090636,2,2.5e-05
150299,2,2.5e-05
220583,2,2.5e-05
250148,2,2.5e-05
190312,2,2.5e-05
280834,2,2.5e-05
191090,2,2.5e-05
131258,2,2.5e-05
271258,2,2.5e-05
140394,2,2.5e-05
091102,2,2.5e-05
130336,2,2.5e-05
250290,2,2.5e-05
220164,2,2.5e-05
070115,2,2.5e-05
031145,2,2.5e-05
150774,2,2.5e-05
010665,2,2.5e-05
250484,2,2.5e-05
070473,2,2.5e-05
190985,2,2.5e-05
281082,2,2.5e-05
080351,2,2.5e-05
230972,2,2.5e-05
252526,2,2.5e-05
240631,2,2.5e-05
070471,2,2.5e-05
240807,2,2.5e-05
230547,2,2.5e-05
140161,2,2.5e-05
041043,2,2.5e-05
230642,2,2.5e-05
140953,2,2.5e-05
231221,2,2.5e-05
020950,2,2.5e-05
140638,2,2.5e-05
210482,2,2.5e-05
200913,2,2.5e-05
270553,2,2.5e-05
130429,2,2.5e-05
121188,2,2.5e-05
151141,2,2.5e-05
010985,2,2.5e-05
220703,2,2.5e-05
050213,2,2.5e-05
060678,2,2.5e-05
200349,2,2.5e-05
270866,2,2.5e-05
231112,2,2.5e-05
190574,2,2.5e-05
020922,2,2.5e-05
230503,2,2.5e-05
190293,2,2.5e-05
280593,2,2.5e-05
210172,2,2.5e-05
250334,2,2.5e-05
021010,2,2.5e-05
040220,2,2.5e-05
121280,2,2.5e-05
170568,2,2.5e-05
100630,2,2.5e-05
050800,2,2.5e-05
261040,2,2.5e-05
210520,2,2.5e-05
121130,2,2.5e-05
160684,2,2.5e-05
011000,2,2.5e-05
040573,2,2.5e-05
071024,2,2.5e-05
271093,2,2.5e-05
130770,2,2.5e-05
020704,2,2.5e-05
050477,2,2.5e-05
878552,2,2.5e-05
260575,2,2.5e-05
041214,2,2.5e-05
150746,2,2.5e-05
181033,2,2.5e-05
251122,2,2.5e-05
150985,2,2.5e-05
010894,2,2.5e-05
190507,2,2.5e-05
161152,2,2.5e-05
181242,2,2.5e-05
250136,2,2.5e-05
250181,2,2.5e-05
080414,2,2.5e-05
181207,2,2.5e-05
170664,2,2.5e-05
100699,2,2.5e-05
051135,2,2.5e-05
020744,2,2.5e-05
190981,2,2.5e-05
110640,2,2.5e-05
231197,2,2.5e-05
140280,2,2.5e-05
230736,2,2.5e-05
010559,2,2.5e-05
270661,2,2.5e-05
365004,2,2.5e-05
010371,2,2.5e-05
030126,2,2.5e-05
201186,2,2.5e-05
081295,2,2.5e-05
260621,2,2.5e-05
070258,2,2.5e-05
060974,2,2.5e-05
280629,2,2.5e-05
170933,2,2.5e-05
140412,2,2.5e-05
041170,2,2.5e-05
191199,2,2.5e-05
120146,2,2.5e-05
021187,2,2.5e-05
210687,2,2.5e-05
220670,2,2.5e-05
210254,2,2.5e-05
280879,2,2.5e-05
210203,2,2.5e-05
100204,2,2.5e-05
224382,2,2.5e-05
030436,2,2.5e-05
021101,2,2.5e-05
230485,2,2.5e-05
150398,2,2.5e-05
231153,2,2.5e-05
011083,2,2.5e-05
111144,2,2.5e-05
191215,2,2.5e-05
170686,2,2.5e-05
010323,2,2.5e-05
070559,2,2.5e-05
100187,2,2.5e-05
180247,2,2.5e-05
051288,2,2.5e-05
130204,2,2.5e-05
091246,2,2.5e-05
120224,2,2.5e-05
150448,2,2.5e-05
040974,2,2.5e-05
020905,2,2.5e-05
061085,2,2.5e-05
080741,2,2.5e-05
280377,2,2.5e-05
010589,2,2.5e-05
270691,2,2.5e-05
200404,2,2.5e-05
280916,2,2.5e-05
140432,2,2.5e-05
041156,2,2.5e-05
011065,2,2.5e-05
121169,2,2.5e-05
131185,2,2.5e-05
020645,2,2.5e-05
120171,2,2.5e-05
030248,2,2.5e-05
181227,2,2.5e-05
030452,2,2.5e-05
171074,2,2.5e-05
170756,2,2.5e-05
130445,2,2.5e-05
131037,2,2.5e-05
140187,2,2.5e-05
230688,2,2.5e-05
150799,2,2.5e-05
050900,2,2.5e-05
131230,2,2.5e-05
250296,2,2.5e-05
111029,2,2.5e-05
090594,2,2.5e-05
191198,2,2.5e-05
121078,2,2.5e-05
080506,2,2.5e-05
070875,2,2.5e-05
210139,2,2.5e-05
100959,2,2.5e-05
090928,2,2.5e-05
131137,2,2.5e-05
170576,2,2.5e-05
150253,2,2.5e-05
160212,2,2.5e-05
160374,2,2.5e-05
031293,2,2.5e-05
260491,2,2.5e-05
050201,2,2.5e-05
210131,2,2.5e-05
030834,2,2.5e-05
170915,2,2.5e-05
160194,2,2.5e-05
170891,2,2.5e-05
200610,2,2.5e-05
070958,2,2.5e-05
190188,2,2.5e-05
120205,2,2.5e-05
020490,2,2.5e-05
220813,2,2.5e-05
050687,2,2.5e-05
160349,2,2.5e-05
040698,2,2.5e-05
131295,2,2.5e-05
250639,2,2.5e-05
010621,2,2.5e-05
261232,2,2.5e-05
231151,2,2.5e-05
201051,2,2.5e-05
100593,2,2.5e-05
170908,2,2.5e-05
270681,2,2.5e-05
447633,2,2.5e-05
141063,2,2.5e-05
180478,2,2.5e-05
220374,2,2.5e-05
240532,2,2.5e-05
020708,2,2.5e-05
050613,2,2.5e-05
681203,2,2.5e-05
201059,2,2.5e-05
111197,2,2.5e-05
080685,2,2.5e-05
160725,2,2.5e-05
080658,2,2.5e-05
220590,2,2.5e-05
140611,2,2.5e-05
080145,2,2.5e-05
140390,2,2.5e-05
220237,2,2.5e-05
280152,2,2.5e-05
250581,2,2.5e-05
010115,2,2.5e-05
051031,2,2.5e-05
251052,2,2.5e-05
160253,2,2.5e-05
928477,2,2.5e-05
180884,2,2.5e-05
201240,2,2.5e-05
230813,2,2.5e-05
171036,2,2.5e-05
140511,2,2.5e-05
170866,2,2.5e-05
231031,2,2.5e-05
091161,2,2.5e-05
150772,2,2.5e-05
180558,2,2.5e-05
090623,2,2.5e-05
180936,2,2.5e-05
180233,2,2.5e-05
120857,2,2.5e-05
240205,2,2.5e-05
200315,2,2.5e-05
010229,2,2.5e-05
160983,2,2.5e-05
251058,2,2.5e-05
161276,2,2.5e-05
260451,2,2.5e-05
271154,2,2.5e-05
261247,2,2.5e-05
120326,2,2.5e-05
250987,2,2.5e-05
270587,2,2.5e-05
090351,2,2.5e-05
141129,2,2.5e-05
161190,2,2.5e-05
050435,2,2.5e-05
120422,2,2.5e-05
280421,2,2.5e-05
220386,2,2.5e-05
260411,2,2.5e-05
050726,2,2.5e-05
050560,2,2.5e-05
050582,2,2.5e-05
220440,2,2.5e-05
090516,2,2.5e-05
230426,2,2.5e-05
130885,2,2.5e-05
020828,2,2.5e-05
030124,2,2.5e-05
110219,2,2.5e-05
040227,2,2.5e-05
070917,2,2.5e-05
080720,2,2.5e-05
180842,2,2.5e-05
071233,2,2.5e-05
250433,2,2.5e-05
140565,2,2.5e-05
020843,2,2.5e-05
130299,2,2.5e-05
020438,2,2.5e-05
040798,2,2.5e-05
091278,2,2.5e-05
201260,2,2.5e-05
140844,2,2.5e-05
170769,2,2.5e-05
220653,2,2.5e-05
101200,2,2.5e-05
020633,2,2.5e-05
030492,2,2.5e-05
221192,2,2.5e-05
040117,2,2.5e-05
220901,2,2.5e-05
071007,2,2.5e-05
031118,2,2.5e-05
120866,2,2.5e-05
280833,2,2.5e-05
160663,2,2.5e-05
020224,2,2.5e-05
030108,2,2.5e-05
131086,2,2.5e-05
020903,2,2.5e-05
060482,2,2.5e-05
260745,2,2.5e-05
240136,2,2.5e-05
110808,2,2.5e-05
180471,2,2.5e-05
161093,2,2.5e-05
110404,2,2.5e-05
160348,2,2.5e-05
160467,2,2.5e-05
221173,2,2.5e-05
120218,2,2.5e-05
161285,2,2.5e-05
240759,2,2.5e-05
070410,2,2.5e-05
030948,2,2.5e-05
220416,2,2.5e-05
030571,2,2.5e-05
090286,2,2.5e-05
150681,2,2.5e-05
010850,2,2.5e-05
261155,2,2.5e-05
091150,2,2.5e-05
250455,2,2.5e-05
270416,2,2.5e-05
100100,2,2.5e-05
220545,2,2.5e-05
060722,2,2.5e-05
160664,2,2.5e-05
170259,2,2.5e-05
221094,2,2.5e-05
270799,2,2.5e-05
180653,2,2.5e-05
271009,2,2.5e-05
091064,2,2.5e-05
141106,2,2.5e-05
101003,2,2.5e-05
230121,2,2.5e-05
190942,2,2.5e-05
200630,2,2.5e-05
180697,2,2.5e-05
060947,2,2.5e-05
200722,2,2.5e-05
151137,2,2.5e-05
130191,2,2.5e-05
230728,2,2.5e-05
251191,2,2.5e-05
100424,2,2.5e-05
230913,2,2.5e-05
170415,2,2.5e-05
251216,2,2.5e-05
160514,2,2.5e-05
040198,2,2.5e-05
021140,2,2.5e-05
021025,2,2.5e-05
111038,2,2.5e-05
010412,2,2.5e-05
140912,2,2.5e-05
140830,2,2.5e-05
060140,2,2.5e-05
130301,2,2.5e-05
230752,2,2.5e-05
261188,2,2.5e-05
231162,2,2.5e-05
040263,2,2.5e-05
090306,2,2.5e-05
160737,2,2.5e-05
050700,2,2.5e-05
150542,2,2.5e-05
150827,2,2.5e-05
061184,2,2.5e-05
090165,2,2.5e-05
170966,2,2.5e-05
180227,2,2.5e-05
130952,2,2.5e-05
200385,2,2.5e-05
250474,2,2.5e-05
040881,2,2.5e-05
260587,2,2.5e-05
140270,2,2.5e-05
130347,2,2.5e-05
211192,2,2.5e-05
231242,2,2.5e-05
230504,2,2.5e-05
261089,2,2.5e-05
020668,2,2.5e-05
021041,2,2.5e-05
030663,2,2.5e-05
240222,2,2.5e-05
210461,2,2.5e-05
101073,2,2.5e-05
161049,2,2.5e-05
271031,2,2.5e-05
150978,2,2.5e-05
140101,2,2.5e-05
180743,2,2.5e-05
100698,2,2.5e-05
220732,2,2.5e-05
281012,2,2.5e-05
181151,2,2.5e-05
090478,2,2.5e-05
040839,2,2.5e-05
270905,2,2.5e-05
150169,2,2.5e-05
281277,2,2.5e-05
100342,2,2.5e-05
090285,2,2.5e-05
141165,2,2.5e-05
241075,2,2.5e-05
230442,2,2.5e-05
110651,2,2.5e-05
240700,2,2.5e-05
040122,2,2.5e-05
100323,2,2.5e-05
020674,2,2.5e-05
230394,2,2.5e-05
221298,2,2.5e-05
250707,2,2.5e-05
140140,2,2.5e-05
220788,2,2.5e-05
110384,2,2.5e-05
110717,2,2.5e-05
070832,2,2.5e-05
031166,2,2.5e-05
130975,2,2.5e-05
110630,2,2.5e-05
201297,2,2.5e-05
050356,2,2.5e-05
010250,2,2.5e-05
011206,2,2.5e-05
210891,2,2.5e-05
260724,2,2.5e-05
280918,2,2.5e-05
061269,2,2.5e-05
080526,2,2.5e-05
180145,2,2.5e-05
150293,2,2.5e-05
070309,2,2.5e-05
210610,2,2.5e-05
080423,2,2.5e-05
200224,2,2.5e-05
090790,2,2.5e-05
040334,2,2.5e-05
041126,2,2.5e-05
010637,2,2.5e-05
200318,2,2.5e-05
130602,2,2.5e-05
120192,2,2.5e-05
180802,2,2.5e-05
040426,2,2.5e-05
030643,2,2.5e-05
251082,2,2.5e-05
271134,2,2.5e-05
211061,2,2.5e-05
010825,2,2.5e-05
140686,2,2.5e-05
270342,2,2.5e-05
180486,2,2.5e-05
061273,2,2.5e-05
030550,2,2.5e-05
060789,2,2.5e-05
030198,2,2.5e-05
180357,2,2.5e-05
230216,2,2.5e-05
050172,2,2.5e-05
080947,2,2.5e-05
270828,2,2.5e-05
101294,2,2.5e-05
030542,2,2.5e-05
160624,2,2.5e-05
110707,2,2.5e-05
040824,2,2.5e-05
120443,2,2.5e-05
071039,2,2.5e-05
210850,2,2.5e-05
862114,2,2.5e-05
100314,2,2.5e-05
080591,2,2.5e-05
260446,2,2.5e-05
081197,2,2.5e-05
281205,2,2.5e-05
071260,2,2.5e-05
010656,2,2.5e-05
251144,2,2.5e-05
190778,2,2.5e-05
280484,2,2.5e-05
190221,2,2.5e-05
260667,2,2.5e-05
110124,2,2.5e-05
010716,2,2.5e-05
070679,2,2.5e-05
150569,2,2.5e-05
020819,2,2.5e-05
221174,2,2.5e-05
050600,2,2.5e-05
031111,2,2.5e-05
231147,2,2.5e-05
090987,2,2.5e-05
020563,2,2.5e-05
200330,2,2.5e-05
141026,2,2.5e-05
060224,2,2.5e-05
080876,2,2.5e-05
020836,2,2.5e-05
190676,2,2.5e-05
161148,2,2.5e-05
221060,2,2.5e-05
250311,2,2.5e-05
061236,2,2.5e-05
130526,2,2.5e-05
131276,2,2.5e-05
101179,2,2.5e-05
250525,2,2.5e-05
241181,2,2.5e-05
240571,2,2.5e-05
010980,2,2.5e-05
170479,2,2.5e-05
101133,2,2.5e-05
240610,2,2.5e-05
161081,2,2.5e-05
250895,2,2.5e-05
050315,2,2.5e-05
030857,2,2.5e-05
051183,2,2.5e-05
100113,2,2.5e-05
220409,2,2.5e-05
061238,2,2.5e-05
120175,2,2.5e-05
170640,2,2.5e-05
121032,2,2.5e-05
110485,2,2.5e-05
190873,2,2.5e-05
091085,2,2.5e-05
060711,2,2.5e-05
051022,2,2.5e-05
280212,2,2.5e-05
011042,2,2.5e-05
240448,2,2.5e-05
191016,2,2.5e-05
090814,2,2.5e-05
120248,2,2.5e-05
131059,2,2.5e-05
280305,2,2.5e-05
101156,2,2.5e-05
010623,2,2.5e-05
220681,2,2.5e-05
011296,2,2.5e-05
270229,2,2.5e-05
230321,2,2.5e-05
170963,2,2.5e-05
170502,2,2.5e-05
100619,2,2.5e-05
140493,2,2.5e-05
040432,2,2.5e-05
170207,2,2.5e-05
251046,2,2.5e-05
161141,2,2.5e-05
020309,2,2.5e-05
241136,2,2.5e-05
070174,2,2.5e-05
040280,2,2.5e-05
120167,2,2.5e-05
151289,2,2.5e-05
120846,2,2.5e-05
472800,2,2.5e-05
231050,2,2.5e-05
161287,2,2.5e-05
250305,2,2.5e-05
201083,2,2.5e-05
180506,2,2.5e-05
230353,2,2.5e-05
010513,2,2.5e-05
020418,2,2.5e-05
230816,2,2.5e-05
190989,2,2.5e-05
220536,2,2.5e-05
080208,2,2.5e-05
210263,2,2.5e-05
090436,2,2.5e-05
181199,2,2.5e-05
200801,2,2.5e-05
220491,2,2.5e-05
191073,2,2.5e-05
130569,2,2.5e-05
090708,2,2.5e-05
230624,2,2.5e-05
270427,2,2.5e-05
260159,2,2.5e-05
031223,2,2.5e-05
210602,2,2.5e-05
271057,2,2.5e-05
240812,2,2.5e-05
260307,2,2.5e-05
220337,2,2.5e-05
131211,2,2.5e-05
260779,2,2.5e-05
050704,2,2.5e-05
170545,2,2.5e-05
201069,2,2.5e-05
190615,2,2.5e-05
101013,2,2.5e-05
241223,2,2.5e-05
111075,2,2.5e-05
071250,2,2.5e-05
061293,2,2.5e-05
060600,2,2.5e-05
150210,2,2.5e-05
240224,2,2.5e-05
281129,2,2.5e-05
150233,2,2.5e-05
280289,2,2.5e-05
270202,2,2.5e-05
051189,2,2.5e-05
120481,2,2.5e-05
171153,2,2.5e-05
070673,2,2.5e-05
210800,2,2.5e-05
110181,2,2.5e-05
071297,2,2.5e-05
220621,2,2.5e-05
120568,2,2.5e-05
061105,2,2.5e-05
251161,2,2.5e-05
280618,2,2.5e-05
220397,2,2.5e-05
151001,2,2.5e-05
111189,2,2.5e-05
251093,2,2.5e-05
281217,2,2.5e-05
051173,2,2.5e-05
140555,2,2.5e-05
240795,2,2.5e-05
240349,2,2.5e-05
090849,2,2.5e-05
210438,2,2.5e-05
240550,2,2.5e-05
140791,2,2.5e-05
030856,2,2.5e-05
080265,2,2.5e-05
090650,2,2.5e-05
100365,2,2.5e-05
210291,2,2.5e-05
120575,2,2.5e-05
240770,2,2.5e-05
191107,2,2.5e-05
120302,2,2.5e-05
220157,2,2.5e-05
080755,2,2.5e-05
220111,2,2.5e-05
250371,2,2.5e-05
220514,2,2.5e-05
372677,2,2.5e-05
011091,2,2.5e-05
030441,2,2.5e-05
100246,2,2.5e-05
011205,2,2.5e-05
190640,2,2.5e-05
230610,2,2.5e-05
220392,2,2.5e-05
011162,2,2.5e-05
011129,2,2.5e-05
200633,2,2.5e-05
041142,2,2.5e-05
041199,2,2.5e-05
070479,2,2.5e-05
070516,2,2.5e-05
434168,2,2.5e-05
230874,2,2.5e-05
221196,2,2.5e-05
231178,2,2.5e-05
241144,2,2.5e-05
240692,2,2.5e-05
160281,2,2.5e-05
190654,2,2.5e-05
080548,2,2.5e-05
111130,2,2.5e-05
130136,2,2.5e-05
050397,2,2.5e-05
130423,2,2.5e-05
160829,2,2.5e-05
151152,2,2.5e-05
260377,2,2.5e-05
150249,2,2.5e-05
090409,2,2.5e-05
020469,2,2.5e-05
050932,2,2.5e-05
280862,2,2.5e-05
200764,2,2.5e-05
030824,2,2.5e-05
080853,2,2.5e-05
020769,2,2.5e-05
240167,2,2.5e-05
270173,2,2.5e-05
090844,2,2.5e-05
070823,2,2.5e-05
091157,2,2.5e-05
140527,2,2.5e-05
040293,2,2.5e-05
080116,2,2.5e-05
280253,2,2.5e-05
130324,2,2.5e-05
230461,2,2.5e-05
161096,2,2.5e-05
210409,2,2.5e-05
250690,2,2.5e-05
271109,2,2.5e-05
241130,2,2.5e-05
181142,2,2.5e-05
050347,2,2.5e-05
280924,2,2.5e-05
140373,2,2.5e-05
010811,2,2.5e-05
240582,2,2.5e-05
121189,2,2.5e-05
060108,2,2.5e-05
221072,2,2.5e-05
060828,2,2.5e-05
210390,2,2.5e-05
050833,2,2.5e-05
271254,2,2.5e-05
020478,2,2.5e-05
041075,2,2.5e-05
120948,2,2.5e-05
130109,2,2.5e-05
101021,2,2.5e-05
111194,2,2.5e-05
091214,2,2.5e-05
030513,2,2.5e-05
221243,2,2.5e-05
120947,2,2.5e-05
280914,2,2.5e-05
211052,2,2.5e-05
100620,2,2.5e-05
230284,2,2.5e-05
230796,2,2.5e-05
100293,2,2.5e-05
080567,2,2.5e-05
120241,2,2.5e-05
130962,2,2.5e-05
091099,2,2.5e-05
100659,2,2.5e-05
200977,2,2.5e-05
180410,2,2.5e-05
070886,2,2.5e-05
080538,2,2.5e-05
080324,2,2.5e-05
030828,2,2.5e-05
190353,2,2.5e-05
230152,2,2.5e-05
190171,2,2.5e-05
200996,2,2.5e-05
270554,2,2.5e-05
090545,2,2.5e-05
100362,2,2.5e-05
090439,2,2.5e-05
270897,2,2.5e-05
220379,2,2.5e-05
270564,2,2.5e-05
260815,2,2.5e-05
170603,2,2.5e-05
121277,2,2.5e-05
040578,2,2.5e-05
090425,2,2.5e-05
050816,2,2.5e-05
230208,2,2.5e-05
041026,2,2.5e-05
260534,2,2.5e-05
111160,2,2.5e-05
190664,2,2.5e-05
240236,2,2.5e-05
090529,2,2.5e-05
080826,2,2.5e-05
080944,2,2.5e-05
121287,2,2.5e-05
111047,2,2.5e-05
180545,2,2.5e-05
040923,2,2.5e-05
071182,2,2.5e-05
030134,2,2.5e-05
081043,2,2.5e-05
121052,2,2.5e-05
010639,2,2.5e-05
121033,2,2.5e-05
241064,2,2.5e-05
150922,2,2.5e-05
220855,2,2.5e-05
110932,2,2.5e-05
141188,2,2.5e-05
040971,2,2.5e-05
150886,2,2.5e-05
050326,2,2.5e-05
251176,2,2.5e-05
030499,2,2.5e-05
241186,2,2.5e-05
060759,2,2.5e-05
100233,2,2.5e-05
250199,2,2.5e-05
161255,2,2.5e-05
240149,2,2.5e-05
050921,2,2.5e-05
030870,2,2.5e-05
060775,2,2.5e-05
190726,2,2.5e-05
131014,2,2.5e-05
180707,2,2.5e-05
070101,2,2.5e-05
170700,2,2.5e-05
120830,2,2.5e-05
090768,2,2.5e-05
161099,2,2.5e-05
010270,2,2.5e-05
010503,2,2.5e-05
060724,2,2.5e-05
151017,2,2.5e-05
280823,2,2.5e-05
230486,2,2.5e-05
190152,2,2.5e-05
270978,2,2.5e-05
120579,2,2.5e-05
171009,2,2.5e-05
020325,2,2.5e-05
090877,2,2.5e-05
090732,2,2.5e-05
241233,2,2.5e-05
230550,2,2.5e-05
240218,2,2.5e-05
251148,2,2.5e-05
080571,2,2.5e-05
060164,2,2.5e-05
221101,2,2.5e-05
071058,2,2.5e-05
160936,2,2.5e-05
251033,2,2.5e-05
111010,2,2.5e-05
260816,2,2.5e-05
140541,2,2.5e-05
280752,2,2.5e-05
120616,2,2.5e-05
201246,2,2.5e-05
021181,2,2.5e-05
050127,2,2.5e-05
220156,2,2.5e-05
190974,2,2.5e-05
010731,2,2.5e-05
040820,2,2.5e-05
041209,2,2.5e-05
020491,2,2.5e-05
130313,2,2.5e-05
220709,2,2.5e-05
230443,2,2.5e-05
060514,2,2.5e-05
190670,2,2.5e-05
220843,2,2.5e-05
040105,2,2.5e-05
223462,2,2.5e-05
020390,2,2.5e-05
271015,2,2.5e-05
041253,2,2.5e-05
240769,2,2.5e-05
021000,2,2.5e-05
031220,2,2.5e-05
200287,2,2.5e-05
111161,2,2.5e-05
151220,2,2.5e-05
180915,2,2.5e-05
010540,2,2.5e-05
150813,2,2.5e-05
070884,2,2.5e-05
040656,2,2.5e-05
210843,2,2.5e-05
210994,2,2.5e-05
040234,2,2.5e-05
050784,2,2.5e-05
171003,2,2.5e-05
280437,2,2.5e-05
120336,2,2.5e-05
111205,2,2.5e-05
150950,2,2.5e-05
080285,2,2.5e-05
060777,2,2.5e-05
051132,2,2.5e-05
031135,2,2.5e-05
230695,2,2.5e-05
210812,2,2.5e-05
070879,2,2.5e-05
180569,2,2.5e-05
170872,2,2.5e-05
100193,2,2.5e-05
121092,2,2.5e-05
080602,2,2.5e-05
101059,2,2.5e-05
111037,2,2.5e-05
060970,2,2.5e-05
260639,2,2.5e-05
150830,2,2.5e-05
270364,2,2.5e-05
020864,2,2.5e-05
010477,2,2.5e-05
080335,2,2.5e-05
160498,2,2.5e-05
250454,2,2.5e-05
210456,2,2.5e-05
071236,2,2.5e-05
070521,2,2.5e-05
110677,2,2.5e-05
091029,2,2.5e-05
030494,2,2.5e-05
111289,2,2.5e-05
221105,2,2.5e-05
120746,2,2.5e-05
031070,2,2.5e-05
161284,2,2.5e-05
140588,2,2.5e-05
210513,2,2.5e-05
210870,2,2.5e-05
031178,2,2.5e-05
210974,2,2.5e-05
110523,2,2.5e-05
110185,2,2.5e-05
070831,2,2.5e-05
011221,2,2.5e-05
090746,2,2.5e-05
171206,2,2.5e-05
100861,2,2.5e-05
061088,2,2.5e-05
200354,2,2.5e-05
210566,2,2.5e-05
070608,2,2.5e-05
160156,2,2.5e-05
060320,2,2.5e-05
061000,2,2.5e-05
050869,2,2.5e-05
180268,2,2.5e-05
140973,2,2.5e-05
161172,2,2.5e-05
941354,2,2.5e-05
010614,2,2.5e-05
061208,2,2.5e-05
140422,2,2.5e-05
010722,2,2.5e-05
270152,2,2.5e-05
150501,2,2.5e-05
180382,2,2.5e-05
070228,2,2.5e-05
030211,2,2.5e-05
010311,2,2.5e-05
040409,2,2.5e-05
250826,2,2.5e-05
090465,2,2.5e-05
101116,2,2.5e-05
230681,2,2.5e-05
230240,2,2.5e-05
230274,2,2.5e-05
090841,2,2.5e-05
120939,2,2.5e-05
010837,2,2.5e-05
130635,2,2.5e-05
181237,2,2.5e-05
240423,2,2.5e-05
271027,2,2.5e-05
251184,2,2.5e-05
020735,2,2.5e-05
130750,2,2.5e-05
270446,2,2.5e-05
020580,2,2.5e-05
151043,2,2.5e-05
180483,2,2.5e-05
050677,2,2.5e-05
120907,2,2.5e-05
281049,2,2.5e-05
020242,2,2.5e-05
120444,2,2.5e-05
190602,2,2.5e-05
110495,2,2.5e-05
260516,2,2.5e-05
090806,2,2.5e-05
260248,2,2.5e-05
250760,2,2.5e-05
061075,2,2.5e-05
260704,2,2.5e-05
170912,2,2.5e-05
241090,2,2.5e-05
130614,2,2.5e-05
270819,2,2.5e-05
240289,2,2.5e-05
091137,2,2.5e-05
100871,2,2.5e-05
240833,2,2.5e-05
090968,2,2.5e-05
110549,2,2.5e-05
270503,2,2.5e-05
090701,2,2.5e-05
200966,2,2.5e-05
150720,2,2.5e-05
190339,2,2.5e-05
190375,2,2.5e-05
231078,2,2.5e-05
210472,2,2.5e-05
100873,2,2.5e-05
210206,2,2.5e-05
040933,2,2.5e-05
010949,2,2.5e-05
150396,2,2.5e-05
280157,2,2.5e-05
281175,2,2.5e-05
110856,2,2.5e-05
150659,2,2.5e-05
191124,2,2.5e-05
170834,2,2.5e-05
021236,2,2.5e-05
180125,2,2.5e-05
240254,2,2.5e-05
121246,2,2.5e-05
010767,2,2.5e-05
150552,2,2.5e-05
110750,2,2.5e-05
101056,2,2.5e-05
100958,2,2.5e-05
161052,2,2.5e-05
151119,2,2.5e-05
130540,2,2.5e-05
020371,2,2.5e-05
090206,2,2.5e-05
100381,2,2.5e-05
140807,2,2.5e-05
050182,2,2.5e-05
070562,2,2.5e-05
150284,2,2.5e-05
220689,2,2.5e-05
050122,2,2.5e-05
161223,2,2.5e-05
050612,2,2.5e-05
270516,2,2.5e-05
141281,2,2.5e-05
160850,2,2.5e-05
191246,2,2.5e-05
150262,2,2.5e-05
080177,2,2.5e-05
251212,2,2.5e-05
241125,2,2.5e-05
060111,2,2.5e-05
070132,2,2.5e-05
260901,2,2.5e-05
060840,2,2.5e-05
270678,2,2.5e-05
110259,2,2.5e-05
171112,2,2.5e-05
180727,2,2.5e-05
220253,2,2.5e-05
180829,2,2.5e-05
170542,2,2.5e-05
190122,2,2.5e-05
241201,2,2.5e-05
271126,2,2.5e-05
220429,2,2.5e-05
270281,2,2.5e-05
220240,2,2.5e-05
151236,2,2.5e-05
240816,2,2.5e-05
261064,2,2.5e-05
211234,2,2.5e-05
190526,2,2.5e-05
200291,2,2.5e-05
270593,2,2.5e-05
140537,2,2.5e-05
280637,2,2.5e-05
040978,2,2.5e-05
240555,2,2.5e-05
011107,2,2.5e-05
230249,2,2.5e-05
160729,2,2.5e-05
280193,2,2.5e-05
525288,2,2.5e-05
100536,2,2.5e-05
030742,2,2.5e-05
180607,2,2.5e-05
020269,2,2.5e-05
250813,2,2.5e-05
270239,2,2.5e-05
190541,2,2.5e-05
080840,2,2.5e-05
131214,2,2.5e-05
220419,2,2.5e-05
070148,2,2.5e-05
260193,2,2.5e-05
060669,2,2.5e-05
031268,2,2.5e-05
011202,2,2.5e-05
081106,2,2.5e-05
030221,2,2.5e-05
120710,2,2.5e-05
141194,2,2.5e-05
110381,2,2.5e-05
240263,2,2.5e-05
176042,2,2.5e-05
010154,2,2.5e-05
020354,2,2.5e-05
080290,2,2.5e-05
140524,2,2.5e-05
260549,2,2.5e-05
180853,2,2.5e-05
170554,2,2.5e-05
110650,2,2.5e-05
040375,2,2.5e-05
020719,2,2.5e-05
241126,2,2.5e-05
090209,2,2.5e-05
081266,2,2.5e-05
040545,2,2.5e-05
101121,2,2.5e-05
200217,2,2.5e-05
020535,2,2.5e-05
070868,2,2.5e-05
110794,2,2.5e-05
010362,2,2.5e-05
010432,2,2.5e-05
140744,2,2.5e-05
090160,2,2.5e-05
100977,2,2.5e-05
010940,2,2.5e-05
230923,2,2.5e-05
251078,2,2.5e-05
180473,2,2.5e-05
060145,2,2.5e-05
280264,2,2.5e-05
251287,2,2.5e-05
120810,2,2.5e-05
251044,2,2.5e-05
181135,2,2.5e-05
060880,2,2.5e-05
241297,2,2.5e-05
140553,2,2.5e-05
191094,2,2.5e-05
060435,2,2.5e-05
240477,2,2.5e-05
120275,2,2.5e-05
130959,2,2.5e-05
090783,2,2.5e-05
180489,2,2.5e-05
051026,2,2.5e-05
211105,2,2.5e-05
261127,2,2.5e-05
121165,2,2.5e-05
210325,2,2.5e-05
071033,2,2.5e-05
141294,2,2.5e-05
140750,2,2.5e-05
041219,2,2.5e-05
040814,2,2.5e-05
090881,2,2.5e-05
130820,2,2.5e-05
260357,2,2.5e-05
251088,2,2.5e-05
220735,2,2.5e-05
250497,2,2.5e-05
020876,2,2.5e-05
030333,2,2.5e-05
201108,2,2.5e-05
240308,2,2.5e-05
050525,2,2.5e-05
180618,2,2.5e-05
151100,2,2.5e-05
271118,2,2.5e-05
220112,2,2.5e-05
091177,2,2.5e-05
170434,2,2.5e-05
011226,2,2.5e-05
131027,2,2.5e-05
170514,2,2.5e-05
280888,2,2.5e-05
120914,2,2.5e-05
151036,2,2.5e-05
190109,2,2.5e-05
140735,2,2.5e-05
130128,2,2.5e-05
201147,2,2.5e-05
221064,2,2.5e-05
081150,2,2.5e-05
040331,2,2.5e-05
240104,2,2.5e-05
180525,2,2.5e-05
110434,2,2.5e-05
241190,2,2.5e-05
060808,2,2.5e-05
100558,2,2.5e-05
051064,2,2.5e-05
231133,2,2.5e-05
270591,2,2.5e-05
020772,2,2.5e-05
170967,2,2.5e-05
141208,2,2.5e-05
031130,2,2.5e-05
230836,2,2.5e-05
251062,2,2.5e-05
200175,2,2.5e-05
050597,2,2.5e-05
160757,2,2.5e-05
120359,2,2.5e-05
220247,2,2.5e-05
270779,2,2.5e-05
030810,2,2.5e-05
110403,2,2.5e-05
120294,2,2.5e-05
230574,2,2.5e-05
270632,2,2.5e-05
130210,2,2.5e-05
240951,2,2.5e-05
230717,2,2.5e-05
161234,2,2.5e-05
250907,2,2.5e-05
230881,2,2.5e-05
060397,2,2.5e-05
280670,2,2.5e-05
051211,2,2.5e-05
230335,2,2.5e-05
270511,2,2.5e-05
090288,2,2.5e-05
180716,2,2.5e-05
140852,2,2.5e-05
050349,2,2.5e-05
110681,2,2.5e-05
200416,2,2.5e-05
100599,2,2.5e-05
111216,2,2.5e-05
250450,2,2.5e-05
111078,2,2.5e-05
080261,2,2.5e-05
030521,2,2.5e-05
120489,2,2.5e-05
190294,2,2.5e-05
230105,2,2.5e-05
090291,2,2.5e-05
110165,2,2.5e-05
170882,2,2.5e-05
120420,2,2.5e-05
171138,2,2.5e-05
170743,2,2.5e-05
180534,2,2.5e-05
150312,2,2.5e-05
210395,2,2.5e-05
020598,2,2.5e-05
010643,2,2.5e-05
210401,2,2.5e-05
190142,2,2.5e-05
070282,2,2.5e-05
150526,2,2.5e-05
101247,2,2.5e-05
220888,2,2.5e-05
140835,2,2.5e-05
220385,2,2.5e-05
071013,2,2.5e-05
031046,2,2.5e-05
151026,2,2.5e-05
230286,2,2.5e-05
101195,2,2.5e-05
160844,2,2.5e-05
180700,2,2.5e-05
170490,2,2.5e-05
261159,2,2.5e-05
031288,2,2.5e-05
010139,2,2.5e-05
150218,2,2.5e-05
251147,2,2.5e-05
130369,2,2.5e-05
191050,2,2.5e-05
151052,2,2.5e-05
030125,2,2.5e-05
070254,2,2.5e-05
031083,2,2.5e-05
150846,2,2.5e-05
091192,2,2.5e-05
040521,2,2.5e-05
060979,2,2.5e-05
090289,2,2.5e-05
231098,2,2.5e-05
280226,2,2.5e-05
011008,2,2.5e-05
011132,2,2.5e-05
220720,2,2.5e-05
050204,2,2.5e-05
190973,2,2.5e-05
260734,2,2.5e-05
120469,2,2.5e-05
200374,2,2.5e-05
211055,2,2.5e-05
260215,2,2.5e-05
250812,2,2.5e-05
260369,2,2.5e-05
090132,2,2.5e-05
090960,2,2.5e-05
160127,2,2.5e-05
100770,2,2.5e-05
211197,2,2.5e-05
240258,2,2.5e-05
211012,2,2.5e-05
211259,2,2.5e-05
071285,2,2.5e-05
110355,2,2.5e-05
090485,2,2.5e-05
201002,2,2.5e-05
150117,2,2.5e-05
140471,2,2.5e-05
250781,2,2.5e-05
071169,2,2.5e-05
120424,2,2.5e-05
151151,2,2.5e-05
250212,2,2.5e-05
160575,2,2.5e-05
240900,2,2.5e-05
031256,2,2.5e-05
091270,2,2.5e-05
270920,2,2.5e-05
220548,2,2.5e-05
190255,2,2.5e-05
191188,2,2.5e-05
041058,2,2.5e-05
071238,2,2.5e-05
140871,2,2.5e-05
270873,2,2.5e-05
020529,2,2.5e-05
091288,2,2.5e-05
270619,2,2.5e-05
120972,2,2.5e-05
120423,2,2.5e-05
280796,2,2.5e-05
160794,2,2.5e-05
221197,2,2.5e-05
050432,2,2.5e-05
140192,2,2.5e-05
280443,2,2.5e-05
060191,2,2.5e-05
160733,2,2.5e-05
181167,2,2.5e-05
090442,2,2.5e-05
011228,2,2.5e-05
090241,2,2.5e-05
090817,2,2.5e-05
140405,2,2.5e-05
040291,2,2.5e-05
100337,2,2.5e-05
020934,2,2.5e-05
050239,2,2.5e-05
230307,2,2.5e-05
231026,2,2.5e-05
120778,2,2.5e-05
101286,2,2.5e-05
060732,2,2.5e-05
110191,2,2.5e-05
100491,2,2.5e-05
191028,2,2.5e-05
200381,2,2.5e-05
240536,2,2.5e-05
261195,2,2.5e-05
261222,2,2.5e-05
230223,2,2.5e-05
230236,2,2.5e-05
060909,2,2.5e-05
161066,2,2.5e-05
050284,2,2.5e-05
231048,2,2.5e-05
040186,2,2.5e-05
280517,2,2.5e-05
270991,2,2.5e-05
030439,2,2.5e-05
210646,2,2.5e-05
231292,2,2.5e-05
200108,2,2.5e-05
211194,2,2.5e-05
170152,2,2.5e-05
051102,2,2.5e-05
050192,2,2.5e-05
041109,2,2.5e-05
260683,2,2.5e-05
141223,2,2.5e-05
070123,2,2.5e-05
090135,2,2.5e-05
070539,2,2.5e-05
011252,2,2.5e-05
251231,2,2.5e-05
151122,2,2.5e-05
140339,2,2.5e-05
161050,2,2.5e-05
220299,2,2.5e-05
040226,2,2.5e-05
250157,2,2.5e-05
030428,2,2.5e-05
210346,2,2.5e-05
020466,2,2.5e-05
070220,2,2.5e-05
080207,2,2.5e-05
181149,2,2.5e-05
140104,2,2.5e-05
080629,2,2.5e-05
050557,2,2.5e-05
060733,2,2.5e-05
070836,2,2.5e-05
280689,2,2.5e-05
210940,2,2.5e-05
180256,2,2.5e-05
220702,2,2.5e-05
140507,2,2.5e-05
110159,2,2.5e-05
121193,2,2.5e-05
190187,2,2.5e-05
040511,2,2.5e-05
031281,2,2.5e-05
080245,2,2.5e-05
130556,2,2.5e-05
090344,2,2.5e-05
111028,2,2.5e-05
211281,2,2.5e-05
270855,2,2.5e-05
140322,2,2.5e-05
050457,2,2.5e-05
190445,2,2.5e-05
210965,2,2.5e-05
040359,2,2.5e-05
050392,2,2.5e-05
211237,2,2.5e-05
181098,2,2.5e-05
120699,2,2.5e-05
060857,2,2.5e-05
050224,2,2.5e-05
100247,2,2.5e-05
230817,2,2.5e-05
101295,2,2.5e-05
100725,2,2.5e-05
050384,2,2.5e-05
090435,2,2.5e-05
140885,2,2.5e-05
010584,2,2.5e-05
280594,2,2.5e-05
070466,2,2.5e-05
150115,2,2.5e-05
170398,2,2.5e-05
010658,2,2.5e-05
040955,2,2.5e-05
160254,2,2.5e-05
280941,2,2.5e-05
170243,2,2.5e-05
231253,2,2.5e-05
120745,2,2.5e-05
120372,2,2.5e-05
040670,2,2.5e-05
220185,2,2.5e-05
140809,2,2.5e-05
211269,2,2.5e-05
150114,2,2.5e-05
170754,2,2.5e-05
031234,2,2.5e-05
231267,2,2.5e-05
180683,2,2.5e-05
130264,2,2.5e-05
160166,2,2.5e-05
021280,2,2.5e-05
130700,2,2.5e-05
241017,2,2.5e-05
170677,2,2.5e-05
160765,2,2.5e-05
140606,2,2.5e-05
241245,2,2.5e-05
240358,2,2.5e-05
160576,2,2.5e-05
090773,2,2.5e-05
170738,2,2.5e-05
190223,2,2.5e-05
130735,2,2.5e-05
250341,2,2.5e-05
171238,2,2.5e-05
081233,2,2.5e-05
190420,2,2.5e-05
240401,2,2.5e-05
050115,2,2.5e-05
131163,2,2.5e-05
270150,2,2.5e-05
021127,2,2.5e-05
011214,2,2.5e-05
020709,2,2.5e-05
160590,2,2.5e-05
260658,2,2.5e-05
020776,2,2.5e-05
050443,2,2.5e-05
220155,2,2.5e-05
030666,2,2.5e-05
141153,2,2.5e-05
100914,2,2.5e-05
090946,2,2.5e-05
250797,2,2.5e-05
211159,2,2.5e-05
121073,2,2.5e-05
060424,2,2.5e-05
060170,2,2.5e-05
220633,2,2.5e-05
230611,2,2.5e-05
231212,2,2.5e-05
453092,2,2.5e-05
170899,2,2.5e-05
250472,2,2.5e-05
180276,2,2.5e-05
260372,2,2.5e-05
010302,2,2.5e-05
070216,2,2.5e-05
081251,2,2.5e-05
070231,2,2.5e-05
150791,2,2.5e-05
270817,2,2.5e-05
040919,2,2.5e-05
190617,2,2.5e-05
060157,2,2.5e-05
201230,2,2.5e-05
191184,2,2.5e-05
260932,2,2.5e-05
240563,2,2.5e-05
240741,2,2.5e-05
080405,2,2.5e-05
200113,2,2.5e-05
040624,2,2.5e-05
101015,2,2.5e-05
050203,2,2.5e-05
251173,2,2.5e-05
210148,2,2.5e-05
100995,2,2.5e-05
220988,2,2.5e-05
281167,2,2.5e-05
250643,2,2.5e-05
270519,2,2.5e-05
060215,2,2.5e-05
260519,2,2.5e-05
080521,2,2.5e-05
091234,2,2.5e-05
230124,2,2.5e-05
140642,2,2.5e-05
050532,2,2.5e-05
150982,2,2.5e-05
191098,2,2.5e-05
171141,2,2.5e-05
020996,2,2.5e-05
090334,2,2.5e-05
160628,2,2.5e-05
230799,2,2.5e-05
160288,2,2.5e-05
260923,2,2.5e-05
230477,2,2.5e-05
031168,2,2.5e-05
030537,2,2.5e-05
100515,2,2.5e-05
050564,2,2.5e-05
260422,2,2.5e-05
010993,2,2.5e-05
853718,2,2.5e-05
030186,2,2.5e-05
190924,2,2.5e-05
081045,2,2.5e-05
281158,2,2.5e-05
070199,2,2.5e-05
060478,2,2.5e-05
110465,2,2.5e-05
010676,2,2.5e-05
110898,2,2.5e-05
160875,2,2.5e-05
030276,2,2.5e-05
271165,2,2.5e-05
020888,2,2.5e-05
240903,2,2.5e-05
021242,2,2.5e-05
260867,2,2.5e-05
221147,2,2.5e-05
061021,2,2.5e-05
010682,2,2.5e-05
150654,2,2.5e-05
070542,2,2.5e-05
150816,2,2.5e-05
200712,2,2.5e-05
131238,2,2.5e-05
110387,2,2.5e-05
211136,2,2.5e-05
111127,2,2.5e-05
160224,2,2.5e-05
210644,2,2.5e-05
040695,2,2.5e-05
270268,2,2.5e-05
240682,2,2.5e-05
051034,2,2.5e-05
280855,2,2.5e-05
120529,2,2.5e-05
020760,2,2.5e-05
180496,2,2.5e-05
091268,2,2.5e-05
260163,2,2.5e-05
110593,2,2.5e-05
250654,2,2.5e-05
010772,2,2.5e-05
150247,2,2.5e-05
260689,2,2.5e-05
150239,2,2.5e-05
140982,2,2.5e-05
090835,2,2.5e-05
210908,2,2.5e-05
070921,2,2.5e-05
281280,2,2.5e-05
130828,2,2.5e-05
170615,2,2.5e-05
091079,2,2.5e-05
031276,2,2.5e-05
271082,2,2.5e-05
250240,2,2.5e-05
020859,2,2.5e-05
250977,2,2.5e-05
150825,2,2.5e-05
210830,2,2.5e-05
281072,2,2.5e-05
040541,2,2.5e-05
180203,2,2.5e-05
250578,2,2.5e-05
240138,2,2.5e-05
230529,2,2.5e-05
080599,2,2.5e-05
100867,2,2.5e-05
110300,2,2.5e-05
210593,2,2.5e-05
210905,2,2.5e-05
100461,2,2.5e-05
090330,2,2.5e-05
230437,2,2.5e-05
110888,2,2.5e-05
070339,2,2.5e-05
030934,2,2.5e-05
100208,2,2.5e-05
121076,2,2.5e-05
270930,2,2.5e-05
260196,2,2.5e-05
250253,2,2.5e-05
090314,2,2.5e-05
161197,2,2.5e-05
201087,2,2.5e-05
251292,2,2.5e-05
210250,2,2.5e-05
041085,2,2.5e-05
070334,2,2.5e-05
270981,2,2.5e-05
061138,2,2.5e-05
200888,2,2.5e-05
260102,2,2.5e-05
150195,2,2.5e-05
020173,2,2.5e-05
230590,2,2.5e-05
180216,2,2.5e-05
110861,2,2.5e-05
230644,2,2.5e-05
071284,2,2.5e-05
020164,2,2.5e-05
050795,2,2.5e-05
101150,2,2.5e-05
280575,2,2.5e-05
250214,2,2.5e-05
040391,2,2.5e-05
240204,2,2.5e-05
111209,2,2.5e-05
120894,2,2.5e-05
201262,2,2.5e-05
231175,2,2.5e-05
271284,2,2.5e-05
220402,2,2.5e-05
230309,2,2.5e-05
270794,2,2.5e-05
200302,2,2.5e-05
230844,2,2.5e-05
130634,2,2.5e-05
270942,2,2.5e-05
061249,2,2.5e-05
070356,2,2.5e-05
100909,2,2.5e-05
030981,2,2.5e-05
230814,2,2.5e-05
700044,2,2.5e-05
121202,2,2.5e-05
170919,2,2.5e-05
270963,2,2.5e-05
250173,2,2.5e-05
281109,2,2.5e-05
240854,2,2.5e-05
241158,2,2.5e-05
230341,2,2.5e-05
111226,2,2.5e-05
190587,2,2.5e-05
190333,2,2.5e-05
080549,2,2.5e-05
190101,2,2.5e-05
111250,2,2.5e-05
280732,2,2.5e-05
011179,2,2.5e-05
170856,2,2.5e-05
130141,2,2.5e-05
040213,2,2.5e-05
210400,2,2.5e-05
200504,2,2.5e-05
170681,2,2.5e-05
240639,2,2.5e-05
241228,2,2.5e-05
080818,2,2.5e-05
200990,2,2.5e-05
120734,2,2.5e-05
261014,2,2.5e-05
151164,2,2.5e-05
160698,2,2.5e-05
230158,2,2.5e-05
170237,2,2.5e-05
271020,2,2.5e-05
151121,2,2.5e-05
060824,2,2.5e-05
010904,2,2.5e-05
240691,2,2.5e-05
050847,2,2.5e-05
010701,2,2.5e-05
071280,2,2.5e-05
240709,2,2.5e-05
150318,2,2.5e-05
161044,2,2.5e-05
141199,2,2.5e-05
260259,2,2.5e-05
070966,2,2.5e-05
180682,2,2.5e-05
260776,2,2.5e-05
210445,2,2.5e-05
210701,2,2.5e-05
230797,2,2.5e-05
271084,2,2.5e-05
170269,2,2.5e-05
160481,2,2.5e-05
271075,2,2.5e-05
011164,2,2.5e-05
040644,2,2.5e-05
041176,2,2.5e-05
081030,2,2.5e-05
020239,2,2.5e-05
251000,2,2.5e-05
100666,2,2.5e-05
120455,2,2.5e-05
011106,2,2.5e-05
010101,2,2.5e-05
261170,2,2.5e-05
280947,2,2.5e-05
260326,2,2.5e-05
030626,2,2.5e-05
011050,2,2.5e-05
030115,2,2.5e-05
130286,2,2.5e-05
171096,2,2.5e-05
090119,2,2.5e-05
160779,2,2.5e-05
020302,2,2.5e-05
200154,2,2.5e-05
140479,2,2.5e-05
091257,2,2.5e-05
160642,2,2.5e-05
220937,2,2.5e-05
230311,2,2.5e-05
281191,2,2.5e-05
100967,2,2.5e-05
010209,2,2.5e-05
260245,2,2.5e-05
281197,2,2.5e-05
210379,2,2.5e-05
170722,2,2.5e-05
050530,2,2.5e-05
131092,2,2.5e-05
211178,2,2.5e-05
101180,2,2.5e-05
080955,2,2.5e-05
141197,2,2.5e-05
280411,2,2.5e-05
040486,2,2.5e-05
181131,2,2.5e-05
270562,2,2.5e-05
240237,2,2.5e-05
210109,2,2.5e-05
120981,2,2.5e-05
180898,2,2.5e-05
131117,2,2.5e-05
131224,2,2.5e-05
010635,2,2.5e-05
130657,2,2.5e-05
040130,2,2.5e-05
160641,2,2.5e-05
241161,2,2.5e-05
051249,2,2.5e-05
141221,2,2.5e-05
270555,2,2.5e-05
021296,2,2.5e-05
150606,2,2.5e-05
130255,2,2.5e-05
040361,2,2.5e-05
150537,2,2.5e-05
040300,2,2.5e-05
010880,2,2.5e-05
251081,2,2.5e-05
130817,2,2.5e-05
040719,2,2.5e-05
050736,2,2.5e-05
010786,2,2.5e-05
260793,2,2.5e-05
190639,2,2.5e-05
030449,2,2.5e-05
100372,2,2.5e-05
251215,2,2.5e-05
240845,2,2.5e-05
230742,2,2.5e-05
060963,2,2.5e-05
090150,2,2.5e-05
040766,2,2.5e-05
240287,2,2.5e-05
190649,2,2.5e-05
270877,2,2.5e-05
011181,2,2.5e-05
170125,2,2.5e-05
150379,2,2.5e-05
080868,2,2.5e-05
170449,2,2.5e-05
031212,2,2.5e-05
080886,2,2.5e-05
270212,2,2.5e-05
060331,2,2.5e-05
171174,2,2.5e-05
231103,2,2.5e-05
170894,2,2.5e-05
260406,2,2.5e-05
160841,2,2.5e-05
270729,2,2.5e-05
100655,2,2.5e-05
040589,2,2.5e-05
250849,2,2.5e-05
030522,2,2.5e-05
070826,2,2.5e-05
050247,2,2.5e-05
030670,2,2.5e-05
150702,2,2.5e-05
130252,2,2.5e-05
061260,2,2.5e-05
261152,2,2.5e-05
091253,2,2.5e-05
040837,2,2.5e-05
181029,2,2.5e-05
010713,2,2.5e-05
110547,2,2.5e-05
241073,2,2.5e-05
120833,2,2.5e-05
110649,2,2.5e-05
250442,2,2.5e-05
040756,2,2.5e-05
171026,2,2.5e-05
066422,2,2.5e-05
210715,2,2.5e-05
280899,2,2.5e-05
180772,2,2.5e-05
030174,2,2.5e-05
241000,2,2.5e-05
100901,2,2.5e-05
180428,2,2.5e-05
250165,2,2.5e-05
090251,2,2.5e-05
010509,2,2.5e-05
090305,2,2.5e-05
050161,2,2.5e-05
210881,2,2.5e-05
011223,2,2.5e-05
131223,2,2.5e-05
030886,2,2.5e-05
210528,2,2.5e-05
151031,2,2.5e-05
220740,2,2.5e-05
250713,2,2.5e-05
230613,2,2.5e-05
010711,2,2.5e-05
270649,2,2.5e-05
240309,2,2.5e-05
251010,2,2.5e-05
080768,2,2.5e-05
240966,2,2.5e-05
120543,2,2.5e-05
240748,2,2.5e-05
110349,2,2.5e-05
020917,2,2.5e-05
021230,2,2.5e-05
040922,2,2.5e-05
211239,2,2.5e-05
050399,2,2.5e-05
030423,2,2.5e-05
150356,2,2.5e-05
160910,2,2.5e-05
140990,2,2.5e-05
150170,2,2.5e-05
091286,2,2.5e-05
080902,2,2.5e-05
080157,2,2.5e-05
071279,2,2.5e-05
010278,2,2.5e-05
279072,2,2.5e-05
050453,2,2.5e-05
041183,2,2.5e-05
190774,2,2.5e-05
180353,2,2.5e-05
211264,2,2.5e-05
171231,2,2.5e-05
240993,2,2.5e-05
220946,2,2.5e-05
541824,2,2.5e-05
061290,2,2.5e-05
070114,2,2.5e-05
280461,2,2.5e-05
060279,2,2.5e-05
101157,2,2.5e-05
180142,2,2.5e-05
050719,2,2.5e-05
250509,2,2.5e-05
011030,2,2.5e-05
080173,2,2.5e-05
071127,2,2.5e-05
240704,2,2.5e-05
120589,2,2.5e-05
260423,2,2.5e-05
240118,2,2.5e-05
080129,2,2.5e-05
050398,2,2.5e-05
071084,2,2.5e-05
151138,2,2.5e-05
231286,2,2.5e-05
110719,2,2.5e-05
190515,2,2.5e-05
121093,2,2.5e-05
200909,2,2.5e-05
030384,2,2.5e-05
211275,2,2.5e-05
191282,2,2.5e-05
250360,2,2.5e-05
150804,2,2.5e-05
271229,2,2.5e-05
220599,2,2.5e-05
075408,2,2.5e-05
010174,2,2.5e-05
020133,2,2.5e-05
040249,2,2.5e-05
220652,2,2.5e-05
130587,2,2.5e-05
270498,2,2.5e-05
180632,2,2.5e-05
230470,2,2.5e-05
230651,2,2.5e-05
250964,2,2.5e-05
050644,2,2.5e-05
120330,2,2.5e-05
250184,2,2.5e-05
060143,2,2.5e-05
070318,2,2.5e-05
261088,2,2.5e-05
100359,2,2.5e-05
280955,2,2.5e-05
090731,2,2.5e-05
090105,2,2.5e-05
080912,2,2.5e-05
071296,2,2.5e-05
200738,2,2.5e-05
270181,2,2.5e-05
220473,2,2.5e-05
230593,2,2.5e-05
200213,2,2.5e-05
261002,2,2.5e-05
210820,2,2.5e-05
270598,2,2.5e-05
080384,2,2.5e-05
040936,2,2.5e-05
271112,2,2.5e-05
181251,2,2.5e-05
240366,2,2.5e-05
080943,2,2.5e-05
110289,2,2.5e-05
071294,2,2.5e-05
110394,2,2.5e-05
231036,2,2.5e-05
060246,2,2.5e-05
280390,2,2.5e-05
271151,2,2.5e-05
230254,2,2.5e-05
130473,2,2.5e-05
021172,2,2.5e-05
190127,2,2.5e-05
080606,2,2.5e-05
170311,2,2.5e-05
051005,2,2.5e-05
251095,2,2.5e-05
170826,2,2.5e-05
150961,2,2.5e-05
090432,2,2.5e-05
230594,2,2.5e-05
280452,2,2.5e-05
270722,2,2.5e-05
251123,2,2.5e-05
050497,2,2.5e-05
281245,2,2.5e-05
271280,2,2.5e-05
090447,2,2.5e-05
140601,2,2.5e-05
091120,2,2.5e-05
030872,2,2.5e-05
240754,2,2.5e-05
140510,2,2.5e-05
080711,2,2.5e-05
010481,2,2.5e-05
061197,2,2.5e-05
130496,2,2.5e-05
201206,2,2.5e-05
050271,2,2.5e-05
110424,2,2.5e-05
030533,2,2.5e-05
271282,2,2.5e-05
270687,2,2.5e-05
091208,2,2.5e-05
260897,2,2.5e-05
280465,2,2.5e-05
210548,2,2.5e-05
061287,2,2.5e-05
250418,2,2.5e-05
150814,2,2.5e-05
260127,2,2.5e-05
081034,2,2.5e-05
171226,2,2.5e-05
070896,2,2.5e-05
240375,2,2.5e-05
210404,2,2.5e-05
170334,2,2.5e-05
030630,2,2.5e-05
200531,2,2.5e-05
281247,2,2.5e-05
060293,2,2.5e-05
190861,2,2.5e-05
140423,2,2.5e-05
805407,2,2.5e-05
010712,2,2.5e-05
130704,2,2.5e-05
200571,2,2.5e-05
150835,2,2.5e-05
020894,2,2.5e-05
130777,2,2.5e-05
070647,2,2.5e-05
070279,2,2.5e-05
120274,2,2.5e-05
160307,2,2.5e-05
131102,2,2.5e-05
061159,2,2.5e-05
231005,2,2.5e-05
150245,2,2.5e-05
080530,2,2.5e-05
120712,2,2.5e-05
060323,2,2.5e-05
131157,2,2.5e-05
030705,2,2.5e-05
030479,2,2.5e-05
050587,2,2.5e-05
040178,2,2.5e-05
261112,2,2.5e-05
250747,2,2.5e-05
151216,2,2.5e-05
090498,2,2.5e-05
110445,2,2.5e-05
070870,2,2.5e-05
050980,2,2.5e-05
210806,2,2.5e-05
221142,2,2.5e-05
270745,2,2.5e-05
070569,2,2.5e-05
100553,2,2.5e-05
081160,2,2.5e-05
220567,2,2.5e-05
190496,2,2.5e-05
191213,2,2.5e-05
210415,2,2.5e-05
011117,2,2.5e-05
150887,2,2.5e-05
070596,2,2.5e-05
051000,2,2.5e-05
270638,2,2.5e-05
101170,2,2.5e-05
071069,2,2.5e-05
030575,2,2.5e-05
110361,2,2.5e-05
211119,2,2.5e-05
280892,2,2.5e-05
428863,2,2.5e-05
070522,2,2.5e-05
060784,2,2.5e-05
150669,2,2.5e-05
221125,2,2.5e-05
150417,2,2.5e-05
211045,2,2.5e-05
130346,2,2.5e-05
031031,2,2.5e-05
130318,2,2.5e-05
210773,2,2.5e-05
191015,2,2.5e-05
230763,2,2.5e-05
020168,2,2.5e-05
230514,2,2.5e-05
260832,2,2.5e-05
090104,2,2.5e-05
020317,2,2.5e-05
050419,2,2.5e-05
080512,2,2.5e-05
230595,2,2.5e-05
060578,2,2.5e-05
010474,2,2.5e-05
190971,2,2.5e-05
240898,2,2.5e-05
200642,2,2.5e-05
250627,2,2.5e-05
071195,2,2.5e-05
020969,2,2.5e-05
141067,2,2.5e-05
070518,2,2.5e-05
280378,2,2.5e-05
270367,2,2.5e-05
090872,2,2.5e-05
160677,2,2.5e-05
050180,2,2.5e-05
220781,2,2.5e-05
260748,2,2.5e-05
100665,2,2.5e-05
111280,2,2.5e-05
160952,2,2.5e-05
150668,2,2.5e-05
220426,2,2.5e-05
150268,2,2.5e-05
100607,2,2.5e-05
221106,2,2.5e-05
240702,2,2.5e-05
220862,2,2.5e-05
131051,2,2.5e-05
060144,2,2.5e-05
260282,2,2.5e-05
101282,2,2.5e-05
060448,2,2.5e-05
130968,2,2.5e-05
191238,2,2.5e-05
280853,2,2.5e-05
150280,2,2.5e-05
201244,2,2.5e-05
040938,2,2.5e-05
180588,2,2.5e-05
210107,2,2.5e-05
070454,2,2.5e-05
080249,2,2.5e-05
021251,2,2.5e-05
250858,2,2.5e-05
060230,2,2.5e-05
231174,2,2.5e-05
280553,2,2.5e-05
181270,2,2.5e-05
281193,2,2.5e-05
170965,2,2.5e-05
100735,2,2.5e-05
261078,2,2.5e-05
050595,2,2.5e-05
141237,2,2.5e-05
101007,2,2.5e-05
220188,2,2.5e-05
241192,2,2.5e-05
191194,2,2.5e-05
140976,2,2.5e-05
140403,2,2.5e-05
260344,2,2.5e-05
181124,2,2.5e-05
210877,2,2.5e-05
110669,2,2.5e-05
130963,2,2.5e-05
070828,2,2.5e-05
261108,2,2.5e-05
111173,2,2.5e-05
101136,2,2.5e-05
240868,2,2.5e-05
280628,2,2.5e-05
150422,2,2.5e-05
061265,2,2.5e-05
260437,2,2.5e-05
250493,2,2.5e-05
090443,2,2.5e-05
080498,2,2.5e-05
110301,2,2.5e-05
241121,2,2.5e-05
130581,2,2.5e-05
080973,2,2.5e-05
210873,2,2.5e-05
150235,2,2.5e-05
121129,2,2.5e-05
251208,2,2.5e-05
010988,2,2.5e-05
021015,2,2.5e-05
231002,2,2.5e-05
030709,2,2.5e-05
170465,2,2.5e-05
050467,2,2.5e-05
151171,2,2.5e-05
260996,2,2.5e-05
090687,2,2.5e-05
040505,2,2.5e-05
260744,2,2.5e-05
050563,2,2.5e-05
120468,2,2.5e-05
100925,2,2.5e-05
280936,2,2.5e-05
080471,2,2.5e-05
050860,2,2.5e-05
191078,2,2.5e-05
251219,2,2.5e-05
270451,2,2.5e-05
211172,2,2.5e-05
111141,2,2.5e-05
190787,2,2.5e-05
280304,2,2.5e-05
231277,2,2.5e-05
100712,2,2.5e-05
280440,2,2.5e-05
231264,2,2.5e-05
070983,2,2.5e-05
110483,2,2.5e-05
070649,2,2.5e-05
180319,2,2.5e-05
221183,2,2.5e-05
200511,2,2.5e-05
260449,2,2.5e-05
010615,2,2.5e-05
271028,2,2.5e-05
030350,2,2.5e-05
120992,2,2.5e-05
060700,2,2.5e-05
161009,2,2.5e-05
020223,2,2.5e-05
220982,2,2.5e-05
110314,2,2.5e-05
020487,2,2.5e-05
221212,2,2.5e-05
060753,2,2.5e-05
071017,2,2.5e-05
110444,2,2.5e-05
060999,2,2.5e-05
271125,2,2.5e-05
220778,2,2.5e-05
190134,2,2.5e-05
040224,2,2.5e-05
261174,2,2.5e-05
160577,2,2.5e-05
010208,2,2.5e-05
160554,2,2.5e-05
270904,2,2.5e-05
050688,2,2.5e-05
200322,2,2.5e-05
100171,2,2.5e-05
031066,2,2.5e-05
200408,2,2.5e-05
050742,2,2.5e-05
090457,2,2.5e-05
101068,2,2.5e-05
100776,2,2.5e-05
190468,2,2.5e-05
240666,2,2.5e-05
141245,2,2.5e-05
240575,2,2.5e-05
130351,2,2.5e-05
201267,2,2.5e-05
271224,2,2.5e-05
200852,2,2.5e-05
010222,2,2.5e-05
250682,2,2.5e-05
071078,2,2.5e-05
040320,2,2.5e-05
061015,2,2.5e-05
180493,2,2.5e-05
090322,2,2.5e-05
091180,2,2.5e-05
070495,2,2.5e-05
110390,2,2.5e-05
200194,2,2.5e-05
181263,2,2.5e-05
100428,2,2.5e-05
280383,2,2.5e-05
140721,2,2.5e-05
130552,2,2.5e-05
010343,2,2.5e-05
090517,2,2.5e-05
120669,2,2.5e-05
161261,2,2.5e-05
031076,2,2.5e-05
261082,2,2.5e-05
160887,2,2.5e-05
170960,2,2.5e-05
240645,2,2.5e-05
261276,2,2.5e-05
020480,2,2.5e-05
030714,2,2.5e-05
150338,2,2.5e-05
041215,2,2.5e-05
190855,2,2.5e-05
010336,2,2.5e-05
240921,2,2.5e-05
251091,2,2.5e-05
190987,2,2.5e-05
010157,2,2.5e-05
260454,2,2.5e-05
210283,2,2.5e-05
280986,2,2.5e-05
210468,2,2.5e-05
020176,2,2.5e-05
031133,2,2.5e-05
110680,2,2.5e-05
070684,2,2.5e-05
070584,2,2.5e-05
281209,2,2.5e-05
241229,2,2.5e-05
100808,2,2.5e-05
221254,2,2.5e-05
090130,2,2.5e-05
260997,2,2.5e-05
140944,2,2.5e-05
120674,2,2.5e-05
010120,2,2.5e-05
160239,2,2.5e-05
030132,2,2.5e-05
150968,2,2.5e-05
250807,2,2.5e-05
061074,2,2.5e-05
190432,2,2.5e-05
060709,2,2.5e-05
210576,2,2.5e-05
160165,2,2.5e-05
220908,2,2.5e-05
010608,2,2.5e-05
110295,2,2.5e-05
180345,2,2.5e-05
050659,2,2.5e-05
150348,2,2.5e-05
270341,2,2.5e-05
280616,2,2.5e-05
060299,2,2.5e-05
160403,2,2.5e-05
140354,2,2.5e-05
141112,2,2.5e-05
090509,2,2.5e-05
280184,2,2.5e-05
090462,2,2.5e-05
220842,2,2.5e-05
170209,2,2.5e-05
170547,2,2.5e-05
091241,2,2.5e-05
090295,2,2.5e-05
271007,2,2.5e-05
210337,2,2.5e-05
190867,2,2.5e-05
151136,2,2.5e-05
230225,2,2.5e-05
180262,2,2.5e-05
130357,2,2.5e-05
280568,2,2.5e-05
241015,2,2.5e-05
240752,2,2.5e-05
161210,2,2.5e-05
090138,2,2.5e-05
220875,2,2.5e-05
120718,2,2.5e-05
150407,2,2.5e-05
190182,2,2.5e-05
140207,2,2.5e-05
271188,2,2.5e-05
251262,2,2.5e-05
121138,2,2.5e-05
080251,2,2.5e-05
230112,2,2.5e-05
170254,2,2.5e-05
030410,2,2.5e-05
060651,2,2.5e-05
201001,2,2.5e-05
070742,2,2.5e-05
090903,2,2.5e-05
050567,2,2.5e-05
151114,2,2.5e-05
120715,2,2.5e-05
220320,2,2.5e-05
111061,2,2.5e-05
071113,2,2.5e-05
210471,2,2.5e-05
261123,2,2.5e-05
080500,2,2.5e-05
070578,2,2.5e-05
140171,2,2.5e-05
280809,2,2.5e-05
050135,2,2.5e-05
111052,2,2.5e-05
171253,2,2.5e-05
230280,2,2.5e-05
110672,2,2.5e-05
030611,2,2.5e-05
101229,2,2.5e-05
250412,2,2.5e-05
020839,2,2.5e-05
200440,2,2.5e-05
220138,2,2.5e-05
140859,2,2.5e-05
240861,2,2.5e-05
280405,2,2.5e-05
100731,2,2.5e-05
260872,2,2.5e-05
140940,2,2.5e-05
260114,2,2.5e-05
051016,2,2.5e-05
260162,2,2.5e-05
020701,2,2.5e-05
733533,2,2.5e-05
270363,2,2.5e-05
180521,2,2.5e-05
150907,2,2.5e-05
090441,2,2.5e-05
191131,2,2.5e-05
280944,2,2.5e-05
261181,2,2.5e-05
271251,2,2.5e-05
020644,2,2.5e-05
210717,2,2.5e-05
030852,2,2.5e-05
051187,2,2.5e-05
210334,2,2.5e-05
120759,2,2.5e-05
120607,2,2.5e-05
140676,2,2.5e-05
030677,2,2.5e-05
090239,2,2.5e-05
110841,2,2.5e-05
080536,2,2.5e-05
270542,2,2.5e-05
271226,2,2.5e-05
190805,2,2.5e-05
240415,2,2.5e-05
100723,2,2.5e-05
271294,2,2.5e-05
141253,2,2.5e-05
040577,2,2.5e-05
230707,2,2.5e-05
180347,2,2.5e-05
170573,2,2.5e-05
150504,2,2.5e-05
141020,2,2.5e-05
281028,2,2.5e-05
110632,2,2.5e-05
020279,2,2.5e-05
030923,2,2.5e-05
140998,2,2.5e-05
190798,2,2.5e-05
180616,2,2.5e-05
160238,2,2.5e-05
041072,2,2.5e-05
070152,2,2.5e-05
200627,2,2.5e-05
141150,2,2.5e-05
050424,2,2.5e-05
200473,2,2.5e-05
100831,2,2.5e-05
220835,2,2.5e-05
101118,2,2.5e-05
070570,2,2.5e-05
121226,2,2.5e-05
160932,2,2.5e-05
120694,2,2.5e-05
010393,2,2.5e-05
160313,2,2.5e-05
090471,2,2.5e-05
161008,2,2.5e-05
071232,2,2.5e-05
241280,2,2.5e-05
280110,2,2.5e-05
120132,2,2.5e-05
230449,2,2.5e-05
270585,2,2.5e-05
281256,2,2.5e-05
200352,2,2.5e-05
110339,2,2.5e-05
260655,2,2.5e-05
030405,2,2.5e-05
250174,2,2.5e-05
160856,2,2.5e-05
220509,2,2.5e-05
211070,2,2.5e-05
020401,2,2.5e-05
100570,2,2.5e-05
220610,2,2.5e-05
180933,2,2.5e-05
050652,2,2.5e-05
220520,2,2.5e-05
150926,2,2.5e-05
250716,2,2.5e-05
190758,2,2.5e-05
090296,2,2.5e-05
151168,2,2.5e-05
220852,2,2.5e-05
130502,2,2.5e-05
121235,2,2.5e-05
261103,2,2.5e-05
230789,2,2.5e-05
150386,2,2.5e-05
230130,2,2.5e-05
060612,2,2.5e-05
130901,2,2.5e-05
210558,2,2.5e-05
010272,2,2.5e-05
270595,2,2.5e-05
060454,2,2.5e-05
240567,2,2.5e-05
250612,2,2.5e-05
081075,2,2.5e-05
161025,2,2.5e-05
240646,2,2.5e-05
230198,2,2.5e-05
190537,2,2.5e-05
230682,2,2.5e-05
280929,2,2.5e-05
060216,2,2.5e-05
100414,2,2.5e-05
191058,2,2.5e-05
040513,2,2.5e-05
101097,2,2.5e-05
220196,2,2.5e-05
221269,2,2.5e-05
160883,2,2.5e-05
040190,2,2.5e-05
170488,2,2.5e-05
250375,2,2.5e-05
150520,2,2.5e-05
200946,2,2.5e-05
110929,2,2.5e-05
050438,2,2.5e-05
220936,2,2.5e-05
261246,2,2.5e-05
250926,2,2.5e-05
270180,2,2.5e-05
041260,2,2.5e-05
100757,2,2.5e-05
130888,2,2.5e-05
250387,2,2.5e-05
091006,2,2.5e-05
051204,2,2.5e-05
130756,2,2.5e-05
270805,2,2.5e-05
150998,2,2.5e-05
071001,2,2.5e-05
090862,2,2.5e-05
100251,2,2.5e-05
270928,2,2.5e-05
190911,2,2.5e-05
061004,2,2.5e-05
220637,2,2.5e-05
020454,2,2.5e-05
280792,2,2.5e-05
220839,2,2.5e-05
180677,2,2.5e-05
070707,2,2.5e-05
261214,2,2.5e-05
250451,2,2.5e-05
251133,2,2.5e-05
181031,2,2.5e-05
170624,2,2.5e-05
181133,2,2.5e-05
271098,2,2.5e-05
010114,2,2.5e-05
010704,2,2.5e-05
260647,2,2.5e-05
070155,2,2.5e-05
030563,2,2.5e-05
160450,2,2.5e-05
140673,2,2.5e-05
050754,2,2.5e-05
071151,2,2.5e-05
130585,2,2.5e-05
120374,2,2.5e-05
060624,2,2.5e-05
040957,2,2.5e-05
200545,2,2.5e-05
220608,2,2.5e-05
060598,2,2.5e-05
080295,2,2.5e-05
221292,2,2.5e-05
070575,2,2.5e-05
260791,2,2.5e-05
260117,2,2.5e-05
240429,2,2.5e-05
190720,2,2.5e-05
130554,2,2.5e-05
161022,2,2.5e-05
071286,2,2.5e-05
080387,2,2.5e-05
050251,2,2.5e-05
130390,2,2.5e-05
250222,2,2.5e-05
011269,2,2.5e-05
030561,2,2.5e-05
101077,2,2.5e-05
280964,2,2.5e-05
130164,2,2.5e-05
170627,2,2.5e-05
250575,2,2.5e-05
030397,2,2.5e-05
261097,2,2.5e-05
250523,2,2.5e-05
411131,2,2.5e-05
050716,2,2.5e-05
280805,2,2.5e-05
060594,2,2.5e-05
100869,2,2.5e-05
090843,2,2.5e-05
070514,2,2.5e-05
031085,2,2.5e-05
200309,2,2.5e-05
240117,2,2.5e-05
240701,2,2.5e-05
241255,2,2.5e-05
120791,2,2.5e-05
191160,2,2.5e-05
071254,2,2.5e-05
231071,2,2.5e-05
170704,2,2.5e-05
221220,2,2.5e-05
070793,2,2.5e-05
170244,2,2.5e-05
100196,2,2.5e-05
170549,2,2.5e-05
121157,2,2.5e-05
150258,2,2.5e-05
130607,2,2.5e-05
080963,2,2.5e-05
031191,2,2.5e-05
060290,2,2.5e-05
250719,2,2.5e-05
091052,2,2.5e-05
180309,2,2.5e-05
190252,2,2.5e-05
020824,2,2.5e-05
220438,2,2.5e-05
170735,2,2.5e-05
230177,2,2.5e-05
270883,2,2.5e-05
011079,2,2.5e-05
190473,2,2.5e-05
281183,2,2.5e-05
231008,2,2.5e-05
160750,2,2.5e-05
040819,2,2.5e-05
040843,2,2.5e-05
140309,2,2.5e-05
020739,2,2.5e-05
160977,2,2.5e-05
080144,2,2.5e-05
270489,2,2.5e-05
210883,2,2.5e-05
170431,2,2.5e-05
100497,2,2.5e-05
240132,2,2.5e-05
170182,2,2.5e-05
240500,2,2.5e-05
110466,2,2.5e-05
020495,2,2.5e-05
120324,2,2.5e-05
211024,2,2.5e-05
230671,2,2.5e-05
280847,2,2.5e-05
080263,2,2.5e-05
050515,2,2.5e-05
220776,2,2.5e-05
190872,2,2.5e-05
250113,2,2.5e-05
250775,2,2.5e-05
240757,2,2.5e-05
220116,2,2.5e-05
021118,2,2.5e-05
160807,2,2.5e-05
100431,2,2.5e-05
140957,2,2.5e-05
210257,2,2.5e-05
070777,2,2.5e-05
200177,2,2.5e-05
040683,2,2.5e-05
090123,2,2.5e-05
100383,2,2.5e-05
031244,2,2.5e-05
040270,2,2.5e-05
260486,2,2.5e-05
200147,2,2.5e-05
160705,2,2.5e-05
180724,2,2.5e-05
010216,2,2.5e-05
201031,2,2.5e-05
070159,2,2.5e-05
120631,2,2.5e-05
050588,2,2.5e-05
240463,2,2.5e-05
070230,2,2.5e-05
190500,2,2.5e-05
110351,2,2.5e-05
020127,2,2.5e-05
080643,2,2.5e-05
220393,2,2.5e-05
100661,2,2.5e-05
161114,2,2.5e-05
150599,2,2.5e-05
150917,2,2.5e-05
281116,2,2.5e-05
050709,2,2.5e-05
110262,2,2.5e-05
181223,2,2.5e-05
150678,2,2.5e-05
220234,2,2.5e-05
041267,2,2.5e-05
151029,2,2.5e-05
191256,2,2.5e-05
271013,2,2.5e-05
881083,2,2.5e-05
080217,2,2.5e-05
031009,2,2.5e-05
200620,2,2.5e-05
091156,2,2.5e-05
020740,2,2.5e-05
210910,2,2.5e-05
141100,2,2.5e-05
181061,2,2.5e-05
220715,2,2.5e-05
220516,2,2.5e-05
240962,2,2.5e-05
210150,2,2.5e-05
140376,2,2.5e-05
250954,2,2.5e-05
231011,2,2.5e-05
161177,2,2.5e-05
280329,2,2.5e-05
280453,2,2.5e-05
230523,2,2.5e-05
040962,2,2.5e-05
050697,2,2.5e-05
130960,2,2.5e-05
080283,2,2.5e-05
021100,2,2.5e-05
211043,2,2.5e-05
120829,2,2.5e-05
270479,2,2.5e-05
100569,2,2.5e-05
230847,2,2.5e-05
060516,2,2.5e-05
150320,2,2.5e-05
030853,2,2.5e-05
090825,2,2.5e-05
250514,2,2.5e-05
161159,2,2.5e-05
011175,2,2.5e-05
090327,2,2.5e-05
110244,2,2.5e-05
030734,2,2.5e-05
030712,2,2.5e-05
160672,2,2.5e-05
150431,2,2.5e-05
160180,2,2.5e-05
280384,2,2.5e-05
170435,2,2.5e-05
030645,2,2.5e-05
100400,2,2.5e-05
171260,2,2.5e-05
240661,2,2.5e-05
120369,2,2.5e-05
150148,2,2.5e-05
170863,2,2.5e-05
080191,2,2.5e-05
220177,2,2.5e-05
120438,2,2.5e-05
210718,2,2.5e-05
270640,2,2.5e-05
050680,2,2.5e-05
130582,2,2.5e-05
271115,2,2.5e-05
170533,2,2.5e-05
201114,2,2.5e-05
010986,2,2.5e-05
250633,2,2.5e-05
140111,2,2.5e-05
271077,2,2.5e-05
100649,2,2.5e-05
060798,2,2.5e-05
080475,2,2.5e-05
199291,2,2.5e-05
211298,2,2.5e-05
210671,2,2.5e-05
281173,2,2.5e-05
140135,2,2.5e-05
030935,2,2.5e-05
070108,2,2.5e-05
070181,2,2.5e-05
160321,2,2.5e-05
181264,2,2.5e-05
160178,2,2.5e-05
250758,2,2.5e-05
020761,2,2.5e-05
280422,2,2.5e-05
130840,2,2.5e-05
010320,2,2.5e-05
060938,2,2.5e-05
141008,2,2.5e-05
211079,2,2.5e-05
061237,2,2.5e-05
190140,2,2.5e-05
200206,2,2.5e-05
010560,2,2.5e-05
051036,2,2.5e-05
250868,2,2.5e-05
280318,2,2.5e-05
230931,2,2.5e-05
280143,2,2.5e-05
270835,2,2.5e-05
091012,2,2.5e-05
270577,2,2.5e-05
110582,2,2.5e-05
260532,2,2.5e-05
180249,2,2.5e-05
040288,2,2.5e-05
201280,2,2.5e-05
220342,2,2.5e-05
040616,2,2.5e-05
080454,2,2.5e-05
210967,2,2.5e-05
270932,2,2.5e-05
281249,2,2.5e-05
020151,2,2.5e-05
050908,2,2.5e-05
150403,2,2.5e-05
161088,2,2.5e-05
060994,2,2.5e-05
110186,2,2.5e-05
120515,2,2.5e-05
070151,2,2.5e-05
251110,2,2.5e-05
150444,2,2.5e-05
031162,2,2.5e-05
150723,2,2.5e-05
081231,2,2.5e-05
230114,2,2.5e-05
150202,2,2.5e-05
140275,2,2.5e-05
240825,2,2.5e-05
270738,2,2.5e-05
101202,2,2.5e-05
020347,2,2.5e-05
071173,2,2.5e-05
050553,2,2.5e-05
200181,2,2.5e-05
280233,2,2.5e-05
250922,2,2.5e-05
130438,2,2.5e-05
140421,2,2.5e-05
011146,2,2.5e-05
030321,2,2.5e-05
121053,2,2.5e-05
140281,2,2.5e-05
250796,2,2.5e-05
280418,2,2.5e-05
260498,2,2.5e-05
010519,2,2.5e-05
240880,2,2.5e-05
040737,2,2.5e-05
070651,2,2.5e-05
161292,2,2.5e-05
260593,2,2.5e-05
070314,2,2.5e-05
221032,2,2.5e-05
160426,2,2.5e-05
160329,2,2.5e-05
160262,2,2.5e-05
843671,2,2.5e-05
200664,2,2.5e-05
240442,2,2.5e-05
251194,2,2.5e-05
020189,2,2.5e-05
110592,2,2.5e-05
110370,2,2.5e-05
250220,2,2.5e-05
180300,2,2.5e-05
100732,2,2.5e-05
181148,2,2.5e-05
010903,2,2.5e-05
090550,2,2.5e-05
280775,2,2.5e-05
210231,2,2.5e-05
050887,2,2.5e-05
071040,2,2.5e-05
131126,2,2.5e-05
180329,2,2.5e-05
278268,2,2.5e-05
070697,2,2.5e-05
070424,2,2.5e-05
050262,2,2.5e-05
051258,2,2.5e-05
210261,2,2.5e-05
230306,2,2.5e-05
170680,2,2.5e-05
210555,2,2.5e-05
260483,2,2.5e-05
221274,2,2.5e-05
231207,2,2.5e-05
141285,2,2.5e-05
030706,2,2.5e-05
230715,2,2.5e-05
230755,2,2.5e-05
210155,2,2.5e-05
010479,2,2.5e-05
160560,2,2.5e-05
010769,2,2.5e-05
101242,2,2.5e-05
130829,2,2.5e-05
140712,2,2.5e-05
241026,2,2.5e-05
210480,2,2.5e-05
170937,2,2.5e-05
220770,2,2.5e-05
250702,2,2.5e-05
040809,2,2.5e-05
040112,2,2.5e-05
021189,2,2.5e-05
080718,2,2.5e-05
281179,2,2.5e-05
231171,2,2.5e-05
120659,2,2.5e-05
110923,2,2.5e-05
260497,2,2.5e-05
120335,2,2.5e-05
160555,2,2.5e-05
080451,2,2.5e-05
270597,2,2.5e-05
220818,2,2.5e-05
200674,2,2.5e-05
120483,2,2.5e-05
040401,2,2.5e-05
200797,2,2.5e-05
090770,2,2.5e-05
020678,2,2.5e-05
110970,2,2.5e-05
100289,2,2.5e-05
101193,2,2.5e-05
211123,2,2.5e-05
271223,2,2.5e-05
210737,2,2.5e-05
021148,2,2.5e-05
050885,2,2.5e-05
251187,2,2.5e-05
080365,2,2.5e-05
100371,2,2.5e-05
081204,2,2.5e-05
130249,2,2.5e-05
070510,2,2.5e-05
070952,2,2.5e-05
040619,2,2.5e-05
280388,2,2.5e-05
120611,2,2.5e-05
050902,2,2.5e-05
180334,2,2.5e-05
100176,2,2.5e-05
210677,2,2.5e-05
070299,2,2.5e-05
270791,2,2.5e-05
040751,2,2.5e-05
641782,2,2.5e-05
011039,2,2.5e-05
080489,2,2.5e-05
280957,2,2.5e-05
160830,2,2.5e-05
130934,2,2.5e-05
180755,2,2.5e-05
171049,2,2.5e-05
240932,2,2.5e-05
210215,2,2.5e-05
050918,2,2.5e-05
100713,2,2.5e-05
211001,2,2.5e-05
260833,2,2.5e-05
020525,2,2.5e-05
210364,2,2.5e-05
030549,2,2.5e-05
090230,2,2.5e-05
150997,2,2.5e-05
111203,2,2.5e-05
030305,2,2.5e-05
130935,2,2.5e-05
120342,2,2.5e-05
180494,2,2.5e-05
251067,2,2.5e-05
181050,2,2.5e-05
240198,2,2.5e-05
050531,2,2.5e-05
200486,2,2.5e-05
191069,2,2.5e-05
090578,2,2.5e-05
768600,2,2.5e-05
051239,2,2.5e-05
050215,2,2.5e-05
856572,2,2.5e-05
030949,2,2.5e-05
190194,2,2.5e-05
140397,2,2.5e-05
100794,2,2.5e-05
110341,2,2.5e-05
250336,2,2.5e-05
230604,2,2.5e-05
131168,2,2.5e-05
040593,2,2.5e-05
190788,2,2.5e-05
051237,2,2.5e-05
190456,2,2.5e-05
241187,2,2.5e-05
240416,2,2.5e-05
030270,2,2.5e-05
160207,2,2.5e-05
210690,2,2.5e-05
011204,2,2.5e-05
031206,2,2.5e-05
281017,2,2.5e-05
121108,2,2.5e-05
100495,2,2.5e-05
230460,2,2.5e-05
250602,2,2.5e-05
110249,2,2.5e-05
220141,2,2.5e-05
151155,2,2.5e-05
281265,2,2.5e-05
110353,2,2.5e-05
050829,2,2.5e-05
040811,2,2.5e-05
110315,2,2.5e-05
280423,2,2.5e-05
250696,2,2.5e-05
170896,2,2.5e-05
110708,2,2.5e-05
260672,2,2.5e-05
211069,2,2.5e-05
070918,2,2.5e-05
170256,2,2.5e-05
190277,2,2.5e-05
250283,2,2.5e-05
111024,2,2.5e-05
260173,2,2.5e-05
180999,2,2.5e-05
220613,2,2.5e-05
080535,2,2.5e-05
060853,2,2.5e-05
020175,2,2.5e-05
201283,2,2.5e-05
151024,2,2.5e-05
181046,2,2.5e-05
010180,2,2.5e-05
140970,2,2.5e-05
150376,2,2.5e-05
070885,2,2.5e-05
270198,2,2.5e-05
161281,2,2.5e-05
050526,2,2.5e-05
071148,2,2.5e-05
020426,2,2.5e-05
011274,2,2.5e-05
080196,2,2.5e-05
010554,2,2.5e-05
181166,2,2.5e-05
151188,2,2.5e-05
170861,2,2.5e-05
210339,2,2.5e-05
160397,2,2.5e-05
090891,2,2.5e-05
240404,2,2.5e-05
160899,2,2.5e-05
270934,2,2.5e-05
121011,2,2.5e-05
111042,2,2.5e-05
120544,2,2.5e-05
020972,2,2.5e-05
270540,2,2.5e-05
250750,2,2.5e-05
271034,2,2.5e-05
091243,2,2.5e-05
221240,2,2.5e-05
200578,2,2.5e-05
171131,2,2.5e-05
151275,2,2.5e-05
240954,2,2.5e-05
211294,2,2.5e-05
110812,2,2.5e-05
080921,2,2.5e-05
220560,2,2.5e-05
070200,2,2.5e-05
080937,2,2.5e-05
756583,2,2.5e-05
100166,2,2.5e-05
240542,2,2.5e-05
080637,2,2.5e-05
060203,2,2.5e-05
251252,2,2.5e-05
230561,2,2.5e-05
120836,2,2.5e-05
170949,2,2.5e-05
130559,2,2.5e-05
120870,2,2.5e-05
130158,2,2.5e-05
130802,2,2.5e-05
261177,2,2.5e-05
100803,2,2.5e-05
070581,2,2.5e-05
120365,2,2.5e-05
121055,2,2.5e-05
130726,2,2.5e-05
160805,2,2.5e-05
280548,2,2.5e-05
261120,2,2.5e-05
240424,2,2.5e-05
101095,2,2.5e-05
040466,2,2.5e-05
251163,2,2.5e-05
180918,2,2.5e-05
250506,2,2.5e-05
250318,2,2.5e-05
020591,2,2.5e-05
070571,2,2.5e-05
140625,2,2.5e-05
281192,2,2.5e-05
091158,2,2.5e-05
080954,2,2.5e-05
021196,2,2.5e-05
251113,2,2.5e-05
111039,2,2.5e-05
050540,2,2.5e-05
220205,2,2.5e-05
060879,2,2.5e-05
071036,2,2.5e-05
270784,2,2.5e-05
070415,2,2.5e-05
280754,2,2.5e-05
150261,2,2.5e-05
240768,2,2.5e-05
211293,2,2.5e-05
250280,2,2.5e-05
201042,2,2.5e-05
220869,2,2.5e-05
100789,2,2.5e-05
040921,2,2.5e-05
050364,2,2.5e-05
060300,2,2.5e-05
221111,2,2.5e-05
201220,2,2.5e-05
070601,2,2.5e-05
240403,2,2.5e-05
050305,2,2.5e-05
050225,2,2.5e-05
161295,2,2.5e-05
211040,2,2.5e-05
030167,2,2.5e-05
020266,2,2.5e-05
200720,2,2.5e-05
181175,2,2.5e-05
010808,2,2.5e-05
141018,2,2.5e-05
021247,2,2.5e-05
141196,2,2.5e-05
040586,2,2.5e-05
060996,2,2.5e-05
280744,2,2.5e-05
100769,2,2.5e-05
040136,2,2.5e-05
010746,2,2.5e-05
220537,2,2.5e-05
280239,2,2.5e-05
040399,2,2.5e-05
240347,2,2.5e-05
211030,2,2.5e-05
010603,2,2.5e-05
091211,2,2.5e-05
121180,2,2.5e-05
050165,2,2.5e-05
260260,2,2.5e-05
180316,2,2.5e-05
091111,2,2.5e-05
588563,2,2.5e-05
251251,2,2.5e-05
050616,2,2.5e-05
070642,2,2.5e-05
010628,2,2.5e-05
040840,2,2.5e-05
041101,2,2.5e-05
261277,2,2.5e-05
190167,2,2.5e-05
261287,2,2.5e-05
230279,2,2.5e-05
240512,2,2.5e-05
230207,2,2.5e-05
230800,2,2.5e-05
250883,2,2.5e-05
070370,2,2.5e-05
040527,2,2.5e-05
150363,2,2.5e-05
090621,2,2.5e-05
180147,2,2.5e-05
011151,2,2.5e-05
200762,2,2.5e-05
160337,2,2.5e-05
100422,2,2.5e-05
251192,2,2.5e-05
240996,2,2.5e-05
250279,2,2.5e-05
050721,2,2.5e-05
100629,2,2.5e-05
140377,2,2.5e-05
040570,2,2.5e-05
030930,2,2.5e-05
240482,2,2.5e-05
170821,2,2.5e-05
140828,2,2.5e-05
220920,2,2.5e-05
160101,2,2.5e-05
260172,2,2.5e-05
130513,2,2.5e-05
270500,2,2.5e-05
121273,2,2.5e-05
020470,2,2.5e-05
081070,2,2.5e-05
101039,2,2.5e-05
050959,2,2.5e-05
130266,2,2.5e-05
240140,2,2.5e-05
151098,2,2.5e-05
171161,2,2.5e-05
041105,2,2.5e-05
030268,2,2.5e-05
050729,2,2.5e-05
140107,2,2.5e-05
101134,2,2.5e-05
111186,2,2.5e-05
080274,2,2.5e-05
230826,2,2.5e-05
261111,2,2.5e-05
130896,2,2.5e-05
110896,2,2.5e-05
260502,2,2.5e-05
110194,2,2.5e-05
091071,2,2.5e-05
120484,2,2.5e-05
161111,2,2.5e-05
271195,2,2.5e-05
260858,2,2.5e-05
030206,2,2.5e-05
050313,2,2.5e-05
031200,2,2.5e-05
200357,2,2.5e-05
160425,2,2.5e-05
160552,2,2.5e-05
010295,2,2.5e-05
110188,2,2.5e-05
210161,2,2.5e-05
010192,2,2.5e-05
240166,2,2.5e-05
170245,2,2.5e-05
261264,2,2.5e-05
010752,2,2.5e-05
240421,2,2.5e-05
271104,2,2.5e-05
280335,2,2.5e-05
140359,2,2.5e-05
030228,2,2.5e-05
050915,2,2.5e-05
080580,2,2.5e-05
101268,2,2.5e-05
140947,2,2.5e-05
060129,2,2.5e-05
140168,2,2.5e-05
160488,2,2.5e-05
011114,2,2.5e-05
478202,2,2.5e-05
020282,2,2.5e-05
091216,2,2.5e-05
140919,2,2.5e-05
270872,2,2.5e-05
111035,2,2.5e-05
230347,2,2.5e-05
081291,2,2.5e-05
101036,2,2.5e-05
170525,2,2.5e-05
180847,2,2.5e-05
231053,2,2.5e-05
061189,2,2.5e-05
220415,2,2.5e-05
260382,2,2.5e-05
270388,2,2.5e-05
121152,2,2.5e-05
090297,2,2.5e-05
050421,2,2.5e-05
170252,2,2.5e-05
070135,2,2.5e-05
180907,2,2.5e-05
211189,2,2.5e-05
070935,2,2.5e-05
040844,2,2.5e-05
191261,2,2.5e-05
041114,2,2.5e-05
090431,2,2.5e-05
230502,2,2.5e-05
030647,2,2.5e-05
160601,2,2.5e-05
150845,2,2.5e-05
170877,2,2.5e-05
040997,2,2.5e-05
200307,2,2.5e-05
090419,2,2.5e-05
050268,2,2.5e-05
210922,2,2.5e-05
211036,2,2.5e-05
130847,2,2.5e-05
020246,2,2.5e-05
240823,2,2.5e-05
160816,2,2.5e-05
210241,2,2.5e-05
220377,2,2.5e-05
180113,2,2.5e-05
070590,2,2.5e-05
081016,2,2.5e-05
240432,2,2.5e-05
041070,2,2.5e-05
180790,2,2.5e-05
170222,2,2.5e-05
250188,2,2.5e-05
250600,2,2.5e-05
070988,2,2.5e-05
191189,2,2.5e-05
030924,2,2.5e-05
095760,2,2.5e-05
020129,2,2.5e-05
150449,2,2.5e-05
080654,2,2.5e-05
061194,2,2.5e-05
100122,2,2.5e-05
050339,2,2.5e-05
100133,2,2.5e-05
240905,2,2.5e-05
010598,2,2.5e-05
200502,2,2.5e-05
280223,2,2.5e-05
220462,2,2.5e-05
010778,2,2.5e-05
270469,2,2.5e-05
270424,2,2.5e-05
151095,2,2.5e-05
030891,2,2.5e-05
270811,2,2.5e-05
081179,2,2.5e-05
011185,2,2.5e-05
261187,2,2.5e-05
060698,2,2.5e-05
011028,2,2.5e-05
200295,2,2.5e-05
200882,2,2.5e-05
180676,2,2.5e-05
260811,2,2.5e-05
100633,2,2.5e-05
251186,2,2.5e-05
041171,2,2.5e-05
031047,2,2.5e-05
010430,2,2.5e-05
110620,2,2.5e-05
090620,2,2.5e-05
220801,2,2.5e-05
010688,2,2.5e-05
241074,2,2.5e-05
060219,2,2.5e-05
120861,2,2.5e-05
090646,2,2.5e-05
030955,2,2.5e-05
150124,2,2.5e-05
030781,2,2.5e-05
031127,2,2.5e-05
200480,2,2.5e-05
260853,2,2.5e-05
220319,2,2.5e-05
060507,2,2.5e-05
090354,2,2.5e-05
240896,2,2.5e-05
210712,2,2.5e-05
060662,2,2.5e-05
280660,2,2.5e-05
180251,2,2.5e-05
171139,2,2.5e-05
110507,2,2.5e-05
010840,2,2.5e-05
070346,2,2.5e-05
180615,2,2.5e-05
211233,2,2.5e-05
171126,2,2.5e-05
100410,2,2.5e-05
270325,2,2.5e-05
170892,2,2.5e-05
100305,2,2.5e-05
171111,2,2.5e-05
220528,2,2.5e-05
040454,2,2.5e-05
271049,2,2.5e-05
110254,2,2.5e-05
161061,2,2.5e-05
241171,2,2.5e-05
250134,2,2.5e-05
121077,2,2.5e-05
150933,2,2.5e-05
250101,2,2.5e-05
100451,2,2.5e-05
130805,2,2.5e-05
190237,2,2.5e-05
170341,2,2.5e-05
190151,2,2.5e-05
050473,2,2.5e-05
280919,2,2.5e-05
060125,2,2.5e-05
020336,2,2.5e-05
231230,2,2.5e-05
190241,2,2.5e-05
071029,2,2.5e-05
010566,2,2.5e-05
250351,2,2.5e-05
160428,2,2.5e-05
030408,2,2.5e-05
210474,2,2.5e-05
140902,2,2.5e-05
280675,2,2.5e-05
150921,2,2.5e-05
020398,2,2.5e-05
261026,2,2.5e-05
130396,2,2.5e-05
210465,2,2.5e-05
180951,2,2.5e-05
200959,2,2.5e-05
160453,2,2.5e-05
200649,2,2.5e-05
120724,2,2.5e-05
260979,2,2.5e-05
070176,2,2.5e-05
220254,2,2.5e-05
260288,2,2.5e-05
121278,2,2.5e-05
070655,2,2.5e-05
230493,2,2.5e-05
231013,2,2.5e-05
050638,2,2.5e-05
051282,2,2.5e-05
060325,2,2.5e-05
010138,2,2.5e-05
240558,2,2.5e-05
050923,2,2.5e-05
061180,2,2.5e-05
070326,2,2.5e-05
180173,2,2.5e-05
250734,2,2.5e-05
150248,2,2.5e-05
270492,2,2.5e-05
091087,2,2.5e-05
100118,2,2.5e-05
181121,2,2.5e-05
100532,2,2.5e-05
121135,2,2.5e-05
131122,2,2.5e-05
221116,2,2.5e-05
110545,2,2.5e-05
231127,2,2.5e-05
060870,2,2.5e-05
210733,2,2.5e-05
070308,2,2.5e-05
021298,2,2.5e-05
130268,2,2.5e-05
201208,2,2.5e-05
050236,2,2.5e-05
010787,2,2.5e-05
201228,2,2.5e-05
260351,2,2.5e-05
201112,2,2.5e-05
180852,2,2.5e-05
060710,2,2.5e-05
210176,2,2.5e-05
130692,2,2.5e-05
100737,2,2.5e-05
270760,2,2.5e-05
230771,2,2.5e-05
201004,2,2.5e-05
031142,2,2.5e-05
171137,2,2.5e-05
050713,2,2.5e-05
180356,2,2.5e-05
220880,2,2.5e-05
200487,2,2.5e-05
210117,2,2.5e-05
080806,2,2.5e-05
261206,2,2.5e-05
160810,2,2.5e-05
070582,2,2.5e-05
271291,2,2.5e-05
220123,2,2.5e-05
130987,2,2.5e-05
060353,2,2.5e-05
020555,2,2.5e-05
050898,2,2.5e-05
011066,2,2.5e-05
190141,2,2.5e-05
160904,2,2.5e-05
190703,2,2.5e-05
120436,2,2.5e-05
051224,2,2.5e-05
260778,2,2.5e-05
120840,2,2.5e-05
090617,2,2.5e-05
170322,2,2.5e-05
021185,2,2.5e-05
070363,2,2.5e-05
200551,2,2.5e-05
060360,2,2.5e-05
110242,2,2.5e-05
220128,2,2.5e-05
150110,2,2.5e-05
270702,2,2.5e-05
211146,2,2.5e-05
131159,2,2.5e-05
120717,2,2.5e-05
161144,2,2.5e-05
020743,2,2.5e-05
281190,2,2.5e-05
060390,2,2.5e-05
080354,2,2.5e-05
060640,2,2.5e-05
021274,2,2.5e-05
170186,2,2.5e-05
110410,2,2.5e-05
210916,2,2.5e-05
071171,2,2.5e-05
260170,2,2.5e-05
080214,2,2.5e-05
130764,2,2.5e-05
070245,2,2.5e-05
280864,2,2.5e-05
260973,2,2.5e-05
081262,2,2.5e-05
090707,2,2.5e-05
130449,2,2.5e-05
091265,2,2.5e-05
241240,2,2.5e-05
050931,2,2.5e-05
040449,2,2.5e-05
080716,2,2.5e-05
110250,2,2.5e-05
271185,2,2.5e-05
050100,2,2.5e-05
010700,2,2.5e-05
270821,2,2.5e-05
010630,2,2.5e-05
010855,2,2.5e-05
270688,2,2.5e-05
140108,2,2.5e-05
060240,2,2.5e-05
170110,2,2.5e-05
131233,2,2.5e-05
200991,2,2.5e-05
141247,2,2.5e-05
131191,2,2.5e-05
271235,2,2.5e-05
020240,2,2.5e-05
111235,2,2.5e-05
130900,2,2.5e-05
260414,2,2.5e-05
270515,2,2.5e-05
081023,2,2.5e-05
060347,2,2.5e-05
150908,2,2.5e-05
121197,2,2.5e-05
220454,2,2.5e-05
060886,2,2.5e-05
070256,2,2.5e-05
160620,2,2.5e-05
221213,2,2.5e-05
070963,2,2.5e-05
150430,2,2.5e-05
181006,2,2.5e-05
180434,2,2.5e-05
251209,2,2.5e-05
100185,2,2.5e-05
251178,2,2.5e-05
020146,2,2.5e-05
081085,2,2.5e-05
270370,2,2.5e-05
090588,2,2.5e-05
210647,2,2.5e-05
020612,2,2.5e-05
220919,2,2.5e-05
060956,2,2.5e-05
210138,2,2.5e-05
151272,2,2.5e-05
201293,2,2.5e-05
100178,2,2.5e-05
011196,2,2.5e-05
261168,2,2.5e-05
230743,2,2.5e-05
240975,2,2.5e-05
110407,2,2.5e-05
130798,2,2.5e-05
240800,2,2.5e-05
200152,2,2.5e-05
150581,2,2.5e-05
010773,2,2.5e-05
121242,2,2.5e-05
180765,2,2.5e-05
140576,2,2.5e-05
080844,2,2.5e-05
150912,2,2.5e-05
220166,2,2.5e-05
190700,2,2.5e-05
030113,2,2.5e-05
070379,2,2.5e-05
211258,2,2.5e-05
110155,2,2.5e-05
080148,2,2.5e-05
270945,2,2.5e-05
190765,2,2.5e-05
080770,2,2.5e-05
050321,2,2.5e-05
280590,2,2.5e-05
090551,2,2.5e-05
110459,2,2.5e-05
111191,2,2.5e-05
050999,2,2.5e-05
120735,2,2.5e-05
110965,2,2.5e-05
080174,2,2.5e-05
110106,2,2.5e-05
190967,2,2.5e-05
260469,2,2.5e-05
270892,2,2.5e-05
010529,2,2.5e-05
230916,2,2.5e-05
270101,2,2.5e-05
140112,2,2.5e-05
240281,2,2.5e-05
250533,2,2.5e-05
271040,2,2.5e-05
111258,2,2.5e-05
040805,2,2.5e-05
240503,2,2.5e-05
270614,2,2.5e-05
160665,2,2.5e-05
010586,2,2.5e-05
161161,2,2.5e-05
160618,2,2.5e-05
061100,2,2.5e-05
251130,2,2.5e-05
061031,2,2.5e-05
270428,2,2.5e-05
140732,2,2.5e-05
111275,2,2.5e-05
061134,2,2.5e-05
200364,2,2.5e-05
110773,2,2.5e-05
170239,2,2.5e-05
191012,2,2.5e-05
090813,2,2.5e-05
090534,2,2.5e-05
271260,2,2.5e-05
121207,2,2.5e-05
200866,2,2.5e-05
110344,2,2.5e-05
270971,2,2.5e-05
160377,2,2.5e-05
081184,2,2.5e-05
050633,2,2.5e-05
111086,2,2.5e-05
150478,2,2.5e-05
190104,2,2.5e-05
140312,2,2.5e-05
201210,2,2.5e-05
021136,2,2.5e-05
010602,2,2.5e-05
220246,2,2.5e-05
261065,2,2.5e-05
181257,2,2.5e-05
240314,2,2.5e-05
120447,2,2.5e-05
170117,2,2.5e-05
220617,2,2.5e-05
090716,2,2.5e-05
200901,2,2.5e-05
150653,2,2.5e-05
200530,2,2.5e-05
090399,2,2.5e-05
161199,2,2.5e-05
080315,2,2.5e-05
210606,2,2.5e-05
110836,2,2.5e-05
110766,2,2.5e-05
260782,2,2.5e-05
200541,2,2.5e-05
200980,2,2.5e-05
250299,2,2.5e-05
120434,2,2.5e-05
120633,2,2.5e-05
130574,2,2.5e-05
020214,2,2.5e-05
210476,2,2.5e-05
240109,2,2.5e-05
040445,2,2.5e-05
220674,2,2.5e-05
150802,2,2.5e-05
130361,2,2.5e-05
090706,2,2.5e-05
211078,2,2.5e-05
160848,2,2.5e-05
180248,2,2.5e-05
231141,2,2.5e-05
260943,2,2.5e-05
160539,2,2.5e-05
030519,2,2.5e-05
151277,2,2.5e-05
020190,2,2.5e-05
030435,2,2.5e-05
151093,2,2.5e-05
011238,2,2.5e-05
280176,2,2.5e-05
130867,2,2.5e-05
110371,2,2.5e-05
190926,2,2.5e-05
160852,2,2.5e-05
281051,2,2.5e-05
020904,2,2.5e-05
131275,2,2.5e-05
040909,2,2.5e-05
091117,2,2.5e-05
270947,2,2.5e-05
020227,2,2.5e-05
110889,2,2.5e-05
131028,2,2.5e-05
100885,2,2.5e-05
031119,2,2.5e-05
270369,2,2.5e-05
070902,2,2.5e-05
151008,2,2.5e-05
010893,2,2.5e-05
010937,2,2.5e-05
160171,2,2.5e-05
010592,2,2.5e-05
031180,2,2.5e-05
010475,2,2.5e-05
180949,2,2.5e-05
150563,2,2.5e-05
250567,2,2.5e-05
280458,2,2.5e-05
271211,2,2.5e-05
191080,2,2.5e-05
280291,2,2.5e-05
060666,2,2.5e-05
210744,2,2.5e-05
250959,2,2.5e-05
281117,2,2.5e-05
141216,2,2.5e-05
251124,2,2.5e-05
250932,2,2.5e-05
231185,2,2.5e-05
230276,2,2.5e-05
130117,2,2.5e-05
030616,2,2.5e-05
080665,2,2.5e-05
090283,2,2.5e-05
081104,2,2.5e-05
201142,2,2.5e-05
151086,2,2.5e-05
160540,2,2.5e-05
210422,2,2.5e-05
200107,2,2.5e-05
281091,2,2.5e-05
120264,2,2.5e-05
091297,2,2.5e-05
260819,2,2.5e-05
100129,2,2.5e-05
011272,2,2.5e-05
270617,2,2.5e-05
140910,2,2.5e-05
150297,2,2.5e-05
040313,2,2.5e-05
021204,2,2.5e-05
080502,2,2.5e-05
060472,2,2.5e-05
260665,2,2.5e-05
051214,2,2.5e-05
131265,2,2.5e-05
130537,2,2.5e-05
230483,2,2.5e-05
270589,2,2.5e-05
210696,2,2.5e-05
261215,2,2.5e-05
071252,2,2.5e-05
010854,2,2.5e-05
130624,2,2.5e-05
081280,2,2.5e-05
180106,2,2.5e-05
201122,2,2.5e-05
180225,2,2.5e-05
021163,2,2.5e-05
090290,2,2.5e-05
270296,2,2.5e-05
030704,2,2.5e-05
020707,2,2.5e-05
130720,2,2.5e-05
230576,2,2.5e-05
060703,2,2.5e-05
081025,2,2.5e-05
220792,2,2.5e-05
110912,2,2.5e-05
260975,2,2.5e-05
913784,2,2.5e-05
120479,2,2.5e-05
280738,2,2.5e-05
140332,2,2.5e-05
230731,2,2.5e-05
070611,2,2.5e-05
010734,2,2.5e-05
160308,2,2.5e-05
130675,2,2.5e-05
060965,2,2.5e-05
260761,2,2.5e-05
040158,2,2.5e-05
100928,2,2.5e-05
080592,2,2.5e-05
280164,2,2.5e-05
030166,2,2.5e-05
171030,2,2.5e-05
280956,2,2.5e-05
070381,2,2.5e-05
030404,2,2.5e-05
050591,2,2.5e-05
270950,2,2.5e-05
130488,2,2.5e-05
221172,2,2.5e-05
101093,2,2.5e-05
081011,2,2.5e-05
040390,2,2.5e-05
030564,2,2.5e-05
240417,2,2.5e-05
210777,2,2.5e-05
030403,2,2.5e-05
220503,2,2.5e-05
140962,2,2.5e-05
150150,2,2.5e-05
181139,2,2.5e-05
130320,2,2.5e-05
240922,2,2.5e-05
210305,2,2.5e-05
160497,2,2.5e-05
100810,2,2.5e-05
241030,2,2.5e-05
020523,2,2.5e-05
210431,2,2.5e-05
271298,2,2.5e-05
030532,2,2.5e-05
121142,2,2.5e-05
230761,2,2.5e-05
270662,2,2.5e-05
041266,2,2.5e-05
020764,2,2.5e-05
130408,2,2.5e-05
181295,2,2.5e-05
190918,2,2.5e-05
080854,2,2.5e-05
111108,2,2.5e-05
020777,2,2.5e-05
160181,2,2.5e-05
220352,2,2.5e-05
281052,2,2.5e-05
120906,2,2.5e-05
200645,2,2.5e-05
091292,2,2.5e-05
240782,2,2.5e-05
100366,2,2.5e-05
061272,2,2.5e-05
091239,2,2.5e-05
080990,2,2.5e-05
241107,2,2.5e-05
030379,2,2.5e-05
120480,2,2.5e-05
201026,2,2.5e-05
240933,2,2.5e-05
040106,2,2.5e-05
230287,2,2.5e-05
040925,2,2.5e-05
091299,2,2.5e-05
070787,2,2.5e-05
782589,2,2.5e-05
130717,2,2.5e-05
160478,2,2.5e-05
130787,2,2.5e-05
270125,2,2.5e-05
231198,2,2.5e-05
160908,2,2.5e-05
180863,2,2.5e-05
071191,2,2.5e-05
100530,2,2.5e-05
030153,2,2.5e-05
190347,2,2.5e-05
190282,2,2.5e-05
250176,2,2.5e-05
190584,2,2.5e-05
010224,2,2.5e-05
270718,2,2.5e-05
270758,2,2.5e-05
190147,2,2.5e-05
061257,2,2.5e-05
170898,2,2.5e-05
230115,2,2.5e-05
251022,2,2.5e-05
190166,2,2.5e-05
250391,2,2.5e-05
131217,2,2.5e-05
070383,2,2.5e-05
160119,2,2.5e-05
030431,2,2.5e-05
060398,2,2.5e-05
121057,2,2.5e-05
190605,2,2.5e-05
281213,2,2.5e-05
070140,2,2.5e-05
211005,2,2.5e-05
190279,2,2.5e-05
070420,2,2.5e-05
180800,2,2.5e-05
260840,2,2.5e-05
778223,2,2.5e-05
270862,2,2.5e-05
011281,2,2.5e-05
230192,2,2.5e-05
260716,2,2.5e-05
171255,2,2.5e-05
040386,2,2.5e-05
080515,2,2.5e-05
011126,2,2.5e-05
170922,2,2.5e-05
171090,2,2.5e-05
240240,2,2.5e-05
090640,2,2.5e-05
021270,2,2.5e-05
180465,2,2.5e-05
260600,2,2.5e-05
100561,2,2.5e-05
200830,2,2.5e-05
150409,2,2.5e-05
210447,2,2.5e-05
220427,2,2.5e-05
051063,2,2.5e-05
030673,2,2.5e-05
100759,2,2.5e-05
030766,2,2.5e-05
181030,2,2.5e-05
160548,2,2.5e-05
231111,2,2.5e-05
121112,2,2.5e-05
241020,2,2.5e-05
100587,2,2.5e-05
100486,2,2.5e-05
180958,2,2.5e-05
141061,2,2.5e-05
020186,2,2.5e-05
221091,2,2.5e-05
101166,2,2.5e-05
240671,2,2.5e-05
260180,2,2.5e-05
190764,2,2.5e-05
130302,2,2.5e-05
230892,2,2.5e-05
061186,2,2.5e-05
270423,2,2.5e-05
190560,2,2.5e-05
060764,2,2.5e-05
160755,2,2.5e-05
120209,2,2.5e-05
280140,2,2.5e-05
030817,2,2.5e-05
130823,2,2.5e-05
131011,2,2.5e-05
090980,2,2.5e-05
160905,2,2.5e-05
050684,2,2.5e-05
240955,2,2.5e-05
111135,2,2.5e-05
240481,2,2.5e-05
110552,2,2.5e-05
200748,2,2.5e-05
180312,2,2.5e-05
269764,2,2.5e-05
070257,2,2.5e-05
250787,2,2.5e-05
051199,2,2.5e-05
250363,2,2.5e-05
101080,2,2.5e-05
101122,2,2.5e-05
160616,2,2.5e-05
190126,2,2.5e-05
251298,2,2.5e-05
121109,2,2.5e-05
161087,2,2.5e-05
080577,2,2.5e-05
160632,2,2.5e-05
051222,2,2.5e-05
270609,2,2.5e-05
090744,2,2.5e-05
070382,2,2.5e-05
070453,2,2.5e-05
150805,2,2.5e-05
100761,2,2.5e-05
120538,2,2.5e-05
191248,2,2.5e-05
070973,2,2.5e-05
050261,2,2.5e-05
160456,2,2.5e-05
050169,2,2.5e-05
151240,2,2.5e-05
280601,2,2.5e-05
140337,2,2.5e-05
090546,2,2.5e-05
120970,2,2.5e-05
061224,2,2.5e-05
131261,2,2.5e-05
270501,2,2.5e-05
100896,2,2.5e-05
030804,2,2.5e-05
020120,2,2.5e-05
021186,2,2.5e-05
250817,2,2.5e-05
050673,2,2.5e-05
230469,2,2.5e-05
210627,2,2.5e-05
100900,2,2.5e-05
241180,2,2.5e-05
280579,2,2.5e-05
091148,2,2.5e-05
220956,2,2.5e-05
230710,2,2.5e-05
051271,2,2.5e-05
020746,2,2.5e-05
190706,2,2.5e-05
210838,2,2.5e-05
250929,2,2.5e-05
070811,2,2.5e-05
070639,2,2.5e-05
130381,2,2.5e-05
241272,2,2.5e-05
241034,2,2.5e-05
140258,2,2.5e-05
230519,2,2.5e-05
160116,2,2.5e-05
280623,2,2.5e-05
180982,2,2.5e-05
120598,2,2.5e-05
040277,2,2.5e-05
220149,2,2.5e-05
060500,2,2.5e-05
201213,2,2.5e-05
231269,2,2.5e-05
040815,2,2.5e-05
191093,2,2.5e-05
080244,2,2.5e-05
200454,2,2.5e-05
140599,2,2.5e-05
250860,2,2.5e-05
011088,2,2.5e-05
230748,2,2.5e-05
150440,2,2.5e-05
090852,2,2.5e-05
190961,2,2.5e-05
130701,2,2.5e-05
210720,2,2.5e-05
060797,2,2.5e-05
260223,2,2.5e-05
071158,2,2.5e-05
041248,2,2.5e-05
151012,2,2.5e-05
100872,2,2.5e-05
220153,2,2.5e-05
230585,2,2.5e-05
260986,2,2.5e-05
080756,2,2.5e-05
221077,2,2.5e-05
120428,2,2.5e-05
261271,2,2.5e-05
120220,2,2.5e-05
151033,2,2.5e-05
220723,2,2.5e-05
180633,2,2.5e-05
090167,2,2.5e-05
180605,2,2.5e-05
170797,2,2.5e-05
180674,2,2.5e-05
120626,2,2.5e-05
110739,2,2.5e-05
120299,2,2.5e-05
110397,2,2.5e-05
181111,2,2.5e-05
130321,2,2.5e-05
161268,2,2.5e-05
160144,2,2.5e-05
071098,2,2.5e-05
021255,2,2.5e-05
070502,2,2.5e-05
041041,2,2.5e-05
280966,2,2.5e-05
260266,2,2.5e-05
120982,2,2.5e-05
011080,2,2.5e-05
060860,2,2.5e-05
111175,2,2.5e-05
090915,2,2.5e-05
011276,2,2.5e-05
160191,2,2.5e-05
050478,2,2.5e-05
230589,2,2.5e-05
150438,2,2.5e-05
080278,2,2.5e-05
020329,2,2.5e-05
090316,2,2.5e-05
170290,2,2.5e-05
231263,2,2.5e-05
030808,2,2.5e-05
170215,2,2.5e-05
241009,2,2.5e-05
060549,2,2.5e-05
061210,2,2.5e-05
121154,2,2.5e-05
190766,2,2.5e-05
945885,2,2.5e-05
191064,2,2.5e-05
020651,2,2.5e-05
230498,2,2.5e-05
260168,2,2.5e-05
130762,2,2.5e-05
020537,2,2.5e-05
051176,2,2.5e-05
240412,2,2.5e-05
191100,2,2.5e-05
250819,2,2.5e-05
120863,2,2.5e-05
200704,2,2.5e-05
010939,2,2.5e-05
040255,2,2.5e-05
200239,2,2.5e-05
080799,2,2.5e-05
191226,2,2.5e-05
191170,2,2.5e-05
231042,2,2.5e-05
280680,2,2.5e-05
180791,2,2.5e-05
110432,2,2.5e-05
141087,2,2.5e-05
210981,2,2.5e-05
241011,2,2.5e-05
150328,2,2.5e-05
020313,2,2.5e-05
180272,2,2.5e-05
211229,2,2.5e-05
130796,2,2.5e-05
071211,2,2.5e-05
010299,2,2.5e-05
210111,2,2.5e-05
010415,2,2.5e-05
050487,2,2.5e-05
111198,2,2.5e-05
170495,2,2.5e-05
271196,2,2.5e-05
100115,2,2.5e-05
011236,2,2.5e-05
250508,2,2.5e-05
100964,2,2.5e-05
280290,2,2.5e-05
040771,2,2.5e-05
250603,2,2.5e-05
221092,2,2.5e-05
150547,2,2.5e-05
180929,2,2.5e-05
021289,2,2.5e-05
090249,2,2.5e-05
040949,2,2.5e-05
130437,2,2.5e-05
090114,2,2.5e-05
010532,2,2.5e-05
260563,2,2.5e-05
250143,2,2.5e-05
120873,2,2.5e-05
281254,2,2.5e-05
010620,2,2.5e-05
180818,2,2.5e-05
101215,2,2.5e-05
110532,2,2.5e-05
010899,2,2.5e-05
050906,2,2.5e-05
131235,2,2.5e-05
071134,2,2.5e-05
261278,2,2.5e-05
281244,2,2.5e-05
170917,2,2.5e-05
190552,2,2.5e-05
141257,2,2.5e-05
041277,2,2.5e-05
010313,2,2.5e-05
210876,2,2.5e-05
200185,2,2.5e-05
368880,2,2.5e-05
250175,2,2.5e-05
180188,2,2.5e-05
060227,2,2.5e-05
090832,2,2.5e-05
150498,2,2.5e-05
041125,2,2.5e-05
150708,2,2.5e-05
280801,2,2.5e-05
040197,2,2.5e-05
010823,2,2.5e-05
190489,2,2.5e-05
171266,2,2.5e-05
220160,2,2.5e-05
141180,2,2.5e-05
220953,2,2.5e-05
051231,2,2.5e-05
211108,2,2.5e-05
240937,2,2.5e-05
090785,2,2.5e-05
040271,2,2.5e-05
130595,2,2.5e-05
271203,2,2.5e-05
241045,2,2.5e-05
080210,2,2.5e-05
161198,2,2.5e-05
091125,2,2.5e-05
230134,2,2.5e-05
200961,2,2.5e-05
281076,2,2.5e-05
110482,2,2.5e-05
080813,2,2.5e-05
120932,2,2.5e-05
090434,2,2.5e-05
030776,2,2.5e-05
020751,2,2.5e-05
011099,2,2.5e-05
130178,2,2.5e-05
021243,2,2.5e-05
101024,2,2.5e-05
260493,2,2.5e-05
240497,2,2.5e-05
160175,2,2.5e-05
251165,2,2.5e-05
150154,2,2.5e-05
271162,2,2.5e-05
260459,2,2.5e-05
060895,2,2.5e-05
111187,2,2.5e-05
260476,2,2.5e-05
250611,2,2.5e-05
211206,2,2.5e-05
161138,2,2.5e-05
100703,2,2.5e-05
091089,2,2.5e-05
101034,2,2.5e-05
030440,2,2.5e-05
020870,2,2.5e-05
040982,2,2.5e-05
220399,2,2.5e-05
050317,2,2.5e-05
190112,2,2.5e-05
040631,2,2.5e-05
241157,2,2.5e-05
230929,2,2.5e-05
100328,2,2.5e-05
270221,2,2.5e-05
230506,2,2.5e-05
230403,2,2.5e-05
090250,2,2.5e-05
260212,2,2.5e-05
090760,2,2.5e-05
030424,2,2.5e-05
270827,2,2.5e-05
250249,2,2.5e-05
230312,2,2.5e-05
210645,2,2.5e-05
041052,2,2.5e-05
200567,2,2.5e-05
040518,2,2.5e-05
131178,2,2.5e-05
191051,2,2.5e-05
120283,2,2.5e-05
131208,2,2.5e-05
280345,2,2.5e-05
180204,2,2.5e-05
170781,2,2.5e-05
161180,2,2.5e-05
050341,2,2.5e-05
141207,2,2.5e-05
191177,2,2.5e-05
050107,2,2.5e-05
200237,2,2.5e-05
221102,2,2.5e-05
250828,2,2.5e-05
130899,2,2.5e-05
080684,2,2.5e-05
120360,2,2.5e-05
040709,2,2.5e-05
081254,2,2.5e-05
060940,2,2.5e-05
210439,2,2.5e-05
180840,2,2.5e-05
211296,2,2.5e-05
040804,2,2.5e-05
101109,2,2.5e-05
010334,2,2.5e-05
020545,2,2.5e-05
240683,2,2.5e-05
141151,2,2.5e-05
080906,2,2.5e-05
231268,2,2.5e-05
181120,2,2.5e-05
230598,2,2.5e-05
220103,2,2.5e-05
120138,2,2.5e-05
110111,2,2.5e-05
261080,2,2.5e-05
010827,2,2.5e-05
110172,2,2.5e-05
171236,2,2.5e-05
060822,2,2.5e-05
061044,2,2.5e-05
080928,2,2.5e-05
261178,2,2.5e-05
111153,2,2.5e-05
180985,2,2.5e-05
140331,2,2.5e-05
190738,2,2.5e-05
061110,2,2.5e-05
120872,2,2.5e-05
160988,2,2.5e-05
030767,2,2.5e-05
220171,2,2.5e-05
011025,2,2.5e-05
110516,2,2.5e-05
030993,2,2.5e-05
220114,2,2.5e-05
210632,2,2.5e-05
160839,2,2.5e-05
280868,2,2.5e-05
250997,2,2.5e-05
010309,2,2.5e-05
200297,2,2.5e-05
011038,2,2.5e-05
110821,2,2.5e-05
160292,2,2.5e-05
080649,2,2.5e-05
130530,2,2.5e-05
191158,2,2.5e-05
241146,2,2.5e-05
130811,2,2.5e-05
011068,2,2.5e-05
231180,2,2.5e-05
050409,2,2.5e-05
080617,2,2.5e-05
150947,2,2.5e-05
010587,2,2.5e-05
100457,2,2.5e-05
140209,2,2.5e-05
210207,2,2.5e-05
191235,2,2.5e-05
090686,2,2.5e-05
090579,2,2.5e-05
060382,2,2.5e-05
130769,2,2.5e-05
040821,2,2.5e-05
260859,2,2.5e-05
070414,2,2.5e-05
220109,2,2.5e-05
200535,2,2.5e-05
081174,2,2.5e-05
231214,2,2.5e-05
270483,2,2.5e-05
090560,2,2.5e-05
040617,2,2.5e-05
090444,2,2.5e-05
160343,2,2.5e-05
220431,2,2.5e-05
041228,2,2.5e-05
121215,2,2.5e-05
120737,2,2.5e-05
080869,2,2.5e-05
080388,2,2.5e-05
211261,2,2.5e-05
190596,2,2.5e-05
090208,2,2.5e-05
031069,2,2.5e-05
280940,2,2.5e-05
250762,2,2.5e-05
251171,2,2.5e-05
250668,2,2.5e-05
100919,2,2.5e-05
280724,2,2.5e-05
190370,2,2.5e-05
180708,2,2.5e-05
071059,2,2.5e-05
030229,2,2.5e-05
260361,2,2.5e-05
170236,2,2.5e-05
281138,2,2.5e-05
020992,2,2.5e-05
270918,2,2.5e-05
250532,2,2.5e-05
041177,2,2.5e-05
110446,2,2.5e-05
230984,2,2.5e-05
200975,2,2.5e-05
051157,2,2.5e-05
170517,2,2.5e-05
050835,2,2.5e-05
180425,2,2.5e-05
031248,2,2.5e-05
120591,2,2.5e-05
250436,2,2.5e-05
281106,2,2.5e-05
020637,2,2.5e-05
010946,2,2.5e-05
261149,2,2.5e-05
260464,2,2.5e-05
160878,2,2.5e-05
151106,2,2.5e-05
140746,2,2.5e-05
270326,2,2.5e-05
150863,1,1.25e-05
805661,1,1.25e-05
131121,1,1.25e-05
224498,1,1.25e-05
070876,1,1.25e-05
265118,1,1.25e-05
983641,1,1.25e-05
280626,1,1.25e-05
120519,1,1.25e-05
130812,1,1.25e-05
171258,1,1.25e-05
798975,1,1.25e-05
050306,1,1.25e-05
030463,1,1.25e-05
309840,1,1.25e-05
050977,1,1.25e-05
213373,1,1.25e-05
271106,1,1.25e-05
311517,1,1.25e-05
133145,1,1.25e-05
220877,1,1.25e-05
060420,1,1.25e-05
966089,1,1.25e-05
221048,1,1.25e-05
210852,1,1.25e-05
892120,1,1.25e-05
256613,1,1.25e-05
221209,1,1.25e-05
337557,1,1.25e-05
404739,1,1.25e-05
180186,1,1.25e-05
240641,1,1.25e-05
091114,1,1.25e-05
538460,1,1.25e-05
260105,1,1.25e-05
607011,1,1.25e-05
040323,1,1.25e-05
020732,1,1.25e-05
020183,1,1.25e-05
131147,1,1.25e-05
220269,1,1.25e-05
090449,1,1.25e-05
161182,1,1.25e-05
842179,1,1.25e-05
060756,1,1.25e-05
060176,1,1.25e-05
270657,1,1.25e-05
230100,1,1.25e-05
170548,1,1.25e-05
740585,1,1.25e-05
070253,1,1.25e-05
077540,1,1.25e-05
250852,1,1.25e-05
891290,1,1.25e-05
250112,1,1.25e-05
092462,1,1.25e-05
520971,1,1.25e-05
296539,1,1.25e-05
375508,1,1.25e-05
040628,1,1.25e-05
070779,1,1.25e-05
913502,1,1.25e-05
795337,1,1.25e-05
318244,1,1.25e-05
154335,1,1.25e-05
797330,1,1.25e-05
090619,1,1.25e-05
736143,1,1.25e-05
110697,1,1.25e-05
831813,1,1.25e-05
314951,1,1.25e-05
021141,1,1.25e-05
280196,1,1.25e-05
642367,1,1.25e-05
180522,1,1.25e-05
777689,1,1.25e-05
223502,1,1.25e-05
191263,1,1.25e-05
053513,1,1.25e-05
020826,1,1.25e-05
368028,1,1.25e-05
003188,1,1.25e-05
622868,1,1.25e-05
077473,1,1.25e-05
110362,1,1.25e-05
080570,1,1.25e-05
652498,1,1.25e-05
061205,1,1.25e-05
462799,1,1.25e-05
658347,1,1.25e-05
959159,1,1.25e-05
308347,1,1.25e-05
602553,1,1.25e-05
080417,1,1.25e-05
100677,1,1.25e-05
172289,1,1.25e-05
170212,1,1.25e-05
198108,1,1.25e-05
879759,1,1.25e-05
270852,1,1.25e-05
250948,1,1.25e-05
070625,1,1.25e-05
653151,1,1.25e-05
140224,1,1.25e-05
210623,1,1.25e-05
897912,1,1.25e-05
241166,1,1.25e-05
352745,1,1.25e-05
110700,1,1.25e-05
190421,1,1.25e-05
197105,1,1.25e-05
260427,1,1.25e-05
988939,1,1.25e-05
275016,1,1.25e-05
121153,1,1.25e-05
734154,1,1.25e-05
891947,1,1.25e-05
251064,1,1.25e-05
036168,1,1.25e-05
250998,1,1.25e-05
020789,1,1.25e-05
200323,1,1.25e-05
814635,1,1.25e-05
143165,1,1.25e-05
260661,1,1.25e-05
160118,1,1.25e-05
710526,1,1.25e-05
160648,1,1.25e-05
453787,1,1.25e-05
200479,1,1.25e-05
641948,1,1.25e-05
777068,1,1.25e-05
140794,1,1.25e-05
446333,1,1.25e-05
340488,1,1.25e-05
070374,1,1.25e-05
696666,1,1.25e-05
191264,1,1.25e-05
020472,1,1.25e-05
250219,1,1.25e-05
558411,1,1.25e-05
221249,1,1.25e-05
173878,1,1.25e-05
160561,1,1.25e-05
688645,1,1.25e-05
040363,1,1.25e-05
649310,1,1.25e-05
619371,1,1.25e-05
037103,1,1.25e-05
270705,1,1.25e-05
592684,1,1.25e-05
050164,1,1.25e-05
677310,1,1.25e-05
140152,1,1.25e-05
264518,1,1.25e-05
856080,1,1.25e-05
020446,1,1.25e-05
270251,1,1.25e-05
141047,1,1.25e-05
050291,1,1.25e-05
463819,1,1.25e-05
130839,1,1.25e-05
272205,1,1.25e-05
230620,1,1.25e-05
720535,1,1.25e-05
270136,1,1.25e-05
609077,1,1.25e-05
270396,1,1.25e-05
787189,1,1.25e-05
171103,1,1.25e-05
280200,1,1.25e-05
697644,1,1.25e-05
940747,1,1.25e-05
271005,1,1.25e-05
110874,1,1.25e-05
264714,1,1.25e-05
060629,1,1.25e-05
796006,1,1.25e-05
191042,1,1.25e-05
020700,1,1.25e-05
120929,1,1.25e-05
793481,1,1.25e-05
160790,1,1.25e-05
344918,1,1.25e-05
232085,1,1.25e-05
200372,1,1.25e-05
221026,1,1.25e-05
183296,1,1.25e-05
378385,1,1.25e-05
021129,1,1.25e-05
985427,1,1.25e-05
140508,1,1.25e-05
130237,1,1.25e-05
980057,1,1.25e-05
795238,1,1.25e-05
658206,1,1.25e-05
150426,1,1.25e-05
081118,1,1.25e-05
191154,1,1.25e-05
051105,1,1.25e-05
160182,1,1.25e-05
070629,1,1.25e-05
546829,1,1.25e-05
260413,1,1.25e-05
220485,1,1.25e-05
220616,1,1.25e-05
689771,1,1.25e-05
130600,1,1.25e-05
400033,1,1.25e-05
121071,1,1.25e-05
241279,1,1.25e-05
230204,1,1.25e-05
362165,1,1.25e-05
260165,1,1.25e-05
332556,1,1.25e-05
992047,1,1.25e-05
778436,1,1.25e-05
030938,1,1.25e-05
844228,1,1.25e-05
030490,1,1.25e-05
250428,1,1.25e-05
620663,1,1.25e-05
170650,1,1.25e-05
116203,1,1.25e-05
220174,1,1.25e-05
280406,1,1.25e-05
250664,1,1.25e-05
174062,1,1.25e-05
280344,1,1.25e-05
508277,1,1.25e-05
010764,1,1.25e-05
876282,1,1.25e-05
110437,1,1.25e-05
070345,1,1.25e-05
140825,1,1.25e-05
580205,1,1.25e-05
110870,1,1.25e-05
050217,1,1.25e-05
050118,1,1.25e-05
190694,1,1.25e-05
170272,1,1.25e-05
680028,1,1.25e-05
240687,1,1.25e-05
160785,1,1.25e-05
816091,1,1.25e-05
140975,1,1.25e-05
120244,1,1.25e-05
181195,1,1.25e-05
110762,1,1.25e-05
061054,1,1.25e-05
250458,1,1.25e-05
011031,1,1.25e-05
210373,1,1.25e-05
223910,1,1.25e-05
803183,1,1.25e-05
134779,1,1.25e-05
069966,1,1.25e-05
797733,1,1.25e-05
050663,1,1.25e-05
261273,1,1.25e-05
270134,1,1.25e-05
050570,1,1.25e-05
221146,1,1.25e-05
107696,1,1.25e-05
280430,1,1.25e-05
160250,1,1.25e-05
678072,1,1.25e-05
271278,1,1.25e-05
180314,1,1.25e-05
105947,1,1.25e-05
220646,1,1.25e-05
890173,1,1.25e-05
328512,1,1.25e-05
190625,1,1.25e-05
220790,1,1.25e-05
241032,1,1.25e-05
405464,1,1.25e-05
660591,1,1.25e-05
479209,1,1.25e-05
314629,1,1.25e-05
040543,1,1.25e-05
383038,1,1.25e-05
260843,1,1.25e-05
060672,1,1.25e-05
585761,1,1.25e-05
151266,1,1.25e-05
071249,1,1.25e-05
529494,1,1.25e-05
100783,1,1.25e-05
424163,1,1.25e-05
885840,1,1.25e-05
141465,1,1.25e-05
505048,1,1.25e-05
050922,1,1.25e-05
680157,1,1.25e-05
220338,1,1.25e-05
101158,1,1.25e-05
051028,1,1.25e-05
503308,1,1.25e-05
160798,1,1.25e-05
181109,1,1.25e-05
180988,1,1.25e-05
060614,1,1.25e-05
040658,1,1.25e-05
655205,1,1.25e-05
070436,1,1.25e-05
089365,1,1.25e-05
260577,1,1.25e-05
208102,1,1.25e-05
364240,1,1.25e-05
200910,1,1.25e-05
434165,1,1.25e-05
781133,1,1.25e-05
211416,1,1.25e-05
105884,1,1.25e-05
031117,1,1.25e-05
131982,1,1.25e-05
296612,1,1.25e-05
280946,1,1.25e-05
071288,1,1.25e-05
250731,1,1.25e-05
021285,1,1.25e-05
780190,1,1.25e-05
200260,1,1.25e-05
151190,1,1.25e-05
628247,1,1.25e-05
811781,1,1.25e-05
220737,1,1.25e-05
200365,1,1.25e-05
061141,1,1.25e-05
340651,1,1.25e-05
659820,1,1.25e-05
267707,1,1.25e-05
490755,1,1.25e-05
251193,1,1.25e-05
010169,1,1.25e-05
210171,1,1.25e-05
573191,1,1.25e-05
050903,1,1.25e-05
011096,1,1.25e-05
987347,1,1.25e-05
180388,1,1.25e-05
180528,1,1.25e-05
138260,1,1.25e-05
010490,1,1.25e-05
695273,1,1.25e-05
469065,1,1.25e-05
050804,1,1.25e-05
890341,1,1.25e-05
193645,1,1.25e-05
557096,1,1.25e-05
426673,1,1.25e-05
190898,1,1.25e-05
372326,1,1.25e-05
240123,1,1.25e-05
031002,1,1.25e-05
797970,1,1.25e-05
240847,1,1.25e-05
364993,1,1.25e-05
949182,1,1.25e-05
261093,1,1.25e-05
240355,1,1.25e-05
211054,1,1.25e-05
261133,1,1.25e-05
487279,1,1.25e-05
091097,1,1.25e-05
250818,1,1.25e-05
565300,1,1.25e-05
168208,1,1.25e-05
597800,1,1.25e-05
221258,1,1.25e-05
186989,1,1.25e-05
050488,1,1.25e-05
191111,1,1.25e-05
380303,1,1.25e-05
275141,1,1.25e-05
010613,1,1.25e-05
180231,1,1.25e-05
080922,1,1.25e-05
080749,1,1.25e-05
184336,1,1.25e-05
157519,1,1.25e-05
908203,1,1.25e-05
857901,1,1.25e-05
937638,1,1.25e-05
010818,1,1.25e-05
150637,1,1.25e-05
050466,1,1.25e-05
280785,1,1.25e-05
070315,1,1.25e-05
164539,1,1.25e-05
071122,1,1.25e-05
070603,1,1.25e-05
161212,1,1.25e-05
541905,1,1.25e-05
046999,1,1.25e-05
541146,1,1.25e-05
181193,1,1.25e-05
572109,1,1.25e-05
221235,1,1.25e-05
201256,1,1.25e-05
270208,1,1.25e-05
060712,1,1.25e-05
990490,1,1.25e-05
549885,1,1.25e-05
160945,1,1.25e-05
120222,1,1.25e-05
760494,1,1.25e-05
170100,1,1.25e-05
100188,1,1.25e-05
070999,1,1.25e-05
091095,1,1.25e-05
250794,1,1.25e-05
200992,1,1.25e-05
040247,1,1.25e-05
579605,1,1.25e-05
241289,1,1.25e-05
140488,1,1.25e-05
120931,1,1.25e-05
000337,1,1.25e-05
295976,1,1.25e-05
983963,1,1.25e-05
051051,1,1.25e-05
581266,1,1.25e-05
090348,1,1.25e-05
312049,1,1.25e-05
180299,1,1.25e-05
020872,1,1.25e-05
660869,1,1.25e-05
823792,1,1.25e-05
040362,1,1.25e-05
068270,1,1.25e-05
065368,1,1.25e-05
221097,1,1.25e-05
120265,1,1.25e-05
220311,1,1.25e-05
216053,1,1.25e-05
843531,1,1.25e-05
100893,1,1.25e-05
738019,1,1.25e-05
200841,1,1.25e-05
839977,1,1.25e-05
200513,1,1.25e-05
130924,1,1.25e-05
140604,1,1.25e-05
180978,1,1.25e-05
061051,1,1.25e-05
260359,1,1.25e-05
966001,1,1.25e-05
241088,1,1.25e-05
160922,1,1.25e-05
280179,1,1.25e-05
130697,1,1.25e-05
522833,1,1.25e-05
127610,1,1.25e-05
110156,1,1.25e-05
010581,1,1.25e-05
595963,1,1.25e-05
312477,1,1.25e-05
186864,1,1.25e-05
152651,1,1.25e-05
150285,1,1.25e-05
211223,1,1.25e-05
079033,1,1.25e-05
270144,1,1.25e-05
140783,1,1.25e-05
832200,1,1.25e-05
056266,1,1.25e-05
271698,1,1.25e-05
040785,1,1.25e-05
200226,1,1.25e-05
170497,1,1.25e-05
828262,1,1.25e-05
963678,1,1.25e-05
080796,1,1.25e-05
107452,1,1.25e-05
523649,1,1.25e-05
200470,1,1.25e-05
160868,1,1.25e-05
120177,1,1.25e-05
060391,1,1.25e-05
171252,1,1.25e-05
001919,1,1.25e-05
110818,1,1.25e-05
515331,1,1.25e-05
081230,1,1.25e-05
721353,1,1.25e-05
150689,1,1.25e-05
068219,1,1.25e-05
260401,1,1.25e-05
281600,1,1.25e-05
140415,1,1.25e-05
180648,1,1.25e-05
050755,1,1.25e-05
421484,1,1.25e-05
200465,1,1.25e-05
280763,1,1.25e-05
842379,1,1.25e-05
280962,1,1.25e-05
020197,1,1.25e-05
150717,1,1.25e-05
050762,1,1.25e-05
250557,1,1.25e-05
251029,1,1.25e-05
010879,1,1.25e-05
020694,1,1.25e-05
020647,1,1.25e-05
230288,1,1.25e-05
200329,1,1.25e-05
226956,1,1.25e-05
440222,1,1.25e-05
110240,1,1.25e-05
050308,1,1.25e-05
173518,1,1.25e-05
040738,1,1.25e-05
999571,1,1.25e-05
053556,1,1.25e-05
100584,1,1.25e-05
181254,1,1.25e-05
759149,1,1.25e-05
330052,1,1.25e-05
570818,1,1.25e-05
735498,1,1.25e-05
050549,1,1.25e-05
606204,1,1.25e-05
110363,1,1.25e-05
010538,1,1.25e-05
061177,1,1.25e-05
010884,1,1.25e-05
030546,1,1.25e-05
292279,1,1.25e-05
492077,1,1.25e-05
399581,1,1.25e-05
221152,1,1.25e-05
816048,1,1.25e-05
080362,1,1.25e-05
140416,1,1.25e-05
397288,1,1.25e-05
200632,1,1.25e-05
021239,1,1.25e-05
397816,1,1.25e-05
261045,1,1.25e-05
041106,1,1.25e-05
216457,1,1.25e-05
170440,1,1.25e-05
840005,1,1.25e-05
160244,1,1.25e-05
071012,1,1.25e-05
181150,1,1.25e-05
770687,1,1.25e-05
050966,1,1.25e-05
150192,1,1.25e-05
130465,1,1.25e-05
556184,1,1.25e-05
098460,1,1.25e-05
260226,1,1.25e-05
121230,1,1.25e-05
240450,1,1.25e-05
280183,1,1.25e-05
655187,1,1.25e-05
367855,1,1.25e-05
977872,1,1.25e-05
392557,1,1.25e-05
295743,1,1.25e-05
678563,1,1.25e-05
021284,1,1.25e-05
201176,1,1.25e-05
067705,1,1.25e-05
130738,1,1.25e-05
030235,1,1.25e-05
150240,1,1.25e-05
060635,1,1.25e-05
180452,1,1.25e-05
814061,1,1.25e-05
975342,1,1.25e-05
070977,1,1.25e-05
346840,1,1.25e-05
598030,1,1.25e-05
120879,1,1.25e-05
251428,1,1.25e-05
110377,1,1.25e-05
230831,1,1.25e-05
170613,1,1.25e-05
721238,1,1.25e-05
464636,1,1.25e-05
085066,1,1.25e-05
876593,1,1.25e-05
120597,1,1.25e-05
287005,1,1.25e-05
278918,1,1.25e-05
423642,1,1.25e-05
259121,1,1.25e-05
638147,1,1.25e-05
853963,1,1.25e-05
445670,1,1.25e-05
190355,1,1.25e-05
611913,1,1.25e-05
100437,1,1.25e-05
054840,1,1.25e-05
281182,1,1.25e-05
091014,1,1.25e-05
161007,1,1.25e-05
031105,1,1.25e-05
261204,1,1.25e-05
192898,1,1.25e-05
218579,1,1.25e-05
924829,1,1.25e-05
953005,1,1.25e-05
599750,1,1.25e-05
030267,1,1.25e-05
798123,1,1.25e-05
073208,1,1.25e-05
993587,1,1.25e-05
484866,1,1.25e-05
101114,1,1.25e-05
150277,1,1.25e-05
270887,1,1.25e-05
160859,1,1.25e-05
409911,1,1.25e-05
150451,1,1.25e-05
060846,1,1.25e-05
200763,1,1.25e-05
270471,1,1.25e-05
665064,1,1.25e-05
020891,1,1.25e-05
721484,1,1.25e-05
730453,1,1.25e-05
090952,1,1.25e-05
537272,1,1.25e-05
754397,1,1.25e-05
067597,1,1.25e-05
281001,1,1.25e-05
296740,1,1.25e-05
258343,1,1.25e-05
663976,1,1.25e-05
318071,1,1.25e-05
043407,1,1.25e-05
030161,1,1.25e-05
010839,1,1.25e-05
100229,1,1.25e-05
200196,1,1.25e-05
416140,1,1.25e-05
230571,1,1.25e-05
829591,1,1.25e-05
920801,1,1.25e-05
174255,1,1.25e-05
130262,1,1.25e-05
120405,1,1.25e-05
270488,1,1.25e-05
091298,1,1.25e-05
100292,1,1.25e-05
100344,1,1.25e-05
541053,1,1.25e-05
051042,1,1.25e-05
960512,1,1.25e-05
955551,1,1.25e-05
150291,1,1.25e-05
202142,1,1.25e-05
377531,1,1.25e-05
797423,1,1.25e-05
208118,1,1.25e-05
473936,1,1.25e-05
140131,1,1.25e-05
770752,1,1.25e-05
200326,1,1.25e-05
087904,1,1.25e-05
200220,1,1.25e-05
360137,1,1.25e-05
858029,1,1.25e-05
251107,1,1.25e-05
100719,1,1.25e-05
767444,1,1.25e-05
941685,1,1.25e-05
182155,1,1.25e-05
674538,1,1.25e-05
130403,1,1.25e-05
187694,1,1.25e-05
002649,1,1.25e-05
020332,1,1.25e-05
544315,1,1.25e-05
396105,1,1.25e-05
088896,1,1.25e-05
221259,1,1.25e-05
150642,1,1.25e-05
090528,1,1.25e-05
507157,1,1.25e-05
229045,1,1.25e-05
442984,1,1.25e-05
190704,1,1.25e-05
041235,1,1.25e-05
705821,1,1.25e-05
181102,1,1.25e-05
456288,1,1.25e-05
478370,1,1.25e-05
339557,1,1.25e-05
830829,1,1.25e-05
899246,1,1.25e-05
180198,1,1.25e-05
079826,1,1.25e-05
230725,1,1.25e-05
221271,1,1.25e-05
681349,1,1.25e-05
766872,1,1.25e-05
060851,1,1.25e-05
101241,1,1.25e-05
241258,1,1.25e-05
804881,1,1.25e-05
280818,1,1.25e-05
060118,1,1.25e-05
096139,1,1.25e-05
281130,1,1.25e-05
770805,1,1.25e-05
100931,1,1.25e-05
080221,1,1.25e-05
060512,1,1.25e-05
190863,1,1.25e-05
260842,1,1.25e-05
181055,1,1.25e-05
060573,1,1.25e-05
080925,1,1.25e-05
260400,1,1.25e-05
140586,1,1.25e-05
801112,1,1.25e-05
050899,1,1.25e-05
444489,1,1.25e-05
160476,1,1.25e-05
329780,1,1.25e-05
589810,1,1.25e-05
270788,1,1.25e-05
100727,1,1.25e-05
200240,1,1.25e-05
151034,1,1.25e-05
957585,1,1.25e-05
833689,1,1.25e-05
300681,1,1.25e-05
162704,1,1.25e-05
191140,1,1.25e-05
476070,1,1.25e-05
240964,1,1.25e-05
758294,1,1.25e-05
903621,1,1.25e-05
090514,1,1.25e-05
426704,1,1.25e-05
750151,1,1.25e-05
220785,1,1.25e-05
120478,1,1.25e-05
599125,1,1.25e-05
120995,1,1.25e-05
140158,1,1.25e-05
899243,1,1.25e-05
951512,1,1.25e-05
050842,1,1.25e-05
091074,1,1.25e-05
260178,1,1.25e-05
260802,1,1.25e-05
016009,1,1.25e-05
398008,1,1.25e-05
191031,1,1.25e-05
102870,1,1.25e-05
001772,1,1.25e-05
160272,1,1.25e-05
786854,1,1.25e-05
170506,1,1.25e-05
517630,1,1.25e-05
201281,1,1.25e-05
588544,1,1.25e-05
997102,1,1.25e-05
070365,1,1.25e-05
251278,1,1.25e-05
855874,1,1.25e-05
402290,1,1.25e-05
919635,1,1.25e-05
028928,1,1.25e-05
338906,1,1.25e-05
987306,1,1.25e-05
392393,1,1.25e-05
110956,1,1.25e-05
070676,1,1.25e-05
090111,1,1.25e-05
625606,1,1.25e-05
800478,1,1.25e-05
190717,1,1.25e-05
190786,1,1.25e-05
220749,1,1.25e-05
041265,1,1.25e-05
602049,1,1.25e-05
080866,1,1.25e-05
080473,1,1.25e-05
030258,1,1.25e-05
031175,1,1.25e-05
956742,1,1.25e-05
110233,1,1.25e-05
130453,1,1.25e-05
160236,1,1.25e-05
591199,1,1.25e-05
040664,1,1.25e-05
220478,1,1.25e-05
041289,1,1.25e-05
825866,1,1.25e-05
050407,1,1.25e-05
254924,1,1.25e-05
271037,1,1.25e-05
180387,1,1.25e-05
853720,1,1.25e-05
711848,1,1.25e-05
002166,1,1.25e-05
260889,1,1.25e-05
070906,1,1.25e-05
080411,1,1.25e-05
041599,1,1.25e-05
090309,1,1.25e-05
550690,1,1.25e-05
051171,1,1.25e-05
161194,1,1.25e-05
454197,1,1.25e-05
230318,1,1.25e-05
130499,1,1.25e-05
160279,1,1.25e-05
161214,1,1.25e-05
919098,1,1.25e-05
061014,1,1.25e-05
060665,1,1.25e-05
618157,1,1.25e-05
121174,1,1.25e-05
121195,1,1.25e-05
280444,1,1.25e-05
132989,1,1.25e-05
031171,1,1.25e-05
889705,1,1.25e-05
020225,1,1.25e-05
050216,1,1.25e-05
050373,1,1.25e-05
240724,1,1.25e-05
161086,1,1.25e-05
020753,1,1.25e-05
648741,1,1.25e-05
220281,1,1.25e-05
194387,1,1.25e-05
904719,1,1.25e-05
020880,1,1.25e-05
150628,1,1.25e-05
030545,1,1.25e-05
799749,1,1.25e-05
150509,1,1.25e-05
577937,1,1.25e-05
657766,1,1.25e-05
100369,1,1.25e-05
270977,1,1.25e-05
140417,1,1.25e-05
857920,1,1.25e-05
020123,1,1.25e-05
100814,1,1.25e-05
419170,1,1.25e-05
991968,1,1.25e-05
655813,1,1.25e-05
231294,1,1.25e-05
345366,1,1.25e-05
250934,1,1.25e-05
210630,1,1.25e-05
090272,1,1.25e-05
200625,1,1.25e-05
353934,1,1.25e-05
120144,1,1.25e-05
497350,1,1.25e-05
061264,1,1.25e-05
070194,1,1.25e-05
171041,1,1.25e-05
160409,1,1.25e-05
095283,1,1.25e-05
968390,1,1.25e-05
488311,1,1.25e-05
836330,1,1.25e-05
010150,1,1.25e-05
163633,1,1.25e-05
280849,1,1.25e-05
097949,1,1.25e-05
180453,1,1.25e-05
226538,1,1.25e-05
037167,1,1.25e-05
230516,1,1.25e-05
140132,1,1.25e-05
285569,1,1.25e-05
180557,1,1.25e-05
918117,1,1.25e-05
177721,1,1.25e-05
756419,1,1.25e-05
383057,1,1.25e-05
281162,1,1.25e-05
040716,1,1.25e-05
190951,1,1.25e-05
170477,1,1.25e-05
270854,1,1.25e-05
170419,1,1.25e-05
205813,1,1.25e-05
260978,1,1.25e-05
742464,1,1.25e-05
140520,1,1.25e-05
071124,1,1.25e-05
120691,1,1.25e-05
150888,1,1.25e-05
959190,1,1.25e-05
282141,1,1.25e-05
602443,1,1.25e-05
441185,1,1.25e-05
050758,1,1.25e-05
442059,1,1.25e-05
180430,1,1.25e-05
832037,1,1.25e-05
240957,1,1.25e-05
030117,1,1.25e-05
993343,1,1.25e-05
330315,1,1.25e-05
171207,1,1.25e-05
237232,1,1.25e-05
930704,1,1.25e-05
180414,1,1.25e-05
644467,1,1.25e-05
809985,1,1.25e-05
171092,1,1.25e-05
200259,1,1.25e-05
100108,1,1.25e-05
170668,1,1.25e-05
170662,1,1.25e-05
281275,1,1.25e-05
636104,1,1.25e-05
757312,1,1.25e-05
397324,1,1.25e-05
270752,1,1.25e-05
044072,1,1.25e-05
478912,1,1.25e-05
115529,1,1.25e-05
110413,1,1.25e-05
934419,1,1.25e-05
260331,1,1.25e-05
080792,1,1.25e-05
957817,1,1.25e-05
728579,1,1.25e-05
980309,1,1.25e-05
140955,1,1.25e-05
271175,1,1.25e-05
140558,1,1.25e-05
023792,1,1.25e-05
603611,1,1.25e-05
186028,1,1.25e-05
640772,1,1.25e-05
982411,1,1.25e-05
604219,1,1.25e-05
418551,1,1.25e-05
193572,1,1.25e-05
214424,1,1.25e-05
050297,1,1.25e-05
583787,1,1.25e-05
260619,1,1.25e-05
111495,1,1.25e-05
200495,1,1.25e-05
220802,1,1.25e-05
104313,1,1.25e-05
058310,1,1.25e-05
153914,1,1.25e-05
056768,1,1.25e-05
030205,1,1.25e-05
093098,1,1.25e-05
130561,1,1.25e-05
120783,1,1.25e-05
280890,1,1.25e-05
954714,1,1.25e-05
130911,1,1.25e-05
050243,1,1.25e-05
121257,1,1.25e-05
340982,1,1.25e-05
180864,1,1.25e-05
090956,1,1.25e-05
721816,1,1.25e-05
861833,1,1.25e-05
374577,1,1.25e-05
222594,1,1.25e-05
180912,1,1.25e-05
040972,1,1.25e-05
150928,1,1.25e-05
063816,1,1.25e-05
890324,1,1.25e-05
191122,1,1.25e-05
100384,1,1.25e-05
401628,1,1.25e-05
801935,1,1.25e-05
077229,1,1.25e-05
500899,1,1.25e-05
100671,1,1.25e-05
180235,1,1.25e-05
735037,1,1.25e-05
131043,1,1.25e-05
619813,1,1.25e-05
195996,1,1.25e-05
060501,1,1.25e-05
690738,1,1.25e-05
010965,1,1.25e-05
070442,1,1.25e-05
261140,1,1.25e-05
070434,1,1.25e-05
701538,1,1.25e-05
170285,1,1.25e-05
792380,1,1.25e-05
050725,1,1.25e-05
110726,1,1.25e-05
762051,1,1.25e-05
250925,1,1.25e-05
130693,1,1.25e-05
040883,1,1.25e-05
795458,1,1.25e-05
091210,1,1.25e-05
428040,1,1.25e-05
511920,1,1.25e-05
040509,1,1.25e-05
852786,1,1.25e-05
944681,1,1.25e-05
120530,1,1.25e-05
111125,1,1.25e-05
583600,1,1.25e-05
130265,1,1.25e-05
200876,1,1.25e-05
030482,1,1.25e-05
061026,1,1.25e-05
012901,1,1.25e-05
100738,1,1.25e-05
394731,1,1.25e-05
193472,1,1.25e-05
592062,1,1.25e-05
347897,1,1.25e-05
310941,1,1.25e-05
170839,1,1.25e-05
260925,1,1.25e-05
030162,1,1.25e-05
057466,1,1.25e-05
040711,1,1.25e-05
170118,1,1.25e-05
790224,1,1.25e-05
250268,1,1.25e-05
491591,1,1.25e-05
644412,1,1.25e-05
170983,1,1.25e-05
157950,1,1.25e-05
130793,1,1.25e-05
318160,1,1.25e-05
083838,1,1.25e-05
230616,1,1.25e-05
498557,1,1.25e-05
070238,1,1.25e-05
328556,1,1.25e-05
190968,1,1.25e-05
408096,1,1.25e-05
250257,1,1.25e-05
030650,1,1.25e-05
141249,1,1.25e-05
071253,1,1.25e-05
071273,1,1.25e-05
270338,1,1.25e-05
169847,1,1.25e-05
030148,1,1.25e-05
260126,1,1.25e-05
517191,1,1.25e-05
120174,1,1.25e-05
066549,1,1.25e-05
060241,1,1.25e-05
170706,1,1.25e-05
190453,1,1.25e-05
315326,1,1.25e-05
170407,1,1.25e-05
922889,1,1.25e-05
891214,1,1.25e-05
110470,1,1.25e-05
500242,1,1.25e-05
281266,1,1.25e-05
040324,1,1.25e-05
240411,1,1.25e-05
989984,1,1.25e-05
723866,1,1.25e-05
889000,1,1.25e-05
967115,1,1.25e-05
796029,1,1.25e-05
151153,1,1.25e-05
370277,1,1.25e-05
713465,1,1.25e-05
399124,1,1.25e-05
669367,1,1.25e-05
100499,1,1.25e-05
026207,1,1.25e-05
161108,1,1.25e-05
210719,1,1.25e-05
550051,1,1.25e-05
840368,1,1.25e-05
292652,1,1.25e-05
845435,1,1.25e-05
280622,1,1.25e-05
130781,1,1.25e-05
423965,1,1.25e-05
804153,1,1.25e-05
141282,1,1.25e-05
880050,1,1.25e-05
377302,1,1.25e-05
070129,1,1.25e-05
368338,1,1.25e-05
271036,1,1.25e-05
186579,1,1.25e-05
803058,1,1.25e-05
221277,1,1.25e-05
452760,1,1.25e-05
271177,1,1.25e-05
049014,1,1.25e-05
060671,1,1.25e-05
110886,1,1.25e-05
031052,1,1.25e-05
603019,1,1.25e-05
080707,1,1.25e-05
240312,1,1.25e-05
738196,1,1.25e-05
270265,1,1.25e-05
964765,1,1.25e-05
131255,1,1.25e-05
200986,1,1.25e-05
070385,1,1.25e-05
230875,1,1.25e-05
626892,1,1.25e-05
808978,1,1.25e-05
747316,1,1.25e-05
200617,1,1.25e-05
171199,1,1.25e-05
080949,1,1.25e-05
976256,1,1.25e-05
700207,1,1.25e-05
151073,1,1.25e-05
080655,1,1.25e-05
777534,1,1.25e-05
010948,1,1.25e-05
260702,1,1.25e-05
230957,1,1.25e-05
393357,1,1.25e-05
517991,1,1.25e-05
030671,1,1.25e-05
050288,1,1.25e-05
916307,1,1.25e-05
120976,1,1.25e-05
100309,1,1.25e-05
937103,1,1.25e-05
230691,1,1.25e-05
200460,1,1.25e-05
191141,1,1.25e-05
595980,1,1.25e-05
040635,1,1.25e-05
041155,1,1.25e-05
180485,1,1.25e-05
021290,1,1.25e-05
061016,1,1.25e-05
249717,1,1.25e-05
953178,1,1.25e-05
382866,1,1.25e-05
023297,1,1.25e-05
694759,1,1.25e-05
220486,1,1.25e-05
230299,1,1.25e-05
089539,1,1.25e-05
718115,1,1.25e-05
851521,1,1.25e-05
789891,1,1.25e-05
210392,1,1.25e-05
679368,1,1.25e-05
951562,1,1.25e-05
160126,1,1.25e-05
170368,1,1.25e-05
081114,1,1.25e-05
010563,1,1.25e-05
260189,1,1.25e-05
120769,1,1.25e-05
145619,1,1.25e-05
726877,1,1.25e-05
050178,1,1.25e-05
080372,1,1.25e-05
444284,1,1.25e-05
376941,1,1.25e-05
526914,1,1.25e-05
040114,1,1.25e-05
260444,1,1.25e-05
061040,1,1.25e-05
519089,1,1.25e-05
010679,1,1.25e-05
030300,1,1.25e-05
241118,1,1.25e-05
202536,1,1.25e-05
752070,1,1.25e-05
805556,1,1.25e-05
161047,1,1.25e-05
655253,1,1.25e-05
160489,1,1.25e-05
110603,1,1.25e-05
030659,1,1.25e-05
160406,1,1.25e-05
091155,1,1.25e-05
100228,1,1.25e-05
031214,1,1.25e-05
507934,1,1.25e-05
837872,1,1.25e-05
260626,1,1.25e-05
581843,1,1.25e-05
200790,1,1.25e-05
130672,1,1.25e-05
220475,1,1.25e-05
130360,1,1.25e-05
503335,1,1.25e-05
649992,1,1.25e-05
275416,1,1.25e-05
281233,1,1.25e-05
420043,1,1.25e-05
232327,1,1.25e-05
111199,1,1.25e-05
639245,1,1.25e-05
150213,1,1.25e-05
516388,1,1.25e-05
356071,1,1.25e-05
453902,1,1.25e-05
200270,1,1.25e-05
604441,1,1.25e-05
949449,1,1.25e-05
211053,1,1.25e-05
230103,1,1.25e-05
060228,1,1.25e-05
955456,1,1.25e-05
040958,1,1.25e-05
100442,1,1.25e-05
230971,1,1.25e-05
160319,1,1.25e-05
160495,1,1.25e-05
472129,1,1.25e-05
160433,1,1.25e-05
640671,1,1.25e-05
110149,1,1.25e-05
293328,1,1.25e-05
270730,1,1.25e-05
461721,1,1.25e-05
210705,1,1.25e-05
372786,1,1.25e-05
120426,1,1.25e-05
030790,1,1.25e-05
160149,1,1.25e-05
117221,1,1.25e-05
186326,1,1.25e-05
757788,1,1.25e-05
050681,1,1.25e-05
201277,1,1.25e-05
030548,1,1.25e-05
990673,1,1.25e-05
467296,1,1.25e-05
343684,1,1.25e-05
260515,1,1.25e-05
180371,1,1.25e-05
150807,1,1.25e-05
110837,1,1.25e-05
651017,1,1.25e-05
957863,1,1.25e-05
592523,1,1.25e-05
090353,1,1.25e-05
070837,1,1.25e-05
327876,1,1.25e-05
628854,1,1.25e-05
080104,1,1.25e-05
417657,1,1.25e-05
569543,1,1.25e-05
220456,1,1.25e-05
698672,1,1.25e-05
012356,1,1.25e-05
073514,1,1.25e-05
230457,1,1.25e-05
275840,1,1.25e-05
191045,1,1.25e-05
099080,1,1.25e-05
930215,1,1.25e-05
031096,1,1.25e-05
183879,1,1.25e-05
263560,1,1.25e-05
147892,1,1.25e-05
070490,1,1.25e-05
130061,1,1.25e-05
077210,1,1.25e-05
110823,1,1.25e-05
782989,1,1.25e-05
351938,1,1.25e-05
565627,1,1.25e-05
685820,1,1.25e-05
080625,1,1.25e-05
200119,1,1.25e-05
021060,1,1.25e-05
270541,1,1.25e-05
283229,1,1.25e-05
080230,1,1.25e-05
190380,1,1.25e-05
201211,1,1.25e-05
090876,1,1.25e-05
027221,1,1.25e-05
150872,1,1.25e-05
080544,1,1.25e-05
220822,1,1.25e-05
078245,1,1.25e-05
130966,1,1.25e-05
804918,1,1.25e-05
850631,1,1.25e-05
060952,1,1.25e-05
114352,1,1.25e-05
251246,1,1.25e-05
090776,1,1.25e-05
226912,1,1.25e-05
461930,1,1.25e-05
102144,1,1.25e-05
150159,1,1.25e-05
110261,1,1.25e-05
180709,1,1.25e-05
800023,1,1.25e-05
111418,1,1.25e-05
200684,1,1.25e-05
967360,1,1.25e-05
240743,1,1.25e-05
231089,1,1.25e-05
130176,1,1.25e-05
040784,1,1.25e-05
276451,1,1.25e-05
011163,1,1.25e-05
241005,1,1.25e-05
121233,1,1.25e-05
368781,1,1.25e-05
663528,1,1.25e-05
217524,1,1.25e-05
010133,1,1.25e-05
230427,1,1.25e-05
010202,1,1.25e-05
881263,1,1.25e-05
110815,1,1.25e-05
628666,1,1.25e-05
380980,1,1.25e-05
091252,1,1.25e-05
091045,1,1.25e-05
090682,1,1.25e-05
011007,1,1.25e-05
110847,1,1.25e-05
229822,1,1.25e-05
180360,1,1.25e-05
180482,1,1.25e-05
743352,1,1.25e-05
170155,1,1.25e-05
180806,1,1.25e-05
160306,1,1.25e-05
850840,1,1.25e-05
112536,1,1.25e-05
818378,1,1.25e-05
100375,1,1.25e-05
051037,1,1.25e-05
011182,1,1.25e-05
673962,1,1.25e-05
022284,1,1.25e-05
080900,1,1.25e-05
018588,1,1.25e-05
220093,1,1.25e-05
355132,1,1.25e-05
150107,1,1.25e-05
070985,1,1.25e-05
119410,1,1.25e-05
100615,1,1.25e-05
627975,1,1.25e-05
470965,1,1.25e-05
131614,1,1.25e-05
341241,1,1.25e-05
613062,1,1.25e-05
581046,1,1.25e-05
170736,1,1.25e-05
630309,1,1.25e-05
240277,1,1.25e-05
483179,1,1.25e-05
948069,1,1.25e-05
040508,1,1.25e-05
773509,1,1.25e-05
021203,1,1.25e-05
972828,1,1.25e-05
438469,1,1.25e-05
241137,1,1.25e-05
825204,1,1.25e-05
020195,1,1.25e-05
280667,1,1.25e-05
539707,1,1.25e-05
787101,1,1.25e-05
237678,1,1.25e-05
180997,1,1.25e-05
896536,1,1.25e-05
021111,1,1.25e-05
782866,1,1.25e-05
430209,1,1.25e-05
050889,1,1.25e-05
230732,1,1.25e-05
920488,1,1.25e-05
240628,1,1.25e-05
250769,1,1.25e-05
203249,1,1.25e-05
733968,1,1.25e-05
237926,1,1.25e-05
749788,1,1.25e-05
687390,1,1.25e-05
848701,1,1.25e-05
919437,1,1.25e-05
712074,1,1.25e-05
041107,1,1.25e-05
120582,1,1.25e-05
853939,1,1.25e-05
130343,1,1.25e-05
771984,1,1.25e-05
050448,1,1.25e-05
127253,1,1.25e-05
121231,1,1.25e-05
231079,1,1.25e-05
260926,1,1.25e-05
070645,1,1.25e-05
445779,1,1.25e-05
578784,1,1.25e-05
455151,1,1.25e-05
100209,1,1.25e-05
241875,1,1.25e-05
659134,1,1.25e-05
219233,1,1.25e-05
787276,1,1.25e-05
733607,1,1.25e-05
010806,1,1.25e-05
293108,1,1.25e-05
692889,1,1.25e-05
474037,1,1.25e-05
260965,1,1.25e-05
684742,1,1.25e-05
906141,1,1.25e-05
080113,1,1.25e-05
654472,1,1.25e-05
121042,1,1.25e-05
060739,1,1.25e-05
251227,1,1.25e-05
268926,1,1.25e-05
121391,1,1.25e-05
230893,1,1.25e-05
080355,1,1.25e-05
220264,1,1.25e-05
092732,1,1.25e-05
261067,1,1.25e-05
231065,1,1.25e-05
210160,1,1.25e-05
341203,1,1.25e-05
389223,1,1.25e-05
140831,1,1.25e-05
230857,1,1.25e-05
120704,1,1.25e-05
707077,1,1.25e-05
190576,1,1.25e-05
776220,1,1.25e-05
293814,1,1.25e-05
745813,1,1.25e-05
110382,1,1.25e-05
091274,1,1.25e-05
563217,1,1.25e-05
181088,1,1.25e-05
130195,1,1.25e-05
122149,1,1.25e-05
242348,1,1.25e-05
210252,1,1.25e-05
231575,1,1.25e-05
338730,1,1.25e-05
024176,1,1.25e-05
764252,1,1.25e-05
151183,1,1.25e-05
110589,1,1.25e-05
131285,1,1.25e-05
653217,1,1.25e-05
522661,1,1.25e-05
303289,1,1.25e-05
833815,1,1.25e-05
370779,1,1.25e-05
201157,1,1.25e-05
757578,1,1.25e-05
021089,1,1.25e-05
134212,1,1.25e-05
519298,1,1.25e-05
040385,1,1.25e-05
160326,1,1.25e-05
230609,1,1.25e-05
130940,1,1.25e-05
220738,1,1.25e-05
389279,1,1.25e-05
030629,1,1.25e-05
240127,1,1.25e-05
240393,1,1.25e-05
195703,1,1.25e-05
120768,1,1.25e-05
220707,1,1.25e-05
210244,1,1.25e-05
888082,1,1.25e-05
120325,1,1.25e-05
338972,1,1.25e-05
697933,1,1.25e-05
746261,1,1.25e-05
140494,1,1.25e-05
100389,1,1.25e-05
280224,1,1.25e-05
348598,1,1.25e-05
015291,1,1.25e-05
723254,1,1.25e-05
164221,1,1.25e-05
250669,1,1.25e-05
977677,1,1.25e-05
250676,1,1.25e-05
599678,1,1.25e-05
780409,1,1.25e-05
150508,1,1.25e-05
010467,1,1.25e-05
210649,1,1.25e-05
733778,1,1.25e-05
959693,1,1.25e-05
120150,1,1.25e-05
260916,1,1.25e-05
160331,1,1.25e-05
163327,1,1.25e-05
280409,1,1.25e-05
702022,1,1.25e-05
220890,1,1.25e-05
043121,1,1.25e-05
613401,1,1.25e-05
600782,1,1.25e-05
722487,1,1.25e-05
080607,1,1.25e-05
434789,1,1.25e-05
011095,1,1.25e-05
071056,1,1.25e-05
231126,1,1.25e-05
354776,1,1.25e-05
070323,1,1.25e-05
061253,1,1.25e-05
050113,1,1.25e-05
280198,1,1.25e-05
150190,1,1.25e-05
031049,1,1.25e-05
231084,1,1.25e-05
390084,1,1.25e-05
111176,1,1.25e-05
050142,1,1.25e-05
315917,1,1.25e-05
091146,1,1.25e-05
290468,1,1.25e-05
200721,1,1.25e-05
686554,1,1.25e-05
030779,1,1.25e-05
021059,1,1.25e-05
131609,1,1.25e-05
421900,1,1.25e-05
170410,1,1.25e-05
171186,1,1.25e-05
241253,1,1.25e-05
348408,1,1.25e-05
250677,1,1.25e-05
090564,1,1.25e-05
200350,1,1.25e-05
313734,1,1.25e-05
171292,1,1.25e-05
617717,1,1.25e-05
170464,1,1.25e-05
690378,1,1.25e-05
181170,1,1.25e-05
999415,1,1.25e-05
482653,1,1.25e-05
190745,1,1.25e-05
958508,1,1.25e-05
179888,1,1.25e-05
230360,1,1.25e-05
160527,1,1.25e-05
905093,1,1.25e-05
189582,1,1.25e-05
283883,1,1.25e-05
160396,1,1.25e-05
180914,1,1.25e-05
870375,1,1.25e-05
040284,1,1.25e-05
331891,1,1.25e-05
080739,1,1.25e-05
240851,1,1.25e-05
070798,1,1.25e-05
627730,1,1.25e-05
060897,1,1.25e-05
080142,1,1.25e-05
690630,1,1.25e-05
199594,1,1.25e-05
160683,1,1.25e-05
571446,1,1.25e-05
201181,1,1.25e-05
827193,1,1.25e-05
150330,1,1.25e-05
130155,1,1.25e-05
160927,1,1.25e-05
080240,1,1.25e-05
433931,1,1.25e-05
050710,1,1.25e-05
020369,1,1.25e-05
421033,1,1.25e-05
798869,1,1.25e-05
241099,1,1.25e-05
768538,1,1.25e-05
449771,1,1.25e-05
231243,1,1.25e-05
440837,1,1.25e-05
892265,1,1.25e-05
202525,1,1.25e-05
540454,1,1.25e-05
335825,1,1.25e-05
221256,1,1.25e-05
345186,1,1.25e-05
153999,1,1.25e-05
236639,1,1.25e-05
118906,1,1.25e-05
040308,1,1.25e-05
020773,1,1.25e-05
150305,1,1.25e-05
210408,1,1.25e-05
410252,1,1.25e-05
230791,1,1.25e-05
111077,1,1.25e-05
081193,1,1.25e-05
251295,1,1.25e-05
040776,1,1.25e-05
180451,1,1.25e-05
260191,1,1.25e-05
524263,1,1.25e-05
101165,1,1.25e-05
220569,1,1.25e-05
963826,1,1.25e-05
808903,1,1.25e-05
680363,1,1.25e-05
101113,1,1.25e-05
007980,1,1.25e-05
270765,1,1.25e-05
734072,1,1.25e-05
594666,1,1.25e-05
160493,1,1.25e-05
557993,1,1.25e-05
131151,1,1.25e-05
804092,1,1.25e-05
050474,1,1.25e-05
881115,1,1.25e-05
220301,1,1.25e-05
152721,1,1.25e-05
090736,1,1.25e-05
101142,1,1.25e-05
988214,1,1.25e-05
080731,1,1.25e-05
832998,1,1.25e-05
868847,1,1.25e-05
657648,1,1.25e-05
240332,1,1.25e-05
100951,1,1.25e-05
817221,1,1.25e-05
100253,1,1.25e-05
024822,1,1.25e-05
407366,1,1.25e-05
161243,1,1.25e-05
200013,1,1.25e-05
030261,1,1.25e-05
727846,1,1.25e-05
070543,1,1.25e-05
051283,1,1.25e-05
281595,1,1.25e-05
738655,1,1.25e-05
276096,1,1.25e-05
250405,1,1.25e-05
240867,1,1.25e-05
516540,1,1.25e-05
281298,1,1.25e-05
941859,1,1.25e-05
260477,1,1.25e-05
020804,1,1.25e-05
611612,1,1.25e-05
120339,1,1.25e-05
141227,1,1.25e-05
915687,1,1.25e-05
076370,1,1.25e-05
616893,1,1.25e-05
860255,1,1.25e-05
677676,1,1.25e-05
670512,1,1.25e-05
907780,1,1.25e-05
180355,1,1.25e-05
051492,1,1.25e-05
615308,1,1.25e-05
280222,1,1.25e-05
143626,1,1.25e-05
120280,1,1.25e-05
050257,1,1.25e-05
478494,1,1.25e-05
889734,1,1.25e-05
130558,1,1.25e-05
569698,1,1.25e-05
040788,1,1.25e-05
160783,1,1.25e-05
619631,1,1.25e-05
998765,1,1.25e-05
383627,1,1.25e-05
270743,1,1.25e-05
211128,1,1.25e-05
467497,1,1.25e-05
881876,1,1.25e-05
190390,1,1.25e-05
475257,1,1.25e-05
162308,1,1.25e-05
416453,1,1.25e-05
743839,1,1.25e-05
060891,1,1.25e-05
319090,1,1.25e-05
151234,1,1.25e-05
124031,1,1.25e-05
110497,1,1.25e-05
110510,1,1.25e-05
517879,1,1.25e-05
180880,1,1.25e-05
040336,1,1.25e-05
241276,1,1.25e-05
280942,1,1.25e-05
230837,1,1.25e-05
952111,1,1.25e-05
410975,1,1.25e-05
091228,1,1.25e-05
011014,1,1.25e-05
220696,1,1.25e-05
100361,1,1.25e-05
041063,1,1.25e-05
031282,1,1.25e-05
031059,1,1.25e-05
868325,1,1.25e-05
021286,1,1.25e-05
250528,1,1.25e-05
643072,1,1.25e-05
210640,1,1.25e-05
015310,1,1.25e-05
729417,1,1.25e-05
060217,1,1.25e-05
486752,1,1.25e-05
170791,1,1.25e-05
051093,1,1.25e-05
325714,1,1.25e-05
001291,1,1.25e-05
053402,1,1.25e-05
488619,1,1.25e-05
140374,1,1.25e-05
070715,1,1.25e-05
608594,1,1.25e-05
390497,1,1.25e-05
011116,1,1.25e-05
190800,1,1.25e-05
443775,1,1.25e-05
221166,1,1.25e-05
020201,1,1.25e-05
228767,1,1.25e-05
952646,1,1.25e-05
960063,1,1.25e-05
070222,1,1.25e-05
100319,1,1.25e-05
328067,1,1.25e-05
190848,1,1.25e-05
260767,1,1.25e-05
931929,1,1.25e-05
010450,1,1.25e-05
160384,1,1.25e-05
670789,1,1.25e-05
200183,1,1.25e-05
788906,1,1.25e-05
577750,1,1.25e-05
046594,1,1.25e-05
240541,1,1.25e-05
210663,1,1.25e-05
260581,1,1.25e-05
260233,1,1.25e-05
721952,1,1.25e-05
050445,1,1.25e-05
562095,1,1.25e-05
790762,1,1.25e-05
563443,1,1.25e-05
060169,1,1.25e-05
120464,1,1.25e-05
030538,1,1.25e-05
021183,1,1.25e-05
241043,1,1.25e-05
030819,1,1.25e-05
645575,1,1.25e-05
200695,1,1.25e-05
231055,1,1.25e-05
200672,1,1.25e-05
260457,1,1.25e-05
280408,1,1.25e-05
151294,1,1.25e-05
239963,1,1.25e-05
320763,1,1.25e-05
061223,1,1.25e-05
416821,1,1.25e-05
191095,1,1.25e-05
180989,1,1.25e-05
498699,1,1.25e-05
121265,1,1.25e-05
558070,1,1.25e-05
121080,1,1.25e-05
289596,1,1.25e-05
871353,1,1.25e-05
130643,1,1.25e-05
116356,1,1.25e-05
871772,1,1.25e-05
120581,1,1.25e-05
050583,1,1.25e-05
093747,1,1.25e-05
110959,1,1.25e-05
190173,1,1.25e-05
570811,1,1.25e-05
180232,1,1.25e-05
709006,1,1.25e-05
138987,1,1.25e-05
931754,1,1.25e-05
357366,1,1.25e-05
220217,1,1.25e-05
110386,1,1.25e-05
912720,1,1.25e-05
188940,1,1.25e-05
177200,1,1.25e-05
009943,1,1.25e-05
695178,1,1.25e-05
070820,1,1.25e-05
060661,1,1.25e-05
140396,1,1.25e-05
231254,1,1.25e-05
521015,1,1.25e-05
141787,1,1.25e-05
494073,1,1.25e-05
270287,1,1.25e-05
200654,1,1.25e-05
491665,1,1.25e-05
060344,1,1.25e-05
021016,1,1.25e-05
180976,1,1.25e-05
116794,1,1.25e-05
346380,1,1.25e-05
100682,1,1.25e-05
020911,1,1.25e-05
748271,1,1.25e-05
200812,1,1.25e-05
100517,1,1.25e-05
835467,1,1.25e-05
788577,1,1.25e-05
556177,1,1.25e-05
900458,1,1.25e-05
928362,1,1.25e-05
367151,1,1.25e-05
260650,1,1.25e-05
180745,1,1.25e-05
018269,1,1.25e-05
010116,1,1.25e-05
425236,1,1.25e-05
863185,1,1.25e-05
926414,1,1.25e-05
939082,1,1.25e-05
050905,1,1.25e-05
250969,1,1.25e-05
180832,1,1.25e-05
021197,1,1.25e-05
030992,1,1.25e-05
884285,1,1.25e-05
236848,1,1.25e-05
220756,1,1.25e-05
778352,1,1.25e-05
090717,1,1.25e-05
252975,1,1.25e-05
140734,1,1.25e-05
525967,1,1.25e-05
060121,1,1.25e-05
197412,1,1.25e-05
100463,1,1.25e-05
322663,1,1.25e-05
030882,1,1.25e-05
150686,1,1.25e-05
610036,1,1.25e-05
051154,1,1.25e-05
170170,1,1.25e-05
041127,1,1.25e-05
645445,1,1.25e-05
270715,1,1.25e-05
948763,1,1.25e-05
100942,1,1.25e-05
268334,1,1.25e-05
280725,1,1.25e-05
110546,1,1.25e-05
834229,1,1.25e-05
026986,1,1.25e-05
387376,1,1.25e-05
120213,1,1.25e-05
035694,1,1.25e-05
010472,1,1.25e-05
260564,1,1.25e-05
270676,1,1.25e-05
747073,1,1.25e-05
090667,1,1.25e-05
745657,1,1.25e-05
120148,1,1.25e-05
220688,1,1.25e-05
185719,1,1.25e-05
080437,1,1.25e-05
539113,1,1.25e-05
430224,1,1.25e-05
352897,1,1.25e-05
280578,1,1.25e-05
891885,1,1.25e-05
768401,1,1.25e-05
030180,1,1.25e-05
033011,1,1.25e-05
161294,1,1.25e-05
140329,1,1.25e-05
121102,1,1.25e-05
080785,1,1.25e-05
110990,1,1.25e-05
060385,1,1.25e-05
180692,1,1.25e-05
245657,1,1.25e-05
091209,1,1.25e-05
260462,1,1.25e-05
120854,1,1.25e-05
445582,1,1.25e-05
270831,1,1.25e-05
345162,1,1.25e-05
409000,1,1.25e-05
051122,1,1.25e-05
704385,1,1.25e-05
326551,1,1.25e-05
231724,1,1.25e-05
853501,1,1.25e-05
178667,1,1.25e-05
692613,1,1.25e-05
972539,1,1.25e-05
080645,1,1.25e-05
090803,1,1.25e-05
171067,1,1.25e-05
250715,1,1.25e-05
388207,1,1.25e-05
914434,1,1.25e-05
240549,1,1.25e-05
557773,1,1.25e-05
280970,1,1.25e-05
459940,1,1.25e-05
160776,1,1.25e-05
011089,1,1.25e-05
522248,1,1.25e-05
021188,1,1.25e-05
343477,1,1.25e-05
010788,1,1.25e-05
241259,1,1.25e-05
915841,1,1.25e-05
281429,1,1.25e-05
140945,1,1.25e-05
232686,1,1.25e-05
101023,1,1.25e-05
151261,1,1.25e-05
444283,1,1.25e-05
080747,1,1.25e-05
100555,1,1.25e-05
040928,1,1.25e-05
051119,1,1.25e-05
100138,1,1.25e-05
220799,1,1.25e-05
095640,1,1.25e-05
317013,1,1.25e-05
814705,1,1.25e-05
110626,1,1.25e-05
749676,1,1.25e-05
390731,1,1.25e-05
758382,1,1.25e-05
205379,1,1.25e-05
153924,1,1.25e-05
374023,1,1.25e-05
756041,1,1.25e-05
090997,1,1.25e-05
497989,1,1.25e-05
120771,1,1.25e-05
244809,1,1.25e-05
863648,1,1.25e-05
071044,1,1.25e-05
656806,1,1.25e-05
245843,1,1.25e-05
100224,1,1.25e-05
113018,1,1.25e-05
977072,1,1.25e-05
781144,1,1.25e-05
990658,1,1.25e-05
023873,1,1.25e-05
055191,1,1.25e-05
140509,1,1.25e-05
237864,1,1.25e-05
314531,1,1.25e-05
954340,1,1.25e-05
625918,1,1.25e-05
967047,1,1.25e-05
840720,1,1.25e-05
599594,1,1.25e-05
830285,1,1.25e-05
368165,1,1.25e-05
280698,1,1.25e-05
731256,1,1.25e-05
304560,1,1.25e-05
130145,1,1.25e-05
160333,1,1.25e-05
120560,1,1.25e-05
829053,1,1.25e-05
201255,1,1.25e-05
151092,1,1.25e-05
867048,1,1.25e-05
171082,1,1.25e-05
060871,1,1.25e-05
553562,1,1.25e-05
325655,1,1.25e-05
072738,1,1.25e-05
762384,1,1.25e-05
931934,1,1.25e-05
693147,1,1.25e-05
003463,1,1.25e-05
051236,1,1.25e-05
190321,1,1.25e-05
096079,1,1.25e-05
506962,1,1.25e-05
503670,1,1.25e-05
834682,1,1.25e-05
213801,1,1.25e-05
170365,1,1.25e-05
131291,1,1.25e-05
281210,1,1.25e-05
101153,1,1.25e-05
221124,1,1.25e-05
403674,1,1.25e-05
319116,1,1.25e-05
611515,1,1.25e-05
201025,1,1.25e-05
040634,1,1.25e-05
090383,1,1.25e-05
904995,1,1.25e-05
051159,1,1.25e-05
040537,1,1.25e-05
162884,1,1.25e-05
985040,1,1.25e-05
060457,1,1.25e-05
040138,1,1.25e-05
051094,1,1.25e-05
345593,1,1.25e-05
874489,1,1.25e-05
060642,1,1.25e-05
260903,1,1.25e-05
160714,1,1.25e-05
065356,1,1.25e-05
195915,1,1.25e-05
505923,1,1.25e-05
846292,1,1.25e-05
304893,1,1.25e-05
130398,1,1.25e-05
130858,1,1.25e-05
236654,1,1.25e-05
058490,1,1.25e-05
180911,1,1.25e-05
160975,1,1.25e-05
807908,1,1.25e-05
040742,1,1.25e-05
060953,1,1.25e-05
201243,1,1.25e-05
080805,1,1.25e-05
825610,1,1.25e-05
220542,1,1.25e-05
272031,1,1.25e-05
120127,1,1.25e-05
808070,1,1.25e-05
100271,1,1.25e-05
211267,1,1.25e-05
399911,1,1.25e-05
260783,1,1.25e-05
270980,1,1.25e-05
621233,1,1.25e-05
041108,1,1.25e-05
021052,1,1.25e-05
369680,1,1.25e-05
121237,1,1.25e-05
130358,1,1.25e-05
070527,1,1.25e-05
613056,1,1.25e-05
951371,1,1.25e-05
389586,1,1.25e-05
966788,1,1.25e-05
896929,1,1.25e-05
263440,1,1.25e-05
634538,1,1.25e-05
205705,1,1.25e-05
270499,1,1.25e-05
040723,1,1.25e-05
440042,1,1.25e-05
270301,1,1.25e-05
113278,1,1.25e-05
110501,1,1.25e-05
140446,1,1.25e-05
140208,1,1.25e-05
361714,1,1.25e-05
439313,1,1.25e-05
220713,1,1.25e-05
287999,1,1.25e-05
580008,1,1.25e-05
113202,1,1.25e-05
215825,1,1.25e-05
731607,1,1.25e-05
324296,1,1.25e-05
489478,1,1.25e-05
010785,1,1.25e-05
004055,1,1.25e-05
708902,1,1.25e-05
110931,1,1.25e-05
121225,1,1.25e-05
270988,1,1.25e-05
051275,1,1.25e-05
201161,1,1.25e-05
251041,1,1.25e-05
461688,1,1.25e-05
048076,1,1.25e-05
366878,1,1.25e-05
861874,1,1.25e-05
240234,1,1.25e-05
190936,1,1.25e-05
982351,1,1.25e-05
050813,1,1.25e-05
070523,1,1.25e-05
925460,1,1.25e-05
061274,1,1.25e-05
200766,1,1.25e-05
277271,1,1.25e-05
238667,1,1.25e-05
200967,1,1.25e-05
070765,1,1.25e-05
140730,1,1.25e-05
690138,1,1.25e-05
030393,1,1.25e-05
050336,1,1.25e-05
230841,1,1.25e-05
210634,1,1.25e-05
240462,1,1.25e-05
200676,1,1.25e-05
586607,1,1.25e-05
111277,1,1.25e-05
776755,1,1.25e-05
131206,1,1.25e-05
070962,1,1.25e-05
240339,1,1.25e-05
191053,1,1.25e-05
290598,1,1.25e-05
369885,1,1.25e-05
060423,1,1.25e-05
093674,1,1.25e-05
682325,1,1.25e-05
140375,1,1.25e-05
230709,1,1.25e-05
262526,1,1.25e-05
090561,1,1.25e-05
444689,1,1.25e-05
473702,1,1.25e-05
987937,1,1.25e-05
070160,1,1.25e-05
160435,1,1.25e-05
664616,1,1.25e-05
136202,1,1.25e-05
757708,1,1.25e-05
070845,1,1.25e-05
585197,1,1.25e-05
768766,1,1.25e-05
181005,1,1.25e-05
484665,1,1.25e-05
140571,1,1.25e-05
202402,1,1.25e-05
220100,1,1.25e-05
822807,1,1.25e-05
110817,1,1.25e-05
280783,1,1.25e-05
050491,1,1.25e-05
111276,1,1.25e-05
955649,1,1.25e-05
080487,1,1.25e-05
285797,1,1.25e-05
061120,1,1.25e-05
654561,1,1.25e-05
011127,1,1.25e-05
234535,1,1.25e-05
358776,1,1.25e-05
180381,1,1.25e-05
887896,1,1.25e-05
286828,1,1.25e-05
120664,1,1.25e-05
374248,1,1.25e-05
098023,1,1.25e-05
151295,1,1.25e-05
260177,1,1.25e-05
110374,1,1.25e-05
260503,1,1.25e-05
106143,1,1.25e-05
231280,1,1.25e-05
280533,1,1.25e-05
389195,1,1.25e-05
200182,1,1.25e-05
433033,1,1.25e-05
170921,1,1.25e-05
940983,1,1.25e-05
938060,1,1.25e-05
653768,1,1.25e-05
437268,1,1.25e-05
031110,1,1.25e-05
021198,1,1.25e-05
140383,1,1.25e-05
126843,1,1.25e-05
010574,1,1.25e-05
176366,1,1.25e-05
200127,1,1.25e-05
904472,1,1.25e-05
686937,1,1.25e-05
070929,1,1.25e-05
070435,1,1.25e-05
677411,1,1.25e-05
050654,1,1.25e-05
207653,1,1.25e-05
953582,1,1.25e-05
921735,1,1.25e-05
769627,1,1.25e-05
220472,1,1.25e-05
160863,1,1.25e-05
168264,1,1.25e-05
271006,1,1.25e-05
490835,1,1.25e-05
403788,1,1.25e-05
741179,1,1.25e-05
171237,1,1.25e-05
240274,1,1.25e-05
706693,1,1.25e-05
141154,1,1.25e-05
474348,1,1.25e-05
931923,1,1.25e-05
711606,1,1.25e-05
060249,1,1.25e-05
231016,1,1.25e-05
221198,1,1.25e-05
100920,1,1.25e-05
827016,1,1.25e-05
292859,1,1.25e-05
210867,1,1.25e-05
061119,1,1.25e-05
591850,1,1.25e-05
050292,1,1.25e-05
236174,1,1.25e-05
852131,1,1.25e-05
052477,1,1.25e-05
280460,1,1.25e-05
773890,1,1.25e-05
569501,1,1.25e-05
358161,1,1.25e-05
694032,1,1.25e-05
170260,1,1.25e-05
231082,1,1.25e-05
829432,1,1.25e-05
157469,1,1.25e-05
546654,1,1.25e-05
010231,1,1.25e-05
140556,1,1.25e-05
778215,1,1.25e-05
403949,1,1.25e-05
180789,1,1.25e-05
213263,1,1.25e-05
100752,1,1.25e-05
814098,1,1.25e-05
270759,1,1.25e-05
302716,1,1.25e-05
131171,1,1.25e-05
140812,1,1.25e-05
729241,1,1.25e-05
041012,1,1.25e-05
961279,1,1.25e-05
643373,1,1.25e-05
582819,1,1.25e-05
260291,1,1.25e-05
228417,1,1.25e-05
060655,1,1.25e-05
111098,1,1.25e-05
150494,1,1.25e-05
270639,1,1.25e-05
935177,1,1.25e-05
261236,1,1.25e-05
010844,1,1.25e-05
210345,1,1.25e-05
881869,1,1.25e-05
110559,1,1.25e-05
411126,1,1.25e-05
061267,1,1.25e-05
234561,1,1.25e-05
020608,1,1.25e-05
061246,1,1.25e-05
021075,1,1.25e-05
275119,1,1.25e-05
635865,1,1.25e-05
271220,1,1.25e-05
660700,1,1.25e-05
371229,1,1.25e-05
160153,1,1.25e-05
081065,1,1.25e-05
624916,1,1.25e-05
130327,1,1.25e-05
231118,1,1.25e-05
200862,1,1.25e-05
190424,1,1.25e-05
507069,1,1.25e-05
838551,1,1.25e-05
170857,1,1.25e-05
918649,1,1.25e-05
270746,1,1.25e-05
060664,1,1.25e-05
020900,1,1.25e-05
109568,1,1.25e-05
552166,1,1.25e-05
173766,1,1.25e-05
963197,1,1.25e-05
953558,1,1.25e-05
147611,1,1.25e-05
913011,1,1.25e-05
050722,1,1.25e-05
250771,1,1.25e-05
505008,1,1.25e-05
334164,1,1.25e-05
240696,1,1.25e-05
260958,1,1.25e-05
311067,1,1.25e-05
366346,1,1.25e-05
969549,1,1.25e-05
140268,1,1.25e-05
541119,1,1.25e-05
887204,1,1.25e-05
100281,1,1.25e-05
236629,1,1.25e-05
745497,1,1.25e-05
260844,1,1.25e-05
250345,1,1.25e-05
190301,1,1.25e-05
190247,1,1.25e-05
371735,1,1.25e-05
270789,1,1.25e-05
280136,1,1.25e-05
299311,1,1.25e-05
170268,1,1.25e-05
030836,1,1.25e-05
141274,1,1.25e-05
141248,1,1.25e-05
056357,1,1.25e-05
230142,1,1.25e-05
260906,1,1.25e-05
020994,1,1.25e-05
570627,1,1.25e-05
301421,1,1.25e-05
180706,1,1.25e-05
180479,1,1.25e-05
160888,1,1.25e-05
059731,1,1.25e-05
180169,1,1.25e-05
897385,1,1.25e-05
150354,1,1.25e-05
508679,1,1.25e-05
212705,1,1.25e-05
058743,1,1.25e-05
221242,1,1.25e-05
994849,1,1.25e-05
819833,1,1.25e-05
858678,1,1.25e-05
281034,1,1.25e-05
130667,1,1.25e-05
070668,1,1.25e-05
365012,1,1.25e-05
000287,1,1.25e-05
220772,1,1.25e-05
270844,1,1.25e-05
230391,1,1.25e-05
228867,1,1.25e-05
572990,1,1.25e-05
196273,1,1.25e-05
120303,1,1.25e-05
040800,1,1.25e-05
140864,1,1.25e-05
201162,1,1.25e-05
200234,1,1.25e-05
230696,1,1.25e-05
004985,1,1.25e-05
251188,1,1.25e-05
591474,1,1.25e-05
622424,1,1.25e-05
070686,1,1.25e-05
492930,1,1.25e-05
004676,1,1.25e-05
098842,1,1.25e-05
170248,1,1.25e-05
920450,1,1.25e-05
230956,1,1.25e-05
140924,1,1.25e-05
261180,1,1.25e-05
050235,1,1.25e-05
334640,1,1.25e-05
110272,1,1.25e-05
081192,1,1.25e-05
525222,1,1.25e-05
060585,1,1.25e-05
140498,1,1.25e-05
741647,1,1.25e-05
336942,1,1.25e-05
281826,1,1.25e-05
953542,1,1.25e-05
047802,1,1.25e-05
745412,1,1.25e-05
120561,1,1.25e-05
271662,1,1.25e-05
073232,1,1.25e-05
070951,1,1.25e-05
241261,1,1.25e-05
281025,1,1.25e-05
270490,1,1.25e-05
289635,1,1.25e-05
120273,1,1.25e-05
386488,1,1.25e-05
080696,1,1.25e-05
934124,1,1.25e-05
210888,1,1.25e-05
090845,1,1.25e-05
003534,1,1.25e-05
081265,1,1.25e-05
657320,1,1.25e-05
110880,1,1.25e-05
080234,1,1.25e-05
644812,1,1.25e-05
879862,1,1.25e-05
243695,1,1.25e-05
077406,1,1.25e-05
630973,1,1.25e-05
866192,1,1.25e-05
110204,1,1.25e-05
673846,1,1.25e-05
231120,1,1.25e-05
031207,1,1.25e-05
629873,1,1.25e-05
070683,1,1.25e-05
080698,1,1.25e-05
825316,1,1.25e-05
260410,1,1.25e-05
684764,1,1.25e-05
040985,1,1.25e-05
495990,1,1.25e-05
292067,1,1.25e-05
061096,1,1.25e-05
342601,1,1.25e-05
581374,1,1.25e-05
640715,1,1.25e-05
150722,1,1.25e-05
709821,1,1.25e-05
200668,1,1.25e-05
191019,1,1.25e-05
130483,1,1.25e-05
140490,1,1.25e-05
011005,1,1.25e-05
080797,1,1.25e-05
691838,1,1.25e-05
123088,1,1.25e-05
256622,1,1.25e-05
608658,1,1.25e-05
342871,1,1.25e-05
180318,1,1.25e-05
030446,1,1.25e-05
180987,1,1.25e-05
614288,1,1.25e-05
633180,1,1.25e-05
030796,1,1.25e-05
060267,1,1.25e-05
902312,1,1.25e-05
035314,1,1.25e-05
010381,1,1.25e-05
000708,1,1.25e-05
261063,1,1.25e-05
270155,1,1.25e-05
474010,1,1.25e-05
260473,1,1.25e-05
200753,1,1.25e-05
318833,1,1.25e-05
071210,1,1.25e-05
881407,1,1.25e-05
030780,1,1.25e-05
170813,1,1.25e-05
070306,1,1.25e-05
120178,1,1.25e-05
612534,1,1.25e-05
010943,1,1.25e-05
855944,1,1.25e-05
620212,1,1.25e-05
944812,1,1.25e-05
190207,1,1.25e-05
988284,1,1.25e-05
021027,1,1.25e-05
261226,1,1.25e-05
535867,1,1.25e-05
240934,1,1.25e-05
805791,1,1.25e-05
315405,1,1.25e-05
547573,1,1.25e-05
170162,1,1.25e-05
040557,1,1.25e-05
141933,1,1.25e-05
693497,1,1.25e-05
870818,1,1.25e-05
109631,1,1.25e-05
090225,1,1.25e-05
200713,1,1.25e-05
961539,1,1.25e-05
005959,1,1.25e-05
020263,1,1.25e-05
060553,1,1.25e-05
221178,1,1.25e-05
031274,1,1.25e-05
004033,1,1.25e-05
270679,1,1.25e-05
210360,1,1.25e-05
535437,1,1.25e-05
091138,1,1.25e-05
070504,1,1.25e-05
050884,1,1.25e-05
010423,1,1.25e-05
070662,1,1.25e-05
492038,1,1.25e-05
562939,1,1.25e-05
340623,1,1.25e-05
190789,1,1.25e-05
270725,1,1.25e-05
090670,1,1.25e-05
230646,1,1.25e-05
250300,1,1.25e-05
620918,1,1.25e-05
181248,1,1.25e-05
101299,1,1.25e-05
170168,1,1.25e-05
120874,1,1.25e-05
685108,1,1.25e-05
231170,1,1.25e-05
668178,1,1.25e-05
174039,1,1.25e-05
200565,1,1.25e-05
752565,1,1.25e-05
111565,1,1.25e-05
756040,1,1.25e-05
517760,1,1.25e-05
100568,1,1.25e-05
152151,1,1.25e-05
256729,1,1.25e-05
640335,1,1.25e-05
021006,1,1.25e-05
329978,1,1.25e-05
615269,1,1.25e-05
185224,1,1.25e-05
835701,1,1.25e-05
260355,1,1.25e-05
572775,1,1.25e-05
574678,1,1.25e-05
070431,1,1.25e-05
060310,1,1.25e-05
060736,1,1.25e-05
725650,1,1.25e-05
284577,1,1.25e-05
834619,1,1.25e-05
603781,1,1.25e-05
141162,1,1.25e-05
533112,1,1.25e-05
170487,1,1.25e-05
917296,1,1.25e-05
041213,1,1.25e-05
261042,1,1.25e-05
230781,1,1.25e-05
341539,1,1.25e-05
130342,1,1.25e-05
089803,1,1.25e-05
754603,1,1.25e-05
033429,1,1.25e-05
643942,1,1.25e-05
140855,1,1.25e-05
908646,1,1.25e-05
240820,1,1.25e-05
665372,1,1.25e-05
750225,1,1.25e-05
010373,1,1.25e-05
230267,1,1.25e-05
230213,1,1.25e-05
270837,1,1.25e-05
030887,1,1.25e-05
943177,1,1.25e-05
030903,1,1.25e-05
220627,1,1.25e-05
070118,1,1.25e-05
661570,1,1.25e-05
050952,1,1.25e-05
080964,1,1.25e-05
050653,1,1.25e-05
180438,1,1.25e-05
070577,1,1.25e-05
688848,1,1.25e-05
738158,1,1.25e-05
020717,1,1.25e-05
415566,1,1.25e-05
590182,1,1.25e-05
189650,1,1.25e-05
740322,1,1.25e-05
071152,1,1.25e-05
110604,1,1.25e-05
110915,1,1.25e-05
050732,1,1.25e-05
562548,1,1.25e-05
005123,1,1.25e-05
809549,1,1.25e-05
020152,1,1.25e-05
883372,1,1.25e-05
682933,1,1.25e-05
398029,1,1.25e-05
528127,1,1.25e-05
811581,1,1.25e-05
150995,1,1.25e-05
070667,1,1.25e-05
823330,1,1.25e-05
071080,1,1.25e-05
848730,1,1.25e-05
978420,1,1.25e-05
040608,1,1.25e-05
181268,1,1.25e-05
080779,1,1.25e-05
071507,1,1.25e-05
081128,1,1.25e-05
170271,1,1.25e-05
875356,1,1.25e-05
120834,1,1.25e-05
160564,1,1.25e-05
021158,1,1.25e-05
997708,1,1.25e-05
240725,1,1.25e-05
361419,1,1.25e-05
261052,1,1.25e-05
080122,1,1.25e-05
181091,1,1.25e-05
101477,1,1.25e-05
495262,1,1.25e-05
522934,1,1.25e-05
270464,1,1.25e-05
088198,1,1.25e-05
448677,1,1.25e-05
170748,1,1.25e-05
091190,1,1.25e-05
230692,1,1.25e-05
572045,1,1.25e-05
775626,1,1.25e-05
110464,1,1.25e-05
260552,1,1.25e-05
130432,1,1.25e-05
776490,1,1.25e-05
964778,1,1.25e-05
060524,1,1.25e-05
412644,1,1.25e-05
563140,1,1.25e-05
319987,1,1.25e-05
100526,1,1.25e-05
394493,1,1.25e-05
253518,1,1.25e-05
170111,1,1.25e-05
190315,1,1.25e-05
080111,1,1.25e-05
220201,1,1.25e-05
671061,1,1.25e-05
215425,1,1.25e-05
200388,1,1.25e-05
070389,1,1.25e-05
180092,1,1.25e-05
680691,1,1.25e-05
270482,1,1.25e-05
140353,1,1.25e-05
250679,1,1.25e-05
846428,1,1.25e-05
895365,1,1.25e-05
358112,1,1.25e-05
345059,1,1.25e-05
120486,1,1.25e-05
210734,1,1.25e-05
596261,1,1.25e-05
130903,1,1.25e-05
260101,1,1.25e-05
260741,1,1.25e-05
777247,1,1.25e-05
331189,1,1.25e-05
050272,1,1.25e-05
250909,1,1.25e-05
949607,1,1.25e-05
792892,1,1.25e-05
305779,1,1.25e-05
558744,1,1.25e-05
200267,1,1.25e-05
280270,1,1.25e-05
171516,1,1.25e-05
805095,1,1.25e-05
022601,1,1.25e-05
251053,1,1.25e-05
140597,1,1.25e-05
040439,1,1.25e-05
151299,1,1.25e-05
081151,1,1.25e-05
170198,1,1.25e-05
222732,1,1.25e-05
270138,1,1.25e-05
260560,1,1.25e-05
667207,1,1.25e-05
881127,1,1.25e-05
110195,1,1.25e-05
237393,1,1.25e-05
220571,1,1.25e-05
445525,1,1.25e-05
220335,1,1.25e-05
642416,1,1.25e-05
170639,1,1.25e-05
803370,1,1.25e-05
183550,1,1.25e-05
041189,1,1.25e-05
120685,1,1.25e-05
120928,1,1.25e-05
146205,1,1.25e-05
030355,1,1.25e-05
666983,1,1.25e-05
108344,1,1.25e-05
410237,1,1.25e-05
090539,1,1.25e-05
090838,1,1.25e-05
226854,1,1.25e-05
838201,1,1.25e-05
349291,1,1.25e-05
131205,1,1.25e-05
271120,1,1.25e-05
061175,1,1.25e-05
085168,1,1.25e-05
654800,1,1.25e-05
432230,1,1.25e-05
210410,1,1.25e-05
106501,1,1.25e-05
373236,1,1.25e-05
746263,1,1.25e-05
941026,1,1.25e-05
590660,1,1.25e-05
142339,1,1.25e-05
120504,1,1.25e-05
160857,1,1.25e-05
419264,1,1.25e-05
303021,1,1.25e-05
139832,1,1.25e-05
200621,1,1.25e-05
675386,1,1.25e-05
110477,1,1.25e-05
027575,1,1.25e-05
464082,1,1.25e-05
150122,1,1.25e-05
295435,1,1.25e-05
091083,1,1.25e-05
150138,1,1.25e-05
505485,1,1.25e-05
327533,1,1.25e-05
435678,1,1.25e-05
922574,1,1.25e-05
150923,1,1.25e-05
998078,1,1.25e-05
040596,1,1.25e-05
192911,1,1.25e-05
398759,1,1.25e-05
110951,1,1.25e-05
680488,1,1.25e-05
021142,1,1.25e-05
391708,1,1.25e-05
400422,1,1.25e-05
200949,1,1.25e-05
150792,1,1.25e-05
150505,1,1.25e-05
240437,1,1.25e-05
281169,1,1.25e-05
705927,1,1.25e-05
001574,1,1.25e-05
824935,1,1.25e-05
682402,1,1.25e-05
918992,1,1.25e-05
110629,1,1.25e-05
649320,1,1.25e-05
110598,1,1.25e-05
170911,1,1.25e-05
051074,1,1.25e-05
160606,1,1.25e-05
121059,1,1.25e-05
171274,1,1.25e-05
200517,1,1.25e-05
240918,1,1.25e-05
175190,1,1.25e-05
803783,1,1.25e-05
647070,1,1.25e-05
654641,1,1.25e-05
488847,1,1.25e-05
010259,1,1.25e-05
080340,1,1.25e-05
007880,1,1.25e-05
161076,1,1.25e-05
090568,1,1.25e-05
282987,1,1.25e-05
040497,1,1.25e-05
463726,1,1.25e-05
021086,1,1.25e-05
122999,1,1.25e-05
838285,1,1.25e-05
116154,1,1.25e-05
181099,1,1.25e-05
765807,1,1.25e-05
241033,1,1.25e-05
884660,1,1.25e-05
773112,1,1.25e-05
100490,1,1.25e-05
200921,1,1.25e-05
120599,1,1.25e-05
130201,1,1.25e-05
540637,1,1.25e-05
100899,1,1.25e-05
016837,1,1.25e-05
280696,1,1.25e-05
295644,1,1.25e-05
323679,1,1.25e-05
271012,1,1.25e-05
051048,1,1.25e-05
081018,1,1.25e-05
612725,1,1.25e-05
454705,1,1.25e-05
588032,1,1.25e-05
061131,1,1.25e-05
030880,1,1.25e-05
714699,1,1.25e-05
922709,1,1.25e-05
639664,1,1.25e-05
589251,1,1.25e-05
199952,1,1.25e-05
260390,1,1.25e-05
220136,1,1.25e-05
161033,1,1.25e-05
151512,1,1.25e-05
181023,1,1.25e-05
050743,1,1.25e-05
050621,1,1.25e-05
240510,1,1.25e-05
776094,1,1.25e-05
100291,1,1.25e-05
301233,1,1.25e-05
220142,1,1.25e-05
230144,1,1.25e-05
181262,1,1.25e-05
509037,1,1.25e-05
478230,1,1.25e-05
477760,1,1.25e-05
384731,1,1.25e-05
364384,1,1.25e-05
040444,1,1.25e-05
222134,1,1.25e-05
171043,1,1.25e-05
174070,1,1.25e-05
344355,1,1.25e-05
769590,1,1.25e-05
020334,1,1.25e-05
110521,1,1.25e-05
070501,1,1.25e-05
176582,1,1.25e-05
488103,1,1.25e-05
590782,1,1.25e-05
080916,1,1.25e-05
250924,1,1.25e-05
758805,1,1.25e-05
263717,1,1.25e-05
010314,1,1.25e-05
082696,1,1.25e-05
170400,1,1.25e-05
040730,1,1.25e-05
280518,1,1.25e-05
694435,1,1.25e-05
308354,1,1.25e-05
835750,1,1.25e-05
100652,1,1.25e-05
160419,1,1.25e-05
337932,1,1.25e-05
210228,1,1.25e-05
010171,1,1.25e-05
131220,1,1.25e-05
041007,1,1.25e-05
637078,1,1.25e-05
931449,1,1.25e-05
343000,1,1.25e-05
089052,1,1.25e-05
211963,1,1.25e-05
635196,1,1.25e-05
070513,1,1.25e-05
545050,1,1.25e-05
021252,1,1.25e-05
141225,1,1.25e-05
275420,1,1.25e-05
643667,1,1.25e-05
180151,1,1.25e-05
642462,1,1.25e-05
386109,1,1.25e-05
201225,1,1.25e-05
171476,1,1.25e-05
058717,1,1.25e-05
180679,1,1.25e-05
140491,1,1.25e-05
210416,1,1.25e-05
080465,1,1.25e-05
220806,1,1.25e-05
170647,1,1.25e-05
071057,1,1.25e-05
847940,1,1.25e-05
201038,1,1.25e-05
272043,1,1.25e-05
251484,1,1.25e-05
100106,1,1.25e-05
700515,1,1.25e-05
250848,1,1.25e-05
450521,1,1.25e-05
281189,1,1.25e-05
231045,1,1.25e-05
210914,1,1.25e-05
251103,1,1.25e-05
687111,1,1.25e-05
051070,1,1.25e-05
515427,1,1.25e-05
191102,1,1.25e-05
918448,1,1.25e-05
769601,1,1.25e-05
220295,1,1.25e-05
249779,1,1.25e-05
190332,1,1.25e-05
020642,1,1.25e-05
010802,1,1.25e-05
891321,1,1.25e-05
170153,1,1.25e-05
828628,1,1.25e-05
110503,1,1.25e-05
141009,1,1.25e-05
260571,1,1.25e-05
051029,1,1.25e-05
385336,1,1.25e-05
090866,1,1.25e-05
184333,1,1.25e-05
220422,1,1.25e-05
808583,1,1.25e-05
120353,1,1.25e-05
107094,1,1.25e-05
948427,1,1.25e-05
080302,1,1.25e-05
619083,1,1.25e-05
961638,1,1.25e-05
181154,1,1.25e-05
170590,1,1.25e-05
653247,1,1.25e-05
100152,1,1.25e-05
280309,1,1.25e-05
090857,1,1.25e-05
051019,1,1.25e-05
334108,1,1.25e-05
041166,1,1.25e-05
261299,1,1.25e-05
233726,1,1.25e-05
260284,1,1.25e-05
363054,1,1.25e-05
071094,1,1.25e-05
110784,1,1.25e-05
220712,1,1.25e-05
270839,1,1.25e-05
305530,1,1.25e-05
866893,1,1.25e-05
217137,1,1.25e-05
110718,1,1.25e-05
211068,1,1.25e-05
140799,1,1.25e-05
210372,1,1.25e-05
570564,1,1.25e-05
900557,1,1.25e-05
060816,1,1.25e-05
864568,1,1.25e-05
230838,1,1.25e-05
475544,1,1.25e-05
008848,1,1.25e-05
061027,1,1.25e-05
759397,1,1.25e-05
130370,1,1.25e-05
865953,1,1.25e-05
007312,1,1.25e-05
251203,1,1.25e-05
251170,1,1.25e-05
111067,1,1.25e-05
200788,1,1.25e-05
030660,1,1.25e-05
070491,1,1.25e-05
703486,1,1.25e-05
160584,1,1.25e-05
095806,1,1.25e-05
171234,1,1.25e-05
070883,1,1.25e-05
479293,1,1.25e-05
060919,1,1.25e-05
068147,1,1.25e-05
051186,1,1.25e-05
556656,1,1.25e-05
200311,1,1.25e-05
230183,1,1.25e-05
080713,1,1.25e-05
465824,1,1.25e-05
130610,1,1.25e-05
111267,1,1.25e-05
450786,1,1.25e-05
150199,1,1.25e-05
338015,1,1.25e-05
010269,1,1.25e-05
609751,1,1.25e-05
270493,1,1.25e-05
120912,1,1.25e-05
246365,1,1.25e-05
468657,1,1.25e-05
185007,1,1.25e-05
260204,1,1.25e-05
081149,1,1.25e-05
130986,1,1.25e-05
061263,1,1.25e-05
758494,1,1.25e-05
717710,1,1.25e-05
180959,1,1.25e-05
020351,1,1.25e-05
020787,1,1.25e-05
494972,1,1.25e-05
110284,1,1.25e-05
307648,1,1.25e-05
121116,1,1.25e-05
190634,1,1.25e-05
564933,1,1.25e-05
679077,1,1.25e-05
260870,1,1.25e-05
165154,1,1.25e-05
230567,1,1.25e-05
240447,1,1.25e-05
211066,1,1.25e-05
955298,1,1.25e-05
873523,1,1.25e-05
100544,1,1.25e-05
141110,1,1.25e-05
190388,1,1.25e-05
099546,1,1.25e-05
468873,1,1.25e-05
021259,1,1.25e-05
200747,1,1.25e-05
826263,1,1.25e-05
020540,1,1.25e-05
100653,1,1.25e-05
081101,1,1.25e-05
999713,1,1.25e-05
270109,1,1.25e-05
170901,1,1.25e-05
140525,1,1.25e-05
020959,1,1.25e-05
768512,1,1.25e-05
122121,1,1.25e-05
400967,1,1.25e-05
614904,1,1.25e-05
181250,1,1.25e-05
191437,1,1.25e-05
101266,1,1.25e-05
220266,1,1.25e-05
180279,1,1.25e-05
389021,1,1.25e-05
150639,1,1.25e-05
531286,1,1.25e-05
240756,1,1.25e-05
329785,1,1.25e-05
256068,1,1.25e-05
619088,1,1.25e-05
250842,1,1.25e-05
261055,1,1.25e-05
611317,1,1.25e-05
230959,1,1.25e-05
240527,1,1.25e-05
191037,1,1.25e-05
734179,1,1.25e-05
070786,1,1.25e-05
190580,1,1.25e-05
200863,1,1.25e-05
160296,1,1.25e-05
941159,1,1.25e-05
130718,1,1.25e-05
021260,1,1.25e-05
160295,1,1.25e-05
595578,1,1.25e-05
604161,1,1.25e-05
848000,1,1.25e-05
359623,1,1.25e-05
165848,1,1.25e-05
221024,1,1.25e-05
040214,1,1.25e-05
180455,1,1.25e-05
271089,1,1.25e-05
348264,1,1.25e-05
987643,1,1.25e-05
200815,1,1.25e-05
009346,1,1.25e-05
140105,1,1.25e-05
030976,1,1.25e-05
050550,1,1.25e-05
160492,1,1.25e-05
140608,1,1.25e-05
234661,1,1.25e-05
777005,1,1.25e-05
507095,1,1.25e-05
891243,1,1.25e-05
754635,1,1.25e-05
565046,1,1.25e-05
107178,1,1.25e-05
100976,1,1.25e-05
281295,1,1.25e-05
070338,1,1.25e-05
070785,1,1.25e-05
040484,1,1.25e-05
100438,1,1.25e-05
365310,1,1.25e-05
763078,1,1.25e-05
895453,1,1.25e-05
934262,1,1.25e-05
250754,1,1.25e-05
764281,1,1.25e-05
040959,1,1.25e-05
140766,1,1.25e-05
260134,1,1.25e-05
963574,1,1.25e-05
381759,1,1.25e-05
050330,1,1.25e-05
528974,1,1.25e-05
820834,1,1.25e-05
260772,1,1.25e-05
071133,1,1.25e-05
581544,1,1.25e-05
170131,1,1.25e-05
023463,1,1.25e-05
191260,1,1.25e-05
372739,1,1.25e-05
151270,1,1.25e-05
050524,1,1.25e-05
251280,1,1.25e-05
853368,1,1.25e-05
280292,1,1.25e-05
201009,1,1.25e-05
278711,1,1.25e-05
211222,1,1.25e-05
733654,1,1.25e-05
101197,1,1.25e-05
663701,1,1.25e-05
230909,1,1.25e-05
090527,1,1.25e-05
695450,1,1.25e-05
200335,1,1.25e-05
110944,1,1.25e-05
192588,1,1.25e-05
804586,1,1.25e-05
361377,1,1.25e-05
676672,1,1.25e-05
100179,1,1.25e-05
240141,1,1.25e-05
210787,1,1.25e-05
141267,1,1.25e-05
040125,1,1.25e-05
161195,1,1.25e-05
499496,1,1.25e-05
920069,1,1.25e-05
661670,1,1.25e-05
081267,1,1.25e-05
090669,1,1.25e-05
020736,1,1.25e-05
221087,1,1.25e-05
110725,1,1.25e-05
270195,1,1.25e-05
190511,1,1.25e-05
020389,1,1.25e-05
140884,1,1.25e-05
271107,1,1.25e-05
270270,1,1.25e-05
050639,1,1.25e-05
861474,1,1.25e-05
067408,1,1.25e-05
230861,1,1.25e-05
107921,1,1.25e-05
220686,1,1.25e-05
110711,1,1.25e-05
210351,1,1.25e-05
101290,1,1.25e-05
241065,1,1.25e-05
201096,1,1.25e-05
200262,1,1.25e-05
091237,1,1.25e-05
151039,1,1.25e-05
087694,1,1.25e-05
579306,1,1.25e-05
162906,1,1.25e-05
104335,1,1.25e-05
610980,1,1.25e-05
090218,1,1.25e-05
100494,1,1.25e-05
210679,1,1.25e-05
756451,1,1.25e-05
966015,1,1.25e-05
170796,1,1.25e-05
141177,1,1.25e-05
687181,1,1.25e-05
220220,1,1.25e-05
504575,1,1.25e-05
446802,1,1.25e-05
170683,1,1.25e-05
936615,1,1.25e-05
839020,1,1.25e-05
050958,1,1.25e-05
778170,1,1.25e-05
937183,1,1.25e-05
123598,1,1.25e-05
296756,1,1.25e-05
150128,1,1.25e-05
897728,1,1.25e-05
580682,1,1.25e-05
719402,1,1.25e-05
140529,1,1.25e-05
112507,1,1.25e-05
100111,1,1.25e-05
180162,1,1.25e-05
265242,1,1.25e-05
191255,1,1.25e-05
270354,1,1.25e-05
466738,1,1.25e-05
544097,1,1.25e-05
230405,1,1.25e-05
255073,1,1.25e-05
195820,1,1.25e-05
060844,1,1.25e-05
090624,1,1.25e-05
192957,1,1.25e-05
210931,1,1.25e-05
658245,1,1.25e-05
247873,1,1.25e-05
230200,1,1.25e-05
858874,1,1.25e-05
221232,1,1.25e-05
278928,1,1.25e-05
171189,1,1.25e-05
231232,1,1.25e-05
060256,1,1.25e-05
964257,1,1.25e-05
485075,1,1.25e-05
140458,1,1.25e-05
051060,1,1.25e-05
654409,1,1.25e-05
200442,1,1.25e-05
120548,1,1.25e-05
368076,1,1.25e-05
817356,1,1.25e-05
720498,1,1.25e-05
280500,1,1.25e-05
150116,1,1.25e-05
010913,1,1.25e-05
446380,1,1.25e-05
086663,1,1.25e-05
240584,1,1.25e-05
163508,1,1.25e-05
309997,1,1.25e-05
150576,1,1.25e-05
220736,1,1.25e-05
050776,1,1.25e-05
264040,1,1.25e-05
260149,1,1.25e-05
070267,1,1.25e-05
281080,1,1.25e-05
280361,1,1.25e-05
060752,1,1.25e-05
070390,1,1.25e-05
071097,1,1.25e-05
210177,1,1.25e-05
199261,1,1.25e-05
020697,1,1.25e-05
041023,1,1.25e-05
171216,1,1.25e-05
454006,1,1.25e-05
211282,1,1.25e-05
531105,1,1.25e-05
130999,1,1.25e-05
373164,1,1.25e-05
497976,1,1.25e-05
220489,1,1.25e-05
880599,1,1.25e-05
769224,1,1.25e-05
141184,1,1.25e-05
089712,1,1.25e-05
220312,1,1.25e-05
812555,1,1.25e-05
010724,1,1.25e-05
825727,1,1.25e-05
220243,1,1.25e-05
848866,1,1.25e-05
053184,1,1.25e-05
820199,1,1.25e-05
151129,1,1.25e-05
865732,1,1.25e-05
101083,1,1.25e-05
316286,1,1.25e-05
010403,1,1.25e-05
996278,1,1.25e-05
992840,1,1.25e-05
080754,1,1.25e-05
998097,1,1.25e-05
026121,1,1.25e-05
501003,1,1.25e-05
250642,1,1.25e-05
280127,1,1.25e-05
080677,1,1.25e-05
338318,1,1.25e-05
249347,1,1.25e-05
115501,1,1.25e-05
058460,1,1.25e-05
100345,1,1.25e-05
909868,1,1.25e-05
262676,1,1.25e-05
177366,1,1.25e-05
649812,1,1.25e-05
091294,1,1.25e-05
885095,1,1.25e-05
223571,1,1.25e-05
040152,1,1.25e-05
465280,1,1.25e-05
111046,1,1.25e-05
255950,1,1.25e-05
120612,1,1.25e-05
090930,1,1.25e-05
260501,1,1.25e-05
030847,1,1.25e-05
734982,1,1.25e-05
361773,1,1.25e-05
201047,1,1.25e-05
336782,1,1.25e-05
050434,1,1.25e-05
050382,1,1.25e-05
430576,1,1.25e-05
270263,1,1.25e-05
136926,1,1.25e-05
190148,1,1.25e-05
130341,1,1.25e-05
709198,1,1.25e-05
100740,1,1.25e-05
041112,1,1.25e-05
101130,1,1.25e-05
739413,1,1.25e-05
200153,1,1.25e-05
181911,1,1.25e-05
566020,1,1.25e-05
181112,1,1.25e-05
210708,1,1.25e-05
090805,1,1.25e-05
856053,1,1.25e-05
930423,1,1.25e-05
041178,1,1.25e-05
080587,1,1.25e-05
770226,1,1.25e-05
040318,1,1.25e-05
130953,1,1.25e-05
030799,1,1.25e-05
249599,1,1.25e-05
073731,1,1.25e-05
280573,1,1.25e-05
534699,1,1.25e-05
918540,1,1.25e-05
261354,1,1.25e-05
040137,1,1.25e-05
020712,1,1.25e-05
330542,1,1.25e-05
704631,1,1.25e-05
123026,1,1.25e-05
090745,1,1.25e-05
351729,1,1.25e-05
509318,1,1.25e-05
110117,1,1.25e-05
100510,1,1.25e-05
070229,1,1.25e-05
171152,1,1.25e-05
020978,1,1.25e-05
036902,1,1.25e-05
021102,1,1.25e-05
081087,1,1.25e-05
278944,1,1.25e-05
556213,1,1.25e-05
133328,1,1.25e-05
922582,1,1.25e-05
240874,1,1.25e-05
011110,1,1.25e-05
080300,1,1.25e-05
360048,1,1.25e-05
060568,1,1.25e-05
111247,1,1.25e-05
733325,1,1.25e-05
041285,1,1.25e-05
100739,1,1.25e-05
241195,1,1.25e-05
240998,1,1.25e-05
050447,1,1.25e-05
052728,1,1.25e-05
260750,1,1.25e-05
070617,1,1.25e-05
270330,1,1.25e-05
406967,1,1.25e-05
051289,1,1.25e-05
070865,1,1.25e-05
116696,1,1.25e-05
045460,1,1.25e-05
494911,1,1.25e-05
020114,1,1.25e-05
347557,1,1.25e-05
140289,1,1.25e-05
366858,1,1.25e-05
808189,1,1.25e-05
320939,1,1.25e-05
325657,1,1.25e-05
196064,1,1.25e-05
260605,1,1.25e-05
516596,1,1.25e-05
794350,1,1.25e-05
120170,1,1.25e-05
161277,1,1.25e-05
150369,1,1.25e-05
130680,1,1.25e-05
494938,1,1.25e-05
190209,1,1.25e-05
389721,1,1.25e-05
302111,1,1.25e-05
180463,1,1.25e-05
261179,1,1.25e-05
772222,1,1.25e-05
040203,1,1.25e-05
945902,1,1.25e-05
096850,1,1.25e-05
220143,1,1.25e-05
080960,1,1.25e-05
190125,1,1.25e-05
200358,1,1.25e-05
020459,1,1.25e-05
131210,1,1.25e-05
010153,1,1.25e-05
718408,1,1.25e-05
106971,1,1.25e-05
260614,1,1.25e-05
906510,1,1.25e-05
191251,1,1.25e-05
569736,1,1.25e-05
423782,1,1.25e-05
653134,1,1.25e-05
024416,1,1.25e-05
007645,1,1.25e-05
834736,1,1.25e-05
240712,1,1.25e-05
247861,1,1.25e-05
204109,1,1.25e-05
596571,1,1.25e-05
877282,1,1.25e-05
180413,1,1.25e-05
124413,1,1.25e-05
060282,1,1.25e-05
120815,1,1.25e-05
583336,1,1.25e-05
060261,1,1.25e-05
551278,1,1.25e-05
110169,1,1.25e-05
454126,1,1.25e-05
021273,1,1.25e-05
573939,1,1.25e-05
124738,1,1.25e-05
800981,1,1.25e-05
011067,1,1.25e-05
157811,1,1.25e-05
200701,1,1.25e-05
050817,1,1.25e-05
588254,1,1.25e-05
840901,1,1.25e-05
121010,1,1.25e-05
785300,1,1.25e-05
482509,1,1.25e-05
110917,1,1.25e-05
171008,1,1.25e-05
140923,1,1.25e-05
731318,1,1.25e-05
228460,1,1.25e-05
170104,1,1.25e-05
245052,1,1.25e-05
990052,1,1.25e-05
261172,1,1.25e-05
020825,1,1.25e-05
234880,1,1.25e-05
997304,1,1.25e-05
240551,1,1.25e-05
151791,1,1.25e-05
071197,1,1.25e-05
091144,1,1.25e-05
254098,1,1.25e-05
261009,1,1.25e-05
421523,1,1.25e-05
363914,1,1.25e-05
317475,1,1.25e-05
130649,1,1.25e-05
293410,1,1.25e-05
656742,1,1.25e-05
969537,1,1.25e-05
014923,1,1.25e-05
100801,1,1.25e-05
040674,1,1.25e-05
579825,1,1.25e-05
260137,1,1.25e-05
104469,1,1.25e-05
230878,1,1.25e-05
406810,1,1.25e-05
128662,1,1.25e-05
280595,1,1.25e-05
475463,1,1.25e-05
161283,1,1.25e-05
220501,1,1.25e-05
583230,1,1.25e-05
519663,1,1.25e-05
689645,1,1.25e-05
280472,1,1.25e-05
718718,1,1.25e-05
020202,1,1.25e-05
250897,1,1.25e-05
288330,1,1.25e-05
130170,1,1.25e-05
467395,1,1.25e-05
150852,1,1.25e-05
090591,1,1.25e-05
060324,1,1.25e-05
473723,1,1.25e-05
399203,1,1.25e-05
089558,1,1.25e-05
047390,1,1.25e-05
861547,1,1.25e-05
169982,1,1.25e-05
676747,1,1.25e-05
436944,1,1.25e-05
665392,1,1.25e-05
160824,1,1.25e-05
464893,1,1.25e-05
031068,1,1.25e-05
110877,1,1.25e-05
260818,1,1.25e-05
589882,1,1.25e-05
607605,1,1.25e-05
070264,1,1.25e-05
270558,1,1.25e-05
411774,1,1.25e-05
180877,1,1.25e-05
150913,1,1.25e-05
270280,1,1.25e-05
150480,1,1.25e-05
070250,1,1.25e-05
625942,1,1.25e-05
856505,1,1.25e-05
234188,1,1.25e-05
582355,1,1.25e-05
120619,1,1.25e-05
135348,1,1.25e-05
013236,1,1.25e-05
586878,1,1.25e-05
040499,1,1.25e-05
816556,1,1.25e-05
270689,1,1.25e-05
724617,1,1.25e-05
265422,1,1.25e-05
876729,1,1.25e-05
880637,1,1.25e-05
906546,1,1.25e-05
060604,1,1.25e-05
071031,1,1.25e-05
529990,1,1.25e-05
250608,1,1.25e-05
011184,1,1.25e-05
090468,1,1.25e-05
546797,1,1.25e-05
081108,1,1.25e-05
346116,1,1.25e-05
200958,1,1.25e-05
211204,1,1.25e-05
440221,1,1.25e-05
614445,1,1.25e-05
150918,1,1.25e-05
070117,1,1.25e-05
131196,1,1.25e-05
170753,1,1.25e-05
663099,1,1.25e-05
140916,1,1.25e-05
060692,1,1.25e-05
885721,1,1.25e-05
682399,1,1.25e-05
110853,1,1.25e-05
017071,1,1.25e-05
100462,1,1.25e-05
230357,1,1.25e-05
020838,1,1.25e-05
100572,1,1.25e-05
280701,1,1.25e-05
129114,1,1.25e-05
210296,1,1.25e-05
040338,1,1.25e-05
936171,1,1.25e-05
070593,1,1.25e-05
071502,1,1.25e-05
150193,1,1.25e-05
041264,1,1.25e-05
664503,1,1.25e-05
210146,1,1.25e-05
832703,1,1.25e-05
061354,1,1.25e-05
120229,1,1.25e-05
323402,1,1.25e-05
151180,1,1.25e-05
701546,1,1.25e-05
872281,1,1.25e-05
270218,1,1.25e-05
323991,1,1.25e-05
458942,1,1.25e-05
645542,1,1.25e-05
458233,1,1.25e-05
201189,1,1.25e-05
514188,1,1.25e-05
404790,1,1.25e-05
117158,1,1.25e-05
090197,1,1.25e-05
593774,1,1.25e-05
140470,1,1.25e-05
101139,1,1.25e-05
020299,1,1.25e-05
221151,1,1.25e-05
622756,1,1.25e-05
676555,1,1.25e-05
100316,1,1.25e-05
280215,1,1.25e-05
971076,1,1.25e-05
051115,1,1.25e-05
010242,1,1.25e-05
160519,1,1.25e-05
271052,1,1.25e-05
441602,1,1.25e-05
980022,1,1.25e-05
226053,1,1.25e-05
528866,1,1.25e-05
969514,1,1.25e-05
210736,1,1.25e-05
466397,1,1.25e-05
509382,1,1.25e-05
031156,1,1.25e-05
281136,1,1.25e-05
040850,1,1.25e-05
090540,1,1.25e-05
010877,1,1.25e-05
296276,1,1.25e-05
975668,1,1.25e-05
090360,1,1.25e-05
100143,1,1.25e-05
100149,1,1.25e-05
011161,1,1.25e-05
160982,1,1.25e-05
613625,1,1.25e-05
233349,1,1.25e-05
190608,1,1.25e-05
140866,1,1.25e-05
676319,1,1.25e-05
971214,1,1.25e-05
348464,1,1.25e-05
210826,1,1.25e-05
121072,1,1.25e-05
200644,1,1.25e-05
270833,1,1.25e-05
050954,1,1.25e-05
139827,1,1.25e-05
352075,1,1.25e-05
250545,1,1.25e-05
220959,1,1.25e-05
999981,1,1.25e-05
030233,1,1.25e-05
011087,1,1.25e-05
060147,1,1.25e-05
020281,1,1.25e-05
050808,1,1.25e-05
171271,1,1.25e-05
760431,1,1.25e-05
160160,1,1.25e-05
667650,1,1.25e-05
675627,1,1.25e-05
050780,1,1.25e-05
251114,1,1.25e-05
060818,1,1.25e-05
664938,1,1.25e-05
186589,1,1.25e-05
180112,1,1.25e-05
150186,1,1.25e-05
662822,1,1.25e-05
021002,1,1.25e-05
150582,1,1.25e-05
100560,1,1.25e-05
100927,1,1.25e-05
320255,1,1.25e-05
220814,1,1.25e-05
060306,1,1.25e-05
070112,1,1.25e-05
124960,1,1.25e-05
090489,1,1.25e-05
231083,1,1.25e-05
270217,1,1.25e-05
281195,1,1.25e-05
074939,1,1.25e-05
684692,1,1.25e-05
140813,1,1.25e-05
627021,1,1.25e-05
090990,1,1.25e-05
190206,1,1.25e-05
542110,1,1.25e-05
851848,1,1.25e-05
150366,1,1.25e-05
600234,1,1.25e-05
498200,1,1.25e-05
080190,1,1.25e-05
200613,1,1.25e-05
070202,1,1.25e-05
130247,1,1.25e-05
280277,1,1.25e-05
453545,1,1.25e-05
080924,1,1.25e-05
270613,1,1.25e-05
234966,1,1.25e-05
110212,1,1.25e-05
475737,1,1.25e-05
020766,1,1.25e-05
021014,1,1.25e-05
280354,1,1.25e-05
160627,1,1.25e-05
156085,1,1.25e-05
080701,1,1.25e-05
030724,1,1.25e-05
581242,1,1.25e-05
170202,1,1.25e-05
439639,1,1.25e-05
211018,1,1.25e-05
727798,1,1.25e-05
924405,1,1.25e-05
622929,1,1.25e-05
041246,1,1.25e-05
170762,1,1.25e-05
265235,1,1.25e-05
100798,1,1.25e-05
230615,1,1.25e-05
841614,1,1.25e-05
090787,1,1.25e-05
882111,1,1.25e-05
060186,1,1.25e-05
010726,1,1.25e-05
236684,1,1.25e-05
064101,1,1.25e-05
142371,1,1.25e-05
008049,1,1.25e-05
361307,1,1.25e-05
739571,1,1.25e-05
050346,1,1.25e-05
895665,1,1.25e-05
070298,1,1.25e-05
852510,1,1.25e-05
130142,1,1.25e-05
525783,1,1.25e-05
284043,1,1.25e-05
499042,1,1.25e-05
151204,1,1.25e-05
410496,1,1.25e-05
329527,1,1.25e-05
158351,1,1.25e-05
946850,1,1.25e-05
062171,1,1.25e-05
281041,1,1.25e-05
270792,1,1.25e-05
747997,1,1.25e-05
014177,1,1.25e-05
282224,1,1.25e-05
250192,1,1.25e-05
061092,1,1.25e-05
069506,1,1.25e-05
110231,1,1.25e-05
392856,1,1.25e-05
040968,1,1.25e-05
180436,1,1.25e-05
723465,1,1.25e-05
779005,1,1.25e-05
810327,1,1.25e-05
426433,1,1.25e-05
250494,1,1.25e-05
210628,1,1.25e-05
160487,1,1.25e-05
170352,1,1.25e-05
325752,1,1.25e-05
168209,1,1.25e-05
150877,1,1.25e-05
063100,1,1.25e-05
190459,1,1.25e-05
066898,1,1.25e-05
449983,1,1.25e-05
765659,1,1.25e-05
336405,1,1.25e-05
260988,1,1.25e-05
090671,1,1.25e-05
201165,1,1.25e-05
270623,1,1.25e-05
080914,1,1.25e-05
270559,1,1.25e-05
100386,1,1.25e-05
241106,1,1.25e-05
115172,1,1.25e-05
015317,1,1.25e-05
850154,1,1.25e-05
730231,1,1.25e-05
628896,1,1.25e-05
030991,1,1.25e-05
444407,1,1.25e-05
040108,1,1.25e-05
451365,1,1.25e-05
194384,1,1.25e-05
130855,1,1.25e-05
020818,1,1.25e-05
357352,1,1.25e-05
180426,1,1.25e-05
170528,1,1.25e-05
071275,1,1.25e-05
210724,1,1.25e-05
050241,1,1.25e-05
759839,1,1.25e-05
150849,1,1.25e-05
361206,1,1.25e-05
094813,1,1.25e-05
140223,1,1.25e-05
050935,1,1.25e-05
674498,1,1.25e-05
589400,1,1.25e-05
063834,1,1.25e-05
291941,1,1.25e-05
140747,1,1.25e-05
734733,1,1.25e-05
803490,1,1.25e-05
454959,1,1.25e-05
250415,1,1.25e-05
200529,1,1.25e-05
796582,1,1.25e-05
080491,1,1.25e-05
024373,1,1.25e-05
180306,1,1.25e-05
150375,1,1.25e-05
080143,1,1.25e-05
579677,1,1.25e-05
861039,1,1.25e-05
509938,1,1.25e-05
050811,1,1.25e-05
424223,1,1.25e-05
177361,1,1.25e-05
301393,1,1.25e-05
070369,1,1.25e-05
996486,1,1.25e-05
024010,1,1.25e-05
039470,1,1.25e-05
072371,1,1.25e-05
189757,1,1.25e-05
590136,1,1.25e-05
959180,1,1.25e-05
250179,1,1.25e-05
723218,1,1.25e-05
120703,1,1.25e-05
799929,1,1.25e-05
944033,1,1.25e-05
247086,1,1.25e-05
230342,1,1.25e-05
140532,1,1.25e-05
030573,1,1.25e-05
724578,1,1.25e-05
071281,1,1.25e-05
903271,1,1.25e-05
077098,1,1.25e-05
080342,1,1.25e-05
211256,1,1.25e-05
378278,1,1.25e-05
848212,1,1.25e-05
479801,1,1.25e-05
230667,1,1.25e-05
641591,1,1.25e-05
199442,1,1.25e-05
728755,1,1.25e-05
300933,1,1.25e-05
444090,1,1.25e-05
230919,1,1.25e-05
120314,1,1.25e-05
060898,1,1.25e-05
651041,1,1.25e-05
416621,1,1.25e-05
140737,1,1.25e-05
240345,1,1.25e-05
060452,1,1.25e-05
061133,1,1.25e-05
180273,1,1.25e-05
211037,1,1.25e-05
030251,1,1.25e-05
024191,1,1.25e-05
227954,1,1.25e-05
199430,1,1.25e-05
160550,1,1.25e-05
110769,1,1.25e-05
070482,1,1.25e-05
797429,1,1.25e-05
071155,1,1.25e-05
703707,1,1.25e-05
995642,1,1.25e-05
091242,1,1.25e-05
230808,1,1.25e-05
367580,1,1.25e-05
804949,1,1.25e-05
346243,1,1.25e-05
773732,1,1.25e-05
676362,1,1.25e-05
484251,1,1.25e-05
180758,1,1.25e-05
241079,1,1.25e-05
820318,1,1.25e-05
120957,1,1.25e-05
195357,1,1.25e-05
201318,1,1.25e-05
230179,1,1.25e-05
240663,1,1.25e-05
230744,1,1.25e-05
281241,1,1.25e-05
013560,1,1.25e-05
907378,1,1.25e-05
090199,1,1.25e-05
040290,1,1.25e-05
455033,1,1.25e-05
753061,1,1.25e-05
701037,1,1.25e-05
298614,1,1.25e-05
573755,1,1.25e-05
658766,1,1.25e-05
080470,1,1.25e-05
281087,1,1.25e-05
955056,1,1.25e-05
195370,1,1.25e-05
050674,1,1.25e-05
074774,1,1.25e-05
121160,1,1.25e-05
060104,1,1.25e-05
060949,1,1.25e-05
116320,1,1.25e-05
031091,1,1.25e-05
230109,1,1.25e-05
240243,1,1.25e-05
786585,1,1.25e-05
295993,1,1.25e-05
120449,1,1.25e-05
050025,1,1.25e-05
038611,1,1.25e-05
632193,1,1.25e-05
772665,1,1.25e-05
161240,1,1.25e-05
140772,1,1.25e-05
110930,1,1.25e-05
526346,1,1.25e-05
210123,1,1.25e-05
240391,1,1.25e-05
714696,1,1.25e-05
234258,1,1.25e-05
050781,1,1.25e-05
095621,1,1.25e-05
825971,1,1.25e-05
280584,1,1.25e-05
131290,1,1.25e-05
131257,1,1.25e-05
120617,1,1.25e-05
220317,1,1.25e-05
449733,1,1.25e-05
519574,1,1.25e-05
030595,1,1.25e-05
211341,1,1.25e-05
110519,1,1.25e-05
961781,1,1.25e-05
181070,1,1.25e-05
251175,1,1.25e-05
160350,1,1.25e-05
750218,1,1.25e-05
130129,1,1.25e-05
107430,1,1.25e-05
040595,1,1.25e-05
668957,1,1.25e-05
140808,1,1.25e-05
080832,1,1.25e-05
140398,1,1.25e-05
150473,1,1.25e-05
110976,1,1.25e-05
131038,1,1.25e-05
010815,1,1.25e-05
250270,1,1.25e-05
662569,1,1.25e-05
317600,1,1.25e-05
130413,1,1.25e-05
756699,1,1.25e-05
110428,1,1.25e-05
150594,1,1.25e-05
153512,1,1.25e-05
031264,1,1.25e-05
161119,1,1.25e-05
362231,1,1.25e-05
011169,1,1.25e-05
129436,1,1.25e-05
322290,1,1.25e-05
004681,1,1.25e-05
051180,1,1.25e-05
070327,1,1.25e-05
582475,1,1.25e-05
110426,1,1.25e-05
664525,1,1.25e-05
200885,1,1.25e-05
120767,1,1.25e-05
415485,1,1.25e-05
642718,1,1.25e-05
912132,1,1.25e-05
570903,1,1.25e-05
170601,1,1.25e-05
720360,1,1.25e-05
727833,1,1.25e-05
060305,1,1.25e-05
590144,1,1.25e-05
071035,1,1.25e-05
090883,1,1.25e-05
248537,1,1.25e-05
801611,1,1.25e-05
070289,1,1.25e-05
697782,1,1.25e-05
698183,1,1.25e-05
210594,1,1.25e-05
085681,1,1.25e-05
150174,1,1.25e-05
362540,1,1.25e-05
150773,1,1.25e-05
714205,1,1.25e-05
090265,1,1.25e-05
840349,1,1.25e-05
130946,1,1.25e-05
260568,1,1.25e-05
872309,1,1.25e-05
994282,1,1.25e-05
554347,1,1.25e-05
620633,1,1.25e-05
180940,1,1.25e-05
010708,1,1.25e-05
761294,1,1.25e-05
090359,1,1.25e-05
040469,1,1.25e-05
670693,1,1.25e-05
131108,1,1.25e-05
210808,1,1.25e-05
010112,1,1.25e-05
171080,1,1.25e-05
390435,1,1.25e-05
364310,1,1.25e-05
125258,1,1.25e-05
056153,1,1.25e-05
221435,1,1.25e-05
280871,1,1.25e-05
080334,1,1.25e-05
040920,1,1.25e-05
719118,1,1.25e-05
827620,1,1.25e-05
150929,1,1.25e-05
111273,1,1.25e-05
250889,1,1.25e-05
952408,1,1.25e-05
407826,1,1.25e-05
164087,1,1.25e-05
220544,1,1.25e-05
998248,1,1.25e-05
514931,1,1.25e-05
270411,1,1.25e-05
180401,1,1.25e-05
032861,1,1.25e-05
805713,1,1.25e-05
170384,1,1.25e-05
297901,1,1.25e-05
624311,1,1.25e-05
251649,1,1.25e-05
180638,1,1.25e-05
110921,1,1.25e-05
120180,1,1.25e-05
170383,1,1.25e-05
945588,1,1.25e-05
280935,1,1.25e-05
647120,1,1.25e-05
161068,1,1.25e-05
256992,1,1.25e-05
088740,1,1.25e-05
060446,1,1.25e-05
100290,1,1.25e-05
026262,1,1.25e-05
029633,1,1.25e-05
041902,1,1.25e-05
140778,1,1.25e-05
011046,1,1.25e-05
776442,1,1.25e-05
356569,1,1.25e-05
020427,1,1.25e-05
375294,1,1.25e-05
190586,1,1.25e-05
443910,1,1.25e-05
874588,1,1.25e-05
110569,1,1.25e-05
270222,1,1.25e-05
289784,1,1.25e-05
864764,1,1.25e-05
030289,1,1.25e-05
200781,1,1.25e-05
464946,1,1.25e-05
665642,1,1.25e-05
204138,1,1.25e-05
856116,1,1.25e-05
568675,1,1.25e-05
140189,1,1.25e-05
376450,1,1.25e-05
451490,1,1.25e-05
241071,1,1.25e-05
329015,1,1.25e-05
120539,1,1.25e-05
476666,1,1.25e-05
967626,1,1.25e-05
037642,1,1.25e-05
210611,1,1.25e-05
180702,1,1.25e-05
010327,1,1.25e-05
567172,1,1.25e-05
566259,1,1.25e-05
220117,1,1.25e-05
221070,1,1.25e-05
120159,1,1.25e-05
120452,1,1.25e-05
210450,1,1.25e-05
302552,1,1.25e-05
242272,1,1.25e-05
715706,1,1.25e-05
190733,1,1.25e-05
135308,1,1.25e-05
792305,1,1.25e-05
220204,1,1.25e-05
985149,1,1.25e-05
018581,1,1.25e-05
081051,1,1.25e-05
472716,1,1.25e-05
667033,1,1.25e-05
011006,1,1.25e-05
805050,1,1.25e-05
711214,1,1.25e-05
270316,1,1.25e-05
283095,1,1.25e-05
479224,1,1.25e-05
150533,1,1.25e-05
240611,1,1.25e-05
037827,1,1.25e-05
160759,1,1.25e-05
261292,1,1.25e-05
444329,1,1.25e-05
471932,1,1.25e-05
211023,1,1.25e-05
240583,1,1.25e-05
100710,1,1.25e-05
210490,1,1.25e-05
811520,1,1.25e-05
697712,1,1.25e-05
280195,1,1.25e-05
041113,1,1.25e-05
251288,1,1.25e-05
726209,1,1.25e-05
200425,1,1.25e-05
668551,1,1.25e-05
726612,1,1.25e-05
611623,1,1.25e-05
140786,1,1.25e-05
744999,1,1.25e-05
221245,1,1.25e-05
192135,1,1.25e-05
120350,1,1.25e-05
150794,1,1.25e-05
240438,1,1.25e-05
081955,1,1.25e-05
190316,1,1.25e-05
040779,1,1.25e-05
220324,1,1.25e-05
010794,1,1.25e-05
021490,1,1.25e-05
033562,1,1.25e-05
210597,1,1.25e-05
010609,1,1.25e-05
080433,1,1.25e-05
246081,1,1.25e-05
250580,1,1.25e-05
205068,1,1.25e-05
071121,1,1.25e-05
197809,1,1.25e-05
447858,1,1.25e-05
628971,1,1.25e-05
040542,1,1.25e-05
207637,1,1.25e-05
230438,1,1.25e-05
120257,1,1.25e-05
170936,1,1.25e-05
141034,1,1.25e-05
715478,1,1.25e-05
210754,1,1.25e-05
270160,1,1.25e-05
261194,1,1.25e-05
362524,1,1.25e-05
140618,1,1.25e-05
020607,1,1.25e-05
051054,1,1.25e-05
789135,1,1.25e-05
743564,1,1.25e-05
221594,1,1.25e-05
164491,1,1.25e-05
120698,1,1.25e-05
210343,1,1.25e-05
080843,1,1.25e-05
440848,1,1.25e-05
030763,1,1.25e-05
003792,1,1.25e-05
070344,1,1.25e-05
190851,1,1.25e-05
180460,1,1.25e-05
160509,1,1.25e-05
040450,1,1.25e-05
872059,1,1.25e-05
090547,1,1.25e-05
597011,1,1.25e-05
000917,1,1.25e-05
751905,1,1.25e-05
090427,1,1.25e-05
086088,1,1.25e-05
873728,1,1.25e-05
894256,1,1.25e-05
220180,1,1.25e-05
865938,1,1.25e-05
694417,1,1.25e-05
689958,1,1.25e-05
843577,1,1.25e-05
390969,1,1.25e-05
190642,1,1.25e-05
110530,1,1.25e-05
280490,1,1.25e-05
491396,1,1.25e-05
270842,1,1.25e-05
304380,1,1.25e-05
250844,1,1.25e-05
148670,1,1.25e-05
140236,1,1.25e-05
497107,1,1.25e-05
985866,1,1.25e-05
151237,1,1.25e-05
428985,1,1.25e-05
917585,1,1.25e-05
242762,1,1.25e-05
021084,1,1.25e-05
230368,1,1.25e-05
244603,1,1.25e-05
681761,1,1.25e-05
393967,1,1.25e-05
040141,1,1.25e-05
150479,1,1.25e-05
090569,1,1.25e-05
496600,1,1.25e-05
175320,1,1.25e-05
868932,1,1.25e-05
347036,1,1.25e-05
464668,1,1.25e-05
897896,1,1.25e-05
270233,1,1.25e-05
733575,1,1.25e-05
528898,1,1.25e-05
131040,1,1.25e-05
050331,1,1.25e-05
210765,1,1.25e-05
230592,1,1.25e-05
842222,1,1.25e-05
091424,1,1.25e-05
439491,1,1.25e-05
901418,1,1.25e-05
215018,1,1.25e-05
090461,1,1.25e-05
925673,1,1.25e-05
200746,1,1.25e-05
883289,1,1.25e-05
762279,1,1.25e-05
508240,1,1.25e-05
738805,1,1.25e-05
778476,1,1.25e-05
110792,1,1.25e-05
260158,1,1.25e-05
121018,1,1.25e-05
180718,1,1.25e-05
061241,1,1.25e-05
062872,1,1.25e-05
021168,1,1.25e-05
127202,1,1.25e-05
040304,1,1.25e-05
825463,1,1.25e-05
250246,1,1.25e-05
130848,1,1.25e-05
160693,1,1.25e-05
324131,1,1.25e-05
246251,1,1.25e-05
131297,1,1.25e-05
970208,1,1.25e-05
270571,1,1.25e-05
281273,1,1.25e-05
170175,1,1.25e-05
050124,1,1.25e-05
171033,1,1.25e-05
691323,1,1.25e-05
177061,1,1.25e-05
767417,1,1.25e-05
684914,1,1.25e-05
120843,1,1.25e-05
563445,1,1.25e-05
220795,1,1.25e-05
150981,1,1.25e-05
240722,1,1.25e-05
240300,1,1.25e-05
281011,1,1.25e-05
041024,1,1.25e-05
953442,1,1.25e-05
011480,1,1.25e-05
380212,1,1.25e-05
463443,1,1.25e-05
081031,1,1.25e-05
071023,1,1.25e-05
934741,1,1.25e-05
050274,1,1.25e-05
398525,1,1.25e-05
754048,1,1.25e-05
010308,1,1.25e-05
021090,1,1.25e-05
080390,1,1.25e-05
060370,1,1.25e-05
161171,1,1.25e-05
150693,1,1.25e-05
240120,1,1.25e-05
224726,1,1.25e-05
230705,1,1.25e-05
892171,1,1.25e-05
526610,1,1.25e-05
221005,1,1.25e-05
050604,1,1.25e-05
848898,1,1.25e-05
804976,1,1.25e-05
826312,1,1.25e-05
090345,1,1.25e-05
861113,1,1.25e-05
270548,1,1.25e-05
030954,1,1.25e-05
091145,1,1.25e-05
070766,1,1.25e-05
180792,1,1.25e-05
070319,1,1.25e-05
101152,1,1.25e-05
734575,1,1.25e-05
040254,1,1.25e-05
718236,1,1.25e-05
952112,1,1.25e-05
051077,1,1.25e-05
221004,1,1.25e-05
060755,1,1.25e-05
220471,1,1.25e-05
841237,1,1.25e-05
517342,1,1.25e-05
037056,1,1.25e-05
130306,1,1.25e-05
201278,1,1.25e-05
170211,1,1.25e-05
512810,1,1.25e-05
241040,1,1.25e-05
970300,1,1.25e-05
140240,1,1.25e-05
220362,1,1.25e-05
251154,1,1.25e-05
025024,1,1.25e-05
959490,1,1.25e-05
215803,1,1.25e-05
211250,1,1.25e-05
684319,1,1.25e-05
160460,1,1.25e-05
181016,1,1.25e-05
510514,1,1.25e-05
241210,1,1.25e-05
821512,1,1.25e-05
718397,1,1.25e-05
690275,1,1.25e-05
398222,1,1.25e-05
260391,1,1.25e-05
250694,1,1.25e-05
362982,1,1.25e-05
127461,1,1.25e-05
860803,1,1.25e-05
161272,1,1.25e-05
467721,1,1.25e-05
161783,1,1.25e-05
805468,1,1.25e-05
873038,1,1.25e-05
793554,1,1.25e-05
070241,1,1.25e-05
646879,1,1.25e-05
295313,1,1.25e-05
283262,1,1.25e-05
106516,1,1.25e-05
977091,1,1.25e-05
466795,1,1.25e-05
051285,1,1.25e-05
885819,1,1.25e-05
181057,1,1.25e-05
220226,1,1.25e-05
181281,1,1.25e-05
271128,1,1.25e-05
070429,1,1.25e-05
171162,1,1.25e-05
354763,1,1.25e-05
110334,1,1.25e-05
220979,1,1.25e-05
150726,1,1.25e-05
581963,1,1.25e-05
180965,1,1.25e-05
713328,1,1.25e-05
091328,1,1.25e-05
081020,1,1.25e-05
326334,1,1.25e-05
844623,1,1.25e-05
150612,1,1.25e-05
060770,1,1.25e-05
051120,1,1.25e-05
270999,1,1.25e-05
041242,1,1.25e-05
614308,1,1.25e-05
221055,1,1.25e-05
080112,1,1.25e-05
251285,1,1.25e-05
451363,1,1.25e-05
541764,1,1.25e-05
604117,1,1.25e-05
371875,1,1.25e-05
271081,1,1.25e-05
441699,1,1.25e-05
151779,1,1.25e-05
081297,1,1.25e-05
880251,1,1.25e-05
040597,1,1.25e-05
101028,1,1.25e-05
865025,1,1.25e-05
742119,1,1.25e-05
010763,1,1.25e-05
170582,1,1.25e-05
756613,1,1.25e-05
231284,1,1.25e-05
010862,1,1.25e-05
120496,1,1.25e-05
103751,1,1.25e-05
101061,1,1.25e-05
021126,1,1.25e-05
334004,1,1.25e-05
040916,1,1.25e-05
450811,1,1.25e-05
010170,1,1.25e-05
308197,1,1.25e-05
190285,1,1.25e-05
160638,1,1.25e-05
221039,1,1.25e-05
860266,1,1.25e-05
673218,1,1.25e-05
222827,1,1.25e-05
491519,1,1.25e-05
311755,1,1.25e-05
997219,1,1.25e-05
030184,1,1.25e-05
840733,1,1.25e-05
049491,1,1.25e-05
508208,1,1.25e-05
221057,1,1.25e-05
495523,1,1.25e-05
240944,1,1.25e-05
846642,1,1.25e-05
030496,1,1.25e-05
231073,1,1.25e-05
010103,1,1.25e-05
877340,1,1.25e-05
100765,1,1.25e-05
251025,1,1.25e-05
131136,1,1.25e-05
160242,1,1.25e-05
511915,1,1.25e-05
448263,1,1.25e-05
818764,1,1.25e-05
428880,1,1.25e-05
141019,1,1.25e-05
071132,1,1.25e-05
173460,1,1.25e-05
016212,1,1.25e-05
270142,1,1.25e-05
083083,1,1.25e-05
913671,1,1.25e-05
150596,1,1.25e-05
111021,1,1.25e-05
140388,1,1.25e-05
140506,1,1.25e-05
557470,1,1.25e-05
843287,1,1.25e-05
627089,1,1.25e-05
826695,1,1.25e-05
271221,1,1.25e-05
551621,1,1.25e-05
256190,1,1.25e-05
240673,1,1.25e-05
071190,1,1.25e-05
933654,1,1.25e-05
101085,1,1.25e-05
363247,1,1.25e-05
260396,1,1.25e-05
079310,1,1.25e-05
359315,1,1.25e-05
160610,1,1.25e-05
196467,1,1.25e-05
180546,1,1.25e-05
089399,1,1.25e-05
260511,1,1.25e-05
169377,1,1.25e-05
772214,1,1.25e-05
080330,1,1.25e-05
100883,1,1.25e-05
140670,1,1.25e-05
001934,1,1.25e-05
020815,1,1.25e-05
808689,1,1.25e-05
240906,1,1.25e-05
041096,1,1.25e-05
201133,1,1.25e-05
973093,1,1.25e-05
171165,1,1.25e-05
161036,1,1.25e-05
004319,1,1.25e-05
236952,1,1.25e-05
010449,1,1.25e-05
722648,1,1.25e-05
060289,1,1.25e-05
231222,1,1.25e-05
090211,1,1.25e-05
249008,1,1.25e-05
130681,1,1.25e-05
030970,1,1.25e-05
695861,1,1.25e-05
343274,1,1.25e-05
080256,1,1.25e-05
408343,1,1.25e-05
873647,1,1.25e-05
200242,1,1.25e-05
541495,1,1.25e-05
141113,1,1.25e-05
090601,1,1.25e-05
051011,1,1.25e-05
478971,1,1.25e-05
159333,1,1.25e-05
729274,1,1.25e-05
860989,1,1.25e-05
161145,1,1.25e-05
963849,1,1.25e-05
573059,1,1.25e-05
230689,1,1.25e-05
030119,1,1.25e-05
532781,1,1.25e-05
141254,1,1.25e-05
486580,1,1.25e-05
270728,1,1.25e-05
734722,1,1.25e-05
220133,1,1.25e-05
210953,1,1.25e-05
711805,1,1.25e-05
180190,1,1.25e-05
251057,1,1.25e-05
807985,1,1.25e-05
270527,1,1.25e-05
180213,1,1.25e-05
726239,1,1.25e-05
531835,1,1.25e-05
825676,1,1.25e-05
200836,1,1.25e-05
170765,1,1.25e-05
929642,1,1.25e-05
973440,1,1.25e-05
140378,1,1.25e-05
161227,1,1.25e-05
691271,1,1.25e-05
589223,1,1.25e-05
301792,1,1.25e-05
682073,1,1.25e-05
188741,1,1.25e-05
097296,1,1.25e-05
250555,1,1.25e-05
050461,1,1.25e-05
101231,1,1.25e-05
180166,1,1.25e-05
011280,1,1.25e-05
088006,1,1.25e-05
876139,1,1.25e-05
181022,1,1.25e-05
240372,1,1.25e-05
180667,1,1.25e-05
941648,1,1.25e-05
010431,1,1.25e-05
170926,1,1.25e-05
051209,1,1.25e-05
525732,1,1.25e-05
260119,1,1.25e-05
144094,1,1.25e-05
996219,1,1.25e-05
070492,1,1.25e-05
445084,1,1.25e-05
240468,1,1.25e-05
270590,1,1.25e-05
021149,1,1.25e-05
060915,1,1.25e-05
280301,1,1.25e-05
085563,1,1.25e-05
030996,1,1.25e-05
090957,1,1.25e-05
200665,1,1.25e-05
891222,1,1.25e-05
140702,1,1.25e-05
250988,1,1.25e-05
909313,1,1.25e-05
080689,1,1.25e-05
999663,1,1.25e-05
506269,1,1.25e-05
061202,1,1.25e-05
395981,1,1.25e-05
210356,1,1.25e-05
179997,1,1.25e-05
060766,1,1.25e-05
201180,1,1.25e-05
091135,1,1.25e-05
151280,1,1.25e-05
301853,1,1.25e-05
160553,1,1.25e-05
421949,1,1.25e-05
846256,1,1.25e-05
260246,1,1.25e-05
539823,1,1.25e-05
162314,1,1.25e-05
200512,1,1.25e-05
250560,1,1.25e-05
071027,1,1.25e-05
090385,1,1.25e-05
764347,1,1.25e-05
813197,1,1.25e-05
292296,1,1.25e-05
780633,1,1.25e-05
220588,1,1.25e-05
130478,1,1.25e-05
240811,1,1.25e-05
060135,1,1.25e-05
561607,1,1.25e-05
040571,1,1.25e-05
663338,1,1.25e-05
268101,1,1.25e-05
480802,1,1.25e-05
050881,1,1.25e-05
071090,1,1.25e-05
121546,1,1.25e-05
140862,1,1.25e-05
240963,1,1.25e-05
050244,1,1.25e-05
592238,1,1.25e-05
459863,1,1.25e-05
180887,1,1.25e-05
075632,1,1.25e-05
927863,1,1.25e-05
985265,1,1.25e-05
200557,1,1.25e-05
250203,1,1.25e-05
060411,1,1.25e-05
120770,1,1.25e-05
641255,1,1.25e-05
303592,1,1.25e-05
080272,1,1.25e-05
230430,1,1.25e-05
121159,1,1.25e-05
050825,1,1.25e-05
231044,1,1.25e-05
130650,1,1.25e-05
398470,1,1.25e-05
190291,1,1.25e-05
936485,1,1.25e-05
803040,1,1.25e-05
597167,1,1.25e-05
519855,1,1.25e-05
130504,1,1.25e-05
484073,1,1.25e-05
090335,1,1.25e-05
837541,1,1.25e-05
727520,1,1.25e-05
181125,1,1.25e-05
287832,1,1.25e-05
191190,1,1.25e-05
863584,1,1.25e-05
528426,1,1.25e-05
260110,1,1.25e-05
461999,1,1.25e-05
180243,1,1.25e-05
010161,1,1.25e-05
113353,1,1.25e-05
001662,1,1.25e-05
539615,1,1.25e-05
071270,1,1.25e-05
040350,1,1.25e-05
190540,1,1.25e-05
563369,1,1.25e-05
053223,1,1.25e-05
050140,1,1.25e-05
171695,1,1.25e-05
908131,1,1.25e-05
974732,1,1.25e-05
080640,1,1.25e-05
100631,1,1.25e-05
111241,1,1.25e-05
120399,1,1.25e-05
190752,1,1.25e-05
230349,1,1.25e-05
220248,1,1.25e-05
626915,1,1.25e-05
604831,1,1.25e-05
425351,1,1.25e-05
071053,1,1.25e-05
538002,1,1.25e-05
778760,1,1.25e-05
100950,1,1.25e-05
800149,1,1.25e-05
030725,1,1.25e-05
011277,1,1.25e-05
070809,1,1.25e-05
321282,1,1.25e-05
241360,1,1.25e-05
170572,1,1.25e-05
728264,1,1.25e-05
170961,1,1.25e-05
647074,1,1.25e-05
036243,1,1.25e-05
070632,1,1.25e-05
171151,1,1.25e-05
101053,1,1.25e-05
060379,1,1.25e-05
260922,1,1.25e-05
307244,1,1.25e-05
167345,1,1.25e-05
250918,1,1.25e-05
281108,1,1.25e-05
031194,1,1.25e-05
027402,1,1.25e-05
120987,1,1.25e-05
140583,1,1.25e-05
141240,1,1.25e-05
150384,1,1.25e-05
211087,1,1.25e-05
211270,1,1.25e-05
167257,1,1.25e-05
087745,1,1.25e-05
923322,1,1.25e-05
063732,1,1.25e-05
270935,1,1.25e-05
180469,1,1.25e-05
264795,1,1.25e-05
110654,1,1.25e-05
220840,1,1.25e-05
180441,1,1.25e-05
477270,1,1.25e-05
140443,1,1.25e-05
190395,1,1.25e-05
100592,1,1.25e-05
101216,1,1.25e-05
031170,1,1.25e-05
020808,1,1.25e-05
130972,1,1.25e-05
090366,1,1.25e-05
130132,1,1.25e-05
078035,1,1.25e-05
150632,1,1.25e-05
052189,1,1.25e-05
013682,1,1.25e-05
615211,1,1.25e-05
089771,1,1.25e-05
211265,1,1.25e-05
078629,1,1.25e-05
771945,1,1.25e-05
755978,1,1.25e-05
208985,1,1.25e-05
110113,1,1.25e-05
163787,1,1.25e-05
746717,1,1.25e-05
172838,1,1.25e-05
152944,1,1.25e-05
131654,1,1.25e-05
160422,1,1.25e-05
775301,1,1.25e-05
010881,1,1.25e-05
508876,1,1.25e-05
087557,1,1.25e-05
201184,1,1.25e-05
596012,1,1.25e-05
673528,1,1.25e-05
314348,1,1.25e-05
636826,1,1.25e-05
369944,1,1.25e-05
021267,1,1.25e-05
040757,1,1.25e-05
909202,1,1.25e-05
080686,1,1.25e-05
111163,1,1.25e-05
915404,1,1.25e-05
150970,1,1.25e-05
226072,1,1.25e-05
021085,1,1.25e-05
040828,1,1.25e-05
062128,1,1.25e-05
250624,1,1.25e-05
020979,1,1.25e-05
120564,1,1.25e-05
306086,1,1.25e-05
191159,1,1.25e-05
010344,1,1.25e-05
231270,1,1.25e-05
151022,1,1.25e-05
231158,1,1.25e-05
739287,1,1.25e-05
260270,1,1.25e-05
120111,1,1.25e-05
150304,1,1.25e-05
011230,1,1.25e-05
170481,1,1.25e-05
210295,1,1.25e-05
426650,1,1.25e-05
150401,1,1.25e-05
220620,1,1.25e-05
130716,1,1.25e-05
843366,1,1.25e-05
160679,1,1.25e-05
031028,1,1.25e-05
268214,1,1.25e-05
026916,1,1.25e-05
687167,1,1.25e-05
208729,1,1.25e-05
191258,1,1.25e-05
010856,1,1.25e-05
615481,1,1.25e-05
190762,1,1.25e-05
401082,1,1.25e-05
010728,1,1.25e-05
260341,1,1.25e-05
060171,1,1.25e-05
990891,1,1.25e-05
130542,1,1.25e-05
756969,1,1.25e-05
021107,1,1.25e-05
050314,1,1.25e-05
140797,1,1.25e-05
061151,1,1.25e-05
140926,1,1.25e-05
011063,1,1.25e-05
270694,1,1.25e-05
101235,1,1.25e-05
684446,1,1.25e-05
080816,1,1.25e-05
039930,1,1.25e-05
090508,1,1.25e-05
413648,1,1.25e-05
642482,1,1.25e-05
100722,1,1.25e-05
579722,1,1.25e-05
079482,1,1.25e-05
180499,1,1.25e-05
040424,1,1.25e-05
231076,1,1.25e-05
401318,1,1.25e-05
664715,1,1.25e-05
277060,1,1.25e-05
185217,1,1.25e-05
140461,1,1.25e-05
020837,1,1.25e-05
905997,1,1.25e-05
210477,1,1.25e-05
150278,1,1.25e-05
875765,1,1.25e-05
604448,1,1.25e-05
060376,1,1.25e-05
071234,1,1.25e-05
070139,1,1.25e-05
626068,1,1.25e-05
040753,1,1.25e-05
090992,1,1.25e-05
220969,1,1.25e-05
665117,1,1.25e-05
190907,1,1.25e-05
557372,1,1.25e-05
280232,1,1.25e-05
191089,1,1.25e-05
040231,1,1.25e-05
692528,1,1.25e-05
140585,1,1.25e-05
952040,1,1.25e-05
260537,1,1.25e-05
058096,1,1.25e-05
140334,1,1.25e-05
148542,1,1.25e-05
468041,1,1.25e-05
230510,1,1.25e-05
140713,1,1.25e-05
895533,1,1.25e-05
011100,1,1.25e-05
299234,1,1.25e-05
280666,1,1.25e-05
140705,1,1.25e-05
765259,1,1.25e-05
820472,1,1.25e-05
070498,1,1.25e-05
160346,1,1.25e-05
710220,1,1.25e-05
028778,1,1.25e-05
293827,1,1.25e-05
112036,1,1.25e-05
030447,1,1.25e-05
221015,1,1.25e-05
288471,1,1.25e-05
180696,1,1.25e-05
111016,1,1.25e-05
378150,1,1.25e-05
984729,1,1.25e-05
650882,1,1.25e-05
210237,1,1.25e-05
230218,1,1.25e-05
101212,1,1.25e-05
010225,1,1.25e-05
749484,1,1.25e-05
484370,1,1.25e-05
900567,1,1.25e-05
231090,1,1.25e-05
309392,1,1.25e-05
550845,1,1.25e-05
070162,1,1.25e-05
162507,1,1.25e-05
587294,1,1.25e-05
280753,1,1.25e-05
656754,1,1.25e-05
562053,1,1.25e-05
504361,1,1.25e-05
160485,1,1.25e-05
200945,1,1.25e-05
050749,1,1.25e-05
090467,1,1.25e-05
328153,1,1.25e-05
220925,1,1.25e-05
081402,1,1.25e-05
260208,1,1.25e-05
130646,1,1.25e-05
101088,1,1.25e-05
357261,1,1.25e-05
029965,1,1.25e-05
041182,1,1.25e-05
554693,1,1.25e-05
676758,1,1.25e-05
130287,1,1.25e-05
548966,1,1.25e-05
030965,1,1.25e-05
170598,1,1.25e-05
922583,1,1.25e-05
144742,1,1.25e-05
261041,1,1.25e-05
188536,1,1.25e-05
460429,1,1.25e-05
025189,1,1.25e-05
040406,1,1.25e-05
110338,1,1.25e-05
516670,1,1.25e-05
419893,1,1.25e-05
375443,1,1.25e-05
030950,1,1.25e-05
040774,1,1.25e-05
021209,1,1.25e-05
194559,1,1.25e-05
230750,1,1.25e-05
754313,1,1.25e-05
261244,1,1.25e-05
598557,1,1.25e-05
344524,1,1.25e-05
532316,1,1.25e-05
220823,1,1.25e-05
559436,1,1.25e-05
187170,1,1.25e-05
070113,1,1.25e-05
076494,1,1.25e-05
040285,1,1.25e-05
255901,1,1.25e-05
493308,1,1.25e-05
070485,1,1.25e-05
190447,1,1.25e-05
030453,1,1.25e-05
011219,1,1.25e-05
180405,1,1.25e-05
060429,1,1.25e-05
220529,1,1.25e-05
120624,1,1.25e-05
010351,1,1.25e-05
140868,1,1.25e-05
509805,1,1.25e-05
030661,1,1.25e-05
090863,1,1.25e-05
070425,1,1.25e-05
270773,1,1.25e-05
070145,1,1.25e-05
339813,1,1.25e-05
250416,1,1.25e-05
030226,1,1.25e-05
120609,1,1.25e-05
040770,1,1.25e-05
990118,1,1.25e-05
262227,1,1.25e-05
927519,1,1.25e-05
250635,1,1.25e-05
379642,1,1.25e-05
150909,1,1.25e-05
290933,1,1.25e-05
281126,1,1.25e-05
477430,1,1.25e-05
543235,1,1.25e-05
130686,1,1.25e-05
180548,1,1.25e-05
348135,1,1.25e-05
226898,1,1.25e-05
616915,1,1.25e-05
111088,1,1.25e-05
706825,1,1.25e-05
243920,1,1.25e-05
499219,1,1.25e-05
190248,1,1.25e-05
972317,1,1.25e-05
170705,1,1.25e-05
280367,1,1.25e-05
735783,1,1.25e-05
823581,1,1.25e-05
280374,1,1.25e-05
430805,1,1.25e-05
229683,1,1.25e-05
054877,1,1.25e-05
096092,1,1.25e-05
181025,1,1.25e-05
091108,1,1.25e-05
808132,1,1.25e-05
201139,1,1.25e-05
260861,1,1.25e-05
878417,1,1.25e-05
305460,1,1.25e-05
140434,1,1.25e-05
170301,1,1.25e-05
277439,1,1.25e-05
253319,1,1.25e-05
060165,1,1.25e-05
505407,1,1.25e-05
020174,1,1.25e-05
230560,1,1.25e-05
180466,1,1.25e-05
130860,1,1.25e-05
210313,1,1.25e-05
711358,1,1.25e-05
666730,1,1.25e-05
258353,1,1.25e-05
340775,1,1.25e-05
061068,1,1.25e-05
167672,1,1.25e-05
406207,1,1.25e-05
211180,1,1.25e-05
875254,1,1.25e-05
070741,1,1.25e-05
165324,1,1.25e-05
540830,1,1.25e-05
220922,1,1.25e-05
041090,1,1.25e-05
822014,1,1.25e-05
071092,1,1.25e-05
010750,1,1.25e-05
790398,1,1.25e-05
240794,1,1.25e-05
604633,1,1.25e-05
799965,1,1.25e-05
037738,1,1.25e-05
561186,1,1.25e-05
061099,1,1.25e-05
921165,1,1.25e-05
050879,1,1.25e-05
130583,1,1.25e-05
200897,1,1.25e-05
210758,1,1.25e-05
150965,1,1.25e-05
170297,1,1.25e-05
260562,1,1.25e-05
040242,1,1.25e-05
704633,1,1.25e-05
020842,1,1.25e-05
100608,1,1.25e-05
240802,1,1.25e-05
929445,1,1.25e-05
230439,1,1.25e-05
260566,1,1.25e-05
423809,1,1.25e-05
935593,1,1.25e-05
963076,1,1.25e-05
671966,1,1.25e-05
326212,1,1.25e-05
109091,1,1.25e-05
241042,1,1.25e-05
210510,1,1.25e-05
160223,1,1.25e-05
071055,1,1.25e-05
030656,1,1.25e-05
159401,1,1.25e-05
929917,1,1.25e-05
120649,1,1.25e-05
100542,1,1.25e-05
120413,1,1.25e-05
723223,1,1.25e-05
230520,1,1.25e-05
220547,1,1.25e-05
250511,1,1.25e-05
080134,1,1.25e-05
029887,1,1.25e-05
120831,1,1.25e-05
694689,1,1.25e-05
222517,1,1.25e-05
150428,1,1.25e-05
230110,1,1.25e-05
771503,1,1.25e-05
230724,1,1.25e-05
201282,1,1.25e-05
976024,1,1.25e-05
210595,1,1.25e-05
150346,1,1.25e-05
989590,1,1.25e-05
121214,1,1.25e-05
171230,1,1.25e-05
275878,1,1.25e-05
190594,1,1.25e-05
280712,1,1.25e-05
110499,1,1.25e-05
150988,1,1.25e-05
683673,1,1.25e-05
120329,1,1.25e-05
181226,1,1.25e-05
382172,1,1.25e-05
270893,1,1.25e-05
170853,1,1.25e-05
360720,1,1.25e-05
533153,1,1.25e-05
519637,1,1.25e-05
040600,1,1.25e-05
633221,1,1.25e-05
994599,1,1.25e-05
946062,1,1.25e-05
160880,1,1.25e-05
250342,1,1.25e-05
020924,1,1.25e-05
078015,1,1.25e-05
076109,1,1.25e-05
250357,1,1.25e-05
250323,1,1.25e-05
173062,1,1.25e-05
150184,1,1.25e-05
181004,1,1.25e-05
200363,1,1.25e-05
200174,1,1.25e-05
130653,1,1.25e-05
101287,1,1.25e-05
060957,1,1.25e-05
602593,1,1.25e-05
240855,1,1.25e-05
261263,1,1.25e-05
484973,1,1.25e-05
090341,1,1.25e-05
823202,1,1.25e-05
791253,1,1.25e-05
210661,1,1.25e-05
246925,1,1.25e-05
060786,1,1.25e-05
687840,1,1.25e-05
257753,1,1.25e-05
616443,1,1.25e-05
506382,1,1.25e-05
795336,1,1.25e-05
270774,1,1.25e-05
163844,1,1.25e-05
541593,1,1.25e-05
110878,1,1.25e-05
307594,1,1.25e-05
140941,1,1.25e-05
029450,1,1.25e-05
160926,1,1.25e-05
719671,1,1.25e-05
161178,1,1.25e-05
070515,1,1.25e-05
218264,1,1.25e-05
110197,1,1.25e-05
070446,1,1.25e-05
672640,1,1.25e-05
010126,1,1.25e-05
180298,1,1.25e-05
907550,1,1.25e-05
250498,1,1.25e-05
970691,1,1.25e-05
020691,1,1.25e-05
410335,1,1.25e-05
709608,1,1.25e-05
775448,1,1.25e-05
220907,1,1.25e-05
434943,1,1.25e-05
211114,1,1.25e-05
934084,1,1.25e-05
199974,1,1.25e-05
160674,1,1.25e-05
574287,1,1.25e-05
928887,1,1.25e-05
281248,1,1.25e-05
100186,1,1.25e-05
250573,1,1.25e-05
838470,1,1.25e-05
669867,1,1.25e-05
102985,1,1.25e-05
846116,1,1.25e-05
030295,1,1.25e-05
030957,1,1.25e-05
029276,1,1.25e-05
740205,1,1.25e-05
131229,1,1.25e-05
617499,1,1.25e-05
151025,1,1.25e-05
238141,1,1.25e-05
150516,1,1.25e-05
231093,1,1.25e-05
180555,1,1.25e-05
845444,1,1.25e-05
550880,1,1.25e-05
210222,1,1.25e-05
200899,1,1.25e-05
195460,1,1.25e-05
151099,1,1.25e-05
429447,1,1.25e-05
138914,1,1.25e-05
362506,1,1.25e-05
280148,1,1.25e-05
662288,1,1.25e-05
349639,1,1.25e-05
592960,1,1.25e-05
211227,1,1.25e-05
260099,1,1.25e-05
303681,1,1.25e-05
100936,1,1.25e-05
140296,1,1.25e-05
250410,1,1.25e-05
900318,1,1.25e-05
280107,1,1.25e-05
677454,1,1.25e-05
118812,1,1.25e-05
725426,1,1.25e-05
515003,1,1.25e-05
281097,1,1.25e-05
689078,1,1.25e-05
913649,1,1.25e-05
809414,1,1.25e-05
151224,1,1.25e-05
122100,1,1.25e-05
381870,1,1.25e-05
566170,1,1.25e-05
070450,1,1.25e-05
426936,1,1.25e-05
228020,1,1.25e-05
010131,1,1.25e-05
089640,1,1.25e-05
150329,1,1.25e-05
210560,1,1.25e-05
050516,1,1.25e-05
121208,1,1.25e-05
180819,1,1.25e-05
100784,1,1.25e-05
180547,1,1.25e-05
685144,1,1.25e-05
160622,1,1.25e-05
060823,1,1.25e-05
132596,1,1.25e-05
297417,1,1.25e-05
602508,1,1.25e-05
079506,1,1.25e-05
230675,1,1.25e-05
230870,1,1.25e-05
296087,1,1.25e-05
046266,1,1.25e-05
151260,1,1.25e-05
190256,1,1.25e-05
473933,1,1.25e-05
115968,1,1.25e-05
170780,1,1.25e-05
710667,1,1.25e-05
880399,1,1.25e-05
921313,1,1.25e-05
243338,1,1.25e-05
260404,1,1.25e-05
741521,1,1.25e-05
800433,1,1.25e-05
130758,1,1.25e-05
281057,1,1.25e-05
161200,1,1.25e-05
260855,1,1.25e-05
261050,1,1.25e-05
150649,1,1.25e-05
348770,1,1.25e-05
327313,1,1.25e-05
200418,1,1.25e-05
639722,1,1.25e-05
070249,1,1.25e-05
263821,1,1.25e-05
222577,1,1.25e-05
416130,1,1.25e-05
231251,1,1.25e-05
231323,1,1.25e-05
240608,1,1.25e-05
130157,1,1.25e-05
455111,1,1.25e-05
944174,1,1.25e-05
954602,1,1.25e-05
140850,1,1.25e-05
170267,1,1.25e-05
373405,1,1.25e-05
190719,1,1.25e-05
494181,1,1.25e-05
201304,1,1.25e-05
050815,1,1.25e-05
040248,1,1.25e-05
240657,1,1.25e-05
241103,1,1.25e-05
050394,1,1.25e-05
955979,1,1.25e-05
020693,1,1.25e-05
495844,1,1.25e-05
141073,1,1.25e-05
884730,1,1.25e-05
042310,1,1.25e-05
933798,1,1.25e-05
250197,1,1.25e-05
180956,1,1.25e-05
626849,1,1.25e-05
140600,1,1.25e-05
097466,1,1.25e-05
160518,1,1.25e-05
472045,1,1.25e-05
020863,1,1.25e-05
287626,1,1.25e-05
010672,1,1.25e-05
890289,1,1.25e-05
583240,1,1.25e-05
181146,1,1.25e-05
130891,1,1.25e-05
021191,1,1.25e-05
850895,1,1.25e-05
340698,1,1.25e-05
230626,1,1.25e-05
556926,1,1.25e-05
261281,1,1.25e-05
543904,1,1.25e-05
090788,1,1.25e-05
101041,1,1.25e-05
350302,1,1.25e-05
156649,1,1.25e-05
140121,1,1.25e-05
021855,1,1.25e-05
130439,1,1.25e-05
118779,1,1.25e-05
592651,1,1.25e-05
091232,1,1.25e-05
040877,1,1.25e-05
003487,1,1.25e-05
240777,1,1.25e-05
151066,1,1.25e-05
241189,1,1.25e-05
070873,1,1.25e-05
051086,1,1.25e-05
010205,1,1.25e-05
140630,1,1.25e-05
150890,1,1.25e-05
976927,1,1.25e-05
191296,1,1.25e-05
032927,1,1.25e-05
010419,1,1.25e-05
100470,1,1.25e-05
556653,1,1.25e-05
476921,1,1.25e-05
857948,1,1.25e-05
618288,1,1.25e-05
020850,1,1.25e-05
200656,1,1.25e-05
240342,1,1.25e-05
170763,1,1.25e-05
626820,1,1.25e-05
302366,1,1.25e-05
231189,1,1.25e-05
251283,1,1.25e-05
668507,1,1.25e-05
120563,1,1.25e-05
090616,1,1.25e-05
121087,1,1.25e-05
078728,1,1.25e-05
251084,1,1.25e-05
020357,1,1.25e-05
287613,1,1.25e-05
498466,1,1.25e-05
063273,1,1.25e-05
208483,1,1.25e-05
090779,1,1.25e-05
010549,1,1.25e-05
816464,1,1.25e-05
238652,1,1.25e-05
935281,1,1.25e-05
220710,1,1.25e-05
003828,1,1.25e-05
475038,1,1.25e-05
180642,1,1.25e-05
183121,1,1.25e-05
100429,1,1.25e-05
070796,1,1.25e-05
260820,1,1.25e-05
260643,1,1.25e-05
110820,1,1.25e-05
655258,1,1.25e-05
422056,1,1.25e-05
805285,1,1.25e-05
279974,1,1.25e-05
415427,1,1.25e-05
260356,1,1.25e-05
178474,1,1.25e-05
004189,1,1.25e-05
135970,1,1.25e-05
757608,1,1.25e-05
093968,1,1.25e-05
080002,1,1.25e-05
285914,1,1.25e-05
231057,1,1.25e-05
607940,1,1.25e-05
994882,1,1.25e-05
030692,1,1.25e-05
272642,1,1.25e-05
826645,1,1.25e-05
307211,1,1.25e-05
462282,1,1.25e-05
419321,1,1.25e-05
180467,1,1.25e-05
240990,1,1.25e-05
718406,1,1.25e-05
130612,1,1.25e-05
261231,1,1.25e-05
202832,1,1.25e-05
044780,1,1.25e-05
479743,1,1.25e-05
936484,1,1.25e-05
588436,1,1.25e-05
200251,1,1.25e-05
171475,1,1.25e-05
261105,1,1.25e-05
256156,1,1.25e-05
406311,1,1.25e-05
357277,1,1.25e-05
547354,1,1.25e-05
046973,1,1.25e-05
286491,1,1.25e-05
270580,1,1.25e-05
220303,1,1.25e-05
200904,1,1.25e-05
221219,1,1.25e-05
060988,1,1.25e-05
803579,1,1.25e-05
020654,1,1.25e-05
070854,1,1.25e-05
250164,1,1.25e-05
923424,1,1.25e-05
506761,1,1.25e-05
080139,1,1.25e-05
280109,1,1.25e-05
131120,1,1.25e-05
130382,1,1.25e-05
230935,1,1.25e-05
080895,1,1.25e-05
130865,1,1.25e-05
445414,1,1.25e-05
354041,1,1.25e-05
270612,1,1.25e-05
178539,1,1.25e-05
091162,1,1.25e-05
200518,1,1.25e-05
998013,1,1.25e-05
938301,1,1.25e-05
533586,1,1.25e-05
220994,1,1.25e-05
781789,1,1.25e-05
110205,1,1.25e-05
041067,1,1.25e-05
020216,1,1.25e-05
049454,1,1.25e-05
050601,1,1.25e-05
270372,1,1.25e-05
260679,1,1.25e-05
090873,1,1.25e-05
040481,1,1.25e-05
021167,1,1.25e-05
081053,1,1.25e-05
060842,1,1.25e-05
220753,1,1.25e-05
250501,1,1.25e-05
932049,1,1.25e-05
556319,1,1.25e-05
160820,1,1.25e-05
654326,1,1.25e-05
110511,1,1.25e-05
180934,1,1.25e-05
620485,1,1.25e-05
151159,1,1.25e-05
210783,1,1.25e-05
381965,1,1.25e-05
241235,1,1.25e-05
210853,1,1.25e-05
895705,1,1.25e-05
230783,1,1.25e-05
007683,1,1.25e-05
971230,1,1.25e-05
280380,1,1.25e-05
050594,1,1.25e-05
261151,1,1.25e-05
240601,1,1.25e-05
190219,1,1.25e-05
220173,1,1.25e-05
070849,1,1.25e-05
561066,1,1.25e-05
110150,1,1.25e-05
041258,1,1.25e-05
763735,1,1.25e-05
130412,1,1.25e-05
186652,1,1.25e-05
051991,1,1.25e-05
973724,1,1.25e-05
934523,1,1.25e-05
211404,1,1.25e-05
614713,1,1.25e-05
270535,1,1.25e-05
041048,1,1.25e-05
749840,1,1.25e-05
241167,1,1.25e-05
070871,1,1.25e-05
220244,1,1.25e-05
736111,1,1.25e-05
279138,1,1.25e-05
803637,1,1.25e-05
260686,1,1.25e-05
364350,1,1.25e-05
841666,1,1.25e-05
190474,1,1.25e-05
855633,1,1.25e-05
703413,1,1.25e-05
080569,1,1.25e-05
201050,1,1.25e-05
240504,1,1.25e-05
130566,1,1.25e-05
629216,1,1.25e-05
792459,1,1.25e-05
599456,1,1.25e-05
170393,1,1.25e-05
120889,1,1.25e-05
150321,1,1.25e-05
080284,1,1.25e-05
012077,1,1.25e-05
271183,1,1.25e-05
955600,1,1.25e-05
030376,1,1.25e-05
152645,1,1.25e-05
793243,1,1.25e-05
150492,1,1.25e-05
731531,1,1.25e-05
100244,1,1.25e-05
232823,1,1.25e-05
852441,1,1.25e-05
035579,1,1.25e-05
169887,1,1.25e-05
200784,1,1.25e-05
204018,1,1.25e-05
120550,1,1.25e-05
240338,1,1.25e-05
880013,1,1.25e-05
110635,1,1.25e-05
930603,1,1.25e-05
121124,1,1.25e-05
161023,1,1.25e-05
270575,1,1.25e-05
250160,1,1.25e-05
070998,1,1.25e-05
696811,1,1.25e-05
150787,1,1.25e-05
673499,1,1.25e-05
229292,1,1.25e-05
161104,1,1.25e-05
250437,1,1.25e-05
270908,1,1.25e-05
146195,1,1.25e-05
461342,1,1.25e-05
220658,1,1.25e-05
040574,1,1.25e-05
465192,1,1.25e-05
180365,1,1.25e-05
994819,1,1.25e-05
392815,1,1.25e-05
130467,1,1.25e-05
241077,1,1.25e-05
130175,1,1.25e-05
170698,1,1.25e-05
147157,1,1.25e-05
455401,1,1.25e-05
762620,1,1.25e-05
151126,1,1.25e-05
795049,1,1.25e-05
131101,1,1.25e-05
030216,1,1.25e-05
161279,1,1.25e-05
055041,1,1.25e-05
060769,1,1.25e-05
259462,1,1.25e-05
969350,1,1.25e-05
247986,1,1.25e-05
240952,1,1.25e-05
250556,1,1.25e-05
250865,1,1.25e-05
964558,1,1.25e-05
140241,1,1.25e-05
111644,1,1.25e-05
070432,1,1.25e-05
160430,1,1.25e-05
244311,1,1.25e-05
825976,1,1.25e-05
250539,1,1.25e-05
082691,1,1.25e-05
339428,1,1.25e-05
080827,1,1.25e-05
181253,1,1.25e-05
210859,1,1.25e-05
170529,1,1.25e-05
292426,1,1.25e-05
946744,1,1.25e-05
200384,1,1.25e-05
281180,1,1.25e-05
518790,1,1.25e-05
819850,1,1.25e-05
090781,1,1.25e-05
130279,1,1.25e-05
734436,1,1.25e-05
443315,1,1.25e-05
762466,1,1.25e-05
714544,1,1.25e-05
141001,1,1.25e-05
191253,1,1.25e-05
152114,1,1.25e-05
270412,1,1.25e-05
151111,1,1.25e-05
160310,1,1.25e-05
040992,1,1.25e-05
180797,1,1.25e-05
495119,1,1.25e-05
146235,1,1.25e-05
420320,1,1.25e-05
904553,1,1.25e-05
165616,1,1.25e-05
190403,1,1.25e-05
396619,1,1.25e-05
971398,1,1.25e-05
239050,1,1.25e-05
404305,1,1.25e-05
050685,1,1.25e-05
820972,1,1.25e-05
221128,1,1.25e-05
643095,1,1.25e-05
672842,1,1.25e-05
080763,1,1.25e-05
355784,1,1.25e-05
596931,1,1.25e-05
190994,1,1.25e-05
220750,1,1.25e-05
270421,1,1.25e-05
211003,1,1.25e-05
081895,1,1.25e-05
030239,1,1.25e-05
190371,1,1.25e-05
993112,1,1.25e-05
089092,1,1.25e-05
080915,1,1.25e-05
959376,1,1.25e-05
561187,1,1.25e-05
083085,1,1.25e-05
160202,1,1.25e-05
866747,1,1.25e-05
343362,1,1.25e-05
600391,1,1.25e-05
059040,1,1.25e-05
081269,1,1.25e-05
203352,1,1.25e-05
210335,1,1.25e-05
375733,1,1.25e-05
964172,1,1.25e-05
328950,1,1.25e-05
034987,1,1.25e-05
497008,1,1.25e-05
769598,1,1.25e-05
070641,1,1.25e-05
200327,1,1.25e-05
359251,1,1.25e-05
220829,1,1.25e-05
357405,1,1.25e-05
171005,1,1.25e-05
518242,1,1.25e-05
520533,1,1.25e-05
608705,1,1.25e-05
070364,1,1.25e-05
538035,1,1.25e-05
020451,1,1.25e-05
102571,1,1.25e-05
101107,1,1.25e-05
462698,1,1.25e-05
020667,1,1.25e-05
537483,1,1.25e-05
030912,1,1.25e-05
946806,1,1.25e-05
178481,1,1.25e-05
383832,1,1.25e-05
120822,1,1.25e-05
845058,1,1.25e-05
007032,1,1.25e-05
589648,1,1.25e-05
970373,1,1.25e-05
783533,1,1.25e-05
270737,1,1.25e-05
170638,1,1.25e-05
597558,1,1.25e-05
160581,1,1.25e-05
241115,1,1.25e-05
764254,1,1.25e-05
867289,1,1.25e-05
881981,1,1.25e-05
130845,1,1.25e-05
190270,1,1.25e-05
078769,1,1.25e-05
110148,1,1.25e-05
647346,1,1.25e-05
222721,1,1.25e-05
170890,1,1.25e-05
021045,1,1.25e-05
261185,1,1.25e-05
848772,1,1.25e-05
110699,1,1.25e-05
389540,1,1.25e-05
661370,1,1.25e-05
314612,1,1.25e-05
150487,1,1.25e-05
748267,1,1.25e-05
809629,1,1.25e-05
756713,1,1.25e-05
121137,1,1.25e-05
627086,1,1.25e-05
922869,1,1.25e-05
697118,1,1.25e-05
260641,1,1.25e-05
231072,1,1.25e-05
910952,1,1.25e-05
448229,1,1.25e-05
073506,1,1.25e-05
536802,1,1.25e-05
088150,1,1.25e-05
134094,1,1.25e-05
140369,1,1.25e-05
041138,1,1.25e-05
421128,1,1.25e-05
110779,1,1.25e-05
846153,1,1.25e-05
073384,1,1.25e-05
061136,1,1.25e-05
243974,1,1.25e-05
268055,1,1.25e-05
160416,1,1.25e-05
101275,1,1.25e-05
434198,1,1.25e-05
778319,1,1.25e-05
160524,1,1.25e-05
260171,1,1.25e-05
250362,1,1.25e-05
159353,1,1.25e-05
460639,1,1.25e-05
187614,1,1.25e-05
671366,1,1.25e-05
091261,1,1.25e-05
010394,1,1.25e-05
070597,1,1.25e-05
181140,1,1.25e-05
111246,1,1.25e-05
944609,1,1.25e-05
041191,1,1.25e-05
851584,1,1.25e-05
250241,1,1.25e-05
643796,1,1.25e-05
295966,1,1.25e-05
090456,1,1.25e-05
171039,1,1.25e-05
131112,1,1.25e-05
071089,1,1.25e-05
090405,1,1.25e-05
100922,1,1.25e-05
934544,1,1.25e-05
185468,1,1.25e-05
569067,1,1.25e-05
230333,1,1.25e-05
283817,1,1.25e-05
947055,1,1.25e-05
684193,1,1.25e-05
240310,1,1.25e-05
071256,1,1.25e-05
932714,1,1.25e-05
220495,1,1.25e-05
904076,1,1.25e-05
221014,1,1.25e-05
210925,1,1.25e-05
554027,1,1.25e-05
201585,1,1.25e-05
490936,1,1.25e-05
874469,1,1.25e-05
140325,1,1.25e-05
507848,1,1.25e-05
962488,1,1.25e-05
171784,1,1.25e-05
031267,1,1.25e-05
060654,1,1.25e-05
043270,1,1.25e-05
030995,1,1.25e-05
269756,1,1.25e-05
230673,1,1.25e-05
231157,1,1.25e-05
060967,1,1.25e-05
927232,1,1.25e-05
150214,1,1.25e-05
407937,1,1.25e-05
140584,1,1.25e-05
503843,1,1.25e-05
190685,1,1.25e-05
266068,1,1.25e-05
588442,1,1.25e-05
955544,1,1.25e-05
191281,1,1.25e-05
635782,1,1.25e-05
181106,1,1.25e-05
225829,1,1.25e-05
220636,1,1.25e-05
032658,1,1.25e-05
120969,1,1.25e-05
937417,1,1.25e-05
031087,1,1.25e-05
251106,1,1.25e-05
703690,1,1.25e-05
858091,1,1.25e-05
140574,1,1.25e-05
190624,1,1.25e-05
160990,1,1.25e-05
070461,1,1.25e-05
495900,1,1.25e-05
482991,1,1.25e-05
384500,1,1.25e-05
491126,1,1.25e-05
488780,1,1.25e-05
045717,1,1.25e-05
488262,1,1.25e-05
811902,1,1.25e-05
554428,1,1.25e-05
070191,1,1.25e-05
387652,1,1.25e-05
368776,1,1.25e-05
206906,1,1.25e-05
989884,1,1.25e-05
638206,1,1.25e-05
814320,1,1.25e-05
140178,1,1.25e-05
207156,1,1.25e-05
915885,1,1.25e-05
522948,1,1.25e-05
822471,1,1.25e-05
080831,1,1.25e-05
090830,1,1.25e-05
221155,1,1.25e-05
904129,1,1.25e-05
665704,1,1.25e-05
180930,1,1.25e-05
299332,1,1.25e-05
029254,1,1.25e-05
804600,1,1.25e-05
987434,1,1.25e-05
050517,1,1.25e-05
970858,1,1.25e-05
200608,1,1.25e-05
971059,1,1.25e-05
040165,1,1.25e-05
070666,1,1.25e-05
151120,1,1.25e-05
061039,1,1.25e-05
233250,1,1.25e-05
151019,1,1.25e-05
128994,1,1.25e-05
240606,1,1.25e-05
566815,1,1.25e-05
633498,1,1.25e-05
020544,1,1.25e-05
140817,1,1.25e-05
569381,1,1.25e-05
929196,1,1.25e-05
061168,1,1.25e-05
040523,1,1.25e-05
040810,1,1.25e-05
469992,1,1.25e-05
080380,1,1.25e-05
080863,1,1.25e-05
040477,1,1.25e-05
233050,1,1.25e-05
250951,1,1.25e-05
151027,1,1.25e-05
111295,1,1.25e-05
050625,1,1.25e-05
885345,1,1.25e-05
886063,1,1.25e-05
820118,1,1.25e-05
250891,1,1.25e-05
461809,1,1.25e-05
726989,1,1.25e-05
792940,1,1.25e-05
021229,1,1.25e-05
324952,1,1.25e-05
160423,1,1.25e-05
960293,1,1.25e-05
271206,1,1.25e-05
071109,1,1.25e-05
170785,1,1.25e-05
910656,1,1.25e-05
877658,1,1.25e-05
693291,1,1.25e-05
754143,1,1.25e-05
383401,1,1.25e-05
131050,1,1.25e-05
736508,1,1.25e-05
886835,1,1.25e-05
184269,1,1.25e-05
281063,1,1.25e-05
040777,1,1.25e-05
350989,1,1.25e-05
030586,1,1.25e-05
482476,1,1.25e-05
561776,1,1.25e-05
545883,1,1.25e-05
230432,1,1.25e-05
207467,1,1.25e-05
429364,1,1.25e-05
910632,1,1.25e-05
686920,1,1.25e-05
090574,1,1.25e-05
780302,1,1.25e-05
672832,1,1.25e-05
150142,1,1.25e-05
200114,1,1.25e-05
100407,1,1.25e-05
811502,1,1.25e-05
161162,1,1.25e-05
494908,1,1.25e-05
211249,1,1.25e-05
041259,1,1.25e-05
691439,1,1.25e-05
533524,1,1.25e-05
087526,1,1.25e-05
310281,1,1.25e-05
231038,1,1.25e-05
120955,1,1.25e-05
698150,1,1.25e-05
050571,1,1.25e-05
298422,1,1.25e-05
010243,1,1.25e-05
901123,1,1.25e-05
280120,1,1.25e-05
464921,1,1.25e-05
120492,1,1.25e-05
060715,1,1.25e-05
021276,1,1.25e-05
948185,1,1.25e-05
420429,1,1.25e-05
140810,1,1.25e-05
739442,1,1.25e-05
106484,1,1.25e-05
180871,1,1.25e-05
260851,1,1.25e-05
020730,1,1.25e-05
100913,1,1.25e-05
965109,1,1.25e-05
150574,1,1.25e-05
312071,1,1.25e-05
742703,1,1.25e-05
280958,1,1.25e-05
081111,1,1.25e-05
271209,1,1.25e-05
151166,1,1.25e-05
130230,1,1.25e-05
988773,1,1.25e-05
279097,1,1.25e-05
677874,1,1.25e-05
381579,1,1.25e-05
585823,1,1.25e-05
050751,1,1.25e-05
140217,1,1.25e-05
261000,1,1.25e-05
281260,1,1.25e-05
200835,1,1.25e-05
121247,1,1.25e-05
561450,1,1.25e-05
892649,1,1.25e-05
157838,1,1.25e-05
270732,1,1.25e-05
710019,1,1.25e-05
858795,1,1.25e-05
406813,1,1.25e-05
908100,1,1.25e-05
399749,1,1.25e-05
311889,1,1.25e-05
011173,1,1.25e-05
389655,1,1.25e-05
013951,1,1.25e-05
826784,1,1.25e-05
618356,1,1.25e-05
931471,1,1.25e-05
080920,1,1.25e-05
111022,1,1.25e-05
180855,1,1.25e-05
145549,1,1.25e-05
851720,1,1.25e-05
099275,1,1.25e-05
170531,1,1.25e-05
180620,1,1.25e-05
710783,1,1.25e-05
140218,1,1.25e-05
221133,1,1.25e-05
192737,1,1.25e-05
963505,1,1.25e-05
180280,1,1.25e-05
070177,1,1.25e-05
151085,1,1.25e-05
261213,1,1.25e-05
011279,1,1.25e-05
170199,1,1.25e-05
024844,1,1.25e-05
150256,1,1.25e-05
110321,1,1.25e-05
902241,1,1.25e-05
181273,1,1.25e-05
060658,1,1.25e-05
906069,1,1.25e-05
193263,1,1.25e-05
287218,1,1.25e-05
231159,1,1.25e-05
210771,1,1.25e-05
646000,1,1.25e-05
162764,1,1.25e-05
845109,1,1.25e-05
160387,1,1.25e-05
100596,1,1.25e-05
160114,1,1.25e-05
792876,1,1.25e-05
240789,1,1.25e-05
170751,1,1.25e-05
591104,1,1.25e-05
140193,1,1.25e-05
200636,1,1.25e-05
101167,1,1.25e-05
554550,1,1.25e-05
516247,1,1.25e-05
051514,1,1.25e-05
060787,1,1.25e-05
030402,1,1.25e-05
737273,1,1.25e-05
864915,1,1.25e-05
780267,1,1.25e-05
130909,1,1.25e-05
020752,1,1.25e-05
784959,1,1.25e-05
724050,1,1.25e-05
211177,1,1.25e-05
235654,1,1.25e-05
080743,1,1.25e-05
041031,1,1.25e-05
280928,1,1.25e-05
120679,1,1.25e-05
121028,1,1.25e-05
161011,1,1.25e-05
070102,1,1.25e-05
250637,1,1.25e-05
160360,1,1.25e-05
382281,1,1.25e-05
136183,1,1.25e-05
180476,1,1.25e-05
061060,1,1.25e-05
020504,1,1.25e-05
264530,1,1.25e-05
090394,1,1.25e-05
190784,1,1.25e-05
092192,1,1.25e-05
240570,1,1.25e-05
250946,1,1.25e-05
966577,1,1.25e-05
010315,1,1.25e-05
240538,1,1.25e-05
240876,1,1.25e-05
261216,1,1.25e-05
051227,1,1.25e-05
544830,1,1.25e-05
160592,1,1.25e-05
032926,1,1.25e-05
250640,1,1.25e-05
675139,1,1.25e-05
210760,1,1.25e-05
801462,1,1.25e-05
030308,1,1.25e-05
170157,1,1.25e-05
021030,1,1.25e-05
251135,1,1.25e-05
180383,1,1.25e-05
857134,1,1.25e-05
639527,1,1.25e-05
101270,1,1.25e-05
640535,1,1.25e-05
528345,1,1.25e-05
180657,1,1.25e-05
968643,1,1.25e-05
030795,1,1.25e-05
201010,1,1.25e-05
120896,1,1.25e-05
261036,1,1.25e-05
140151,1,1.25e-05
100974,1,1.25e-05
090612,1,1.25e-05
509576,1,1.25e-05
230128,1,1.25e-05
412635,1,1.25e-05
100643,1,1.25e-05
411547,1,1.25e-05
949037,1,1.25e-05
645215,1,1.25e-05
261115,1,1.25e-05
826679,1,1.25e-05
892995,1,1.25e-05
071188,1,1.25e-05
904485,1,1.25e-05
170178,1,1.25e-05
180323,1,1.25e-05
651161,1,1.25e-05
070712,1,1.25e-05
130678,1,1.25e-05
255121,1,1.25e-05
366440,1,1.25e-05
930686,1,1.25e-05
050480,1,1.25e-05
270621,1,1.25e-05
137285,1,1.25e-05
101079,1,1.25e-05
180286,1,1.25e-05
040969,1,1.25e-05
488535,1,1.25e-05
180645,1,1.25e-05
150747,1,1.25e-05
951980,1,1.25e-05
482954,1,1.25e-05
201024,1,1.25e-05
150638,1,1.25e-05
070441,1,1.25e-05
131264,1,1.25e-05
896128,1,1.25e-05
027127,1,1.25e-05
090448,1,1.25e-05
210538,1,1.25e-05
106203,1,1.25e-05
080736,1,1.25e-05
040906,1,1.25e-05
231255,1,1.25e-05
666206,1,1.25e-05
078501,1,1.25e-05
220812,1,1.25e-05
210332,1,1.25e-05
618659,1,1.25e-05
234048,1,1.25e-05
733218,1,1.25e-05
389373,1,1.25e-05
622902,1,1.25e-05
270804,1,1.25e-05
200868,1,1.25e-05
220853,1,1.25e-05
141272,1,1.25e-05
170588,1,1.25e-05
660329,1,1.25e-05
712949,1,1.25e-05
061073,1,1.25e-05
348024,1,1.25e-05
464619,1,1.25e-05
240841,1,1.25e-05
147068,1,1.25e-05
311823,1,1.25e-05
318599,1,1.25e-05
182826,1,1.25e-05
170557,1,1.25e-05
260295,1,1.25e-05
161207,1,1.25e-05
032625,1,1.25e-05
477144,1,1.25e-05
020716,1,1.25e-05
200190,1,1.25e-05
446955,1,1.25e-05
138994,1,1.25e-05
191227,1,1.25e-05
780823,1,1.25e-05
150521,1,1.25e-05
338689,1,1.25e-05
928233,1,1.25e-05
499409,1,1.25e-05
729036,1,1.25e-05
148384,1,1.25e-05
150645,1,1.25e-05
190433,1,1.25e-05
831553,1,1.25e-05
385575,1,1.25e-05
010799,1,1.25e-05
211142,1,1.25e-05
209106,1,1.25e-05
974428,1,1.25e-05
918152,1,1.25e-05
250186,1,1.25e-05
876786,1,1.25e-05
251080,1,1.25e-05
993152,1,1.25e-05
711751,1,1.25e-05
953638,1,1.25e-05
859428,1,1.25e-05
980895,1,1.25e-05
164988,1,1.25e-05
170240,1,1.25e-05
280516,1,1.25e-05
081037,1,1.25e-05
071209,1,1.25e-05
502005,1,1.25e-05
358041,1,1.25e-05
020993,1,1.25e-05
230822,1,1.25e-05
150331,1,1.25e-05
923718,1,1.25e-05
180694,1,1.25e-05
150984,1,1.25e-05
171280,1,1.25e-05
656916,1,1.25e-05
413249,1,1.25e-05
080149,1,1.25e-05
623969,1,1.25e-05
170776,1,1.25e-05
030334,1,1.25e-05
547246,1,1.25e-05
210418,1,1.25e-05
020077,1,1.25e-05
130844,1,1.25e-05
070580,1,1.25e-05
251131,1,1.25e-05
080109,1,1.25e-05
121120,1,1.25e-05
727242,1,1.25e-05
040103,1,1.25e-05
240400,1,1.25e-05
120254,1,1.25e-05
143324,1,1.25e-05
298088,1,1.25e-05
602229,1,1.25e-05
936297,1,1.25e-05
323464,1,1.25e-05
240362,1,1.25e-05
250475,1,1.25e-05
180171,1,1.25e-05
061149,1,1.25e-05
212775,1,1.25e-05
131195,1,1.25e-05
571415,1,1.25e-05
080505,1,1.25e-05
170376,1,1.25e-05
859406,1,1.25e-05
930925,1,1.25e-05
416909,1,1.25e-05
240797,1,1.25e-05
375788,1,1.25e-05
089756,1,1.25e-05
816325,1,1.25e-05
100234,1,1.25e-05
070215,1,1.25e-05
195457,1,1.25e-05
261182,1,1.25e-05
110801,1,1.25e-05
601885,1,1.25e-05
061113,1,1.25e-05
082349,1,1.25e-05
111053,1,1.25e-05
040884,1,1.25e-05
040710,1,1.25e-05
798049,1,1.25e-05
121148,1,1.25e-05
117409,1,1.25e-05
611561,1,1.25e-05
415684,1,1.25e-05
170354,1,1.25e-05
452437,1,1.25e-05
841984,1,1.25e-05
665203,1,1.25e-05
737487,1,1.25e-05
120775,1,1.25e-05
160463,1,1.25e-05
250424,1,1.25e-05
211117,1,1.25e-05
719871,1,1.25e-05
504536,1,1.25e-05
081206,1,1.25e-05
040568,1,1.25e-05
211179,1,1.25e-05
362437,1,1.25e-05
017813,1,1.25e-05
318320,1,1.25e-05
634604,1,1.25e-05
020586,1,1.25e-05
100453,1,1.25e-05
672149,1,1.25e-05
202497,1,1.25e-05
141288,1,1.25e-05
759551,1,1.25e-05
120312,1,1.25e-05
070956,1,1.25e-05
091047,1,1.25e-05
259064,1,1.25e-05
231260,1,1.25e-05
614576,1,1.25e-05
977486,1,1.25e-05
080441,1,1.25e-05
070324,1,1.25e-05
385980,1,1.25e-05
151187,1,1.25e-05
642990,1,1.25e-05
180206,1,1.25e-05
998626,1,1.25e-05
053582,1,1.25e-05
111026,1,1.25e-05
220424,1,1.25e-05
261074,1,1.25e-05
070825,1,1.25e-05
328226,1,1.25e-05
041016,1,1.25e-05
010816,1,1.25e-05
788656,1,1.25e-05
021065,1,1.25e-05
087649,1,1.25e-05
282138,1,1.25e-05
120961,1,1.25e-05
887772,1,1.25e-05
908728,1,1.25e-05
111151,1,1.25e-05
020659,1,1.25e-05
060747,1,1.25e-05
281105,1,1.25e-05
250224,1,1.25e-05
210499,1,1.25e-05
081076,1,1.25e-05
794981,1,1.25e-05
855138,1,1.25e-05
140526,1,1.25e-05
906361,1,1.25e-05
010241,1,1.25e-05
081049,1,1.25e-05
041458,1,1.25e-05
350741,1,1.25e-05
032604,1,1.25e-05
070275,1,1.25e-05
040402,1,1.25e-05
165947,1,1.25e-05
590995,1,1.25e-05
530847,1,1.25e-05
569408,1,1.25e-05
190183,1,1.25e-05
170493,1,1.25e-05
161054,1,1.25e-05
341997,1,1.25e-05
245738,1,1.25e-05
100960,1,1.25e-05
151248,1,1.25e-05
090187,1,1.25e-05
240914,1,1.25e-05
503110,1,1.25e-05
075458,1,1.25e-05
161046,1,1.25e-05
325592,1,1.25e-05
849580,1,1.25e-05
131215,1,1.25e-05
174334,1,1.25e-05
170408,1,1.25e-05
394267,1,1.25e-05
070670,1,1.25e-05
090365,1,1.25e-05
662494,1,1.25e-05
150255,1,1.25e-05
090602,1,1.25e-05
281043,1,1.25e-05
373707,1,1.25e-05
587920,1,1.25e-05
111196,1,1.25e-05
441402,1,1.25e-05
010136,1,1.25e-05
666255,1,1.25e-05
566879,1,1.25e-05
074824,1,1.25e-05
959577,1,1.25e-05
330504,1,1.25e-05
067496,1,1.25e-05
593415,1,1.25e-05
080150,1,1.25e-05
427923,1,1.25e-05
130976,1,1.25e-05
210697,1,1.25e-05
031132,1,1.25e-05
111071,1,1.25e-05
190736,1,1.25e-05
678293,1,1.25e-05
360973,1,1.25e-05
210840,1,1.25e-05
452480,1,1.25e-05
643334,1,1.25e-05
040773,1,1.25e-05
230452,1,1.25e-05
220455,1,1.25e-05
271079,1,1.25e-05
100236,1,1.25e-05
089139,1,1.25e-05
110627,1,1.25e-05
240913,1,1.25e-05
060245,1,1.25e-05
586470,1,1.25e-05
944860,1,1.25e-05
639095,1,1.25e-05
040534,1,1.25e-05
190522,1,1.25e-05
070959,1,1.25e-05
256262,1,1.25e-05
705771,1,1.25e-05
030245,1,1.25e-05
542482,1,1.25e-05
110571,1,1.25e-05
030599,1,1.25e-05
472552,1,1.25e-05
280882,1,1.25e-05
170380,1,1.25e-05
191844,1,1.25e-05
051131,1,1.25e-05
231064,1,1.25e-05
261255,1,1.25e-05
328605,1,1.25e-05
120875,1,1.25e-05
250726,1,1.25e-05
220120,1,1.25e-05
111224,1,1.25e-05
040558,1,1.25e-05
241182,1,1.25e-05
100262,1,1.25e-05
041151,1,1.25e-05
070901,1,1.25e-05
171051,1,1.25e-05
276289,1,1.25e-05
100617,1,1.25e-05
576558,1,1.25e-05
040199,1,1.25e-05
826056,1,1.25e-05
210924,1,1.25e-05
102748,1,1.25e-05
542159,1,1.25e-05
256927,1,1.25e-05
201123,1,1.25e-05
250541,1,1.25e-05
280945,1,1.25e-05
075236,1,1.25e-05
112947,1,1.25e-05
190662,1,1.25e-05
030191,1,1.25e-05
190575,1,1.25e-05
282404,1,1.25e-05
278628,1,1.25e-05
870553,1,1.25e-05
615756,1,1.25e-05
021013,1,1.25e-05
307682,1,1.25e-05
260268,1,1.25e-05
020136,1,1.25e-05
225667,1,1.25e-05
219191,1,1.25e-05
980028,1,1.25e-05
120723,1,1.25e-05
188158,1,1.25e-05
802661,1,1.25e-05
569923,1,1.25e-05
453051,1,1.25e-05
806215,1,1.25e-05
920112,1,1.25e-05
110367,1,1.25e-05
160517,1,1.25e-05
220195,1,1.25e-05
190612,1,1.25e-05
210854,1,1.25e-05
780406,1,1.25e-05
150523,1,1.25e-05
426875,1,1.25e-05
295012,1,1.25e-05
261256,1,1.25e-05
415781,1,1.25e-05
466970,1,1.25e-05
398306,1,1.25e-05
230575,1,1.25e-05
151271,1,1.25e-05
280900,1,1.25e-05
161684,1,1.25e-05
270105,1,1.25e-05
565901,1,1.25e-05
200189,1,1.25e-05
121117,1,1.25e-05
372191,1,1.25e-05
049135,1,1.25e-05
397298,1,1.25e-05
218321,1,1.25e-05
771002,1,1.25e-05
227410,1,1.25e-05
407437,1,1.25e-05
635761,1,1.25e-05
551350,1,1.25e-05
030867,1,1.25e-05
022436,1,1.25e-05
728876,1,1.25e-05
191011,1,1.25e-05
230366,1,1.25e-05
150289,1,1.25e-05
989770,1,1.25e-05
666963,1,1.25e-05
334202,1,1.25e-05
773650,1,1.25e-05
281231,1,1.25e-05
190454,1,1.25e-05
860403,1,1.25e-05
341484,1,1.25e-05
161064,1,1.25e-05
024287,1,1.25e-05
388398,1,1.25e-05
071144,1,1.25e-05
270130,1,1.25e-05
270607,1,1.25e-05
130291,1,1.25e-05
770118,1,1.25e-05
091015,1,1.25e-05
712662,1,1.25e-05
060430,1,1.25e-05
040866,1,1.25e-05
817867,1,1.25e-05
505642,1,1.25e-05
757307,1,1.25e-05
210884,1,1.25e-05
744846,1,1.25e-05
240881,1,1.25e-05
040915,1,1.25e-05
110834,1,1.25e-05
181038,1,1.25e-05
834593,1,1.25e-05
140965,1,1.25e-05
151255,1,1.25e-05
582833,1,1.25e-05
874098,1,1.25e-05
170438,1,1.25e-05
544500,1,1.25e-05
576486,1,1.25e-05
815866,1,1.25e-05
277242,1,1.25e-05
167584,1,1.25e-05
813712,1,1.25e-05
040076,1,1.25e-05
020632,1,1.25e-05
292688,1,1.25e-05
231205,1,1.25e-05
021162,1,1.25e-05
050895,1,1.25e-05
411615,1,1.25e-05
422768,1,1.25e-05
126250,1,1.25e-05
160392,1,1.25e-05
704690,1,1.25e-05
210227,1,1.25e-05
378340,1,1.25e-05
041273,1,1.25e-05
645266,1,1.25e-05
250118,1,1.25e-05
040398,1,1.25e-05
110281,1,1.25e-05
150220,1,1.25e-05
061732,1,1.25e-05
111185,1,1.25e-05
143570,1,1.25e-05
160639,1,1.25e-05
134871,1,1.25e-05
220457,1,1.25e-05
180894,1,1.25e-05
113513,1,1.25e-05
637202,1,1.25e-05
170220,1,1.25e-05
120884,1,1.25e-05
070950,1,1.25e-05
074258,1,1.25e-05
200248,1,1.25e-05
231052,1,1.25e-05
577933,1,1.25e-05
197638,1,1.25e-05
270276,1,1.25e-05
129510,1,1.25e-05
071206,1,1.25e-05
347821,1,1.25e-05
021098,1,1.25e-05
250172,1,1.25e-05
462744,1,1.25e-05
428699,1,1.25e-05
438937,1,1.25e-05
271239,1,1.25e-05
140816,1,1.25e-05
040725,1,1.25e-05
280845,1,1.25e-05
241109,1,1.25e-05
210302,1,1.25e-05
030544,1,1.25e-05
081260,1,1.25e-05
095928,1,1.25e-05
434721,1,1.25e-05
102735,1,1.25e-05
837962,1,1.25e-05
200540,1,1.25e-05
814819,1,1.25e-05
256407,1,1.25e-05
170336,1,1.25e-05
022323,1,1.25e-05
344650,1,1.25e-05
399650,1,1.25e-05
046916,1,1.25e-05
060694,1,1.25e-05
170720,1,1.25e-05
400645,1,1.25e-05
194258,1,1.25e-05
499555,1,1.25e-05
880081,1,1.25e-05
411480,1,1.25e-05
150755,1,1.25e-05
784717,1,1.25e-05
170824,1,1.25e-05
983012,1,1.25e-05
031147,1,1.25e-05
133051,1,1.25e-05
410037,1,1.25e-05
010392,1,1.25e-05
043248,1,1.25e-05
852210,1,1.25e-05
103685,1,1.25e-05
280776,1,1.25e-05
200101,1,1.25e-05
030894,1,1.25e-05
618630,1,1.25e-05
546730,1,1.25e-05
151202,1,1.25e-05
082641,1,1.25e-05
190105,1,1.25e-05
094704,1,1.25e-05
601040,1,1.25e-05
303907,1,1.25e-05
272920,1,1.25e-05
659679,1,1.25e-05
153340,1,1.25e-05
180283,1,1.25e-05
250768,1,1.25e-05
785366,1,1.25e-05
151193,1,1.25e-05
080945,1,1.25e-05
100531,1,1.25e-05
161154,1,1.25e-05
361629,1,1.25e-05
781717,1,1.25e-05
343663,1,1.25e-05
110590,1,1.25e-05
160833,1,1.25e-05
280581,1,1.25e-05
908497,1,1.25e-05
701504,1,1.25e-05
070377,1,1.25e-05
030149,1,1.25e-05
260930,1,1.25e-05
061043,1,1.25e-05
025214,1,1.25e-05
081145,1,1.25e-05
161218,1,1.25e-05
030827,1,1.25e-05
270245,1,1.25e-05
160193,1,1.25e-05
120853,1,1.25e-05
110721,1,1.25e-05
191014,1,1.25e-05
020534,1,1.25e-05
054267,1,1.25e-05
190593,1,1.25e-05
228497,1,1.25e-05
885560,1,1.25e-05
822783,1,1.25e-05
031109,1,1.25e-05
127559,1,1.25e-05
061028,1,1.25e-05
240989,1,1.25e-05
126677,1,1.25e-05
120296,1,1.25e-05
241250,1,1.25e-05
592089,1,1.25e-05
160286,1,1.25e-05
718138,1,1.25e-05
817097,1,1.25e-05
456544,1,1.25e-05
210262,1,1.25e-05
930976,1,1.25e-05
020326,1,1.25e-05
231550,1,1.25e-05
080237,1,1.25e-05
322928,1,1.25e-05
973961,1,1.25e-05
250697,1,1.25e-05
021128,1,1.25e-05
264309,1,1.25e-05
278593,1,1.25e-05
297459,1,1.25e-05
321799,1,1.25e-05
608223,1,1.25e-05
130101,1,1.25e-05
006008,1,1.25e-05
130740,1,1.25e-05
260374,1,1.25e-05
073131,1,1.25e-05
008294,1,1.25e-05
636723,1,1.25e-05
100401,1,1.25e-05
281070,1,1.25e-05
010110,1,1.25e-05
120876,1,1.25e-05
712800,1,1.25e-05
825867,1,1.25e-05
160354,1,1.25e-05
090964,1,1.25e-05
464077,1,1.25e-05
245358,1,1.25e-05
439001,1,1.25e-05
210584,1,1.25e-05
170184,1,1.25e-05
140575,1,1.25e-05
100172,1,1.25e-05
210600,1,1.25e-05
171004,1,1.25e-05
603186,1,1.25e-05
080612,1,1.25e-05
221008,1,1.25e-05
131184,1,1.25e-05
160773,1,1.25e-05
463473,1,1.25e-05
460293,1,1.25e-05
740773,1,1.25e-05
765579,1,1.25e-05
968343,1,1.25e-05
280339,1,1.25e-05
757329,1,1.25e-05
977327,1,1.25e-05
219464,1,1.25e-05
070744,1,1.25e-05
729445,1,1.25e-05
151257,1,1.25e-05
190962,1,1.25e-05
423016,1,1.25e-05
585027,1,1.25e-05
160803,1,1.25e-05
101066,1,1.25e-05
442232,1,1.25e-05
250916,1,1.25e-05
707939,1,1.25e-05
091511,1,1.25e-05
021585,1,1.25e-05
241209,1,1.25e-05
151030,1,1.25e-05
120684,1,1.25e-05
679676,1,1.25e-05
150571,1,1.25e-05
010454,1,1.25e-05
194968,1,1.25e-05
150203,1,1.25e-05
270425,1,1.25e-05
140767,1,1.25e-05
692992,1,1.25e-05
265108,1,1.25e-05
261202,1,1.25e-05
180412,1,1.25e-05
297291,1,1.25e-05
060680,1,1.25e-05
868799,1,1.25e-05
170652,1,1.25e-05
080254,1,1.25e-05
030711,1,1.25e-05
111149,1,1.25e-05
968016,1,1.25e-05
062256,1,1.25e-05
976782,1,1.25e-05
702627,1,1.25e-05
060982,1,1.25e-05
210656,1,1.25e-05
060670,1,1.25e-05
369529,1,1.25e-05
011040,1,1.25e-05
160233,1,1.25e-05
705969,1,1.25e-05
190245,1,1.25e-05
260290,1,1.25e-05
206720,1,1.25e-05
402460,1,1.25e-05
220970,1,1.25e-05
061292,1,1.25e-05
827091,1,1.25e-05
485800,1,1.25e-05
160216,1,1.25e-05
210904,1,1.25e-05
081214,1,1.25e-05
793204,1,1.25e-05
121248,1,1.25e-05
180535,1,1.25e-05
020718,1,1.25e-05
249097,1,1.25e-05
940640,1,1.25e-05
158239,1,1.25e-05
211129,1,1.25e-05
120228,1,1.25e-05
454713,1,1.25e-05
681000,1,1.25e-05
061198,1,1.25e-05
231130,1,1.25e-05
354934,1,1.25e-05
120557,1,1.25e-05
120251,1,1.25e-05
919671,1,1.25e-05
861690,1,1.25e-05
514395,1,1.25e-05
050611,1,1.25e-05
120641,1,1.25e-05
200277,1,1.25e-05
839355,1,1.25e-05
280808,1,1.25e-05
055362,1,1.25e-05
110121,1,1.25e-05
051133,1,1.25e-05
828288,1,1.25e-05
813965,1,1.25e-05
677551,1,1.25e-05
080894,1,1.25e-05
011257,1,1.25e-05
016956,1,1.25e-05
463517,1,1.25e-05
160745,1,1.25e-05
260617,1,1.25e-05
413467,1,1.25e-05
210721,1,1.25e-05
619207,1,1.25e-05
769558,1,1.25e-05
262372,1,1.25e-05
489286,1,1.25e-05
269840,1,1.25e-05
819091,1,1.25e-05
060197,1,1.25e-05
544932,1,1.25e-05
651360,1,1.25e-05
287516,1,1.25e-05
211242,1,1.25e-05
862807,1,1.25e-05
617512,1,1.25e-05
070263,1,1.25e-05
210321,1,1.25e-05
498700,1,1.25e-05
080211,1,1.25e-05
603467,1,1.25e-05
476613,1,1.25e-05
037490,1,1.25e-05
119564,1,1.25e-05
163869,1,1.25e-05
271522,1,1.25e-05
577704,1,1.25e-05
041280,1,1.25e-05
321712,1,1.25e-05
626225,1,1.25e-05
091800,1,1.25e-05
220341,1,1.25e-05
852816,1,1.25e-05
250661,1,1.25e-05
404929,1,1.25e-05
261005,1,1.25e-05
251265,1,1.25e-05
667749,1,1.25e-05
750871,1,1.25e-05
040516,1,1.25e-05
230324,1,1.25e-05
120165,1,1.25e-05
843954,1,1.25e-05
070953,1,1.25e-05
946127,1,1.25e-05
070761,1,1.25e-05
170409,1,1.25e-05
120789,1,1.25e-05
026408,1,1.25e-05
101140,1,1.25e-05
191287,1,1.25e-05
062273,1,1.25e-05
010245,1,1.25e-05
140723,1,1.25e-05
110356,1,1.25e-05
181741,1,1.25e-05
261160,1,1.25e-05
906290,1,1.25e-05
120156,1,1.25e-05
020285,1,1.25e-05
577071,1,1.25e-05
021282,1,1.25e-05
171027,1,1.25e-05
130886,1,1.25e-05
305799,1,1.25e-05
010751,1,1.25e-05
180723,1,1.25e-05
616092,1,1.25e-05
211074,1,1.25e-05
260129,1,1.25e-05
120823,1,1.25e-05
689857,1,1.25e-05
952732,1,1.25e-05
052013,1,1.25e-05
236506,1,1.25e-05
111281,1,1.25e-05
962375,1,1.25e-05
927100,1,1.25e-05
280867,1,1.25e-05
160413,1,1.25e-05
170406,1,1.25e-05
010721,1,1.25e-05
711874,1,1.25e-05
311276,1,1.25e-05
956218,1,1.25e-05
250488,1,1.25e-05
020508,1,1.25e-05
623374,1,1.25e-05
087046,1,1.25e-05
170443,1,1.25e-05
608729,1,1.25e-05
804907,1,1.25e-05
080118,1,1.25e-05
261066,1,1.25e-05
181132,1,1.25e-05
002520,1,1.25e-05
011249,1,1.25e-05
090499,1,1.25e-05
150655,1,1.25e-05
213173,1,1.25e-05
467714,1,1.25e-05
417473,1,1.25e-05
131069,1,1.25e-05
264962,1,1.25e-05
020124,1,1.25e-05
561384,1,1.25e-05
060168,1,1.25e-05
597203,1,1.25e-05
040793,1,1.25e-05
030829,1,1.25e-05
050417,1,1.25e-05
090221,1,1.25e-05
231169,1,1.25e-05
180295,1,1.25e-05
213202,1,1.25e-05
250795,1,1.25e-05
790995,1,1.25e-05
270350,1,1.25e-05
050831,1,1.25e-05
011191,1,1.25e-05
180984,1,1.25e-05
868645,1,1.25e-05
020548,1,1.25e-05
018591,1,1.25e-05
090576,1,1.25e-05
160455,1,1.25e-05
310186,1,1.25e-05
090429,1,1.25e-05
103499,1,1.25e-05
212005,1,1.25e-05
141259,1,1.25e-05
210618,1,1.25e-05
253144,1,1.25e-05
249712,1,1.25e-05
100613,1,1.25e-05
060648,1,1.25e-05
715492,1,1.25e-05
290680,1,1.25e-05
251012,1,1.25e-05
050389,1,1.25e-05
070923,1,1.25e-05
280777,1,1.25e-05
270393,1,1.25e-05
260727,1,1.25e-05
644434,1,1.25e-05
584043,1,1.25e-05
190721,1,1.25e-05
280636,1,1.25e-05
968521,1,1.25e-05
167840,1,1.25e-05
261238,1,1.25e-05
161097,1,1.25e-05
549979,1,1.25e-05
171101,1,1.25e-05
041011,1,1.25e-05
130528,1,1.25e-05
040107,1,1.25e-05
059085,1,1.25e-05
789730,1,1.25e-05
614889,1,1.25e-05
210333,1,1.25e-05
819621,1,1.25e-05
111214,1,1.25e-05
148139,1,1.25e-05
230558,1,1.25e-05
283133,1,1.25e-05
230264,1,1.25e-05
170916,1,1.25e-05
133500,1,1.25e-05
213445,1,1.25e-05
070745,1,1.25e-05
170862,1,1.25e-05
100500,1,1.25e-05
120660,1,1.25e-05
430728,1,1.25e-05
038607,1,1.25e-05
081243,1,1.25e-05
270406,1,1.25e-05
626960,1,1.25e-05
496004,1,1.25e-05
110418,1,1.25e-05
050378,1,1.25e-05
030717,1,1.25e-05
166993,1,1.25e-05
011054,1,1.25e-05
625909,1,1.25e-05
403566,1,1.25e-05
220995,1,1.25e-05
078458,1,1.25e-05
724221,1,1.25e-05
598139,1,1.25e-05
814246,1,1.25e-05
778733,1,1.25e-05
070396,1,1.25e-05
170962,1,1.25e-05
933889,1,1.25e-05
797766,1,1.25e-05
200569,1,1.25e-05
836677,1,1.25e-05
817283,1,1.25e-05
401440,1,1.25e-05
675063,1,1.25e-05
161668,1,1.25e-05
361848,1,1.25e-05
220582,1,1.25e-05
346386,1,1.25e-05
170403,1,1.25e-05
080456,1,1.25e-05
600590,1,1.25e-05
100946,1,1.25e-05
467962,1,1.25e-05
243037,1,1.25e-05
010515,1,1.25e-05
690434,1,1.25e-05
559287,1,1.25e-05
872016,1,1.25e-05
686834,1,1.25e-05
070695,1,1.25e-05
723874,1,1.25e-05
150819,1,1.25e-05
040755,1,1.25e-05
658001,1,1.25e-05
091277,1,1.25e-05
992624,1,1.25e-05
140202,1,1.25e-05
051147,1,1.25e-05
161252,1,1.25e-05
260541,1,1.25e-05
101257,1,1.25e-05
250434,1,1.25e-05
611252,1,1.25e-05
040964,1,1.25e-05
700764,1,1.25e-05
031210,1,1.25e-05
058857,1,1.25e-05
476635,1,1.25e-05
110800,1,1.25e-05
005708,1,1.25e-05
486288,1,1.25e-05
263581,1,1.25e-05
824408,1,1.25e-05
560381,1,1.25e-05
130592,1,1.25e-05
162122,1,1.25e-05
231006,1,1.25e-05
210811,1,1.25e-05
039634,1,1.25e-05
090748,1,1.25e-05
120643,1,1.25e-05
020481,1,1.25e-05
355419,1,1.25e-05
141255,1,1.25e-05
020941,1,1.25e-05
267882,1,1.25e-05
210383,1,1.25e-05
274786,1,1.25e-05
564520,1,1.25e-05
271043,1,1.25e-05
251258,1,1.25e-05
028756,1,1.25e-05
735265,1,1.25e-05
496336,1,1.25e-05
070847,1,1.25e-05
120750,1,1.25e-05
506855,1,1.25e-05
240947,1,1.25e-05
141271,1,1.25e-05
160390,1,1.25e-05
290325,1,1.25e-05
291343,1,1.25e-05
104550,1,1.25e-05
306833,1,1.25e-05
020882,1,1.25e-05
280349,1,1.25e-05
117922,1,1.25e-05
120974,1,1.25e-05
070737,1,1.25e-05
246106,1,1.25e-05
120473,1,1.25e-05
210167,1,1.25e-05
020169,1,1.25e-05
020105,1,1.25e-05
919656,1,1.25e-05
443951,1,1.25e-05
267302,1,1.25e-05
020158,1,1.25e-05
090544,1,1.25e-05
998857,1,1.25e-05
989649,1,1.25e-05
270484,1,1.25e-05
262785,1,1.25e-05
490737,1,1.25e-05
946389,1,1.25e-05
270362,1,1.25e-05
081183,1,1.25e-05
976878,1,1.25e-05
180886,1,1.25e-05
280121,1,1.25e-05
642734,1,1.25e-05
080988,1,1.25e-05
510408,1,1.25e-05
497528,1,1.25e-05
160678,1,1.25e-05
895085,1,1.25e-05
735043,1,1.25e-05
937706,1,1.25e-05
171118,1,1.25e-05
010165,1,1.25e-05
080697,1,1.25e-05
536977,1,1.25e-05
982331,1,1.25e-05
060723,1,1.25e-05
030510,1,1.25e-05
120817,1,1.25e-05
427069,1,1.25e-05
220848,1,1.25e-05
160323,1,1.25e-05
110471,1,1.25e-05
954626,1,1.25e-05
220354,1,1.25e-05
278830,1,1.25e-05
051099,1,1.25e-05
240707,1,1.25e-05
020137,1,1.25e-05
650271,1,1.25e-05
140513,1,1.25e-05
080585,1,1.25e-05
281271,1,1.25e-05
170715,1,1.25e-05
250400,1,1.25e-05
845539,1,1.25e-05
460732,1,1.25e-05
455637,1,1.25e-05
120114,1,1.25e-05
240296,1,1.25e-05
481125,1,1.25e-05
169232,1,1.25e-05
141215,1,1.25e-05
016903,1,1.25e-05
407172,1,1.25e-05
587516,1,1.25e-05
080316,1,1.25e-05
049666,1,1.25e-05
160676,1,1.25e-05
939861,1,1.25e-05
011174,1,1.25e-05
141041,1,1.25e-05
296987,1,1.25e-05
031077,1,1.25e-05
061217,1,1.25e-05
030363,1,1.25e-05
160688,1,1.25e-05
140650,1,1.25e-05
260535,1,1.25e-05
786267,1,1.25e-05
815234,1,1.25e-05
278129,1,1.25e-05
924031,1,1.25e-05
070979,1,1.25e-05
943650,1,1.25e-05
230961,1,1.25e-05
437108,1,1.25e-05
120675,1,1.25e-05
142284,1,1.25e-05
066803,1,1.25e-05
180952,1,1.25e-05
140639,1,1.25e-05
800382,1,1.25e-05
905792,1,1.25e-05
160148,1,1.25e-05
353678,1,1.25e-05
639841,1,1.25e-05
020954,1,1.25e-05
336503,1,1.25e-05
031347,1,1.25e-05
061111,1,1.25e-05
251031,1,1.25e-05
211062,1,1.25e-05
808564,1,1.25e-05
250660,1,1.25e-05
080446,1,1.25e-05
200577,1,1.25e-05
221050,1,1.25e-05
572600,1,1.25e-05
080679,1,1.25e-05
434926,1,1.25e-05
080590,1,1.25e-05
230196,1,1.25e-05
358132,1,1.25e-05
280375,1,1.25e-05
764905,1,1.25e-05
125766,1,1.25e-05
080837,1,1.25e-05
671157,1,1.25e-05
476152,1,1.25e-05
399002,1,1.25e-05
107074,1,1.25e-05
645906,1,1.25e-05
170596,1,1.25e-05
408636,1,1.25e-05
295268,1,1.25e-05
011135,1,1.25e-05
033955,1,1.25e-05
141133,1,1.25e-05
019964,1,1.25e-05
899474,1,1.25e-05
170950,1,1.25e-05
800442,1,1.25e-05
785944,1,1.25e-05
953737,1,1.25e-05
220600,1,1.25e-05
530527,1,1.25e-05
676252,1,1.25e-05
248535,1,1.25e-05
188214,1,1.25e-05
054497,1,1.25e-05
197637,1,1.25e-05
170107,1,1.25e-05
287892,1,1.25e-05
281100,1,1.25e-05
181035,1,1.25e-05
150847,1,1.25e-05
601257,1,1.25e-05
161000,1,1.25e-05
050510,1,1.25e-05
024040,1,1.25e-05
130135,1,1.25e-05
101182,1,1.25e-05
051014,1,1.25e-05
692591,1,1.25e-05
100207,1,1.25e-05
641075,1,1.25e-05
293653,1,1.25e-05
040161,1,1.25e-05
600605,1,1.25e-05
270435,1,1.25e-05
090371,1,1.25e-05
602605,1,1.25e-05
823390,1,1.25e-05
190954,1,1.25e-05
758553,1,1.25e-05
240971,1,1.25e-05
121151,1,1.25e-05
070807,1,1.25e-05
211111,1,1.25e-05
210648,1,1.25e-05
050248,1,1.25e-05
230148,1,1.25e-05
201109,1,1.25e-05
836959,1,1.25e-05
240456,1,1.25e-05
191067,1,1.25e-05
191271,1,1.25e-05
120751,1,1.25e-05
401900,1,1.25e-05
944603,1,1.25e-05
299313,1,1.25e-05
551874,1,1.25e-05
051192,1,1.25e-05
090593,1,1.25e-05
030223,1,1.25e-05
220704,1,1.25e-05
210653,1,1.25e-05
121355,1,1.25e-05
490253,1,1.25e-05
240241,1,1.25e-05
140624,1,1.25e-05
964523,1,1.25e-05
090158,1,1.25e-05
190205,1,1.25e-05
100448,1,1.25e-05
985975,1,1.25e-05
210129,1,1.25e-05
220589,1,1.25e-05
842731,1,1.25e-05
200963,1,1.25e-05
713372,1,1.25e-05
141279,1,1.25e-05
360661,1,1.25e-05
211014,1,1.25e-05
974660,1,1.25e-05
953349,1,1.25e-05
850891,1,1.25e-05
061061,1,1.25e-05
138464,1,1.25e-05
111272,1,1.25e-05
090995,1,1.25e-05
045847,1,1.25e-05
270399,1,1.25e-05
210175,1,1.25e-05
110733,1,1.25e-05
304012,1,1.25e-05
150994,1,1.25e-05
200811,1,1.25e-05
050190,1,1.25e-05
597321,1,1.25e-05
351420,1,1.25e-05
241687,1,1.25e-05
051087,1,1.25e-05
818936,1,1.25e-05
787348,1,1.25e-05
642200,1,1.25e-05
100954,1,1.25e-05
936743,1,1.25e-05
096394,1,1.25e-05
090274,1,1.25e-05
031017,1,1.25e-05
201097,1,1.25e-05
355010,1,1.25e-05
704076,1,1.25e-05
110513,1,1.25e-05
937864,1,1.25e-05
271263,1,1.25e-05
036660,1,1.25e-05
030915,1,1.25e-05
140230,1,1.25e-05
260919,1,1.25e-05
130965,1,1.25e-05
180932,1,1.25e-05
260458,1,1.25e-05
348551,1,1.25e-05
896769,1,1.25e-05
502571,1,1.25e-05
020960,1,1.25e-05
251077,1,1.25e-05
842577,1,1.25e-05
040253,1,1.25e-05
071140,1,1.25e-05
040699,1,1.25e-05
459676,1,1.25e-05
884750,1,1.25e-05
695263,1,1.25e-05
060887,1,1.25e-05
155428,1,1.25e-05
055038,1,1.25e-05
020117,1,1.25e-05
270964,1,1.25e-05
090530,1,1.25e-05
151150,1,1.25e-05
080992,1,1.25e-05
251024,1,1.25e-05
832971,1,1.25e-05
359498,1,1.25e-05
361002,1,1.25e-05
130300,1,1.25e-05
870245,1,1.25e-05
198430,1,1.25e-05
672033,1,1.25e-05
050412,1,1.25e-05
010551,1,1.25e-05
040999,1,1.25e-05
200510,1,1.25e-05
230197,1,1.25e-05
050767,1,1.25e-05
100522,1,1.25e-05
011074,1,1.25e-05
378781,1,1.25e-05
160261,1,1.25e-05
136392,1,1.25e-05
230374,1,1.25e-05
050304,1,1.25e-05
587939,1,1.25e-05
281218,1,1.25e-05
100430,1,1.25e-05
612454,1,1.25e-05
241076,1,1.25e-05
220172,1,1.25e-05
530958,1,1.25e-05
010514,1,1.25e-05
313493,1,1.25e-05
230153,1,1.25e-05
442529,1,1.25e-05
260494,1,1.25e-05
442985,1,1.25e-05
189707,1,1.25e-05
784464,1,1.25e-05
319317,1,1.25e-05
201232,1,1.25e-05
010990,1,1.25e-05
122619,1,1.25e-05
762016,1,1.25e-05
228429,1,1.25e-05
191242,1,1.25e-05
070743,1,1.25e-05
090398,1,1.25e-05
350187,1,1.25e-05
280739,1,1.25e-05
270182,1,1.25e-05
250871,1,1.25e-05
908834,1,1.25e-05
100409,1,1.25e-05
171205,1,1.25e-05
160978,1,1.25e-05
538933,1,1.25e-05
816070,1,1.25e-05
140815,1,1.25e-05
791127,1,1.25e-05
240177,1,1.25e-05
050367,1,1.25e-05
030277,1,1.25e-05
513466,1,1.25e-05
435050,1,1.25e-05
544847,1,1.25e-05
664488,1,1.25e-05
967273,1,1.25e-05
061174,1,1.25e-05
293212,1,1.25e-05
089175,1,1.25e-05
060508,1,1.25e-05
091141,1,1.25e-05
120432,1,1.25e-05
491173,1,1.25e-05
110544,1,1.25e-05
200965,1,1.25e-05
280150,1,1.25e-05
327312,1,1.25e-05
131239,1,1.25e-05
060865,1,1.25e-05
087540,1,1.25e-05
762906,1,1.25e-05
497284,1,1.25e-05
250683,1,1.25e-05
441059,1,1.25e-05
013784,1,1.25e-05
230776,1,1.25e-05
676378,1,1.25e-05
267510,1,1.25e-05
987283,1,1.25e-05
357733,1,1.25e-05
488842,1,1.25e-05
992618,1,1.25e-05
493364,1,1.25e-05
031137,1,1.25e-05
040538,1,1.25e-05
360041,1,1.25e-05
050734,1,1.25e-05
151069,1,1.25e-05
210868,1,1.25e-05
120142,1,1.25e-05
205954,1,1.25e-05
031019,1,1.25e-05
447972,1,1.25e-05
060311,1,1.25e-05
150803,1,1.25e-05
220603,1,1.25e-05
227245,1,1.25e-05
057257,1,1.25e-05
151293,1,1.25e-05
449696,1,1.25e-05
973137,1,1.25e-05
170161,1,1.25e-05
161185,1,1.25e-05
130834,1,1.25e-05
161127,1,1.25e-05
210338,1,1.25e-05
070343,1,1.25e-05
283648,1,1.25e-05
023091,1,1.25e-05
180876,1,1.25e-05
931094,1,1.25e-05
120343,1,1.25e-05
010550,1,1.25e-05
281257,1,1.25e-05
951941,1,1.25e-05
396764,1,1.25e-05
142012,1,1.25e-05
018519,1,1.25e-05
901085,1,1.25e-05
395968,1,1.25e-05
258724,1,1.25e-05
481474,1,1.25e-05
840192,1,1.25e-05
220561,1,1.25e-05
020092,1,1.25e-05
071218,1,1.25e-05
140931,1,1.25e-05
818706,1,1.25e-05
180132,1,1.25e-05
827454,1,1.25e-05
280387,1,1.25e-05
862538,1,1.25e-05
858828,1,1.25e-05
796656,1,1.25e-05
420967,1,1.25e-05
250228,1,1.25e-05
040778,1,1.25e-05
823980,1,1.25e-05
050748,1,1.25e-05
538975,1,1.25e-05
181255,1,1.25e-05
130256,1,1.25e-05
578632,1,1.25e-05
120958,1,1.25e-05
150697,1,1.25e-05
261004,1,1.25e-05
160304,1,1.25e-05
130794,1,1.25e-05
250748,1,1.25e-05
260285,1,1.25e-05
742929,1,1.25e-05
308034,1,1.25e-05
903917,1,1.25e-05
141295,1,1.25e-05
297760,1,1.25e-05
271269,1,1.25e-05
141230,1,1.25e-05
080557,1,1.25e-05
260398,1,1.25e-05
007427,1,1.25e-05
366960,1,1.25e-05
090491,1,1.25e-05
341440,1,1.25e-05
631243,1,1.25e-05
719409,1,1.25e-05
581193,1,1.25e-05
058495,1,1.25e-05
491063,1,1.25e-05
280894,1,1.25e-05
720389,1,1.25e-05
201195,1,1.25e-05
713521,1,1.25e-05
010414,1,1.25e-05
170734,1,1.25e-05
271259,1,1.25e-05
280100,1,1.25e-05
167786,1,1.25e-05
052510,1,1.25e-05
438811,1,1.25e-05
764094,1,1.25e-05
789406,1,1.25e-05
220777,1,1.25e-05
010558,1,1.25e-05
090451,1,1.25e-05
080318,1,1.25e-05
091109,1,1.25e-05
090556,1,1.25e-05
030703,1,1.25e-05
713493,1,1.25e-05
231087,1,1.25e-05
611412,1,1.25e-05
925392,1,1.25e-05
051084,1,1.25e-05
798200,1,1.25e-05
603587,1,1.25e-05
080630,1,1.25e-05
060207,1,1.25e-05
050167,1,1.25e-05
130205,1,1.25e-05
621434,1,1.25e-05
050328,1,1.25e-05
250833,1,1.25e-05
135726,1,1.25e-05
251250,1,1.25e-05
151175,1,1.25e-05
708640,1,1.25e-05
020148,1,1.25e-05
131152,1,1.25e-05
305223,1,1.25e-05
822951,1,1.25e-05
180659,1,1.25e-05
639348,1,1.25e-05
840169,1,1.25e-05
160208,1,1.25e-05
181213,1,1.25e-05
908913,1,1.25e-05
160230,1,1.25e-05
180862,1,1.25e-05
090668,1,1.25e-05
230489,1,1.25e-05
975952,1,1.25e-05
332688,1,1.25e-05
670366,1,1.25e-05
030983,1,1.25e-05
773328,1,1.25e-05
594538,1,1.25e-05
717675,1,1.25e-05
120162,1,1.25e-05
210536,1,1.25e-05
919540,1,1.25e-05
957032,1,1.25e-05
550731,1,1.25e-05
935839,1,1.25e-05
240158,1,1.25e-05
859141,1,1.25e-05
715947,1,1.25e-05
656846,1,1.25e-05
220302,1,1.25e-05
970158,1,1.25e-05
976806,1,1.25e-05
241172,1,1.25e-05
988081,1,1.25e-05
291829,1,1.25e-05
180518,1,1.25e-05
771691,1,1.25e-05
130486,1,1.25e-05
200208,1,1.25e-05
050698,1,1.25e-05
210577,1,1.25e-05
271074,1,1.25e-05
155645,1,1.25e-05
130824,1,1.25e-05
160963,1,1.25e-05
110618,1,1.25e-05
427026,1,1.25e-05
743111,1,1.25e-05
090693,1,1.25e-05
513474,1,1.25e-05
134688,1,1.25e-05
937736,1,1.25e-05
190161,1,1.25e-05
101191,1,1.25e-05
478021,1,1.25e-05
032614,1,1.25e-05
012134,1,1.25e-05
764744,1,1.25e-05
091104,1,1.25e-05
021254,1,1.25e-05
200714,1,1.25e-05
568096,1,1.25e-05
020705,1,1.25e-05
261251,1,1.25e-05
223669,1,1.25e-05
018757,1,1.25e-05
191245,1,1.25e-05
051126,1,1.25e-05
763278,1,1.25e-05
010580,1,1.25e-05
060639,1,1.25e-05
859142,1,1.25e-05
528495,1,1.25e-05
005273,1,1.25e-05
170836,1,1.25e-05
090628,1,1.25e-05
483590,1,1.25e-05
061089,1,1.25e-05
260381,1,1.25e-05
816217,1,1.25e-05
170868,1,1.25e-05
738351,1,1.25e-05
140358,1,1.25e-05
770214,1,1.25e-05
281267,1,1.25e-05
251086,1,1.25e-05
250348,1,1.25e-05
151097,1,1.25e-05
011231,1,1.25e-05
050610,1,1.25e-05
556443,1,1.25e-05
604712,1,1.25e-05
779917,1,1.25e-05
111256,1,1.25e-05
740689,1,1.25e-05
404158,1,1.25e-05
572131,1,1.25e-05
030940,1,1.25e-05
190945,1,1.25e-05
181217,1,1.25e-05
031054,1,1.25e-05
050454,1,1.25e-05
512136,1,1.25e-05
089691,1,1.25e-05
041725,1,1.25e-05
080175,1,1.25e-05
130766,1,1.25e-05
120640,1,1.25e-05
996805,1,1.25e-05
920405,1,1.25e-05
195735,1,1.25e-05
190133,1,1.25e-05
671947,1,1.25e-05
527540,1,1.25e-05
960301,1,1.25e-05
040772,1,1.25e-05
819367,1,1.25e-05
121201,1,1.25e-05
271179,1,1.25e-05
250838,1,1.25e-05
172906,1,1.25e-05
336467,1,1.25e-05
281089,1,1.25e-05
250312,1,1.25e-05
040741,1,1.25e-05
788009,1,1.25e-05
264542,1,1.25e-05
203035,1,1.25e-05
220951,1,1.25e-05
314376,1,1.25e-05
121282,1,1.25e-05
230476,1,1.25e-05
178257,1,1.25e-05
060401,1,1.25e-05
451009,1,1.25e-05
190235,1,1.25e-05
100265,1,1.25e-05
957950,1,1.25e-05
100218,1,1.25e-05
358441,1,1.25e-05
316096,1,1.25e-05
894464,1,1.25e-05
030530,1,1.25e-05
449582,1,1.25e-05
110566,1,1.25e-05
029529,1,1.25e-05
131253,1,1.25e-05
090204,1,1.25e-05
952471,1,1.25e-05
150790,1,1.25e-05
090730,1,1.25e-05
050149,1,1.25e-05
162662,1,1.25e-05
140989,1,1.25e-05
080664,1,1.25e-05
837620,1,1.25e-05
091129,1,1.25e-05
396068,1,1.25e-05
211252,1,1.25e-05
190113,1,1.25e-05
615786,1,1.25e-05
201035,1,1.25e-05
160195,1,1.25e-05
884307,1,1.25e-05
081014,1,1.25e-05
099396,1,1.25e-05
989759,1,1.25e-05
380784,1,1.25e-05
170953,1,1.25e-05
230845,1,1.25e-05
180817,1,1.25e-05
050298,1,1.25e-05
394795,1,1.25e-05
419408,1,1.25e-05
140643,1,1.25e-05
439412,1,1.25e-05
100282,1,1.25e-05
648458,1,1.25e-05
984985,1,1.25e-05
885652,1,1.25e-05
926953,1,1.25e-05
020091,1,1.25e-05
270390,1,1.25e-05
829012,1,1.25e-05
261128,1,1.25e-05
881812,1,1.25e-05
110946,1,1.25e-05
080950,1,1.25e-05
110162,1,1.25e-05
130673,1,1.25e-05
388237,1,1.25e-05
280102,1,1.25e-05
843438,1,1.25e-05
375367,1,1.25e-05
486890,1,1.25e-05
872216,1,1.25e-05
618956,1,1.25e-05
250536,1,1.25e-05
050873,1,1.25e-05
080282,1,1.25e-05
210515,1,1.25e-05
773630,1,1.25e-05
211280,1,1.25e-05
191211,1,1.25e-05
030375,1,1.25e-05
070628,1,1.25e-05
080598,1,1.25e-05
874051,1,1.25e-05
406380,1,1.25e-05
100465,1,1.25e-05
190238,1,1.25e-05
290979,1,1.25e-05
306473,1,1.25e-05
220598,1,1.25e-05
230184,1,1.25e-05
791958,1,1.25e-05
130222,1,1.25e-05
376630,1,1.25e-05
294770,1,1.25e-05
141140,1,1.25e-05
808807,1,1.25e-05
808975,1,1.25e-05
974907,1,1.25e-05
201063,1,1.25e-05
228812,1,1.25e-05
666549,1,1.25e-05
494177,1,1.25e-05
868018,1,1.25e-05
229025,1,1.25e-05
892504,1,1.25e-05
060794,1,1.25e-05
080472,1,1.25e-05
140368,1,1.25e-05
963252,1,1.25e-05
081098,1,1.25e-05
211278,1,1.25e-05
030199,1,1.25e-05
872976,1,1.25e-05
977024,1,1.25e-05
210534,1,1.25e-05
080296,1,1.25e-05
456643,1,1.25e-05
517902,1,1.25e-05
923341,1,1.25e-05
160631,1,1.25e-05
040696,1,1.25e-05
368793,1,1.25e-05
180475,1,1.25e-05
256842,1,1.25e-05
478871,1,1.25e-05
826778,1,1.25e-05
252807,1,1.25e-05
250622,1,1.25e-05
160441,1,1.25e-05
191021,1,1.25e-05
150488,1,1.25e-05
886517,1,1.25e-05
069436,1,1.25e-05
160925,1,1.25e-05
140582,1,1.25e-05
926321,1,1.25e-05
031185,1,1.25e-05
313763,1,1.25e-05
993966,1,1.25e-05
649079,1,1.25e-05
220453,1,1.25e-05
308656,1,1.25e-05
130498,1,1.25e-05
412726,1,1.25e-05
561406,1,1.25e-05
220384,1,1.25e-05
607507,1,1.25e-05
870050,1,1.25e-05
820002,1,1.25e-05
160245,1,1.25e-05
061279,1,1.25e-05
120439,1,1.25e-05
240154,1,1.25e-05
057738,1,1.25e-05
110347,1,1.25e-05
251232,1,1.25e-05
063951,1,1.25e-05
250835,1,1.25e-05
220490,1,1.25e-05
140934,1,1.25e-05
721047,1,1.25e-05
270419,1,1.25e-05
241072,1,1.25e-05
190257,1,1.25e-05
240242,1,1.25e-05
260721,1,1.25e-05
020211,1,1.25e-05
603399,1,1.25e-05
120407,1,1.25e-05
260653,1,1.25e-05
220941,1,1.25e-05
040632,1,1.25e-05
130350,1,1.25e-05
240891,1,1.25e-05
150485,1,1.25e-05
566622,1,1.25e-05
908573,1,1.25e-05
366144,1,1.25e-05
130214,1,1.25e-05
240196,1,1.25e-05
040838,1,1.25e-05
200538,1,1.25e-05
260264,1,1.25e-05
110771,1,1.25e-05
080229,1,1.25e-05
914365,1,1.25e-05
374119,1,1.25e-05
032828,1,1.25e-05
240592,1,1.25e-05
090378,1,1.25e-05
090743,1,1.25e-05
960031,1,1.25e-05
434288,1,1.25e-05
230997,1,1.25e-05
040678,1,1.25e-05
191153,1,1.25e-05
091229,1,1.25e-05
035923,1,1.25e-05
170998,1,1.25e-05
210233,1,1.25e-05
160209,1,1.25e-05
983904,1,1.25e-05
859832,1,1.25e-05
586742,1,1.25e-05
031148,1,1.25e-05
100915,1,1.25e-05
193948,1,1.25e-05
250592,1,1.25e-05
270374,1,1.25e-05
896985,1,1.25e-05
181943,1,1.25e-05
030178,1,1.25e-05
261209,1,1.25e-05
732205,1,1.25e-05
325461,1,1.25e-05
510932,1,1.25e-05
919176,1,1.25e-05
040687,1,1.25e-05
080851,1,1.25e-05
369629,1,1.25e-05
722042,1,1.25e-05
386332,1,1.25e-05
554342,1,1.25e-05
261104,1,1.25e-05
360246,1,1.25e-05
359733,1,1.25e-05
216835,1,1.25e-05
994525,1,1.25e-05
707403,1,1.25e-05
170359,1,1.25e-05
200902,1,1.25e-05
270169,1,1.25e-05
006676,1,1.25e-05
051052,1,1.25e-05
719335,1,1.25e-05
250124,1,1.25e-05
150939,1,1.25e-05
100890,1,1.25e-05
130098,1,1.25e-05
997424,1,1.25e-05
010335,1,1.25e-05
311942,1,1.25e-05
767129,1,1.25e-05
220506,1,1.25e-05
210270,1,1.25e-05
327042,1,1.25e-05
768158,1,1.25e-05
150371,1,1.25e-05
678462,1,1.25e-05
189623,1,1.25e-05
858154,1,1.25e-05
720097,1,1.25e-05
030768,1,1.25e-05
936407,1,1.25e-05
010444,1,1.25e-05
250646,1,1.25e-05
221281,1,1.25e-05
125323,1,1.25e-05
226331,1,1.25e-05
251158,1,1.25e-05
070821,1,1.25e-05
436101,1,1.25e-05
996607,1,1.25e-05
170358,1,1.25e-05
220290,1,1.25e-05
011021,1,1.25e-05
231287,1,1.25e-05
160341,1,1.25e-05
785018,1,1.25e-05
240337,1,1.25e-05
029153,1,1.25e-05
170115,1,1.25e-05
150266,1,1.25e-05
346704,1,1.25e-05
201043,1,1.25e-05
704371,1,1.25e-05
759755,1,1.25e-05
201029,1,1.25e-05
188636,1,1.25e-05
230140,1,1.25e-05
528241,1,1.25e-05
601703,1,1.25e-05
370203,1,1.25e-05
257136,1,1.25e-05
834452,1,1.25e-05
653256,1,1.25e-05
161016,1,1.25e-05
508223,1,1.25e-05
220685,1,1.25e-05
379483,1,1.25e-05
651802,1,1.25e-05
270036,1,1.25e-05
030197,1,1.25e-05
641044,1,1.25e-05
363069,1,1.25e-05
247191,1,1.25e-05
080663,1,1.25e-05
634032,1,1.25e-05
308046,1,1.25e-05
040731,1,1.25e-05
190890,1,1.25e-05
210421,1,1.25e-05
798262,1,1.25e-05
917294,1,1.25e-05
897689,1,1.25e-05
089102,1,1.25e-05
458448,1,1.25e-05
377818,1,1.25e-05
576163,1,1.25e-05
280362,1,1.25e-05
281488,1,1.25e-05
060583,1,1.25e-05
020827,1,1.25e-05
921224,1,1.25e-05
281268,1,1.25e-05
241226,1,1.25e-05
862630,1,1.25e-05
140771,1,1.25e-05
303849,1,1.25e-05
158146,1,1.25e-05
050782,1,1.25e-05
690580,1,1.25e-05
090520,1,1.25e-05
120533,1,1.25e-05
010640,1,1.25e-05
382238,1,1.25e-05
317030,1,1.25e-05
113344,1,1.25e-05
407622,1,1.25e-05
110775,1,1.25e-05
180470,1,1.25e-05
210626,1,1.25e-05
586705,1,1.25e-05
100551,1,1.25e-05
170688,1,1.25e-05
021295,1,1.25e-05
224109,1,1.25e-05
060531,1,1.25e-05
946351,1,1.25e-05
120104,1,1.25e-05
594315,1,1.25e-05
472939,1,1.25e-05
260955,1,1.25e-05
919726,1,1.25e-05
200816,1,1.25e-05
163628,1,1.25e-05
556843,1,1.25e-05
553328,1,1.25e-05
172051,1,1.25e-05
020132,1,1.25e-05
770568,1,1.25e-05
690811,1,1.25e-05
562165,1,1.25e-05
180281,1,1.25e-05
100924,1,1.25e-05
067032,1,1.25e-05
577602,1,1.25e-05
373231,1,1.25e-05
923573,1,1.25e-05
081202,1,1.25e-05
498571,1,1.25e-05
130853,1,1.25e-05
244085,1,1.25e-05
250030,1,1.25e-05
141109,1,1.25e-05
684201,1,1.25e-05
271008,1,1.25e-05
190305,1,1.25e-05
150225,1,1.25e-05
871741,1,1.25e-05
271230,1,1.25e-05
050420,1,1.25e-05
041025,1,1.25e-05
240842,1,1.25e-05
016768,1,1.25e-05
240131,1,1.25e-05
040917,1,1.25e-05
190925,1,1.25e-05
018680,1,1.25e-05
015105,1,1.25e-05
953813,1,1.25e-05
210770,1,1.25e-05
476347,1,1.25e-05
220151,1,1.25e-05
220824,1,1.25e-05
150990,1,1.25e-05
010651,1,1.25e-05
120425,1,1.25e-05
987230,1,1.25e-05
060726,1,1.25e-05
221207,1,1.25e-05
020675,1,1.25e-05
924452,1,1.25e-05
120919,1,1.25e-05
320456,1,1.25e-05
505940,1,1.25e-05
268578,1,1.25e-05
598701,1,1.25e-05
120711,1,1.25e-05
020233,1,1.25e-05
020762,1,1.25e-05
130169,1,1.25e-05
150288,1,1.25e-05
251220,1,1.25e-05
190483,1,1.25e-05
161101,1,1.25e-05
050965,1,1.25e-05
217317,1,1.25e-05
308701,1,1.25e-05
140474,1,1.25e-05
120411,1,1.25e-05
921930,1,1.25e-05
110311,1,1.25e-05
457654,1,1.25e-05
647362,1,1.25e-05
180637,1,1.25e-05
280508,1,1.25e-05
585231,1,1.25e-05
317347,1,1.25e-05
250149,1,1.25e-05
090495,1,1.25e-05
217857,1,1.25e-05
080543,1,1.25e-05
291248,1,1.25e-05
353901,1,1.25e-05
340951,1,1.25e-05
211013,1,1.25e-05
966074,1,1.25e-05
503899,1,1.25e-05
834418,1,1.25e-05
306762,1,1.25e-05
495002,1,1.25e-05
320601,1,1.25e-05
081261,1,1.25e-05
280271,1,1.25e-05
020963,1,1.25e-05
080934,1,1.25e-05
260635,1,1.25e-05
133614,1,1.25e-05
181065,1,1.25e-05
489717,1,1.25e-05
070892,1,1.25e-05
020606,1,1.25e-05
110574,1,1.25e-05
534584,1,1.25e-05
472103,1,1.25e-05
102539,1,1.25e-05
150200,1,1.25e-05
201148,1,1.25e-05
221171,1,1.25e-05
705991,1,1.25e-05
240479,1,1.25e-05
378603,1,1.25e-05
090446,1,1.25e-05
712325,1,1.25e-05
605487,1,1.25e-05
060618,1,1.25e-05
261297,1,1.25e-05
080187,1,1.25e-05
269181,1,1.25e-05
944004,1,1.25e-05
308472,1,1.25e-05
010427,1,1.25e-05
220391,1,1.25e-05
226969,1,1.25e-05
792701,1,1.25e-05
200915,1,1.25e-05
708195,1,1.25e-05
110366,1,1.25e-05
100277,1,1.25e-05
995109,1,1.25e-05
070586,1,1.25e-05
164660,1,1.25e-05
404726,1,1.25e-05
180969,1,1.25e-05
081278,1,1.25e-05
181147,1,1.25e-05
090522,1,1.25e-05
918271,1,1.25e-05
018574,1,1.25e-05
030749,1,1.25e-05
258268,1,1.25e-05
110196,1,1.25e-05
230995,1,1.25e-05
315132,1,1.25e-05
009897,1,1.25e-05
181218,1,1.25e-05
120852,1,1.25e-05
211150,1,1.25e-05
260505,1,1.25e-05
447976,1,1.25e-05
170786,1,1.25e-05
136017,1,1.25e-05
436499,1,1.25e-05
091098,1,1.25e-05
468938,1,1.25e-05
645241,1,1.25e-05
050581,1,1.25e-05
010847,1,1.25e-05
021159,1,1.25e-05
111100,1,1.25e-05
511725,1,1.25e-05
260286,1,1.25e-05
250743,1,1.25e-05
260845,1,1.25e-05
786020,1,1.25e-05
358639,1,1.25e-05
563310,1,1.25e-05
220372,1,1.25e-05
170784,1,1.25e-05
270438,1,1.25e-05
754259,1,1.25e-05
621052,1,1.25e-05
267702,1,1.25e-05
974839,1,1.25e-05
119200,1,1.25e-05
240882,1,1.25e-05
669211,1,1.25e-05
150956,1,1.25e-05
160200,1,1.25e-05
110327,1,1.25e-05
347449,1,1.25e-05
593026,1,1.25e-05
665037,1,1.25e-05
166005,1,1.25e-05
860078,1,1.25e-05
964512,1,1.25e-05
014848,1,1.25e-05
050173,1,1.25e-05
326220,1,1.25e-05
382135,1,1.25e-05
220314,1,1.25e-05
310051,1,1.25e-05
200854,1,1.25e-05
696350,1,1.25e-05
140411,1,1.25e-05
280178,1,1.25e-05
081173,1,1.25e-05
080852,1,1.25e-05
869535,1,1.25e-05
215288,1,1.25e-05
170938,1,1.25e-05
182827,1,1.25e-05
925572,1,1.25e-05
643512,1,1.25e-05
098477,1,1.25e-05
050310,1,1.25e-05
091059,1,1.25e-05
110217,1,1.25e-05
040733,1,1.25e-05
100680,1,1.25e-05
555358,1,1.25e-05
489313,1,1.25e-05
070430,1,1.25e-05
130879,1,1.25e-05
180138,1,1.25e-05
804858,1,1.25e-05
542025,1,1.25e-05
140874,1,1.25e-05
719945,1,1.25e-05
140269,1,1.25e-05
210225,1,1.25e-05
200263,1,1.25e-05
230828,1,1.25e-05
281154,1,1.25e-05
070179,1,1.25e-05
433736,1,1.25e-05
180411,1,1.25e-05
180302,1,1.25e-05
140894,1,1.25e-05
339862,1,1.25e-05
147974,1,1.25e-05
050416,1,1.25e-05
141174,1,1.25e-05
998164,1,1.25e-05
573242,1,1.25e-05
052412,1,1.25e-05
080566,1,1.25e-05
271173,1,1.25e-05
170524,1,1.25e-05
209400,1,1.25e-05
081110,1,1.25e-05
508611,1,1.25e-05
995533,1,1.25e-05
065230,1,1.25e-05
150809,1,1.25e-05
416866,1,1.25e-05
151133,1,1.25e-05
121036,1,1.25e-05
170758,1,1.25e-05
101396,1,1.25e-05
321792,1,1.25e-05
150373,1,1.25e-05
260574,1,1.25e-05
271086,1,1.25e-05
038838,1,1.25e-05
020679,1,1.25e-05
171229,1,1.25e-05
260985,1,1.25e-05
891091,1,1.25e-05
240835,1,1.25e-05
260319,1,1.25e-05
261015,1,1.25e-05
582457,1,1.25e-05
094092,1,1.25e-05
916360,1,1.25e-05
423922,1,1.25e-05
835312,1,1.25e-05
003795,1,1.25e-05
101699,1,1.25e-05
050414,1,1.25e-05
130961,1,1.25e-05
060132,1,1.25e-05
061017,1,1.25e-05
038147,1,1.25e-05
230930,1,1.25e-05
395725,1,1.25e-05
583816,1,1.25e-05
960044,1,1.25e-05
460358,1,1.25e-05
461859,1,1.25e-05
200413,1,1.25e-05
740959,1,1.25e-05
010144,1,1.25e-05
160849,1,1.25e-05
080750,1,1.25e-05
051075,1,1.25e-05
220394,1,1.25e-05
388163,1,1.25e-05
220448,1,1.25e-05
120850,1,1.25e-05
723778,1,1.25e-05
170770,1,1.25e-05
630196,1,1.25e-05
190714,1,1.25e-05
010835,1,1.25e-05
493691,1,1.25e-05
398756,1,1.25e-05
181231,1,1.25e-05
170768,1,1.25e-05
241278,1,1.25e-05
994185,1,1.25e-05
110373,1,1.25e-05
140182,1,1.25e-05
946659,1,1.25e-05
230698,1,1.25e-05
170472,1,1.25e-05
180582,1,1.25e-05
030155,1,1.25e-05
735835,1,1.25e-05
655470,1,1.25e-05
755797,1,1.25e-05
160123,1,1.25e-05
015016,1,1.25e-05
250190,1,1.25e-05
090978,1,1.25e-05
241188,1,1.25e-05
131169,1,1.25e-05
040512,1,1.25e-05
217039,1,1.25e-05
230672,1,1.25e-05
270822,1,1.25e-05
190760,1,1.25e-05
843016,1,1.25e-05
486032,1,1.25e-05
783319,1,1.25e-05
960150,1,1.25e-05
100434,1,1.25e-05
924720,1,1.25e-05
120741,1,1.25e-05
140244,1,1.25e-05
435827,1,1.25e-05
745106,1,1.25e-05
260976,1,1.25e-05
385586,1,1.25e-05
559723,1,1.25e-05
547824,1,1.25e-05
431769,1,1.25e-05
271274,1,1.25e-05
385311,1,1.25e-05
040191,1,1.25e-05
150616,1,1.25e-05
110146,1,1.25e-05
190781,1,1.25e-05
270968,1,1.25e-05
094325,1,1.25e-05
868617,1,1.25e-05
678564,1,1.25e-05
250131,1,1.25e-05
171261,1,1.25e-05
110142,1,1.25e-05
010814,1,1.25e-05
200310,1,1.25e-05
664678,1,1.25e-05
191240,1,1.25e-05
831305,1,1.25e-05
030387,1,1.25e-05
280737,1,1.25e-05
092403,1,1.25e-05
130277,1,1.25e-05
130822,1,1.25e-05
090802,1,1.25e-05
875589,1,1.25e-05
050712,1,1.25e-05
507422,1,1.25e-05
020895,1,1.25e-05
270907,1,1.25e-05
140501,1,1.25e-05
150796,1,1.25e-05
798958,1,1.25e-05
541218,1,1.25e-05
795637,1,1.25e-05
638412,1,1.25e-05
150144,1,1.25e-05
572291,1,1.25e-05
280230,1,1.25e-05
211095,1,1.25e-05
769105,1,1.25e-05
020603,1,1.25e-05
190372,1,1.25e-05
161231,1,1.25e-05
130601,1,1.25e-05
150893,1,1.25e-05
250710,1,1.25e-05
994603,1,1.25e-05
110875,1,1.25e-05
446345,1,1.25e-05
187188,1,1.25e-05
060817,1,1.25e-05
021481,1,1.25e-05
220990,1,1.25e-05
051148,1,1.25e-05
956878,1,1.25e-05
971588,1,1.25e-05
200922,1,1.25e-05
446550,1,1.25e-05
046608,1,1.25e-05
055194,1,1.25e-05
984373,1,1.25e-05
280358,1,1.25e-05
267079,1,1.25e-05
151011,1,1.25e-05
586934,1,1.25e-05
564915,1,1.25e-05
220793,1,1.25e-05
180574,1,1.25e-05
250652,1,1.25e-05
418997,1,1.25e-05
050450,1,1.25e-05
079446,1,1.25e-05
164879,1,1.25e-05
210785,1,1.25e-05
200807,1,1.25e-05
030898,1,1.25e-05
221191,1,1.25e-05
280156,1,1.25e-05
150854,1,1.25e-05
100412,1,1.25e-05
029197,1,1.25e-05
677700,1,1.25e-05
180386,1,1.25e-05
299487,1,1.25e-05
090166,1,1.25e-05
071041,1,1.25e-05
916833,1,1.25e-05
577734,1,1.25e-05
080935,1,1.25e-05
903383,1,1.25e-05
191200,1,1.25e-05
986760,1,1.25e-05
030285,1,1.25e-05
071005,1,1.25e-05
005477,1,1.25e-05
578181,1,1.25e-05
041194,1,1.25e-05
618372,1,1.25e-05
190881,1,1.25e-05
220381,1,1.25e-05
010555,1,1.25e-05
127310,1,1.25e-05
344031,1,1.25e-05
889109,1,1.25e-05
704352,1,1.25e-05
140623,1,1.25e-05
240826,1,1.25e-05
181020,1,1.25e-05
047445,1,1.25e-05
210639,1,1.25e-05
071269,1,1.25e-05
010142,1,1.25e-05
459782,1,1.25e-05
001197,1,1.25e-05
050631,1,1.25e-05
172114,1,1.25e-05
040754,1,1.25e-05
314736,1,1.25e-05
171164,1,1.25e-05
190262,1,1.25e-05
168655,1,1.25e-05
020500,1,1.25e-05
651979,1,1.25e-05
211002,1,1.25e-05
060795,1,1.25e-05
030473,1,1.25e-05
446782,1,1.25e-05
605193,1,1.25e-05
110668,1,1.25e-05
604437,1,1.25e-05
022172,1,1.25e-05
130428,1,1.25e-05
048016,1,1.25e-05
060831,1,1.25e-05
620392,1,1.25e-05
170793,1,1.25e-05
378489,1,1.25e-05
010634,1,1.25e-05
921840,1,1.25e-05
010759,1,1.25e-05
432257,1,1.25e-05
200519,1,1.25e-05
230484,1,1.25e-05
220187,1,1.25e-05
230664,1,1.25e-05
156013,1,1.25e-05
140259,1,1.25e-05
190601,1,1.25e-05
121069,1,1.25e-05
151282,1,1.25e-05
030459,1,1.25e-05
902969,1,1.25e-05
064279,1,1.25e-05
170327,1,1.25e-05
211022,1,1.25e-05
070643,1,1.25e-05
824327,1,1.25e-05
040672,1,1.25e-05
569691,1,1.25e-05
030391,1,1.25e-05
090159,1,1.25e-05
262992,1,1.25e-05
544465,1,1.25e-05
122353,1,1.25e-05
090597,1,1.25e-05
764305,1,1.25e-05
068368,1,1.25e-05
021028,1,1.25e-05
040133,1,1.25e-05
296869,1,1.25e-05
135986,1,1.25e-05
151065,1,1.25e-05
367598,1,1.25e-05
140769,1,1.25e-05
090108,1,1.25e-05
219961,1,1.25e-05
081268,1,1.25e-05
170694,1,1.25e-05
181749,1,1.25e-05
150874,1,1.25e-05
169218,1,1.25e-05
150336,1,1.25e-05
879438,1,1.25e-05
599749,1,1.25e-05
816451,1,1.25e-05
171156,1,1.25e-05
070105,1,1.25e-05
945732,1,1.25e-05
632365,1,1.25e-05
110987,1,1.25e-05
072617,1,1.25e-05
504679,1,1.25e-05
180507,1,1.25e-05
675610,1,1.25e-05
180685,1,1.25e-05
071345,1,1.25e-05
812510,1,1.25e-05
117543,1,1.25e-05
746418,1,1.25e-05
160562,1,1.25e-05
180867,1,1.25e-05
221273,1,1.25e-05
250884,1,1.25e-05
200677,1,1.25e-05
501294,1,1.25e-05
170822,1,1.25e-05
200844,1,1.25e-05
164889,1,1.25e-05
201138,1,1.25e-05
110431,1,1.25e-05
280985,1,1.25e-05
425424,1,1.25e-05
030825,1,1.25e-05
080636,1,1.25e-05
070196,1,1.25e-05
021088,1,1.25e-05
116750,1,1.25e-05
918423,1,1.25e-05
126342,1,1.25e-05
050405,1,1.25e-05
890654,1,1.25e-05
231080,1,1.25e-05
017871,1,1.25e-05
160808,1,1.25e-05
291982,1,1.25e-05
667510,1,1.25e-05
250648,1,1.25e-05
716289,1,1.25e-05
020621,1,1.25e-05
097722,1,1.25e-05
555099,1,1.25e-05
060301,1,1.25e-05
270248,1,1.25e-05
120338,1,1.25e-05
894863,1,1.25e-05
198229,1,1.25e-05
130385,1,1.25e-05
200265,1,1.25e-05
180131,1,1.25e-05
548470,1,1.25e-05
230976,1,1.25e-05
779414,1,1.25e-05
674254,1,1.25e-05
029760,1,1.25e-05
141265,1,1.25e-05
445588,1,1.25e-05
100571,1,1.25e-05
080299,1,1.25e-05
618992,1,1.25e-05
565544,1,1.25e-05
240930,1,1.25e-05
126445,1,1.25e-05
092025,1,1.25e-05
040666,1,1.25e-05
193697,1,1.25e-05
826024,1,1.25e-05
110883,1,1.25e-05
027929,1,1.25e-05
120261,1,1.25e-05
041061,1,1.25e-05
121286,1,1.25e-05
692165,1,1.25e-05
168118,1,1.25e-05
210311,1,1.25e-05
872843,1,1.25e-05
389280,1,1.25e-05
131030,1,1.25e-05
210814,1,1.25e-05
040761,1,1.25e-05
054463,1,1.25e-05
181247,1,1.25e-05
250386,1,1.25e-05
271133,1,1.25e-05
110961,1,1.25e-05
071703,1,1.25e-05
185335,1,1.25e-05
370362,1,1.25e-05
230256,1,1.25e-05
110209,1,1.25e-05
901382,1,1.25e-05
552026,1,1.25e-05
668798,1,1.25e-05
350016,1,1.25e-05
140433,1,1.25e-05
464859,1,1.25e-05
051168,1,1.25e-05
188794,1,1.25e-05
849783,1,1.25e-05
135948,1,1.25e-05
259243,1,1.25e-05
141261,1,1.25e-05
109720,1,1.25e-05
200520,1,1.25e-05
161072,1,1.25e-05
879619,1,1.25e-05
788209,1,1.25e-05
068834,1,1.25e-05
010368,1,1.25e-05
888281,1,1.25e-05
163647,1,1.25e-05
040355,1,1.25e-05
241275,1,1.25e-05
264069,1,1.25e-05
130875,1,1.25e-05
070565,1,1.25e-05
040872,1,1.25e-05
080452,1,1.25e-05
070727,1,1.25e-05
586749,1,1.25e-05
454746,1,1.25e-05
012837,1,1.25e-05
524649,1,1.25e-05
190304,1,1.25e-05
280870,1,1.25e-05
335199,1,1.25e-05
180570,1,1.25e-05
009600,1,1.25e-05
240771,1,1.25e-05
100307,1,1.25e-05
280671,1,1.25e-05
240285,1,1.25e-05
160789,1,1.25e-05
081235,1,1.25e-05
080293,1,1.25e-05
190687,1,1.25e-05
071045,1,1.25e-05
180159,1,1.25e-05
297228,1,1.25e-05
160696,1,1.25e-05
240726,1,1.25e-05
060615,1,1.25e-05
060291,1,1.25e-05
370082,1,1.25e-05
455397,1,1.25e-05
087628,1,1.25e-05
230046,1,1.25e-05
040389,1,1.25e-05
080970,1,1.25e-05
200936,1,1.25e-05
406584,1,1.25e-05
251396,1,1.25e-05
070827,1,1.25e-05
758214,1,1.25e-05
409760,1,1.25e-05
060102,1,1.25e-05
789847,1,1.25e-05
111062,1,1.25e-05
220562,1,1.25e-05
040113,1,1.25e-05
201218,1,1.25e-05
100606,1,1.25e-05
141233,1,1.25e-05
110858,1,1.25e-05
004272,1,1.25e-05
141236,1,1.25e-05
118661,1,1.25e-05
089960,1,1.25e-05
207985,1,1.25e-05
765867,1,1.25e-05
040950,1,1.25e-05
090917,1,1.25e-05
251108,1,1.25e-05
280577,1,1.25e-05
392917,1,1.25e-05
230113,1,1.25e-05
579809,1,1.25e-05
101100,1,1.25e-05
100459,1,1.25e-05
170282,1,1.25e-05
497913,1,1.25e-05
136057,1,1.25e-05
229543,1,1.25e-05
047189,1,1.25e-05
723971,1,1.25e-05
857311,1,1.25e-05
668711,1,1.25e-05
271213,1,1.25e-05
021019,1,1.25e-05
152725,1,1.25e-05
390869,1,1.25e-05
110615,1,1.25e-05
574182,1,1.25e-05
160444,1,1.25e-05
063781,1,1.25e-05
606618,1,1.25e-05
191167,1,1.25e-05
140652,1,1.25e-05
911949,1,1.25e-05
060361,1,1.25e-05
857292,1,1.25e-05
150267,1,1.25e-05
261274,1,1.25e-05
100859,1,1.25e-05
528922,1,1.25e-05
240537,1,1.25e-05
030111,1,1.25e-05
681912,1,1.25e-05
495889,1,1.25e-05
334827,1,1.25e-05
250779,1,1.25e-05
201290,1,1.25e-05
060479,1,1.25e-05
090791,1,1.25e-05
715961,1,1.25e-05
261285,1,1.25e-05
812509,1,1.25e-05
070380,1,1.25e-05
034483,1,1.25e-05
190803,1,1.25e-05
080192,1,1.25e-05
180904,1,1.25e-05
026831,1,1.25e-05
308847,1,1.25e-05
238904,1,1.25e-05
140994,1,1.25e-05
020430,1,1.25e-05
130932,1,1.25e-05
280580,1,1.25e-05
130836,1,1.25e-05
573143,1,1.25e-05
219123,1,1.25e-05
040847,1,1.25e-05
362679,1,1.25e-05
031136,1,1.25e-05
210871,1,1.25e-05
906163,1,1.25e-05
002051,1,1.25e-05
058033,1,1.25e-05
279566,1,1.25e-05
270487,1,1.25e-05
211238,1,1.25e-05
089129,1,1.25e-05
180322,1,1.25e-05
237892,1,1.25e-05
031014,1,1.25e-05
984261,1,1.25e-05
071271,1,1.25e-05
081088,1,1.25e-05
210264,1,1.25e-05
700783,1,1.25e-05
030390,1,1.25e-05
486786,1,1.25e-05
160275,1,1.25e-05
141072,1,1.25e-05
035513,1,1.25e-05
086495,1,1.25e-05
211285,1,1.25e-05
170275,1,1.25e-05
798521,1,1.25e-05
002114,1,1.25e-05
100415,1,1.25e-05
796237,1,1.25e-05
718936,1,1.25e-05
978162,1,1.25e-05
819180,1,1.25e-05
210310,1,1.25e-05
211110,1,1.25e-05
852618,1,1.25e-05
161055,1,1.25e-05
250851,1,1.25e-05
170101,1,1.25e-05
692830,1,1.25e-05
220258,1,1.25e-05
349690,1,1.25e-05
081060,1,1.25e-05
690130,1,1.25e-05
150558,1,1.25e-05
030580,1,1.25e-05
011033,1,1.25e-05
270931,1,1.25e-05
110199,1,1.25e-05
311400,1,1.25e-05
615551,1,1.25e-05
150696,1,1.25e-05
974951,1,1.25e-05
622385,1,1.25e-05
060387,1,1.25e-05
040649,1,1.25e-05
161733,1,1.25e-05
261227,1,1.25e-05
190941,1,1.25e-05
294521,1,1.25e-05
270232,1,1.25e-05
191174,1,1.25e-05
091194,1,1.25e-05
194814,1,1.25e-05
030746,1,1.25e-05
777331,1,1.25e-05
216591,1,1.25e-05
150979,1,1.25e-05
358069,1,1.25e-05
637281,1,1.25e-05
140988,1,1.25e-05
230684,1,1.25e-05
010920,1,1.25e-05
928688,1,1.25e-05
240597,1,1.25e-05
918977,1,1.25e-05
917512,1,1.25e-05
055222,1,1.25e-05
070189,1,1.25e-05
040230,1,1.25e-05
020514,1,1.25e-05
140739,1,1.25e-05
922071,1,1.25e-05
051043,1,1.25e-05
718439,1,1.25e-05
131197,1,1.25e-05
031298,1,1.25e-05
977913,1,1.25e-05
170764,1,1.25e-05
671045,1,1.25e-05
817065,1,1.25e-05
280123,1,1.25e-05
040891,1,1.25e-05
200629,1,1.25e-05
060105,1,1.25e-05
022171,1,1.25e-05
090665,1,1.25e-05
031038,1,1.25e-05
201088,1,1.25e-05
110222,1,1.25e-05
280168,1,1.25e-05
311606,1,1.25e-05
620843,1,1.25e-05
010829,1,1.25e-05
011052,1,1.25e-05
478082,1,1.25e-05
010950,1,1.25e-05
691444,1,1.25e-05
007161,1,1.25e-05
040794,1,1.25e-05
702344,1,1.25e-05
250761,1,1.25e-05
547406,1,1.25e-05
456378,1,1.25e-05
196440,1,1.25e-05
786633,1,1.25e-05
028922,1,1.25e-05
250564,1,1.25e-05
100397,1,1.25e-05
274196,1,1.25e-05
230497,1,1.25e-05
250544,1,1.25e-05
708104,1,1.25e-05
348375,1,1.25e-05
360987,1,1.25e-05
606507,1,1.25e-05
154426,1,1.25e-05
596451,1,1.25e-05
270781,1,1.25e-05
230762,1,1.25e-05
140845,1,1.25e-05
528486,1,1.25e-05
183414,1,1.25e-05
054627,1,1.25e-05
220874,1,1.25e-05
120223,1,1.25e-05
817327,1,1.25e-05
674424,1,1.25e-05
080824,1,1.25e-05
150224,1,1.25e-05
811665,1,1.25e-05
252891,1,1.25e-05
286617,1,1.25e-05
741306,1,1.25e-05
110342,1,1.25e-05
211299,1,1.25e-05
566079,1,1.25e-05
190232,1,1.25e-05
901886,1,1.25e-05
200120,1,1.25e-05
457058,1,1.25e-05
825183,1,1.25e-05
230154,1,1.25e-05
706799,1,1.25e-05
859084,1,1.25e-05
281022,1,1.25e-05
280576,1,1.25e-05
160751,1,1.25e-05
060363,1,1.25e-05
321104,1,1.25e-05
823958,1,1.25e-05
410850,1,1.25e-05
650317,1,1.25e-05
438177,1,1.25e-05
993333,1,1.25e-05
211124,1,1.25e-05
100548,1,1.25e-05
030288,1,1.25e-05
050731,1,1.25e-05
090635,1,1.25e-05
110103,1,1.25e-05
826243,1,1.25e-05
513321,1,1.25e-05
971172,1,1.25e-05
130405,1,1.25e-05
021017,1,1.25e-05
763079,1,1.25e-05
270823,1,1.25e-05
170119,1,1.25e-05
100274,1,1.25e-05
240134,1,1.25e-05
851229,1,1.25e-05
268970,1,1.25e-05
335721,1,1.25e-05
120463,1,1.25e-05
230982,1,1.25e-05
856191,1,1.25e-05
193196,1,1.25e-05
737297,1,1.25e-05
515604,1,1.25e-05
552438,1,1.25e-05
230265,1,1.25e-05
798446,1,1.25e-05
281152,1,1.25e-05
722528,1,1.25e-05
190627,1,1.25e-05
885710,1,1.25e-05
210935,1,1.25e-05
140870,1,1.25e-05
180592,1,1.25e-05
665599,1,1.25e-05
160650,1,1.25e-05
110940,1,1.25e-05
076625,1,1.25e-05
613285,1,1.25e-05
660963,1,1.25e-05
255339,1,1.25e-05
201259,1,1.25e-05
111452,1,1.25e-05
200670,1,1.25e-05
140495,1,1.25e-05
488569,1,1.25e-05
070480,1,1.25e-05
898132,1,1.25e-05
774404,1,1.25e-05
260763,1,1.25e-05
009570,1,1.25e-05
816489,1,1.25e-05
289477,1,1.25e-05
124617,1,1.25e-05
954604,1,1.25e-05
294349,1,1.25e-05
896588,1,1.25e-05
220144,1,1.25e-05
707890,1,1.25e-05
206687,1,1.25e-05
260548,1,1.25e-05
121144,1,1.25e-05
181093,1,1.25e-05
070493,1,1.25e-05
602233,1,1.25e-05
150626,1,1.25e-05
179807,1,1.25e-05
110919,1,1.25e-05
102175,1,1.25e-05
260627,1,1.25e-05
272564,1,1.25e-05
262156,1,1.25e-05
146157,1,1.25e-05
040869,1,1.25e-05
011060,1,1.25e-05
872753,1,1.25e-05
140873,1,1.25e-05
968340,1,1.25e-05
221238,1,1.25e-05
049827,1,1.25e-05
391013,1,1.25e-05
407351,1,1.25e-05
801094,1,1.25e-05
620942,1,1.25e-05
107864,1,1.25e-05
170312,1,1.25e-05
792858,1,1.25e-05
200612,1,1.25e-05
241266,1,1.25e-05
275444,1,1.25e-05
070733,1,1.25e-05
071108,1,1.25e-05
011139,1,1.25e-05
190516,1,1.25e-05
326711,1,1.25e-05
201016,1,1.25e-05
622082,1,1.25e-05
856927,1,1.25e-05
506868,1,1.25e-05
235482,1,1.25e-05
080794,1,1.25e-05
110251,1,1.25e-05
677809,1,1.25e-05
130464,1,1.25e-05
201271,1,1.25e-05
060911,1,1.25e-05
190724,1,1.25e-05
120798,1,1.25e-05
090346,1,1.25e-05
271359,1,1.25e-05
892328,1,1.25e-05
060484,1,1.25e-05
964220,1,1.25e-05
171270,1,1.25e-05
011198,1,1.25e-05
050325,1,1.25e-05
257313,1,1.25e-05
422726,1,1.25e-05
210278,1,1.25e-05
426662,1,1.25e-05
046979,1,1.25e-05
150181,1,1.25e-05
140173,1,1.25e-05
251228,1,1.25e-05
260116,1,1.25e-05
082903,1,1.25e-05
241092,1,1.25e-05
270976,1,1.25e-05
030458,1,1.25e-05
486993,1,1.25e-05
050365,1,1.25e-05
020948,1,1.25e-05
538841,1,1.25e-05
987948,1,1.25e-05
014098,1,1.25e-05
170732,1,1.25e-05
976489,1,1.25e-05
262045,1,1.25e-05
231262,1,1.25e-05
628471,1,1.25e-05
974961,1,1.25e-05
434062,1,1.25e-05
798051,1,1.25e-05
011267,1,1.25e-05
925430,1,1.25e-05
222343,1,1.25e-05
814647,1,1.25e-05
876667,1,1.25e-05
070394,1,1.25e-05
241203,1,1.25e-05
120687,1,1.25e-05
251119,1,1.25e-05
835248,1,1.25e-05
150687,1,1.25e-05
151185,1,1.25e-05
051006,1,1.25e-05
011275,1,1.25e-05
200893,1,1.25e-05
294744,1,1.25e-05
014997,1,1.25e-05
501316,1,1.25e-05
100127,1,1.25e-05
131282,1,1.25e-05
051096,1,1.25e-05
280258,1,1.25e-05
717341,1,1.25e-05
250829,1,1.25e-05
372843,1,1.25e-05
090634,1,1.25e-05
522272,1,1.25e-05
161134,1,1.25e-05
230106,1,1.25e-05
851334,1,1.25e-05
250287,1,1.25e-05
281139,1,1.25e-05
433801,1,1.25e-05
120662,1,1.25e-05
150133,1,1.25e-05
044622,1,1.25e-05
798346,1,1.25e-05
180182,1,1.25e-05
418236,1,1.25e-05
268862,1,1.25e-05
191054,1,1.25e-05
741724,1,1.25e-05
160531,1,1.25e-05
508551,1,1.25e-05
191760,1,1.25e-05
889203,1,1.25e-05
220463,1,1.25e-05
210745,1,1.25e-05
770735,1,1.25e-05
965513,1,1.25e-05
191182,1,1.25e-05
220726,1,1.25e-05
942595,1,1.25e-05
110270,1,1.25e-05
257539,1,1.25e-05
981476,1,1.25e-05
276690,1,1.25e-05
705729,1,1.25e-05
220309,1,1.25e-05
116038,1,1.25e-05
090393,1,1.25e-05
181225,1,1.25e-05
296876,1,1.25e-05
190599,1,1.25e-05
759266,1,1.25e-05
200741,1,1.25e-05
868123,1,1.25e-05
060225,1,1.25e-05
220363,1,1.25e-05
867815,1,1.25e-05
020498,1,1.25e-05
040676,1,1.25e-05
020400,1,1.25e-05
161167,1,1.25e-05
130603,1,1.25e-05
761563,1,1.25e-05
979178,1,1.25e-05
493172,1,1.25e-05
387122,1,1.25e-05
150333,1,1.25e-05
180698,1,1.25e-05
110614,1,1.25e-05
364966,1,1.25e-05
020513,1,1.25e-05
130994,1,1.25e-05
280545,1,1.25e-05
140330,1,1.25e-05
038472,1,1.25e-05
010158,1,1.25e-05
011284,1,1.25e-05
280520,1,1.25e-05
771059,1,1.25e-05
163174,1,1.25e-05
270853,1,1.25e-05
578976,1,1.25e-05
271240,1,1.25e-05
332737,1,1.25e-05
110551,1,1.25e-05
240708,1,1.25e-05
140674,1,1.25e-05
160847,1,1.25e-05
307273,1,1.25e-05
261779,1,1.25e-05
321881,1,1.25e-05
110285,1,1.25e-05
051939,1,1.25e-05
034914,1,1.25e-05
557111,1,1.25e-05
211271,1,1.25e-05
194444,1,1.25e-05
271236,1,1.25e-05
040647,1,1.25e-05
261092,1,1.25e-05
551945,1,1.25e-05
436153,1,1.25e-05
364793,1,1.25e-05
230884,1,1.25e-05
131188,1,1.25e-05
108751,1,1.25e-05
793997,1,1.25e-05
577962,1,1.25e-05
955082,1,1.25e-05
249838,1,1.25e-05
151140,1,1.25e-05
025720,1,1.25e-05
240762,1,1.25e-05
120556,1,1.25e-05
150188,1,1.25e-05
110228,1,1.25e-05
329373,1,1.25e-05
497791,1,1.25e-05
524393,1,1.25e-05
060687,1,1.25e-05
128345,1,1.25e-05
211544,1,1.25e-05
121131,1,1.25e-05
899959,1,1.25e-05
047948,1,1.25e-05
190708,1,1.25e-05
031025,1,1.25e-05
180422,1,1.25e-05
077249,1,1.25e-05
116507,1,1.25e-05
100125,1,1.25e-05
060268,1,1.25e-05
240239,1,1.25e-05
200995,1,1.25e-05
514945,1,1.25e-05
365790,1,1.25e-05
221252,1,1.25e-05
240163,1,1.25e-05
281062,1,1.25e-05
270368,1,1.25e-05
262914,1,1.25e-05
001647,1,1.25e-05
823012,1,1.25e-05
913928,1,1.25e-05
201091,1,1.25e-05
623823,1,1.25e-05
011138,1,1.25e-05
110246,1,1.25e-05
260240,1,1.25e-05
100961,1,1.25e-05
661739,1,1.25e-05
060190,1,1.25e-05
784813,1,1.25e-05
031139,1,1.25e-05
090674,1,1.25e-05
100343,1,1.25e-05
270127,1,1.25e-05
642750,1,1.25e-05
030165,1,1.25e-05
452859,1,1.25e-05
070242,1,1.25e-05
100324,1,1.25e-05
087847,1,1.25e-05
280449,1,1.25e-05
045734,1,1.25e-05
000550,1,1.25e-05
160383,1,1.25e-05
917383,1,1.25e-05
971570,1,1.25e-05
270186,1,1.25e-05
030140,1,1.25e-05
623050,1,1.25e-05
230107,1,1.25e-05
120435,1,1.25e-05
197368,1,1.25e-05
713847,1,1.25e-05
004567,1,1.25e-05
030407,1,1.25e-05
130180,1,1.25e-05
230522,1,1.25e-05
854309,1,1.25e-05
090906,1,1.25e-05
061176,1,1.25e-05
497958,1,1.25e-05
541609,1,1.25e-05
665282,1,1.25e-05
966432,1,1.25e-05
050520,1,1.25e-05
150842,1,1.25e-05
100911,1,1.25e-05
144648,1,1.25e-05
250301,1,1.25e-05
021146,1,1.25e-05
231009,1,1.25e-05
656763,1,1.25e-05
906104,1,1.25e-05
106241,1,1.25e-05
250626,1,1.25e-05
976599,1,1.25e-05
065008,1,1.25e-05
069234,1,1.25e-05
260314,1,1.25e-05
702773,1,1.25e-05
191193,1,1.25e-05
101012,1,1.25e-05
241262,1,1.25e-05
141115,1,1.25e-05
908629,1,1.25e-05
161191,1,1.25e-05
230465,1,1.25e-05
886410,1,1.25e-05
718849,1,1.25e-05
458188,1,1.25e-05
220817,1,1.25e-05
811320,1,1.25e-05
529991,1,1.25e-05
358560,1,1.25e-05
220809,1,1.25e-05
614549,1,1.25e-05
323526,1,1.25e-05
753151,1,1.25e-05
151244,1,1.25e-05
535412,1,1.25e-05
552375,1,1.25e-05
237951,1,1.25e-05
100285,1,1.25e-05
506543,1,1.25e-05
449969,1,1.25e-05
853178,1,1.25e-05
280511,1,1.25e-05
442482,1,1.25e-05
041238,1,1.25e-05
251270,1,1.25e-05
160240,1,1.25e-05
157744,1,1.25e-05
161220,1,1.25e-05
220331,1,1.25e-05
030406,1,1.25e-05
030667,1,1.25e-05
040330,1,1.25e-05
441436,1,1.25e-05
070208,1,1.25e-05
868788,1,1.25e-05
100112,1,1.25e-05
639803,1,1.25e-05
050701,1,1.25e-05
140136,1,1.25e-05
416904,1,1.25e-05
173562,1,1.25e-05
536793,1,1.25e-05
371553,1,1.25e-05
729779,1,1.25e-05
024355,1,1.25e-05
150757,1,1.25e-05
160795,1,1.25e-05
220851,1,1.25e-05
140724,1,1.25e-05
201158,1,1.25e-05
201199,1,1.25e-05
496919,1,1.25e-05
507332,1,1.25e-05
860401,1,1.25e-05
431329,1,1.25e-05
660598,1,1.25e-05
010973,1,1.25e-05
091121,1,1.25e-05
031297,1,1.25e-05
250260,1,1.25e-05
090174,1,1.25e-05
190835,1,1.25e-05
151079,1,1.25e-05
221253,1,1.25e-05
199879,1,1.25e-05
625878,1,1.25e-05
414186,1,1.25e-05
332799,1,1.25e-05
110596,1,1.25e-05
419495,1,1.25e-05
161158,1,1.25e-05
670648,1,1.25e-05
250304,1,1.25e-05
220339,1,1.25e-05
823896,1,1.25e-05
987281,1,1.25e-05
031269,1,1.25e-05
405502,1,1.25e-05
150282,1,1.25e-05
060497,1,1.25e-05
220316,1,1.25e-05
362086,1,1.25e-05
050987,1,1.25e-05
713760,1,1.25e-05
221126,1,1.25e-05
691330,1,1.25e-05
378313,1,1.25e-05
427964,1,1.25e-05
888639,1,1.25e-05
103631,1,1.25e-05
031078,1,1.25e-05
200864,1,1.25e-05
130754,1,1.25e-05
216100,1,1.25e-05
010291,1,1.25e-05
190712,1,1.25e-05
456758,1,1.25e-05
260595,1,1.25e-05
200241,1,1.25e-05
391346,1,1.25e-05
190572,1,1.25e-05
210190,1,1.25e-05
160984,1,1.25e-05
100639,1,1.25e-05
967301,1,1.25e-05
070853,1,1.25e-05
110606,1,1.25e-05
194609,1,1.25e-05
245015,1,1.25e-05
818124,1,1.25e-05
650851,1,1.25e-05
030688,1,1.25e-05
200403,1,1.25e-05
091035,1,1.25e-05
141123,1,1.25e-05
778150,1,1.25e-05
238856,1,1.25e-05
838894,1,1.25e-05
090614,1,1.25e-05
021232,1,1.25e-05
087252,1,1.25e-05
220949,1,1.25e-05
648008,1,1.25e-05
221228,1,1.25e-05
386322,1,1.25e-05
040758,1,1.25e-05
270509,1,1.25e-05
220110,1,1.25e-05
080715,1,1.25e-05
090937,1,1.25e-05
399508,1,1.25e-05
210779,1,1.25e-05
230384,1,1.25e-05
240410,1,1.25e-05
680800,1,1.25e-05
428286,1,1.25e-05
090142,1,1.25e-05
051071,1,1.25e-05
240514,1,1.25e-05
136099,1,1.25e-05
241123,1,1.25e-05
140116,1,1.25e-05
031011,1,1.25e-05
945648,1,1.25e-05
343417,1,1.25e-05
101096,1,1.25e-05
070891,1,1.25e-05
083904,1,1.25e-05
170126,1,1.25e-05
240408,1,1.25e-05
280651,1,1.25e-05
805731,1,1.25e-05
409127,1,1.25e-05
757948,1,1.25e-05
047915,1,1.25e-05
901655,1,1.25e-05
484162,1,1.25e-05
180713,1,1.25e-05
238085,1,1.25e-05
021171,1,1.25e-05
334991,1,1.25e-05
505295,1,1.25e-05
180424,1,1.25e-05
070489,1,1.25e-05
437170,1,1.25e-05
111057,1,1.25e-05
051121,1,1.25e-05
280241,1,1.25e-05
280997,1,1.25e-05
095170,1,1.25e-05
210454,1,1.25e-05
755148,1,1.25e-05
270829,1,1.25e-05
914149,1,1.25e-05
696977,1,1.25e-05
266904,1,1.25e-05
155081,1,1.25e-05
195263,1,1.25e-05
220913,1,1.25e-05
953926,1,1.25e-05
937002,1,1.25e-05
010547,1,1.25e-05
100269,1,1.25e-05
270415,1,1.25e-05
230694,1,1.25e-05
201171,1,1.25e-05
998750,1,1.25e-05
965912,1,1.25e-05
289743,1,1.25e-05
975580,1,1.25e-05
209109,1,1.25e-05
110557,1,1.25e-05
260508,1,1.25e-05
979875,1,1.25e-05
251747,1,1.25e-05
441134,1,1.25e-05
985593,1,1.25e-05
991873,1,1.25e-05
855847,1,1.25e-05
309071,1,1.25e-05
130245,1,1.25e-05
130857,1,1.25e-05
230381,1,1.25e-05
100101,1,1.25e-05
070976,1,1.25e-05
270506,1,1.25e-05
200877,1,1.25e-05
190997,1,1.25e-05
270848,1,1.25e-05
080638,1,1.25e-05
431306,1,1.25e-05
170552,1,1.25e-05
216206,1,1.25e-05
183473,1,1.25e-05
211006,1,1.25e-05
249664,1,1.25e-05
782350,1,1.25e-05
211116,1,1.25e-05
180389,1,1.25e-05
091018,1,1.25e-05
280923,1,1.25e-05
181126,1,1.25e-05
130708,1,1.25e-05
150208,1,1.25e-05
011058,1,1.25e-05
050706,1,1.25e-05
201011,1,1.25e-05
240324,1,1.25e-05
040638,1,1.25e-05
476364,1,1.25e-05
324949,1,1.25e-05
443913,1,1.25e-05
280841,1,1.25e-05
280147,1,1.25e-05
423900,1,1.25e-05
011244,1,1.25e-05
033394,1,1.25e-05
041195,1,1.25e-05
728920,1,1.25e-05
060551,1,1.25e-05
240623,1,1.25e-05
171181,1,1.25e-05
170971,1,1.25e-05
129040,1,1.25e-05
989366,1,1.25e-05
230832,1,1.25e-05
581456,1,1.25e-05
260135,1,1.25e-05
496302,1,1.25e-05
044041,1,1.25e-05
130440,1,1.25e-05
971805,1,1.25e-05
553745,1,1.25e-05
688056,1,1.25e-05
896385,1,1.25e-05
377360,1,1.25e-05
932336,1,1.25e-05
174852,1,1.25e-05
524828,1,1.25e-05
913598,1,1.25e-05
460485,1,1.25e-05
303981,1,1.25e-05
109670,1,1.25e-05
237223,1,1.25e-05
020956,1,1.25e-05
649222,1,1.25e-05
210955,1,1.25e-05
120263,1,1.25e-05
121229,1,1.25e-05
889060,1,1.25e-05
331299,1,1.25e-05
110703,1,1.25e-05
211076,1,1.25e-05
241224,1,1.25e-05
383219,1,1.25e-05
052741,1,1.25e-05
140827,1,1.25e-05
569520,1,1.25e-05
140122,1,1.25e-05
199134,1,1.25e-05
080294,1,1.25e-05
180152,1,1.25e-05
240860,1,1.25e-05
861571,1,1.25e-05
483891,1,1.25e-05
200148,1,1.25e-05
270298,1,1.25e-05
748022,1,1.25e-05
261267,1,1.25e-05
131031,1,1.25e-05
457529,1,1.25e-05
230666,1,1.25e-05
161069,1,1.25e-05
150766,1,1.25e-05
100358,1,1.25e-05
163798,1,1.25e-05
737293,1,1.25e-05
777876,1,1.25e-05
140729,1,1.25e-05
109902,1,1.25e-05
131060,1,1.25e-05
200503,1,1.25e-05
813163,1,1.25e-05
010887,1,1.25e-05
160102,1,1.25e-05
922553,1,1.25e-05
348884,1,1.25e-05
320458,1,1.25e-05
140997,1,1.25e-05
201008,1,1.25e-05
937932,1,1.25e-05
190394,1,1.25e-05
250767,1,1.25e-05
324408,1,1.25e-05
111095,1,1.25e-05
140452,1,1.25e-05
193016,1,1.25e-05
190691,1,1.25e-05
374725,1,1.25e-05
885141,1,1.25e-05
020722,1,1.25e-05
150770,1,1.25e-05
130749,1,1.25e-05
080438,1,1.25e-05
360706,1,1.25e-05
174912,1,1.25e-05
191004,1,1.25e-05
844577,1,1.25e-05
901337,1,1.25e-05
279708,1,1.25e-05
431906,1,1.25e-05
200294,1,1.25e-05
121519,1,1.25e-05
191202,1,1.25e-05
546126,1,1.25e-05
628612,1,1.25e-05
659573,1,1.25e-05
030281,1,1.25e-05
180307,1,1.25e-05
180446,1,1.25e-05
456013,1,1.25e-05
760725,1,1.25e-05
150589,1,1.25e-05
170618,1,1.25e-05
220837,1,1.25e-05
280778,1,1.25e-05
185810,1,1.25e-05
190785,1,1.25e-05
536256,1,1.25e-05
009038,1,1.25e-05
131081,1,1.25e-05
719028,1,1.25e-05
470134,1,1.25e-05
090799,1,1.25e-05
004548,1,1.25e-05
210995,1,1.25e-05
151105,1,1.25e-05
081123,1,1.25e-05
841194,1,1.25e-05
388990,1,1.25e-05
011078,1,1.25e-05
692796,1,1.25e-05
080975,1,1.25e-05
030361,1,1.25e-05
080833,1,1.25e-05
776989,1,1.25e-05
060265,1,1.25e-05
240940,1,1.25e-05
300056,1,1.25e-05
607473,1,1.25e-05
130983,1,1.25e-05
190611,1,1.25e-05
871763,1,1.25e-05
090270,1,1.25e-05
150411,1,1.25e-05
166265,1,1.25e-05
452210,1,1.25e-05
280400,1,1.25e-05
130747,1,1.25e-05
160874,1,1.25e-05
056411,1,1.25e-05
260187,1,1.25e-05
622269,1,1.25e-05
181060,1,1.25e-05
070372,1,1.25e-05
101162,1,1.25e-05
134725,1,1.25e-05
150623,1,1.25e-05
885938,1,1.25e-05
100983,1,1.25e-05
948545,1,1.25e-05
050129,1,1.25e-05
140234,1,1.25e-05
523226,1,1.25e-05
402184,1,1.25e-05
461466,1,1.25e-05
693204,1,1.25e-05
777280,1,1.25e-05
280221,1,1.25e-05
081121,1,1.25e-05
720924,1,1.25e-05
120860,1,1.25e-05
719194,1,1.25e-05
813735,1,1.25e-05
211331,1,1.25e-05
100411,1,1.25e-05
602254,1,1.25e-05
320768,1,1.25e-05
120197,1,1.25e-05
241110,1,1.25e-05
965703,1,1.25e-05
022729,1,1.25e-05
250271,1,1.25e-05
110152,1,1.25e-05
170945,1,1.25e-05
999812,1,1.25e-05
223434,1,1.25e-05
204710,1,1.25e-05
128190,1,1.25e-05
946018,1,1.25e-05
041204,1,1.25e-05
161181,1,1.25e-05
892373,1,1.25e-05
379525,1,1.25e-05
050661,1,1.25e-05
353061,1,1.25e-05
221090,1,1.25e-05
250834,1,1.25e-05
240705,1,1.25e-05
823874,1,1.25e-05
117354,1,1.25e-05
230562,1,1.25e-05
010810,1,1.25e-05
090977,1,1.25e-05
939582,1,1.25e-05
111274,1,1.25e-05
778261,1,1.25e-05
260891,1,1.25e-05
126781,1,1.25e-05
021307,1,1.25e-05
736470,1,1.25e-05
180342,1,1.25e-05
102343,1,1.25e-05
792795,1,1.25e-05
011672,1,1.25e-05
587413,1,1.25e-05
064093,1,1.25e-05
210196,1,1.25e-05
080877,1,1.25e-05
021266,1,1.25e-05
983497,1,1.25e-05
010228,1,1.25e-05
506917,1,1.25e-05
171104,1,1.25e-05
750406,1,1.25e-05
089987,1,1.25e-05
786397,1,1.25e-05
120270,1,1.25e-05
412277,1,1.25e-05
157136,1,1.25e-05
020165,1,1.25e-05
702382,1,1.25e-05
111184,1,1.25e-05
926207,1,1.25e-05
588566,1,1.25e-05
110958,1,1.25e-05
200212,1,1.25e-05
250751,1,1.25e-05
833408,1,1.25e-05
160801,1,1.25e-05
019032,1,1.25e-05
924709,1,1.25e-05
687955,1,1.25e-05
940083,1,1.25e-05
236659,1,1.25e-05
383185,1,1.25e-05
250411,1,1.25e-05
420341,1,1.25e-05
040908,1,1.25e-05
008286,1,1.25e-05
091249,1,1.25e-05
233067,1,1.25e-05
093665,1,1.25e-05
701774,1,1.25e-05
120137,1,1.25e-05
100963,1,1.25e-05
626989,1,1.25e-05
381189,1,1.25e-05
130354,1,1.25e-05
585445,1,1.25e-05
240950,1,1.25e-05
491918,1,1.25e-05
590356,1,1.25e-05
104287,1,1.25e-05
557987,1,1.25e-05
850294,1,1.25e-05
120401,1,1.25e-05
150381,1,1.25e-05
041013,1,1.25e-05
432355,1,1.25e-05
508079,1,1.25e-05
371860,1,1.25e-05
086652,1,1.25e-05
030116,1,1.25e-05
080486,1,1.25e-05
210429,1,1.25e-05
255111,1,1.25e-05
011011,1,1.25e-05
020898,1,1.25e-05
230792,1,1.25e-05
090815,1,1.25e-05
563314,1,1.25e-05
270250,1,1.25e-05
668595,1,1.25e-05
167545,1,1.25e-05
556881,1,1.25e-05
190532,1,1.25e-05
851303,1,1.25e-05
010755,1,1.25e-05
381666,1,1.25e-05
128296,1,1.25e-05
120508,1,1.25e-05
150468,1,1.25e-05
111082,1,1.25e-05
093319,1,1.25e-05
130868,1,1.25e-05
160743,1,1.25e-05
592493,1,1.25e-05
275029,1,1.25e-05
656354,1,1.25e-05
250947,1,1.25e-05
211263,1,1.25e-05
247060,1,1.25e-05
809446,1,1.25e-05
673752,1,1.25e-05
770962,1,1.25e-05
422278,1,1.25e-05
040415,1,1.25e-05
050668,1,1.25e-05
250368,1,1.25e-05
626178,1,1.25e-05
782247,1,1.25e-05
031243,1,1.25e-05
480408,1,1.25e-05
888726,1,1.25e-05
485534,1,1.25e-05
545253,1,1.25e-05
280544,1,1.25e-05
402609,1,1.25e-05
335212,1,1.25e-05
280323,1,1.25e-05
230133,1,1.25e-05
031057,1,1.25e-05
107384,1,1.25e-05
040429,1,1.25e-05
020315,1,1.25e-05
090887,1,1.25e-05
070266,1,1.25e-05
182472,1,1.25e-05
221037,1,1.25e-05
090307,1,1.25e-05
225772,1,1.25e-05
241052,1,1.25e-05
271070,1,1.25e-05
437266,1,1.25e-05
251009,1,1.25e-05
042808,1,1.25e-05
150808,1,1.25e-05
212952,1,1.25e-05
606231,1,1.25e-05
179368,1,1.25e-05
688159,1,1.25e-05
270383,1,1.25e-05
110864,1,1.25e-05
071220,1,1.25e-05
181072,1,1.25e-05
080858,1,1.25e-05
417795,1,1.25e-05
238059,1,1.25e-05
562822,1,1.25e-05
273774,1,1.25e-05
907595,1,1.25e-05
860305,1,1.25e-05
869042,1,1.25e-05
230597,1,1.25e-05
764920,1,1.25e-05
160895,1,1.25e-05
120740,1,1.25e-05
180715,1,1.25e-05
230210,1,1.25e-05
220207,1,1.25e-05
120396,1,1.25e-05
379785,1,1.25e-05
185756,1,1.25e-05
111215,1,1.25e-05
680638,1,1.25e-05
604017,1,1.25e-05
011447,1,1.25e-05
008054,1,1.25e-05
525600,1,1.25e-05
640108,1,1.25e-05
431939,1,1.25e-05
065039,1,1.25e-05
610923,1,1.25e-05
220724,1,1.25e-05
041140,1,1.25e-05
136609,1,1.25e-05
040182,1,1.25e-05
003535,1,1.25e-05
846668,1,1.25e-05
271261,1,1.25e-05
280534,1,1.25e-05
231468,1,1.25e-05
506179,1,1.25e-05
230954,1,1.25e-05
260324,1,1.25e-05
040451,1,1.25e-05
115279,1,1.25e-05
110237,1,1.25e-05
367144,1,1.25e-05
548886,1,1.25e-05
221096,1,1.25e-05
190314,1,1.25e-05
081017,1,1.25e-05
169909,1,1.25e-05
652231,1,1.25e-05
210952,1,1.25e-05
135070,1,1.25e-05
097849,1,1.25e-05
431228,1,1.25e-05
031058,1,1.25e-05
505612,1,1.25e-05
130115,1,1.25e-05
313495,1,1.25e-05
353336,1,1.25e-05
021350,1,1.25e-05
307374,1,1.25e-05
020462,1,1.25e-05
080780,1,1.25e-05
189776,1,1.25e-05
581890,1,1.25e-05
220884,1,1.25e-05
060888,1,1.25e-05
010975,1,1.25e-05
110729,1,1.25e-05
190178,1,1.25e-05
504668,1,1.25e-05
021269,1,1.25e-05
110372,1,1.25e-05
101251,1,1.25e-05
040834,1,1.25e-05
975881,1,1.25e-05
238217,1,1.25e-05
160965,1,1.25e-05
894743,1,1.25e-05
304397,1,1.25e-05
424177,1,1.25e-05
102642,1,1.25e-05
285043,1,1.25e-05
412088,1,1.25e-05
676616,1,1.25e-05
538020,1,1.25e-05
726648,1,1.25e-05
130407,1,1.25e-05
033183,1,1.25e-05
180826,1,1.25e-05
159662,1,1.25e-05
260418,1,1.25e-05
445237,1,1.25e-05
040140,1,1.25e-05
070802,1,1.25e-05
091040,1,1.25e-05
220741,1,1.25e-05
902041,1,1.25e-05
160528,1,1.25e-05
101175,1,1.25e-05
590923,1,1.25e-05
110997,1,1.25e-05
170303,1,1.25e-05
534051,1,1.25e-05
724667,1,1.25e-05
061254,1,1.25e-05
101119,1,1.25e-05
010262,1,1.25e-05
169430,1,1.25e-05
438642,1,1.25e-05
170171,1,1.25e-05
200850,1,1.25e-05
120259,1,1.25e-05
090935,1,1.25e-05
090492,1,1.25e-05
090524,1,1.25e-05
190549,1,1.25e-05
100391,1,1.25e-05
031143,1,1.25e-05
200592,1,1.25e-05
219699,1,1.25e-05
301488,1,1.25e-05
462531,1,1.25e-05
998803,1,1.25e-05
070265,1,1.25e-05
730960,1,1.25e-05
462821,1,1.25e-05
073720,1,1.25e-05
040244,1,1.25e-05
240678,1,1.25e-05
230329,1,1.25e-05
250699,1,1.25e-05
160264,1,1.25e-05
091226,1,1.25e-05
040146,1,1.25e-05
220230,1,1.25e-05
220893,1,1.25e-05
210238,1,1.25e-05
220986,1,1.25e-05
827249,1,1.25e-05
663608,1,1.25e-05
090375,1,1.25e-05
110379,1,1.25e-05
255619,1,1.25e-05
190904,1,1.25e-05
100590,1,1.25e-05
081219,1,1.25e-05
063194,1,1.25e-05
240405,1,1.25e-05
942710,1,1.25e-05
006402,1,1.25e-05
133402,1,1.25e-05
580911,1,1.25e-05
115546,1,1.25e-05
150325,1,1.25e-05
399322,1,1.25e-05
131093,1,1.25e-05
231183,1,1.25e-05
270385,1,1.25e-05
671219,1,1.25e-05
221006,1,1.25e-05
201146,1,1.25e-05
498441,1,1.25e-05
392413,1,1.25e-05
120185,1,1.25e-05
889474,1,1.25e-05
129129,1,1.25e-05
570079,1,1.25e-05
245310,1,1.25e-05
130664,1,1.25e-05
200911,1,1.25e-05
848635,1,1.25e-05
194242,1,1.25e-05
200596,1,1.25e-05
070170,1,1.25e-05
306319,1,1.25e-05
191047,1,1.25e-05
280237,1,1.25e-05
795235,1,1.25e-05
557664,1,1.25e-05
126475,1,1.25e-05
051140,1,1.25e-05
241290,1,1.25e-05
590781,1,1.25e-05
675219,1,1.25e-05
280693,1,1.25e-05
271233,1,1.25e-05
098038,1,1.25e-05
121089,1,1.25e-05
551610,1,1.25e-05
231167,1,1.25e-05
044516,1,1.25e-05
100845,1,1.25e-05
151182,1,1.25e-05
200481,1,1.25e-05
051039,1,1.25e-05
270957,1,1.25e-05
715085,1,1.25e-05
240181,1,1.25e-05
040904,1,1.25e-05
337896,1,1.25e-05
170934,1,1.25e-05
270922,1,1.25e-05
593853,1,1.25e-05
010866,1,1.25e-05
061042,1,1.25e-05
758502,1,1.25e-05
160687,1,1.25e-05
221167,1,1.25e-05
916433,1,1.25e-05
235597,1,1.25e-05
728668,1,1.25e-05
270756,1,1.25e-05
886808,1,1.25e-05
260283,1,1.25e-05
080510,1,1.25e-05
150101,1,1.25e-05
090899,1,1.25e-05
882594,1,1.25e-05
869873,1,1.25e-05
070824,1,1.25e-05
160670,1,1.25e-05
210616,1,1.25e-05
240714,1,1.25e-05
050998,1,1.25e-05
964714,1,1.25e-05
090357,1,1.25e-05
521668,1,1.25e-05
151292,1,1.25e-05
884565,1,1.25e-05
040048,1,1.25e-05
230212,1,1.25e-05
786257,1,1.25e-05
180492,1,1.25e-05
120243,1,1.25e-05
860035,1,1.25e-05
969242,1,1.25e-05
509094,1,1.25e-05
208375,1,1.25e-05
100683,1,1.25e-05
580061,1,1.25e-05
020578,1,1.25e-05
110207,1,1.25e-05
621013,1,1.25e-05
161244,1,1.25e-05
050904,1,1.25e-05
210205,1,1.25e-05
160411,1,1.25e-05
865256,1,1.25e-05
070109,1,1.25e-05
882123,1,1.25e-05
271069,1,1.25e-05
723437,1,1.25e-05
120565,1,1.25e-05
671346,1,1.25e-05
101181,1,1.25e-05
282840,1,1.25e-05
336759,1,1.25e-05
737161,1,1.25e-05
104886,1,1.25e-05
050102,1,1.25e-05
404127,1,1.25e-05
021165,1,1.25e-05
020340,1,1.25e-05
177069,1,1.25e-05
132796,1,1.25e-05
272331,1,1.25e-05
100926,1,1.25e-05
305617,1,1.25e-05
132956,1,1.25e-05
010539,1,1.25e-05
071072,1,1.25e-05
140645,1,1.25e-05
130947,1,1.25e-05
220134,1,1.25e-05
150741,1,1.25e-05
021201,1,1.25e-05
210113,1,1.25e-05
401219,1,1.25e-05
160906,1,1.25e-05
937533,1,1.25e-05
260124,1,1.25e-05
699229,1,1.25e-05
260430,1,1.25e-05
639950,1,1.25e-05
208739,1,1.25e-05
370691,1,1.25e-05
638212,1,1.25e-05
120252,1,1.25e-05
161226,1,1.25e-05
220904,1,1.25e-05
480603,1,1.25e-05
010255,1,1.25e-05
191292,1,1.25e-05
020306,1,1.25e-05
010341,1,1.25e-05
060632,1,1.25e-05
070274,1,1.25e-05
110350,1,1.25e-05
091140,1,1.25e-05
828172,1,1.25e-05
285390,1,1.25e-05
050995,1,1.25e-05
071183,1,1.25e-05
588240,1,1.25e-05
068678,1,1.25e-05
081082,1,1.25e-05
250127,1,1.25e-05
020463,1,1.25e-05
321366,1,1.25e-05
328628,1,1.25e-05
040931,1,1.25e-05
551015,1,1.25e-05
190264,1,1.25e-05
565559,1,1.25e-05
230269,1,1.25e-05
748790,1,1.25e-05
140968,1,1.25e-05
773631,1,1.25e-05
131083,1,1.25e-05
101258,1,1.25e-05
261032,1,1.25e-05
347732,1,1.25e-05
060943,1,1.25e-05
127183,1,1.25e-05
030859,1,1.25e-05
495909,1,1.25e-05
130617,1,1.25e-05
206240,1,1.25e-05
268160,1,1.25e-05
433302,1,1.25e-05
607506,1,1.25e-05
031174,1,1.25e-05
770863,1,1.25e-05
181553,1,1.25e-05
130272,1,1.25e-05
171146,1,1.25e-05
081033,1,1.25e-05
170323,1,1.25e-05
040750,1,1.25e-05
280679,1,1.25e-05
636633,1,1.25e-05
453340,1,1.25e-05
190734,1,1.25e-05
080575,1,1.25e-05
110608,1,1.25e-05
692104,1,1.25e-05
288491,1,1.25e-05
200593,1,1.25e-05
140226,1,1.25e-05
231224,1,1.25e-05
657420,1,1.25e-05
080507,1,1.25e-05
061199,1,1.25e-05
220367,1,1.25e-05
130551,1,1.25e-05
624950,1,1.25e-05
960249,1,1.25e-05
104545,1,1.25e-05
009195,1,1.25e-05
060202,1,1.25e-05
031190,1,1.25e-05
100788,1,1.25e-05
010652,1,1.25e-05
010109,1,1.25e-05
191018,1,1.25e-05
025774,1,1.25e-05
091031,1,1.25e-05
240524,1,1.25e-05
120115,1,1.25e-05
261029,1,1.25e-05
010562,1,1.25e-05
090651,1,1.25e-05
251181,1,1.25e-05
150511,1,1.25e-05
405135,1,1.25e-05
171250,1,1.25e-05
259369,1,1.25e-05
072566,1,1.25e-05
422730,1,1.25e-05
269060,1,1.25e-05
461694,1,1.25e-05
802784,1,1.25e-05
021051,1,1.25e-05
100183,1,1.25e-05
947600,1,1.25e-05
231179,1,1.25e-05
101211,1,1.25e-05
040975,1,1.25e-05
403359,1,1.25e-05
210366,1,1.25e-05
941309,1,1.25e-05
051158,1,1.25e-05
170346,1,1.25e-05
010645,1,1.25e-05
070111,1,1.25e-05
530413,1,1.25e-05
180640,1,1.25e-05
089208,1,1.25e-05
035419,1,1.25e-05
041122,1,1.25e-05
180925,1,1.25e-05
286367,1,1.25e-05
030686,1,1.25e-05
170484,1,1.25e-05
120689,1,1.25e-05
180564,1,1.25e-05
607457,1,1.25e-05
270387,1,1.25e-05
061256,1,1.25e-05
270645,1,1.25e-05
130376,1,1.25e-05
084755,1,1.25e-05
277521,1,1.25e-05
849666,1,1.25e-05
030157,1,1.25e-05
120871,1,1.25e-05
020235,1,1.25e-05
908319,1,1.25e-05
908938,1,1.25e-05
010257,1,1.25e-05
538863,1,1.25e-05
271286,1,1.25e-05
902831,1,1.25e-05
910845,1,1.25e-05
695837,1,1.25e-05
728647,1,1.25e-05
241198,1,1.25e-05
764104,1,1.25e-05
491170,1,1.25e-05
020497,1,1.25e-05
633915,1,1.25e-05
190131,1,1.25e-05
867291,1,1.25e-05
101214,1,1.25e-05
037086,1,1.25e-05
410243,1,1.25e-05
489767,1,1.25e-05
052806,1,1.25e-05
230891,1,1.25e-05
190622,1,1.25e-05
271463,1,1.25e-05
410020,1,1.25e-05
166572,1,1.25e-05
060372,1,1.25e-05
160113,1,1.25e-05
240102,1,1.25e-05
220307,1,1.25e-05
777375,1,1.25e-05
426757,1,1.25e-05
762360,1,1.25e-05
210793,1,1.25e-05
839387,1,1.25e-05
150123,1,1.25e-05
248045,1,1.25e-05
100743,1,1.25e-05
269389,1,1.25e-05
020937,1,1.25e-05
695027,1,1.25e-05
110085,1,1.25e-05
150172,1,1.25e-05
190659,1,1.25e-05
051244,1,1.25e-05
180133,1,1.25e-05
553311,1,1.25e-05
170540,1,1.25e-05
081167,1,1.25e-05
050865,1,1.25e-05
210581,1,1.25e-05
358635,1,1.25e-05
170674,1,1.25e-05
131281,1,1.25e-05
104619,1,1.25e-05
947044,1,1.25e-05
030260,1,1.25e-05
140887,1,1.25e-05
220551,1,1.25e-05
343800,1,1.25e-05
409406,1,1.25e-05
150740,1,1.25e-05
040396,1,1.25e-05
270157,1,1.25e-05
844484,1,1.25e-05
268179,1,1.25e-05
435339,1,1.25e-05
050586,1,1.25e-05
090622,1,1.25e-05
543869,1,1.25e-05
043681,1,1.25e-05
292468,1,1.25e-05
190963,1,1.25e-05
280741,1,1.25e-05
060158,1,1.25e-05
200446,1,1.25e-05
911089,1,1.25e-05
277310,1,1.25e-05
220967,1,1.25e-05
121132,1,1.25e-05
254295,1,1.25e-05
899291,1,1.25e-05
997921,1,1.25e-05
598158,1,1.25e-05
725690,1,1.25e-05
040535,1,1.25e-05
250183,1,1.25e-05
716254,1,1.25e-05
895872,1,1.25e-05
120855,1,1.25e-05
861598,1,1.25e-05
684346,1,1.25e-05
267447,1,1.25e-05
100559,1,1.25e-05
526251,1,1.25e-05
101004,1,1.25e-05
030547,1,1.25e-05
200805,1,1.25e-05
656177,1,1.25e-05
230879,1,1.25e-05
160482,1,1.25e-05
211224,1,1.25e-05
340558,1,1.25e-05
141002,1,1.25e-05
756445,1,1.25e-05
260805,1,1.25e-05
394065,1,1.25e-05
280903,1,1.25e-05
337954,1,1.25e-05
130597,1,1.25e-05
151238,1,1.25e-05
270291,1,1.25e-05
810702,1,1.25e-05
260466,1,1.25e-05
923929,1,1.25e-05
959022,1,1.25e-05
915217,1,1.25e-05
305855,1,1.25e-05
152549,1,1.25e-05
853073,1,1.25e-05
020883,1,1.25e-05
044169,1,1.25e-05
031072,1,1.25e-05
444815,1,1.25e-05
184536,1,1.25e-05
015536,1,1.25e-05
280719,1,1.25e-05
101273,1,1.25e-05
424654,1,1.25e-05
221081,1,1.25e-05
140547,1,1.25e-05
191132,1,1.25e-05
043465,1,1.25e-05
488170,1,1.25e-05
010616,1,1.25e-05
483631,1,1.25e-05
100439,1,1.25e-05
190823,1,1.25e-05
150237,1,1.25e-05
121206,1,1.25e-05
140305,1,1.25e-05
260242,1,1.25e-05
204384,1,1.25e-05
542476,1,1.25e-05
292985,1,1.25e-05
344080,1,1.25e-05
769933,1,1.25e-05
460435,1,1.25e-05
688280,1,1.25e-05
211999,1,1.25e-05
031016,1,1.25e-05
100507,1,1.25e-05
031179,1,1.25e-05
110642,1,1.25e-05
244720,1,1.25e-05
200331,1,1.25e-05
100888,1,1.25e-05
025561,1,1.25e-05
707931,1,1.25e-05
031021,1,1.25e-05
110422,1,1.25e-05
181017,1,1.25e-05
188159,1,1.25e-05
070517,1,1.25e-05
241256,1,1.25e-05
170766,1,1.25e-05
220902,1,1.25e-05
060377,1,1.25e-05
420360,1,1.25e-05
240439,1,1.25e-05
010878,1,1.25e-05
784779,1,1.25e-05
247695,1,1.25e-05
030701,1,1.25e-05
111011,1,1.25e-05
040520,1,1.25e-05
648274,1,1.25e-05
180220,1,1.25e-05
031090,1,1.25e-05
095274,1,1.25e-05
888631,1,1.25e-05
140757,1,1.25e-05
230543,1,1.25e-05
111072,1,1.25e-05
190428,1,1.25e-05
991482,1,1.25e-05
260313,1,1.25e-05
160991,1,1.25e-05
340336,1,1.25e-05
161051,1,1.25e-05
250985,1,1.25e-05
983894,1,1.25e-05
120911,1,1.25e-05
140986,1,1.25e-05
040383,1,1.25e-05
130234,1,1.25e-05
260332,1,1.25e-05
210926,1,1.25e-05
388772,1,1.25e-05
645190,1,1.25e-05
260155,1,1.25e-05
059263,1,1.25e-05
231229,1,1.25e-05
269844,1,1.25e-05
613983,1,1.25e-05
180229,1,1.25e-05
200122,1,1.25e-05
589723,1,1.25e-05
010859,1,1.25e-05
081199,1,1.25e-05
100621,1,1.25e-05
695558,1,1.25e-05
759227,1,1.25e-05
070120,1,1.25e-05
090581,1,1.25e-05
312497,1,1.25e-05
270339,1,1.25e-05
190647,1,1.25e-05
106415,1,1.25e-05
280265,1,1.25e-05
041275,1,1.25e-05
144752,1,1.25e-05
191277,1,1.25e-05
180920,1,1.25e-05
785393,1,1.25e-05
050826,1,1.25e-05
273396,1,1.25e-05
270626,1,1.25e-05
505543,1,1.25e-05
153734,1,1.25e-05
351882,1,1.25e-05
111263,1,1.25e-05
286827,1,1.25e-05
528740,1,1.25e-05
950126,1,1.25e-05
972624,1,1.25e-05
716659,1,1.25e-05
130806,1,1.25e-05
527766,1,1.25e-05
354062,1,1.25e-05
060843,1,1.25e-05
774657,1,1.25e-05
709083,1,1.25e-05
040899,1,1.25e-05
355947,1,1.25e-05
914204,1,1.25e-05
210223,1,1.25e-05
700446,1,1.25e-05
030968,1,1.25e-05
060373,1,1.25e-05
370211,1,1.25e-05
150857,1,1.25e-05
130696,1,1.25e-05
761909,1,1.25e-05
323983,1,1.25e-05
137217,1,1.25e-05
120680,1,1.25e-05
505856,1,1.25e-05
990068,1,1.25e-05
582325,1,1.25e-05
321089,1,1.25e-05
955467,1,1.25e-05
140113,1,1.25e-05
028142,1,1.25e-05
096249,1,1.25e-05
376023,1,1.25e-05
240135,1,1.25e-05
137209,1,1.25e-05
230926,1,1.25e-05
221051,1,1.25e-05
121272,1,1.25e-05
261221,1,1.25e-05
120524,1,1.25e-05
461647,1,1.25e-05
080255,1,1.25e-05
995868,1,1.25e-05
030467,1,1.25e-05
854130,1,1.25e-05
181117,1,1.25e-05
669646,1,1.25e-05
200918,1,1.25e-05
131019,1,1.25e-05
011044,1,1.25e-05
021291,1,1.25e-05
738461,1,1.25e-05
030121,1,1.25e-05
190341,1,1.25e-05
058100,1,1.25e-05
200984,1,1.25e-05
081113,1,1.25e-05
406016,1,1.25e-05
100734,1,1.25e-05
844137,1,1.25e-05
366975,1,1.25e-05
100425,1,1.25e-05
100897,1,1.25e-05
270602,1,1.25e-05
589593,1,1.25e-05
022868,1,1.25e-05
527156,1,1.25e-05
703712,1,1.25e-05
840907,1,1.25e-05
779058,1,1.25e-05
150798,1,1.25e-05
089065,1,1.25e-05
240986,1,1.25e-05
150310,1,1.25e-05
372552,1,1.25e-05
110993,1,1.25e-05
941461,1,1.25e-05
803000,1,1.25e-05
090422,1,1.25e-05
260753,1,1.25e-05
834328,1,1.25e-05
235305,1,1.25e-05
158841,1,1.25e-05
120951,1,1.25e-05
834202,1,1.25e-05
319689,1,1.25e-05
010809,1,1.25e-05
713733,1,1.25e-05
075369,1,1.25e-05
040749,1,1.25e-05
811632,1,1.25e-05
081038,1,1.25e-05
250943,1,1.25e-05
219401,1,1.25e-05
754074,1,1.25e-05
180889,1,1.25e-05
020877,1,1.25e-05
110328,1,1.25e-05
890142,1,1.25e-05
390901,1,1.25e-05
287646,1,1.25e-05
121646,1,1.25e-05
160647,1,1.25e-05
230952,1,1.25e-05
832586,1,1.25e-05
091224,1,1.25e-05
808373,1,1.25e-05
161164,1,1.25e-05
210432,1,1.25e-05
273627,1,1.25e-05
101254,1,1.25e-05
250711,1,1.25e-05
007550,1,1.25e-05
965533,1,1.25e-05
894687,1,1.25e-05
638992,1,1.25e-05
020847,1,1.25e-05
262371,1,1.25e-05
280355,1,1.25e-05
241124,1,1.25e-05
230509,1,1.25e-05
013427,1,1.25e-05
389093,1,1.25e-05
181465,1,1.25e-05
524381,1,1.25e-05
120937,1,1.25e-05
030240,1,1.25e-05
663449,1,1.25e-05
111284,1,1.25e-05
170602,1,1.25e-05
090994,1,1.25e-05
973535,1,1.25e-05
180393,1,1.25e-05
288060,1,1.25e-05
515655,1,1.25e-05
170792,1,1.25e-05
140367,1,1.25e-05
161254,1,1.25e-05
180199,1,1.25e-05
970632,1,1.25e-05
020640,1,1.25e-05
276432,1,1.25e-05
110595,1,1.25e-05
640124,1,1.25e-05
101027,1,1.25e-05
101044,1,1.25e-05
441472,1,1.25e-05
602722,1,1.25e-05
150705,1,1.25e-05
029141,1,1.25e-05
067808,1,1.25e-05
546415,1,1.25e-05
134838,1,1.25e-05
040487,1,1.25e-05
280279,1,1.25e-05
211276,1,1.25e-05
280802,1,1.25e-05
712617,1,1.25e-05
010398,1,1.25e-05
500478,1,1.25e-05
060357,1,1.25e-05
030304,1,1.25e-05
663505,1,1.25e-05
549622,1,1.25e-05
339910,1,1.25e-05
070412,1,1.25e-05
270684,1,1.25e-05
271205,1,1.25e-05
285958,1,1.25e-05
251099,1,1.25e-05
143065,1,1.25e-05
050798,1,1.25e-05
130950,1,1.25e-05
220275,1,1.25e-05
432295,1,1.25e-05
582206,1,1.25e-05
280415,1,1.25e-05
893580,1,1.25e-05
506779,1,1.25e-05
521577,1,1.25e-05
530176,1,1.25e-05
777789,1,1.25e-05
120725,1,1.25e-05
071046,1,1.25e-05
260443,1,1.25e-05
008717,1,1.25e-05
190669,1,1.25e-05
240128,1,1.25e-05
171069,1,1.25e-05
995378,1,1.25e-05
240101,1,1.25e-05
601586,1,1.25e-05
080991,1,1.25e-05
250379,1,1.25e-05
897061,1,1.25e-05
230396,1,1.25e-05
041051,1,1.25e-05
150595,1,1.25e-05
238559,1,1.25e-05
397892,1,1.25e-05
260588,1,1.25e-05
470357,1,1.25e-05
230632,1,1.25e-05
140175,1,1.25e-05
974510,1,1.25e-05
434107,1,1.25e-05
099544,1,1.25e-05
230487,1,1.25e-05
151218,1,1.25e-05
271208,1,1.25e-05
091601,1,1.25e-05
131173,1,1.25e-05
120979,1,1.25e-05
120230,1,1.25e-05
081320,1,1.25e-05
201052,1,1.25e-05
807335,1,1.25e-05
596902,1,1.25e-05
250956,1,1.25e-05
260585,1,1.25e-05
445398,1,1.25e-05
170607,1,1.25e-05
251169,1,1.25e-05
343592,1,1.25e-05
190450,1,1.25e-05
056405,1,1.25e-05
131662,1,1.25e-05
778644,1,1.25e-05
080189,1,1.25e-05
231228,1,1.25e-05
163188,1,1.25e-05
213301,1,1.25e-05
016506,1,1.25e-05
200900,1,1.25e-05
250687,1,1.25e-05
270629,1,1.25e-05
070848,1,1.25e-05
131068,1,1.25e-05
459204,1,1.25e-05
618503,1,1.25e-05
020556,1,1.25e-05
140899,1,1.25e-05
533537,1,1.25e-05
240895,1,1.25e-05
120255,1,1.25e-05
080154,1,1.25e-05
143996,1,1.25e-05
215114,1,1.25e-05
989852,1,1.25e-05
031951,1,1.25e-05
110439,1,1.25e-05
240992,1,1.25e-05
446366,1,1.25e-05
130586,1,1.25e-05
313953,1,1.25e-05
364277,1,1.25e-05
241269,1,1.25e-05
784213,1,1.25e-05
150590,1,1.25e-05
230903,1,1.25e-05
955858,1,1.25e-05
111128,1,1.25e-05
270563,1,1.25e-05
455457,1,1.25e-05
432577,1,1.25e-05
070161,1,1.25e-05
633206,1,1.25e-05
464908,1,1.25e-05
405376,1,1.25e-05
070624,1,1.25e-05
250735,1,1.25e-05
160967,1,1.25e-05
030462,1,1.25e-05
120546,1,1.25e-05
967129,1,1.25e-05
051387,1,1.25e-05
315337,1,1.25e-05
150518,1,1.25e-05
250106,1,1.25e-05
017838,1,1.25e-05
281003,1,1.25e-05
050840,1,1.25e-05
991529,1,1.25e-05
626048,1,1.25e-05
050871,1,1.25e-05
170382,1,1.25e-05
051013,1,1.25e-05
571007,1,1.25e-05
331268,1,1.25e-05
841368,1,1.25e-05
557833,1,1.25e-05
162218,1,1.25e-05
360109,1,1.25e-05
016344,1,1.25e-05
951860,1,1.25e-05
031279,1,1.25e-05
220630,1,1.25e-05
612761,1,1.25e-05
393337,1,1.25e-05
396936,1,1.25e-05
251370,1,1.25e-05
512360,1,1.25e-05
694519,1,1.25e-05
086888,1,1.25e-05
519237,1,1.25e-05
030144,1,1.25e-05
428556,1,1.25e-05
150930,1,1.25e-05
054638,1,1.25e-05
121234,1,1.25e-05
028885,1,1.25e-05
036913,1,1.25e-05
178917,1,1.25e-05
070331,1,1.25e-05
395237,1,1.25e-05
891604,1,1.25e-05
924050,1,1.25e-05
834952,1,1.25e-05
748981,1,1.25e-05
144778,1,1.25e-05
889659,1,1.25e-05
070528,1,1.25e-05
090549,1,1.25e-05
400382,1,1.25e-05
053938,1,1.25e-05
784934,1,1.25e-05
110447,1,1.25e-05
010252,1,1.25e-05
271100,1,1.25e-05
230714,1,1.25e-05
164608,1,1.25e-05
183213,1,1.25e-05
060574,1,1.25e-05
080301,1,1.25e-05
060992,1,1.25e-05
259518,1,1.25e-05
354670,1,1.25e-05
260146,1,1.25e-05
030942,1,1.25e-05
260195,1,1.25e-05
111265,1,1.25e-05
140245,1,1.25e-05
111073,1,1.25e-05
220442,1,1.25e-05
595483,1,1.25e-05
280204,1,1.25e-05
318260,1,1.25e-05
010698,1,1.25e-05
010537,1,1.25e-05
236466,1,1.25e-05
040816,1,1.25e-05
270588,1,1.25e-05
200673,1,1.25e-05
240293,1,1.25e-05
775266,1,1.25e-05
291326,1,1.25e-05
017737,1,1.25e-05
814586,1,1.25e-05
080987,1,1.25e-05
070427,1,1.25e-05
110833,1,1.25e-05
313936,1,1.25e-05
170581,1,1.25e-05
030850,1,1.25e-05
111105,1,1.25e-05
270359,1,1.25e-05
889069,1,1.25e-05
011283,1,1.25e-05
190598,1,1.25e-05
328603,1,1.25e-05
824286,1,1.25e-05
253365,1,1.25e-05
856023,1,1.25e-05
110673,1,1.25e-05
748947,1,1.25e-05
766440,1,1.25e-05
009155,1,1.25e-05
050773,1,1.25e-05
046960,1,1.25e-05
090925,1,1.25e-05
141287,1,1.25e-05
210805,1,1.25e-05
292062,1,1.25e-05
260522,1,1.25e-05
200443,1,1.25e-05
050255,1,1.25e-05
010181,1,1.25e-05
140922,1,1.25e-05
343873,1,1.25e-05
230863,1,1.25e-05
525447,1,1.25e-05
810995,1,1.25e-05
110899,1,1.25e-05
100550,1,1.25e-05
200525,1,1.25e-05
081191,1,1.25e-05
580016,1,1.25e-05
251101,1,1.25e-05
231192,1,1.25e-05
200648,1,1.25e-05
130908,1,1.25e-05
150424,1,1.25e-05
150867,1,1.25e-05
889797,1,1.25e-05
181204,1,1.25e-05
008245,1,1.25e-05
175543,1,1.25e-05
180178,1,1.25e-05
800079,1,1.25e-05
081288,1,1.25e-05
130226,1,1.25e-05
613302,1,1.25e-05
653810,1,1.25e-05
120559,1,1.25e-05
515095,1,1.25e-05
532435,1,1.25e-05
170453,1,1.25e-05
554794,1,1.25e-05
990797,1,1.25e-05
623309,1,1.25e-05
635951,1,1.25e-05
844043,1,1.25e-05
345145,1,1.25e-05
887739,1,1.25e-05
110488,1,1.25e-05
161084,1,1.25e-05
090140,1,1.25e-05
227061,1,1.25e-05
983296,1,1.25e-05
264584,1,1.25e-05
362039,1,1.25e-05
584823,1,1.25e-05
127127,1,1.25e-05
104109,1,1.25e-05
090919,1,1.25e-05
445523,1,1.25e-05
552004,1,1.25e-05
696306,1,1.25e-05
080431,1,1.25e-05
159513,1,1.25e-05
141149,1,1.25e-05
100509,1,1.25e-05
201226,1,1.25e-05
269335,1,1.25e-05
260677,1,1.25e-05
140401,1,1.25e-05
120418,1,1.25e-05
260156,1,1.25e-05
171083,1,1.25e-05
624518,1,1.25e-05
897977,1,1.25e-05
924778,1,1.25e-05
051160,1,1.25e-05
240664,1,1.25e-05
050186,1,1.25e-05
899624,1,1.25e-05
812105,1,1.25e-05
224816,1,1.25e-05
030736,1,1.25e-05
200243,1,1.25e-05
110358,1,1.25e-05
735335,1,1.25e-05
663740,1,1.25e-05
149848,1,1.25e-05
200132,1,1.25e-05
193279,1,1.25e-05
181222,1,1.25e-05
793025,1,1.25e-05
200461,1,1.25e-05
030188,1,1.25e-05
010486,1,1.25e-05
130372,1,1.25e-05
648390,1,1.25e-05
642666,1,1.25e-05
140237,1,1.25e-05
106472,1,1.25e-05
948176,1,1.25e-05
150259,1,1.25e-05
596871,1,1.25e-05
020303,1,1.25e-05
270203,1,1.25e-05
689023,1,1.25e-05
928491,1,1.25e-05
496710,1,1.25e-05
150560,1,1.25e-05
271287,1,1.25e-05
731125,1,1.25e-05
090714,1,1.25e-05
081125,1,1.25e-05
121139,1,1.25e-05
973740,1,1.25e-05
170989,1,1.25e-05
418282,1,1.25e-05
998568,1,1.25e-05
392937,1,1.25e-05
942495,1,1.25e-05
479144,1,1.25e-05
051217,1,1.25e-05
240899,1,1.25e-05
541721,1,1.25e-05
948550,1,1.25e-05
210463,1,1.25e-05
631109,1,1.25e-05
176113,1,1.25e-05
040965,1,1.25e-05
270231,1,1.25e-05
575512,1,1.25e-05
187885,1,1.25e-05
080356,1,1.25e-05
016633,1,1.25e-05
100552,1,1.25e-05
120952,1,1.25e-05
238410,1,1.25e-05
260302,1,1.25e-05
430007,1,1.25e-05
240452,1,1.25e-05
588236,1,1.25e-05
588710,1,1.25e-05
250913,1,1.25e-05
489491,1,1.25e-05
121264,1,1.25e-05
329417,1,1.25e-05
742027,1,1.25e-05
241260,1,1.25e-05
110283,1,1.25e-05
210874,1,1.25e-05
673007,1,1.25e-05
424114,1,1.25e-05
100849,1,1.25e-05
003315,1,1.25e-05
870286,1,1.25e-05
230868,1,1.25e-05
187724,1,1.25e-05
257303,1,1.25e-05
020374,1,1.25e-05
691335,1,1.25e-05
973259,1,1.25e-05
120490,1,1.25e-05
100943,1,1.25e-05
785804,1,1.25e-05
110922,1,1.25e-05
636539,1,1.25e-05
810183,1,1.25e-05
832396,1,1.25e-05
540030,1,1.25e-05
040878,1,1.25e-05
210878,1,1.25e-05
985576,1,1.25e-05
648116,1,1.25e-05
438174,1,1.25e-05
130232,1,1.25e-05
070536,1,1.25e-05
200273,1,1.25e-05
399969,1,1.25e-05
869147,1,1.25e-05
176671,1,1.25e-05
120368,1,1.25e-05
721383,1,1.25e-05
020641,1,1.25e-05
140687,1,1.25e-05
071143,1,1.25e-05
208099,1,1.25e-05
031155,1,1.25e-05
042858,1,1.25e-05
462915,1,1.25e-05
030497,1,1.25e-05
090592,1,1.25e-05
840494,1,1.25e-05
326732,1,1.25e-05
240392,1,1.25e-05
280765,1,1.25e-05
220625,1,1.25e-05
825537,1,1.25e-05
270290,1,1.25e-05
161109,1,1.25e-05
933621,1,1.25e-05
210741,1,1.25e-05
309568,1,1.25e-05
020314,1,1.25e-05
640754,1,1.25e-05
090869,1,1.25e-05
328498,1,1.25e-05
888143,1,1.25e-05
275695,1,1.25e-05
439720,1,1.25e-05
091281,1,1.25e-05
011061,1,1.25e-05
280205,1,1.25e-05
470267,1,1.25e-05
834197,1,1.25e-05
177039,1,1.25e-05
717622,1,1.25e-05
281019,1,1.25e-05
015947,1,1.25e-05
398701,1,1.25e-05
329652,1,1.25e-05
819528,1,1.25e-05
280391,1,1.25e-05
230237,1,1.25e-05
840916,1,1.25e-05
100506,1,1.25e-05
236402,1,1.25e-05
409191,1,1.25e-05
090796,1,1.25e-05
321516,1,1.25e-05
636114,1,1.25e-05
881054,1,1.25e-05
141206,1,1.25e-05
210695,1,1.25e-05
261116,1,1.25e-05
030943,1,1.25e-05
210731,1,1.25e-05
210522,1,1.25e-05
833047,1,1.25e-05
857408,1,1.25e-05
683011,1,1.25e-05
600541,1,1.25e-05
962687,1,1.25e-05
391197,1,1.25e-05
211184,1,1.25e-05
100981,1,1.25e-05
250770,1,1.25e-05
040665,1,1.25e-05
041135,1,1.25e-05
972544,1,1.25e-05
140517,1,1.25e-05
040185,1,1.25e-05
250245,1,1.25e-05
273118,1,1.25e-05
170931,1,1.25e-05
070613,1,1.25e-05
210484,1,1.25e-05
983373,1,1.25e-05
249688,1,1.25e-05
446054,1,1.25e-05
472751,1,1.25e-05
628845,1,1.25e-05
657058,1,1.25e-05
090792,1,1.25e-05
100554,1,1.25e-05
716284,1,1.25e-05
100197,1,1.25e-05
117096,1,1.25e-05
538113,1,1.25e-05
495952,1,1.25e-05
180257,1,1.25e-05
131179,1,1.25e-05
937172,1,1.25e-05
802082,1,1.25e-05
397065,1,1.25e-05
140276,1,1.25e-05
060513,1,1.25e-05
020260,1,1.25e-05
190177,1,1.25e-05
554395,1,1.25e-05
596792,1,1.25e-05
150646,1,1.25e-05
836602,1,1.25e-05
311425,1,1.25e-05
221814,1,1.25e-05
835217,1,1.25e-05
204229,1,1.25e-05
081229,1,1.25e-05
176341,1,1.25e-05
119125,1,1.25e-05
260281,1,1.25e-05
110280,1,1.25e-05
289501,1,1.25e-05
183820,1,1.25e-05
910433,1,1.25e-05
377054,1,1.25e-05
051149,1,1.25e-05
150782,1,1.25e-05
050919,1,1.25e-05
270146,1,1.25e-05
614253,1,1.25e-05
230327,1,1.25e-05
990051,1,1.25e-05
281738,1,1.25e-05
021211,1,1.25e-05
976352,1,1.25e-05
784341,1,1.25e-05
130620,1,1.25e-05
250315,1,1.25e-05
170614,1,1.25e-05
639821,1,1.25e-05
080619,1,1.25e-05
990499,1,1.25e-05
031141,1,1.25e-05
150129,1,1.25e-05
081154,1,1.25e-05
170512,1,1.25e-05
722575,1,1.25e-05
131198,1,1.25e-05
121190,1,1.25e-05
230365,1,1.25e-05
260785,1,1.25e-05
140333,1,1.25e-05
220257,1,1.25e-05
113903,1,1.25e-05
231281,1,1.25e-05
101209,1,1.25e-05
151032,1,1.25e-05
462819,1,1.25e-05
061261,1,1.25e-05
810823,1,1.25e-05
790788,1,1.25e-05
190931,1,1.25e-05
100466,1,1.25e-05
020539,1,1.25e-05
030489,1,1.25e-05
100394,1,1.25e-05
210651,1,1.25e-05
011045,1,1.25e-05
466032,1,1.25e-05
851346,1,1.25e-05
561093,1,1.25e-05
492394,1,1.25e-05
064908,1,1.25e-05
805035,1,1.25e-05
740176,1,1.25e-05
150721,1,1.25e-05
831295,1,1.25e-05
010789,1,1.25e-05
120429,1,1.25e-05
605594,1,1.25e-05
778899,1,1.25e-05
220527,1,1.25e-05
157260,1,1.25e-05
982152,1,1.25e-05
020747,1,1.25e-05
120923,1,1.25e-05
060257,1,1.25e-05
648389,1,1.25e-05
101123,1,1.25e-05
110554,1,1.25e-05
313288,1,1.25e-05
100304,1,1.25e-05
815189,1,1.25e-05
230397,1,1.25e-05
210964,1,1.25e-05
703824,1,1.25e-05
110637,1,1.25e-05
020511,1,1.25e-05
152112,1,1.25e-05
060485,1,1.25e-05
682744,1,1.25e-05
271030,1,1.25e-05
186446,1,1.25e-05
070844,1,1.25e-05
866424,1,1.25e-05
190265,1,1.25e-05
884561,1,1.25e-05
806155,1,1.25e-05
080349,1,1.25e-05
240786,1,1.25e-05
895732,1,1.25e-05
101203,1,1.25e-05
181119,1,1.25e-05
741527,1,1.25e-05
030951,1,1.25e-05
299417,1,1.25e-05
190755,1,1.25e-05
414252,1,1.25e-05
030112,1,1.25e-05
273027,1,1.25e-05
060229,1,1.25e-05
352216,1,1.25e-05
436626,1,1.25e-05
201036,1,1.25e-05
008909,1,1.25e-05
483555,1,1.25e-05
765974,1,1.25e-05
932883,1,1.25e-05
382537,1,1.25e-05
437374,1,1.25e-05
161291,1,1.25e-05
451123,1,1.25e-05
180809,1,1.25e-05
877662,1,1.25e-05
120513,1,1.25e-05
119497,1,1.25e-05
190731,1,1.25e-05
130739,1,1.25e-05
110453,1,1.25e-05
071255,1,1.25e-05
301204,1,1.25e-05
628597,1,1.25e-05
200211,1,1.25e-05
808697,1,1.25e-05
233740,1,1.25e-05
394051,1,1.25e-05
529218,1,1.25e-05
880951,1,1.25e-05
060718,1,1.25e-05
494678,1,1.25e-05
071241,1,1.25e-05
674310,1,1.25e-05
250658,1,1.25e-05
200884,1,1.25e-05
140144,1,1.25e-05
070736,1,1.25e-05
793477,1,1.25e-05
190876,1,1.25e-05
141256,1,1.25e-05
264248,1,1.25e-05
200828,1,1.25e-05
295842,1,1.25e-05
311510,1,1.25e-05
314752,1,1.25e-05
120100,1,1.25e-05
854062,1,1.25e-05
747693,1,1.25e-05
030338,1,1.25e-05
444702,1,1.25e-05
131150,1,1.25e-05
036971,1,1.25e-05
346566,1,1.25e-05
484915,1,1.25e-05
250803,1,1.25e-05
597672,1,1.25e-05
368253,1,1.25e-05
211020,1,1.25e-05
190709,1,1.25e-05
562874,1,1.25e-05
181164,1,1.25e-05
061066,1,1.25e-05
961225,1,1.25e-05
253154,1,1.25e-05
510592,1,1.25e-05
260813,1,1.25e-05
260510,1,1.25e-05
150734,1,1.25e-05
161173,1,1.25e-05
129395,1,1.25e-05
270572,1,1.25e-05
986479,1,1.25e-05
040463,1,1.25e-05
121297,1,1.25e-05
282368,1,1.25e-05
299900,1,1.25e-05
633763,1,1.25e-05
217269,1,1.25e-05
828659,1,1.25e-05
031097,1,1.25e-05
464236,1,1.25e-05
867714,1,1.25e-05
210502,1,1.25e-05
161085,1,1.25e-05
268463,1,1.25e-05
220104,1,1.25e-05
020844,1,1.25e-05
080461,1,1.25e-05
060395,1,1.25e-05
070677,1,1.25e-05
092550,1,1.25e-05
120124,1,1.25e-05
020794,1,1.25e-05
130378,1,1.25e-05
480650,1,1.25e-05
080862,1,1.25e-05
051178,1,1.25e-05
261260,1,1.25e-05
590440,1,1.25e-05
392884,1,1.25e-05
066865,1,1.25e-05
040620,1,1.25e-05
090942,1,1.25e-05
201153,1,1.25e-05
181212,1,1.25e-05
101955,1,1.25e-05
051677,1,1.25e-05
146814,1,1.25e-05
020596,1,1.25e-05
463225,1,1.25e-05
090483,1,1.25e-05
167583,1,1.25e-05
081213,1,1.25e-05
040963,1,1.25e-05
040104,1,1.25e-05
011691,1,1.25e-05
201795,1,1.25e-05
040863,1,1.25e-05
579893,1,1.25e-05
091016,1,1.25e-05
270517,1,1.25e-05
123969,1,1.25e-05
230756,1,1.25e-05
269720,1,1.25e-05
538757,1,1.25e-05
140700,1,1.25e-05
878214,1,1.25e-05
201046,1,1.25e-05
822713,1,1.25e-05
558582,1,1.25e-05
270664,1,1.25e-05
270671,1,1.25e-05
249589,1,1.25e-05
652327,1,1.25e-05
744772,1,1.25e-05
240464,1,1.25e-05
075154,1,1.25e-05
060729,1,1.25e-05
050428,1,1.25e-05
952285,1,1.25e-05
965889,1,1.25e-05
527775,1,1.25e-05
150496,1,1.25e-05
257622,1,1.25e-05
160623,1,1.25e-05
130223,1,1.25e-05
111220,1,1.25e-05
231385,1,1.25e-05
230825,1,1.25e-05
060340,1,1.25e-05
170313,1,1.25e-05
435022,1,1.25e-05
423832,1,1.25e-05
924201,1,1.25e-05
238733,1,1.25e-05
201037,1,1.25e-05
120195,1,1.25e-05
191181,1,1.25e-05
504322,1,1.25e-05
180621,1,1.25e-05
722833,1,1.25e-05
050484,1,1.25e-05
897126,1,1.25e-05
836961,1,1.25e-05
082601,1,1.25e-05
699312,1,1.25e-05
509049,1,1.25e-05
579520,1,1.25e-05
081200,1,1.25e-05
131164,1,1.25e-05
151278,1,1.25e-05
376806,1,1.25e-05
035669,1,1.25e-05
653005,1,1.25e-05
040382,1,1.25e-05
020475,1,1.25e-05
080652,1,1.25e-05
211161,1,1.25e-05
280705,1,1.25e-05
291773,1,1.25e-05
676149,1,1.25e-05
949790,1,1.25e-05
100846,1,1.25e-05
772158,1,1.25e-05
051298,1,1.25e-05
181177,1,1.25e-05
061142,1,1.25e-05
170120,1,1.25e-05
200723,1,1.25e-05
260343,1,1.25e-05
016123,1,1.25e-05
230296,1,1.25e-05
113309,1,1.25e-05
320127,1,1.25e-05
348928,1,1.25e-05
260740,1,1.25e-05
150624,1,1.25e-05
266058,1,1.25e-05
040706,1,1.25e-05
180167,1,1.25e-05
250491,1,1.25e-05
047862,1,1.25e-05
120608,1,1.25e-05
150853,1,1.25e-05
030921,1,1.25e-05
070413,1,1.25e-05
258681,1,1.25e-05
121056,1,1.25e-05
210417,1,1.25e-05
060876,1,1.25e-05
163932,1,1.25e-05
468648,1,1.25e-05
692338,1,1.25e-05
015860,1,1.25e-05
220447,1,1.25e-05
120816,1,1.25e-05
412936,1,1.25e-05
200278,1,1.25e-05
981922,1,1.25e-05
251139,1,1.25e-05
040729,1,1.25e-05
230380,1,1.25e-05
050380,1,1.25e-05
210289,1,1.25e-05
020286,1,1.25e-05
181214,1,1.25e-05
862243,1,1.25e-05
230173,1,1.25e-05
196625,1,1.25e-05
230257,1,1.25e-05
734446,1,1.25e-05
001533,1,1.25e-05
745917,1,1.25e-05
090216,1,1.25e-05
773423,1,1.25e-05
011112,1,1.25e-05
260634,1,1.25e-05
261086,1,1.25e-05
210255,1,1.25e-05
972224,1,1.25e-05
190916,1,1.25e-05
280838,1,1.25e-05
690315,1,1.25e-05
180559,1,1.25e-05
105730,1,1.25e-05
639270,1,1.25e-05
200526,1,1.25e-05
164612,1,1.25e-05
061288,1,1.25e-05
149982,1,1.25e-05
190588,1,1.25e-05
796152,1,1.25e-05
670679,1,1.25e-05
090723,1,1.25e-05
180165,1,1.25e-05
596631,1,1.25e-05
260539,1,1.25e-05
899669,1,1.25e-05
669506,1,1.25e-05
673389,1,1.25e-05
090769,1,1.25e-05
221082,1,1.25e-05
010535,1,1.25e-05
261028,1,1.25e-05
230193,1,1.25e-05
090688,1,1.25e-05
854029,1,1.25e-05
191290,1,1.25e-05
190771,1,1.25e-05
620070,1,1.25e-05
629946,1,1.25e-05
118877,1,1.25e-05
601730,1,1.25e-05
211221,1,1.25e-05
827090,1,1.25e-05
220298,1,1.25e-05
071026,1,1.25e-05
555249,1,1.25e-05
081299,1,1.25e-05
081116,1,1.25e-05
131020,1,1.25e-05
346336,1,1.25e-05
622096,1,1.25e-05
110623,1,1.25e-05
025836,1,1.25e-05
191024,1,1.25e-05
240813,1,1.25e-05
220615,1,1.25e-05
120392,1,1.25e-05
833349,1,1.25e-05
591098,1,1.25e-05
722450,1,1.25e-05
211213,1,1.25e-05
061278,1,1.25e-05
935222,1,1.25e-05
100741,1,1.25e-05
998926,1,1.25e-05
165246,1,1.25e-05
317044,1,1.25e-05
805523,1,1.25e-05
200820,1,1.25e-05
090826,1,1.25e-05
022382,1,1.25e-05
271067,1,1.25e-05
080432,1,1.25e-05
655565,1,1.25e-05
060925,1,1.25e-05
059508,1,1.25e-05
829754,1,1.25e-05
031292,1,1.25e-05
145739,1,1.25e-05
673215,1,1.25e-05
051219,1,1.25e-05
200456,1,1.25e-05
040939,1,1.25e-05
228630,1,1.25e-05
977305,1,1.25e-05
580080,1,1.25e-05
260432,1,1.25e-05
010575,1,1.25e-05
030224,1,1.25e-05
873828,1,1.25e-05
180136,1,1.25e-05
200974,1,1.25e-05
050882,1,1.25e-05
059387,1,1.25e-05
080666,1,1.25e-05
320717,1,1.25e-05
260475,1,1.25e-05
261203,1,1.25e-05
180375,1,1.25e-05
848358,1,1.25e-05
421424,1,1.25e-05
270771,1,1.25e-05
230160,1,1.25e-05
060562,1,1.25e-05
250561,1,1.25e-05
847732,1,1.25e-05
130572,1,1.25e-05
160284,1,1.25e-05
746421,1,1.25e-05
292719,1,1.25e-05
130550,1,1.25e-05
359779,1,1.25e-05
645019,1,1.25e-05
076239,1,1.25e-05
855254,1,1.25e-05
168798,1,1.25e-05
240591,1,1.25e-05
241647,1,1.25e-05
512625,1,1.25e-05
241164,1,1.25e-05
221145,1,1.25e-05
402349,1,1.25e-05
180612,1,1.25e-05
190933,1,1.25e-05
260153,1,1.25e-05
803589,1,1.25e-05
384095,1,1.25e-05
141000,1,1.25e-05
040637,1,1.25e-05
250892,1,1.25e-05
496824,1,1.25e-05
181123,1,1.25e-05
484887,1,1.25e-05
231239,1,1.25e-05
742609,1,1.25e-05
334155,1,1.25e-05
040746,1,1.25e-05
173408,1,1.25e-05
181271,1,1.25e-05
141291,1,1.25e-05
120506,1,1.25e-05
031005,1,1.25e-05
557240,1,1.25e-05
581698,1,1.25e-05
366530,1,1.25e-05
020589,1,1.25e-05
436058,1,1.25e-05
130229,1,1.25e-05
070564,1,1.25e-05
060921,1,1.25e-05
706002,1,1.25e-05
010828,1,1.25e-05
772655,1,1.25e-05
634108,1,1.25e-05
130422,1,1.25e-05
210478,1,1.25e-05
261200,1,1.25e-05
090148,1,1.25e-05
051240,1,1.25e-05
957002,1,1.25e-05
543197,1,1.25e-05
180154,1,1.25e-05
280559,1,1.25e-05
149441,1,1.25e-05
081100,1,1.25e-05
190806,1,1.25e-05
271200,1,1.25e-05
240936,1,1.25e-05
230479,1,1.25e-05
271228,1,1.25e-05
140626,1,1.25e-05
040316,1,1.25e-05
767617,1,1.25e-05
101086,1,1.25e-05
066776,1,1.25e-05
220865,1,1.25e-05
074080,1,1.25e-05
027413,1,1.25e-05
179710,1,1.25e-05
219297,1,1.25e-05
979001,1,1.25e-05
280497,1,1.25e-05
031299,1,1.25e-05
831823,1,1.25e-05
030610,1,1.25e-05
780619,1,1.25e-05
370866,1,1.25e-05
150543,1,1.25e-05
231248,1,1.25e-05
071239,1,1.25e-05
321854,1,1.25e-05
280194,1,1.25e-05
110400,1,1.25e-05
250808,1,1.25e-05
170444,1,1.25e-05
180591,1,1.25e-05
051296,1,1.25e-05
247682,1,1.25e-05
911062,1,1.25e-05
251268,1,1.25e-05
754394,1,1.25e-05
796282,1,1.25e-05
436051,1,1.25e-05
566418,1,1.25e-05
281250,1,1.25e-05
211147,1,1.25e-05
681603,1,1.25e-05
020405,1,1.25e-05
222828,1,1.25e-05
181071,1,1.25e-05
160886,1,1.25e-05
027618,1,1.25e-05
455442,1,1.25e-05
448868,1,1.25e-05
091284,1,1.25e-05
201183,1,1.25e-05
845979,1,1.25e-05
124416,1,1.25e-05
294288,1,1.25e-05
280180,1,1.25e-05
021123,1,1.25e-05
010459,1,1.25e-05
939265,1,1.25e-05
010577,1,1.25e-05
171279,1,1.25e-05
140407,1,1.25e-05
014041,1,1.25e-05
741485,1,1.25e-05
200232,1,1.25e-05
298173,1,1.25e-05
074420,1,1.25e-05
846305,1,1.25e-05
443633,1,1.25e-05
200951,1,1.25e-05
200527,1,1.25e-05
550478,1,1.25e-05
201056,1,1.25e-05
131194,1,1.25e-05
208604,1,1.25e-05
160681,1,1.25e-05
196740,1,1.25e-05
033236,1,1.25e-05
402697,1,1.25e-05
014950,1,1.25e-05
070606,1,1.25e-05
110714,1,1.25e-05
250479,1,1.25e-05
021004,1,1.25e-05
057897,1,1.25e-05
261144,1,1.25e-05
220206,1,1.25e-05
070136,1,1.25e-05
796875,1,1.25e-05
210551,1,1.25e-05
241100,1,1.25e-05
266612,1,1.25e-05
881166,1,1.25e-05
897765,1,1.25e-05
280448,1,1.25e-05
779950,1,1.25e-05
243988,1,1.25e-05
602094,1,1.25e-05
417866,1,1.25e-05
480377,1,1.25e-05
150112,1,1.25e-05
180938,1,1.25e-05
190621,1,1.25e-05
537898,1,1.25e-05
032911,1,1.25e-05
180660,1,1.25e-05
181233,1,1.25e-05
241165,1,1.25e-05
280759,1,1.25e-05
220914,1,1.25e-05
080168,1,1.25e-05
110224,1,1.25e-05
827345,1,1.25e-05
013226,1,1.25e-05
313814,1,1.25e-05
579095,1,1.25e-05
972113,1,1.25e-05
021248,1,1.25e-05
241234,1,1.25e-05
141076,1,1.25e-05
977056,1,1.25e-05
090143,1,1.25e-05
040163,1,1.25e-05
150427,1,1.25e-05
947109,1,1.25e-05
230354,1,1.25e-05
545072,1,1.25e-05
390147,1,1.25e-05
802051,1,1.25e-05
705841,1,1.25e-05
230887,1,1.25e-05
147475,1,1.25e-05
110391,1,1.25e-05
281163,1,1.25e-05
857838,1,1.25e-05
050787,1,1.25e-05
890827,1,1.25e-05
110393,1,1.25e-05
270117,1,1.25e-05
150489,1,1.25e-05
132072,1,1.25e-05
280658,1,1.25e-05
071761,1,1.25e-05
031187,1,1.25e-05
041229,1,1.25e-05
573179,1,1.25e-05
210152,1,1.25e-05
033373,1,1.25e-05
274928,1,1.25e-05
157834,1,1.25e-05
203797,1,1.25e-05
280967,1,1.25e-05
209841,1,1.25e-05
211038,1,1.25e-05
120622,1,1.25e-05
281083,1,1.25e-05
170543,1,1.25e-05
180730,1,1.25e-05
724027,1,1.25e-05
200205,1,1.25e-05
151287,1,1.25e-05
050209,1,1.25e-05
741725,1,1.25e-05
100458,1,1.25e-05
182957,1,1.25e-05
271136,1,1.25e-05
324244,1,1.25e-05
356234,1,1.25e-05
462002,1,1.25e-05
219462,1,1.25e-05
270124,1,1.25e-05
522912,1,1.25e-05
812087,1,1.25e-05
041040,1,1.25e-05
392323,1,1.25e-05
232412,1,1.25e-05
982456,1,1.25e-05
840446,1,1.25e-05
728964,1,1.25e-05
758443,1,1.25e-05
927130,1,1.25e-05
180990,1,1.25e-05
914663,1,1.25e-05
160879,1,1.25e-05
708995,1,1.25e-05
066952,1,1.25e-05
491699,1,1.25e-05
100346,1,1.25e-05
110893,1,1.25e-05
555061,1,1.25e-05
611291,1,1.25e-05
261230,1,1.25e-05
181963,1,1.25e-05
731223,1,1.25e-05
784374,1,1.25e-05
100177,1,1.25e-05
100135,1,1.25e-05
070404,1,1.25e-05
560997,1,1.25e-05
220999,1,1.25e-05
071245,1,1.25e-05
170485,1,1.25e-05
230126,1,1.25e-05
107362,1,1.25e-05
170483,1,1.25e-05
061135,1,1.25e-05
779293,1,1.25e-05
030210,1,1.25e-05
100947,1,1.25e-05
587216,1,1.25e-05
848656,1,1.25e-05
140545,1,1.25e-05
434708,1,1.25e-05
161187,1,1.25e-05
759156,1,1.25e-05
847593,1,1.25e-05
968595,1,1.25e-05
003643,1,1.25e-05
100213,1,1.25e-05
131084,1,1.25e-05
248160,1,1.25e-05
028720,1,1.25e-05
110935,1,1.25e-05
955603,1,1.25e-05
181959,1,1.25e-05
190578,1,1.25e-05
130179,1,1.25e-05
310903,1,1.25e-05
071150,1,1.25e-05
030875,1,1.25e-05
702932,1,1.25e-05
314374,1,1.25e-05
267199,1,1.25e-05
308719,1,1.25e-05
387650,1,1.25e-05
200808,1,1.25e-05
457387,1,1.25e-05
110960,1,1.25e-05
190228,1,1.25e-05
090356,1,1.25e-05
387578,1,1.25e-05
211277,1,1.25e-05
711501,1,1.25e-05
020316,1,1.25e-05
883890,1,1.25e-05
169725,1,1.25e-05
818551,1,1.25e-05
163678,1,1.25e-05
270324,1,1.25e-05
188299,1,1.25e-05
111248,1,1.25e-05
359057,1,1.25e-05
842329,1,1.25e-05
576043,1,1.25e-05
617856,1,1.25e-05
156058,1,1.25e-05
171116,1,1.25e-05
241173,1,1.25e-05
527537,1,1.25e-05
560978,1,1.25e-05
160814,1,1.25e-05
941274,1,1.25e-05
270165,1,1.25e-05
262985,1,1.25e-05
060258,1,1.25e-05
886997,1,1.25e-05
090493,1,1.25e-05
271926,1,1.25e-05
007795,1,1.25e-05
095744,1,1.25e-05
792251,1,1.25e-05
528954,1,1.25e-05
215774,1,1.25e-05
210293,1,1.25e-05
030855,1,1.25e-05
881992,1,1.25e-05
037926,1,1.25e-05
060218,1,1.25e-05
250900,1,1.25e-05
211297,1,1.25e-05
180265,1,1.25e-05
611201,1,1.25e-05
349788,1,1.25e-05
281026,1,1.25e-05
150701,1,1.25e-05
160402,1,1.25e-05
960955,1,1.25e-05
150561,1,1.25e-05
090761,1,1.25e-05
570615,1,1.25e-05
836625,1,1.25e-05
299629,1,1.25e-05
211067,1,1.25e-05
181192,1,1.25e-05
297691,1,1.25e-05
221184,1,1.25e-05
240681,1,1.25e-05
329872,1,1.25e-05
080339,1,1.25e-05
889284,1,1.25e-05
145700,1,1.25e-05
170745,1,1.25e-05
150204,1,1.25e-05
223787,1,1.25e-05
783863,1,1.25e-05
072274,1,1.25e-05
240878,1,1.25e-05
251140,1,1.25e-05
230343,1,1.25e-05
180943,1,1.25e-05
070422,1,1.25e-05
691499,1,1.25e-05
270890,1,1.25e-05
586890,1,1.25e-05
250705,1,1.25e-05
230141,1,1.25e-05
982034,1,1.25e-05
406458,1,1.25e-05
775300,1,1.25e-05
478743,1,1.25e-05
101037,1,1.25e-05
080108,1,1.25e-05
288490,1,1.25e-05
270838,1,1.25e-05
041251,1,1.25e-05
020484,1,1.25e-05
021109,1,1.25e-05
260353,1,1.25e-05
141101,1,1.25e-05
370959,1,1.25e-05
160269,1,1.25e-05
004140,1,1.25e-05
592883,1,1.25e-05
090801,1,1.25e-05
176790,1,1.25e-05
200254,1,1.25e-05
646242,1,1.25e-05
130491,1,1.25e-05
953911,1,1.25e-05
180189,1,1.25e-05
683156,1,1.25e-05
190505,1,1.25e-05
258195,1,1.25e-05
251259,1,1.25e-05
174456,1,1.25e-05
071125,1,1.25e-05
090608,1,1.25e-05
220289,1,1.25e-05
230400,1,1.25e-05
200235,1,1.25e-05
051062,1,1.25e-05
220048,1,1.25e-05
807353,1,1.25e-05
030614,1,1.25e-05
962172,1,1.25e-05
011899,1,1.25e-05
259202,1,1.25e-05
230195,1,1.25e-05
280116,1,1.25e-05
613584,1,1.25e-05
431761,1,1.25e-05
100916,1,1.25e-05
120494,1,1.25e-05
754350,1,1.25e-05
050834,1,1.25e-05
120169,1,1.25e-05
100688,1,1.25e-05
170250,1,1.25e-05
584685,1,1.25e-05
132178,1,1.25e-05
958784,1,1.25e-05
180271,1,1.25e-05
280469,1,1.25e-05
068449,1,1.25e-05
170265,1,1.25e-05
011211,1,1.25e-05
201132,1,1.25e-05
017978,1,1.25e-05
287331,1,1.25e-05
892254,1,1.25e-05
464003,1,1.25e-05
180376,1,1.25e-05
133089,1,1.25e-05
210978,1,1.25e-05
260540,1,1.25e-05
210598,1,1.25e-05
429950,1,1.25e-05
073806,1,1.25e-05
280169,1,1.25e-05
140203,1,1.25e-05
744966,1,1.25e-05
808682,1,1.25e-05
190688,1,1.25e-05
031140,1,1.25e-05
120683,1,1.25e-05
056752,1,1.25e-05
384310,1,1.25e-05
020205,1,1.25e-05
271044,1,1.25e-05
967714,1,1.25e-05
936642,1,1.25e-05
110709,1,1.25e-05
220267,1,1.25e-05
140559,1,1.25e-05
130344,1,1.25e-05
465365,1,1.25e-05
041121,1,1.25e-05
276404,1,1.25e-05
130122,1,1.25e-05
051175,1,1.25e-05
149489,1,1.25e-05
671261,1,1.25e-05
031184,1,1.25e-05
261223,1,1.25e-05
140485,1,1.25e-05
200399,1,1.25e-05
895775,1,1.25e-05
555372,1,1.25e-05
271277,1,1.25e-05
761560,1,1.25e-05
070960,1,1.25e-05
020275,1,1.25e-05
060114,1,1.25e-05
030129,1,1.25e-05
081092,1,1.25e-05
190958,1,1.25e-05
938009,1,1.25e-05
030802,1,1.25e-05
230794,1,1.25e-05
627405,1,1.25e-05
690895,1,1.25e-05
307105,1,1.25e-05
110575,1,1.25e-05
240630,1,1.25e-05
780001,1,1.25e-05
250670,1,1.25e-05
856710,1,1.25e-05
131114,1,1.25e-05
339208,1,1.25e-05
995096,1,1.25e-05
051200,1,1.25e-05
280115,1,1.25e-05
534931,1,1.25e-05
903572,1,1.25e-05
006918,1,1.25e-05
100214,1,1.25e-05
119657,1,1.25e-05
071083,1,1.25e-05
022013,1,1.25e-05
085847,1,1.25e-05
871760,1,1.25e-05
190437,1,1.25e-05
150529,1,1.25e-05
040160,1,1.25e-05
435313,1,1.25e-05
050855,1,1.25e-05
140106,1,1.25e-05
116032,1,1.25e-05
070579,1,1.25e-05
567617,1,1.25e-05
240884,1,1.25e-05
130487,1,1.25e-05
512222,1,1.25e-05
055700,1,1.25e-05
042577,1,1.25e-05
961683,1,1.25e-05
281170,1,1.25e-05
825022,1,1.25e-05
230788,1,1.25e-05
547686,1,1.25e-05
735543,1,1.25e-05
029895,1,1.25e-05
970630,1,1.25e-05
682868,1,1.25e-05
250377,1,1.25e-05
280564,1,1.25e-05
030646,1,1.25e-05
919356,1,1.25e-05
495223,1,1.25e-05
091037,1,1.25e-05
637455,1,1.25e-05
017082,1,1.25e-05
972632,1,1.25e-05
041441,1,1.25e-05
056371,1,1.25e-05
180651,1,1.25e-05
005637,1,1.25e-05
635652,1,1.25e-05
236588,1,1.25e-05
643402,1,1.25e-05
241153,1,1.25e-05
440886,1,1.25e-05
212204,1,1.25e-05
995262,1,1.25e-05
273130,1,1.25e-05
359650,1,1.25e-05
220323,1,1.25e-05
843001,1,1.25e-05
524108,1,1.25e-05
230295,1,1.25e-05
921688,1,1.25e-05
530196,1,1.25e-05
121290,1,1.25e-05
890919,1,1.25e-05
050458,1,1.25e-05
433508,1,1.25e-05
100339,1,1.25e-05
230869,1,1.25e-05
020338,1,1.25e-05
215064,1,1.25e-05
416983,1,1.25e-05
126522,1,1.25e-05
070981,1,1.25e-05
350311,1,1.25e-05
200269,1,1.25e-05
010496,1,1.25e-05
080691,1,1.25e-05
080534,1,1.25e-05
151028,1,1.25e-05
947873,1,1.25e-05
020966,1,1.25e-05
210162,1,1.25e-05
177315,1,1.25e-05
827626,1,1.25e-05
413483,1,1.25e-05
870788,1,1.25e-05
280772,1,1.25e-05
301496,1,1.25e-05
020981,1,1.25e-05
578457,1,1.25e-05
280412,1,1.25e-05
018654,1,1.25e-05
705383,1,1.25e-05
427896,1,1.25e-05
070692,1,1.25e-05
000573,1,1.25e-05
832583,1,1.25e-05
080641,1,1.25e-05
420216,1,1.25e-05
051273,1,1.25e-05
876227,1,1.25e-05
313209,1,1.25e-05
500384,1,1.25e-05
766215,1,1.25e-05
982118,1,1.25e-05
040952,1,1.25e-05
191079,1,1.25e-05
140716,1,1.25e-05
230363,1,1.25e-05
130831,1,1.25e-05
131055,1,1.25e-05
091171,1,1.25e-05
255007,1,1.25e-05
504996,1,1.25e-05
005578,1,1.25e-05
190919,1,1.25e-05
181086,1,1.25e-05
090418,1,1.25e-05
160169,1,1.25e-05
150580,1,1.25e-05
771132,1,1.25e-05
635706,1,1.25e-05
250204,1,1.25e-05
140480,1,1.25e-05
485088,1,1.25e-05
782397,1,1.25e-05
205973,1,1.25e-05
041294,1,1.25e-05
104875,1,1.25e-05
200846,1,1.25e-05
131284,1,1.25e-05
070772,1,1.25e-05
091022,1,1.25e-05
727118,1,1.25e-05
477092,1,1.25e-05
210781,1,1.25e-05
853293,1,1.25e-05
031104,1,1.25e-05
080867,1,1.25e-05
922463,1,1.25e-05
110690,1,1.25e-05
020874,1,1.25e-05
281325,1,1.25e-05
211706,1,1.25e-05
533801,1,1.25e-05
240718,1,1.25e-05
098964,1,1.25e-05
437911,1,1.25e-05
708779,1,1.25e-05
040609,1,1.25e-05
542787,1,1.25e-05
070776,1,1.25e-05
080169,1,1.25e-05
700131,1,1.25e-05
048382,1,1.25e-05
692710,1,1.25e-05
757676,1,1.25e-05
489494,1,1.25e-05
603566,1,1.25e-05
040200,1,1.25e-05
010283,1,1.25e-05
271190,1,1.25e-05
902385,1,1.25e-05
100137,1,1.25e-05
040531,1,1.25e-05
970558,1,1.25e-05
210414,1,1.25e-05
020579,1,1.25e-05
197297,1,1.25e-05
876745,1,1.25e-05
260814,1,1.25e-05
050350,1,1.25e-05
812981,1,1.25e-05
151015,1,1.25e-05
221088,1,1.25e-05
521258,1,1.25e-05
942817,1,1.25e-05
675636,1,1.25e-05
919594,1,1.25e-05
280385,1,1.25e-05
070703,1,1.25e-05
181122,1,1.25e-05
060656,1,1.25e-05
200772,1,1.25e-05
367880,1,1.25e-05
021138,1,1.25e-05
170920,1,1.25e-05
971474,1,1.25e-05
090415,1,1.25e-05
101131,1,1.25e-05
414064,1,1.25e-05
240642,1,1.25e-05
021238,1,1.25e-05
240518,1,1.25e-05
151176,1,1.25e-05
879464,1,1.25e-05
151002,1,1.25e-05
171671,1,1.25e-05
819023,1,1.25e-05
315275,1,1.25e-05
200817,1,1.25e-05
401725,1,1.25e-05
305113,1,1.25e-05
808338,1,1.25e-05
239876,1,1.25e-05
100994,1,1.25e-05
180327,1,1.25e-05
770011,1,1.25e-05
160986,1,1.25e-05
280266,1,1.25e-05
571671,1,1.25e-05
242540,1,1.25e-05
095845,1,1.25e-05
101091,1,1.25e-05
160225,1,1.25e-05
260557,1,1.25e-05
190361,1,1.25e-05
140477,1,1.25e-05
240320,1,1.25e-05
020341,1,1.25e-05
071523,1,1.25e-05
960133,1,1.25e-05
580894,1,1.25e-05
040981,1,1.25e-05
050411,1,1.25e-05
170304,1,1.25e-05
220662,1,1.25e-05
537400,1,1.25e-05
396367,1,1.25e-05
161209,1,1.25e-05
955119,1,1.25e-05
845282,1,1.25e-05
010286,1,1.25e-05
156189,1,1.25e-05
190436,1,1.25e-05
020485,1,1.25e-05
150565,1,1.25e-05
491153,1,1.25e-05
567542,1,1.25e-05
260798,1,1.25e-05
591719,1,1.25e-05
873943,1,1.25e-05
260521,1,1.25e-05
210957,1,1.25e-05
984950,1,1.25e-05
130562,1,1.25e-05
819804,1,1.25e-05
422908,1,1.25e-05
236508,1,1.25e-05
050335,1,1.25e-05
130883,1,1.25e-05
095221,1,1.25e-05
040275,1,1.25e-05
337738,1,1.25e-05
107356,1,1.25e-05
169239,1,1.25e-05
148684,1,1.25e-05
952207,1,1.25e-05
375244,1,1.25e-05
081073,1,1.25e-05
260176,1,1.25e-05
072064,1,1.25e-05
163564,1,1.25e-05
752578,1,1.25e-05
712952,1,1.25e-05
060837,1,1.25e-05
998820,1,1.25e-05
130443,1,1.25e-05
797178,1,1.25e-05
580373,1,1.25e-05
280931,1,1.25e-05
110822,1,1.25e-05
403821,1,1.25e-05
225657,1,1.25e-05
120476,1,1.25e-05
180315,1,1.25e-05
933417,1,1.25e-05
739016,1,1.25e-05
597895,1,1.25e-05
131007,1,1.25e-05
200233,1,1.25e-05
712129,1,1.25e-05
148613,1,1.25e-05
703700,1,1.25e-05
121175,1,1.25e-05
059605,1,1.25e-05
021103,1,1.25e-05
966873,1,1.25e-05
171183,1,1.25e-05
498909,1,1.25e-05
070428,1,1.25e-05
051141,1,1.25e-05
031277,1,1.25e-05
517758,1,1.25e-05
130695,1,1.25e-05
086630,1,1.25e-05
099189,1,1.25e-05
120499,1,1.25e-05
242561,1,1.25e-05
651828,1,1.25e-05
605090,1,1.25e-05
270886,1,1.25e-05
244296,1,1.25e-05
020575,1,1.25e-05
240832,1,1.25e-05
090392,1,1.25e-05
704505,1,1.25e-05
757288,1,1.25e-05
220390,1,1.25e-05
211232,1,1.25e-05
170460,1,1.25e-05
180201,1,1.25e-05
664482,1,1.25e-05
030579,1,1.25e-05
111094,1,1.25e-05
821204,1,1.25e-05
129229,1,1.25e-05
230150,1,1.25e-05
833860,1,1.25e-05
950830,1,1.25e-05
178238,1,1.25e-05
708622,1,1.25e-05
440824,1,1.25e-05
706605,1,1.25e-05
470949,1,1.25e-05
783564,1,1.25e-05
150301,1,1.25e-05
123600,1,1.25e-05
150793,1,1.25e-05
022143,1,1.25e-05
898362,1,1.25e-05
080474,1,1.25e-05
270663,1,1.25e-05
170831,1,1.25e-05
040947,1,1.25e-05
251217,1,1.25e-05
231142,1,1.25e-05
161188,1,1.25e-05
580656,1,1.25e-05
496047,1,1.25e-05
180103,1,1.25e-05
281186,1,1.25e-05
270288,1,1.25e-05
964603,1,1.25e-05
286589,1,1.25e-05
020449,1,1.25e-05
210322,1,1.25e-05
011246,1,1.25e-05
150512,1,1.25e-05
354236,1,1.25e-05
070449,1,1.25e-05
272714,1,1.25e-05
020615,1,1.25e-05
671697,1,1.25e-05
201287,1,1.25e-05
180454,1,1.25e-05
300366,1,1.25e-05
831531,1,1.25e-05
790825,1,1.25e-05
140966,1,1.25e-05
140413,1,1.25e-05
270921,1,1.25e-05
130993,1,1.25e-05
316922,1,1.25e-05
186792,1,1.25e-05
181210,1,1.25e-05
230521,1,1.25e-05
150710,1,1.25e-05
433136,1,1.25e-05
171190,1,1.25e-05
220631,1,1.25e-05
257665,1,1.25e-05
502223,1,1.25e-05
050459,1,1.25e-05
240535,1,1.25e-05
793492,1,1.25e-05
080815,1,1.25e-05
368599,1,1.25e-05
607782,1,1.25e-05
180580,1,1.25e-05
004317,1,1.25e-05
270273,1,1.25e-05
538151,1,1.25e-05
281090,1,1.25e-05
071166,1,1.25e-05
050992,1,1.25e-05
193302,1,1.25e-05
866185,1,1.25e-05
718534,1,1.25e-05
236422,1,1.25e-05
506276,1,1.25e-05
917796,1,1.25e-05
230700,1,1.25e-05
282994,1,1.25e-05
974962,1,1.25e-05
100520,1,1.25e-05
210698,1,1.25e-05
882235,1,1.25e-05
701935,1,1.25e-05
040854,1,1.25e-05
101218,1,1.25e-05
021176,1,1.25e-05
594493,1,1.25e-05
580537,1,1.25e-05
200246,1,1.25e-05
060343,1,1.25e-05
020653,1,1.25e-05
425584,1,1.25e-05
220718,1,1.25e-05
965351,1,1.25e-05
260755,1,1.25e-05
260364,1,1.25e-05
459419,1,1.25e-05
210375,1,1.25e-05
376621,1,1.25e-05
120129,1,1.25e-05
050372,1,1.25e-05
918797,1,1.25e-05
621102,1,1.25e-05
051027,1,1.25e-05
060633,1,1.25e-05
649602,1,1.25e-05
100844,1,1.25e-05
123480,1,1.25e-05
280551,1,1.25e-05
140352,1,1.25e-05
894881,1,1.25e-05
460526,1,1.25e-05
190882,1,1.25e-05
100965,1,1.25e-05
719143,1,1.25e-05
250854,1,1.25e-05
280138,1,1.25e-05
612154,1,1.25e-05
442629,1,1.25e-05
118473,1,1.25e-05
643831,1,1.25e-05
662845,1,1.25e-05
530782,1,1.25e-05
051152,1,1.25e-05
374273,1,1.25e-05
121216,1,1.25e-05
683072,1,1.25e-05
537947,1,1.25e-05
168690,1,1.25e-05
473349,1,1.25e-05
347646,1,1.25e-05
161215,1,1.25e-05
192536,1,1.25e-05
803042,1,1.25e-05
030869,1,1.25e-05
457723,1,1.25e-05
193264,1,1.25e-05
635143,1,1.25e-05
241025,1,1.25e-05
191101,1,1.25e-05
230858,1,1.25e-05
707636,1,1.25e-05
661578,1,1.25e-05
999997,1,1.25e-05
604526,1,1.25e-05
741139,1,1.25e-05
040129,1,1.25e-05
370985,1,1.25e-05
780350,1,1.25e-05
020727,1,1.25e-05
191212,1,1.25e-05
078148,1,1.25e-05
160339,1,1.25e-05
159749,1,1.25e-05
669382,1,1.25e-05
160373,1,1.25e-05
556675,1,1.25e-05
227197,1,1.25e-05
909552,1,1.25e-05
040349,1,1.25e-05
060103,1,1.25e-05
050975,1,1.25e-05
731918,1,1.25e-05
130448,1,1.25e-05
916316,1,1.25e-05
199711,1,1.25e-05
171262,1,1.25e-05
166316,1,1.25e-05
838964,1,1.25e-05
832022,1,1.25e-05
171013,1,1.25e-05
201006,1,1.25e-05
110655,1,1.25e-05
030787,1,1.25e-05
020142,1,1.25e-05
020450,1,1.25e-05
657575,1,1.25e-05
229412,1,1.25e-05
111025,1,1.25e-05
270110,1,1.25e-05
339238,1,1.25e-05
169849,1,1.25e-05
141016,1,1.25e-05
271149,1,1.25e-05
170587,1,1.25e-05
085310,1,1.25e-05
121281,1,1.25e-05
767847,1,1.25e-05
040368,1,1.25e-05
646004,1,1.25e-05
160484,1,1.25e-05
067405,1,1.25e-05
646191,1,1.25e-05
020312,1,1.25e-05
021257,1,1.25e-05
181185,1,1.25e-05
279779,1,1.25e-05
825698,1,1.25e-05
451330,1,1.25e-05
161075,1,1.25e-05
638964,1,1.25e-05
675880,1,1.25e-05
037471,1,1.25e-05
478360,1,1.25e-05
080524,1,1.25e-05
662636,1,1.25e-05
081052,1,1.25e-05
160340,1,1.25e-05
200827,1,1.25e-05
120217,1,1.25e-05
094061,1,1.25e-05
712817,1,1.25e-05
679219,1,1.25e-05
008948,1,1.25e-05
695405,1,1.25e-05
100860,1,1.25e-05
220546,1,1.25e-05
720936,1,1.25e-05
278167,1,1.25e-05
647986,1,1.25e-05
270384,1,1.25e-05
462770,1,1.25e-05
100382,1,1.25e-05
160388,1,1.25e-05
729197,1,1.25e-05
603727,1,1.25e-05
351097,1,1.25e-05
099091,1,1.25e-05
535984,1,1.25e-05
030764,1,1.25e-05
131203,1,1.25e-05
455008,1,1.25e-05
221233,1,1.25e-05
372458,1,1.25e-05
509596,1,1.25e-05
040233,1,1.25e-05
121029,1,1.25e-05
030520,1,1.25e-05
489159,1,1.25e-05
120295,1,1.25e-05
376167,1,1.25e-05
040585,1,1.25e-05
080328,1,1.25e-05
270985,1,1.25e-05
120400,1,1.25e-05
249667,1,1.25e-05
210488,1,1.25e-05
094136,1,1.25e-05
203614,1,1.25e-05
314361,1,1.25e-05
024426,1,1.25e-05
427566,1,1.25e-05
030450,1,1.25e-05
070855,1,1.25e-05
755685,1,1.25e-05
220733,1,1.25e-05
010697,1,1.25e-05
435810,1,1.25e-05
111019,1,1.25e-05
638809,1,1.25e-05
080185,1,1.25e-05
020820,1,1.25e-05
180301,1,1.25e-05
199971,1,1.25e-05
407157,1,1.25e-05
140351,1,1.25e-05
953916,1,1.25e-05
558096,1,1.25e-05
027977,1,1.25e-05
845089,1,1.25e-05
190883,1,1.25e-05
019081,1,1.25e-05
190822,1,1.25e-05
101297,1,1.25e-05
150568,1,1.25e-05
539218,1,1.25e-05
151077,1,1.25e-05
596176,1,1.25e-05
459233,1,1.25e-05
160301,1,1.25e-05
248144,1,1.25e-05
030977,1,1.25e-05
933816,1,1.25e-05
270403,1,1.25e-05
461703,1,1.25e-05
953668,1,1.25e-05
170886,1,1.25e-05
313232,1,1.25e-05
160865,1,1.25e-05
010994,1,1.25e-05
336429,1,1.25e-05
488707,1,1.25e-05
011264,1,1.25e-05
858522,1,1.25e-05
373922,1,1.25e-05
814565,1,1.25e-05
518240,1,1.25e-05
238778,1,1.25e-05
010991,1,1.25e-05
607814,1,1.25e-05
060384,1,1.25e-05
251104,1,1.25e-05
429841,1,1.25e-05
130788,1,1.25e-05
120414,1,1.25e-05
147437,1,1.25e-05
240492,1,1.25e-05
030682,1,1.25e-05
947240,1,1.25e-05
170802,1,1.25e-05
556493,1,1.25e-05
030478,1,1.25e-05
040472,1,1.25e-05
765847,1,1.25e-05
150185,1,1.25e-05
842845,1,1.25e-05
993392,1,1.25e-05
050344,1,1.25e-05
292663,1,1.25e-05
070541,1,1.25e-05
260790,1,1.25e-05
210141,1,1.25e-05
896708,1,1.25e-05
160909,1,1.25e-05
417547,1,1.25e-05
210543,1,1.25e-05
050185,1,1.25e-05
921328,1,1.25e-05
221286,1,1.25e-05
120898,1,1.25e-05
093607,1,1.25e-05
141078,1,1.25e-05
929915,1,1.25e-05
042212,1,1.25e-05
231068,1,1.25e-05
043213,1,1.25e-05
070690,1,1.25e-05
190695,1,1.25e-05
080917,1,1.25e-05
339331,1,1.25e-05
010318,1,1.25e-05
616616,1,1.25e-05
201347,1,1.25e-05
727097,1,1.25e-05
281005,1,1.25e-05
210728,1,1.25e-05
076756,1,1.25e-05
081091,1,1.25e-05
280790,1,1.25e-05
100164,1,1.25e-05
556225,1,1.25e-05
417669,1,1.25e-05
554674,1,1.25e-05
221035,1,1.25e-05
339035,1,1.25e-05
297105,1,1.25e-05
021139,1,1.25e-05
615225,1,1.25e-05
166824,1,1.25e-05
410623,1,1.25e-05
133049,1,1.25e-05
151211,1,1.25e-05
853666,1,1.25e-05
116488,1,1.25e-05
834103,1,1.25e-05
091204,1,1.25e-05
313249,1,1.25e-05
205730,1,1.25e-05
140214,1,1.25e-05
080367,1,1.25e-05
020294,1,1.25e-05
131254,1,1.25e-05
190790,1,1.25e-05
011070,1,1.25e-05
140761,1,1.25e-05
803882,1,1.25e-05
690260,1,1.25e-05
230290,1,1.25e-05
682335,1,1.25e-05
101256,1,1.25e-05
572958,1,1.25e-05
010127,1,1.25e-05
121088,1,1.25e-05
250822,1,1.25e-05
080415,1,1.25e-05
846278,1,1.25e-05
070150,1,1.25e-05
297603,1,1.25e-05
034479,1,1.25e-05
864984,1,1.25e-05
180845,1,1.25e-05
708139,1,1.25e-05
221093,1,1.25e-05
200806,1,1.25e-05
080436,1,1.25e-05
106349,1,1.25e-05
130284,1,1.25e-05
297584,1,1.25e-05
521317,1,1.25e-05
020629,1,1.25e-05
124535,1,1.25e-05
269871,1,1.25e-05
084038,1,1.25e-05
260645,1,1.25e-05
010533,1,1.25e-05
633322,1,1.25e-05
171024,1,1.25e-05
364003,1,1.25e-05
562684,1,1.25e-05
100528,1,1.25e-05
273133,1,1.25e-05
573549,1,1.25e-05
054595,1,1.25e-05
763024,1,1.25e-05
200439,1,1.25e-05
923235,1,1.25e-05
370038,1,1.25e-05
316312,1,1.25e-05
270834,1,1.25e-05
321383,1,1.25e-05
360337,1,1.25e-05
143820,1,1.25e-05
151144,1,1.25e-05
020145,1,1.25e-05
150410,1,1.25e-05
361181,1,1.25e-05
508817,1,1.25e-05
719018,1,1.25e-05
094112,1,1.25e-05
210900,1,1.25e-05
170258,1,1.25e-05
452768,1,1.25e-05
132451,1,1.25e-05
208281,1,1.25e-05
688500,1,1.25e-05
260350,1,1.25e-05
682499,1,1.25e-05
281015,1,1.25e-05
230316,1,1.25e-05
280235,1,1.25e-05
771659,1,1.25e-05
101281,1,1.25e-05
151016,1,1.25e-05
250550,1,1.25e-05
246346,1,1.25e-05
220236,1,1.25e-05
658797,1,1.25e-05
190303,1,1.25e-05
070650,1,1.25e-05
176016,1,1.25e-05
241051,1,1.25e-05
260758,1,1.25e-05
110127,1,1.25e-05
295418,1,1.25e-05
210654,1,1.25e-05
324143,1,1.25e-05
030893,1,1.25e-05
240668,1,1.25e-05
010963,1,1.25e-05
450487,1,1.25e-05
905655,1,1.25e-05
538291,1,1.25e-05
589381,1,1.25e-05
210436,1,1.25e-05
150423,1,1.25e-05
021108,1,1.25e-05
210969,1,1.25e-05
188279,1,1.25e-05
857728,1,1.25e-05
190119,1,1.25e-05
030861,1,1.25e-05
061116,1,1.25e-05
140657,1,1.25e-05
020280,1,1.25e-05
031165,1,1.25e-05
181194,1,1.25e-05
283721,1,1.25e-05
816851,1,1.25e-05
851641,1,1.25e-05
204574,1,1.25e-05
100163,1,1.25e-05
121037,1,1.25e-05
091196,1,1.25e-05
576946,1,1.25e-05
078190,1,1.25e-05
270807,1,1.25e-05
161115,1,1.25e-05
040459,1,1.25e-05
720516,1,1.25e-05
361019,1,1.25e-05
011035,1,1.25e-05
391174,1,1.25e-05
979546,1,1.25e-05
070734,1,1.25e-05
070888,1,1.25e-05
491793,1,1.25e-05
567735,1,1.25e-05
681921,1,1.25e-05
140921,1,1.25e-05
266504,1,1.25e-05
150549,1,1.25e-05
897629,1,1.25e-05
201200,1,1.25e-05
200643,1,1.25e-05
763394,1,1.25e-05
270328,1,1.25e-05
210575,1,1.25e-05
570295,1,1.25e-05
022972,1,1.25e-05
281061,1,1.25e-05
101054,1,1.25e-05
220871,1,1.25e-05
682533,1,1.25e-05
030101,1,1.25e-05
100940,1,1.25e-05
280529,1,1.25e-05
250324,1,1.25e-05
180311,1,1.25e-05
190792,1,1.25e-05
080262,1,1.25e-05
221201,1,1.25e-05
241196,1,1.25e-05
260880,1,1.25e-05
196466,1,1.25e-05
320165,1,1.25e-05
031284,1,1.25e-05
190813,1,1.25e-05
950153,1,1.25e-05
620625,1,1.25e-05
697752,1,1.25e-05
178424,1,1.25e-05
355322,1,1.25e-05
020295,1,1.25e-05
836651,1,1.25e-05
080222,1,1.25e-05
620901,1,1.25e-05
270750,1,1.25e-05
030728,1,1.25e-05
081010,1,1.25e-05
142402,1,1.25e-05
467697,1,1.25e-05
439265,1,1.25e-05
151050,1,1.25e-05
196291,1,1.25e-05
170553,1,1.25e-05
461834,1,1.25e-05
244131,1,1.25e-05
162424,1,1.25e-05
526089,1,1.25e-05
260804,1,1.25e-05
010271,1,1.25e-05
191166,1,1.25e-05
022409,1,1.25e-05
150566,1,1.25e-05
539063,1,1.25e-05
641055,1,1.25e-05
160490,1,1.25e-05
140404,1,1.25e-05
101226,1,1.25e-05
190626,1,1.25e-05
970593,1,1.25e-05
180646,1,1.25e-05
030715,1,1.25e-05
010633,1,1.25e-05
150754,1,1.25e-05
210273,1,1.25e-05
090500,1,1.25e-05
507384,1,1.25e-05
272105,1,1.25e-05
278225,1,1.25e-05
439150,1,1.25e-05
843055,1,1.25e-05
484733,1,1.25e-05
710152,1,1.25e-05
388936,1,1.25e-05
295580,1,1.25e-05
781791,1,1.25e-05
966758,1,1.25e-05
170530,1,1.25e-05
270948,1,1.25e-05
962340,1,1.25e-05
648225,1,1.25e-05
270668,1,1.25e-05
170904,1,1.25e-05
384171,1,1.25e-05
756138,1,1.25e-05
030585,1,1.25e-05
572266,1,1.25e-05
060557,1,1.25e-05
648699,1,1.25e-05
200906,1,1.25e-05
444119,1,1.25e-05
403265,1,1.25e-05
140292,1,1.25e-05
292559,1,1.25e-05
119169,1,1.25e-05
247570,1,1.25e-05
445277,1,1.25e-05
364797,1,1.25e-05
030868,1,1.25e-05
070329,1,1.25e-05
201003,1,1.25e-05
975590,1,1.25e-05
121115,1,1.25e-05
501656,1,1.25e-05
110813,1,1.25e-05
200238,1,1.25e-05
171029,1,1.25e-05
111004,1,1.25e-05
375617,1,1.25e-05
110560,1,1.25e-05
033718,1,1.25e-05
713503,1,1.25e-05
878646,1,1.25e-05
270539,1,1.25e-05
260839,1,1.25e-05
200679,1,1.25e-05
332628,1,1.25e-05
090662,1,1.25e-05
220313,1,1.25e-05
515064,1,1.25e-05
925756,1,1.25e-05
271076,1,1.25e-05
956958,1,1.25e-05
110316,1,1.25e-05
345938,1,1.25e-05
678047,1,1.25e-05
200497,1,1.25e-05
212754,1,1.25e-05
150530,1,1.25e-05
355403,1,1.25e-05
240923,1,1.25e-05
895875,1,1.25e-05
502481,1,1.25e-05
390193,1,1.25e-05
210958,1,1.25e-05
270349,1,1.25e-05
040702,1,1.25e-05
150943,1,1.25e-05
938864,1,1.25e-05
758967,1,1.25e-05
584937,1,1.25e-05
779612,1,1.25e-05
040229,1,1.25e-05
200438,1,1.25e-05
040874,1,1.25e-05
844317,1,1.25e-05
856764,1,1.25e-05
557236,1,1.25e-05
240758,1,1.25e-05
171249,1,1.25e-05
241298,1,1.25e-05
210723,1,1.25e-05
002263,1,1.25e-05
682848,1,1.25e-05
992246,1,1.25e-05
010360,1,1.25e-05
270331,1,1.25e-05
027135,1,1.25e-05
744391,1,1.25e-05
280137,1,1.25e-05
650398,1,1.25e-05
091289,1,1.25e-05
054025,1,1.25e-05
978101,1,1.25e-05
170620,1,1.25e-05
350659,1,1.25e-05
250456,1,1.25e-05
052199,1,1.25e-05
589691,1,1.25e-05
013260,1,1.25e-05
546424,1,1.25e-05
999686,1,1.25e-05
021156,1,1.25e-05
966998,1,1.25e-05
110580,1,1.25e-05
524117,1,1.25e-05
190686,1,1.25e-05
250473,1,1.25e-05
742885,1,1.25e-05
070342,1,1.25e-05
050634,1,1.25e-05
004035,1,1.25e-05
814948,1,1.25e-05
231288,1,1.25e-05
998443,1,1.25e-05
440127,1,1.25e-05
861877,1,1.25e-05
700953,1,1.25e-05
211684,1,1.25e-05
271059,1,1.25e-05
181235,1,1.25e-05
949817,1,1.25e-05
605533,1,1.25e-05
281820,1,1.25e-05
874127,1,1.25e-05
180625,1,1.25e-05
230336,1,1.25e-05
844848,1,1.25e-05
110903,1,1.25e-05
260122,1,1.25e-05
358895,1,1.25e-05
395828,1,1.25e-05
097798,1,1.25e-05
294301,1,1.25e-05
479968,1,1.25e-05
054252,1,1.25e-05
432614,1,1.25e-05
160712,1,1.25e-05
447830,1,1.25e-05
160973,1,1.25e-05
041234,1,1.25e-05
616605,1,1.25e-05
010289,1,1.25e-05
024588,1,1.25e-05
200104,1,1.25e-05
010588,1,1.25e-05
061055,1,1.25e-05
180671,1,1.25e-05
764727,1,1.25e-05
220641,1,1.25e-05
181917,1,1.25e-05
150851,1,1.25e-05
150484,1,1.25e-05
101104,1,1.25e-05
021042,1,1.25e-05
280228,1,1.25e-05
051279,1,1.25e-05
343713,1,1.25e-05
100882,1,1.25e-05
191044,1,1.25e-05
241211,1,1.25e-05
130325,1,1.25e-05
151087,1,1.25e-05
138695,1,1.25e-05
245715,1,1.25e-05
538411,1,1.25e-05
030594,1,1.25e-05
161242,1,1.25e-05
754858,1,1.25e-05
031167,1,1.25e-05
231100,1,1.25e-05
019573,1,1.25e-05
190160,1,1.25e-05
130992,1,1.25e-05
280061,1,1.25e-05
984947,1,1.25e-05
670726,1,1.25e-05
250915,1,1.25e-05
230779,1,1.25e-05
287689,1,1.25e-05
071168,1,1.25e-05
575126,1,1.25e-05
946730,1,1.25e-05
445108,1,1.25e-05
210727,1,1.25e-05
811448,1,1.25e-05
679148,1,1.25e-05
554739,1,1.25e-05
150442,1,1.25e-05
753958,1,1.25e-05
829027,1,1.25e-05
750294,1,1.25e-05
720601,1,1.25e-05
150643,1,1.25e-05
270353,1,1.25e-05
170909,1,1.25e-05
201071,1,1.25e-05
015585,1,1.25e-05
258693,1,1.25e-05
070134,1,1.25e-05
101055,1,1.25e-05
496192,1,1.25e-05
408590,1,1.25e-05
130525,1,1.25e-05
261169,1,1.25e-05
051267,1,1.25e-05
150100,1,1.25e-05
791356,1,1.25e-05
200393,1,1.25e-05
210521,1,1.25e-05
655731,1,1.25e-05
883839,1,1.25e-05
091221,1,1.25e-05
341516,1,1.25e-05
126345,1,1.25e-05
783273,1,1.25e-05
280921,1,1.25e-05
030874,1,1.25e-05
050352,1,1.25e-05
240184,1,1.25e-05
010294,1,1.25e-05
823408,1,1.25e-05
070526,1,1.25e-05
218213,1,1.25e-05
647770,1,1.25e-05
260648,1,1.25e-05
140731,1,1.25e-05
031252,1,1.25e-05
200305,1,1.25e-05
160255,1,1.25e-05
989426,1,1.25e-05
361652,1,1.25e-05
684358,1,1.25e-05
450885,1,1.25e-05
165031,1,1.25e-05
100611,1,1.25e-05
151264,1,1.25e-05
260941,1,1.25e-05
629895,1,1.25e-05
265357,1,1.25e-05
080632,1,1.25e-05
298064,1,1.25e-05
231265,1,1.25e-05
704391,1,1.25e-05
100454,1,1.25e-05
121114,1,1.25e-05
334169,1,1.25e-05
340190,1,1.25e-05
100929,1,1.25e-05
177571,1,1.25e-05
664372,1,1.25e-05
060515,1,1.25e-05
100529,1,1.25e-05
017783,1,1.25e-05
953959,1,1.25e-05
413583,1,1.25e-05
240103,1,1.25e-05
908904,1,1.25e-05
070269,1,1.25e-05
714729,1,1.25e-05
319974,1,1.25e-05
070459,1,1.25e-05
740444,1,1.25e-05
479820,1,1.25e-05
280885,1,1.25e-05
021271,1,1.25e-05
060647,1,1.25e-05
101074,1,1.25e-05
151059,1,1.25e-05
784644,1,1.25e-05
998042,1,1.25e-05
195268,1,1.25e-05
230367,1,1.25e-05
230149,1,1.25e-05
888308,1,1.25e-05
251271,1,1.25e-05
020101,1,1.25e-05
238383,1,1.25e-05
930512,1,1.25e-05
861784,1,1.25e-05
160946,1,1.25e-05
186334,1,1.25e-05
884741,1,1.25e-05
140543,1,1.25e-05
010290,1,1.25e-05
190381,1,1.25e-05
190200,1,1.25e-05
050714,1,1.25e-05
143709,1,1.25e-05
060676,1,1.25e-05
454691,1,1.25e-05
710780,1,1.25e-05
420430,1,1.25e-05
313621,1,1.25e-05
551967,1,1.25e-05
025550,1,1.25e-05
090411,1,1.25e-05
974241,1,1.25e-05
805842,1,1.25e-05
091026,1,1.25e-05
110850,1,1.25e-05
230202,1,1.25e-05
250519,1,1.25e-05
213260,1,1.25e-05
200547,1,1.25e-05
156734,1,1.25e-05
191056,1,1.25e-05
010654,1,1.25e-05
240618,1,1.25e-05
220146,1,1.25e-05
121294,1,1.25e-05
140531,1,1.25e-05
220650,1,1.25e-05
745808,1,1.25e-05
140694,1,1.25e-05
180143,1,1.25e-05
091285,1,1.25e-05
130984,1,1.25e-05
007287,1,1.25e-05
210361,1,1.25e-05
010987,1,1.25e-05
222218,1,1.25e-05
121113,1,1.25e-05
221202,1,1.25e-05
050861,1,1.25e-05
201222,1,1.25e-05
024031,1,1.25e-05
130485,1,1.25e-05
161146,1,1.25e-05
132460,1,1.25e-05
908138,1,1.25e-05
160112,1,1.25e-05
644259,1,1.25e-05
031283,1,1.25e-05
010997,1,1.25e-05
150719,1,1.25e-05
260472,1,1.25e-05
180459,1,1.25e-05
184551,1,1.25e-05
100198,1,1.25e-05
779054,1,1.25e-05
120226,1,1.25e-05
230759,1,1.25e-05
281042,1,1.25e-05
679240,1,1.25e-05
140127,1,1.25e-05
181405,1,1.25e-05
170900,1,1.25e-05
073211,1,1.25e-05
240521,1,1.25e-05
050379,1,1.25e-05
230636,1,1.25e-05
161042,1,1.25e-05
111283,1,1.25e-05
210184,1,1.25e-05
253661,1,1.25e-05
298285,1,1.25e-05
080166,1,1.25e-05
130862,1,1.25e-05
271114,1,1.25e-05
120388,1,1.25e-05
671579,1,1.25e-05
211139,1,1.25e-05
715307,1,1.25e-05
090195,1,1.25e-05
517849,1,1.25e-05
031022,1,1.25e-05
699384,1,1.25e-05
780413,1,1.25e-05
081276,1,1.25e-05
009619,1,1.25e-05
217303,1,1.25e-05
250791,1,1.25e-05
260450,1,1.25e-05
260710,1,1.25e-05
278902,1,1.25e-05
643331,1,1.25e-05
120790,1,1.25e-05
747036,1,1.25e-05
891696,1,1.25e-05
210709,1,1.25e-05
319748,1,1.25e-05
711203,1,1.25e-05
231104,1,1.25e-05
110577,1,1.25e-05
231085,1,1.25e-05
130563,1,1.25e-05
200976,1,1.25e-05
101243,1,1.25e-05
003597,1,1.25e-05
862249,1,1.25e-05
241179,1,1.25e-05
884871,1,1.25e-05
419499,1,1.25e-05
071049,1,1.25e-05
194257,1,1.25e-05
734394,1,1.25e-05
954408,1,1.25e-05
204170,1,1.25e-05
270235,1,1.25e-05
857499,1,1.25e-05
020542,1,1.25e-05
250837,1,1.25e-05
140302,1,1.25e-05
061049,1,1.25e-05
650054,1,1.25e-05
882096,1,1.25e-05
522569,1,1.25e-05
010424,1,1.25e-05
375227,1,1.25e-05
912573,1,1.25e-05
011019,1,1.25e-05
240531,1,1.25e-05
250738,1,1.25e-05
558823,1,1.25e-05
408456,1,1.25e-05
640255,1,1.25e-05
820854,1,1.25e-05
120147,1,1.25e-05
130466,1,1.25e-05
334068,1,1.25e-05
240369,1,1.25e-05
130221,1,1.25e-05
036222,1,1.25e-05
260447,1,1.25e-05
664520,1,1.25e-05
100997,1,1.25e-05
260962,1,1.25e-05
464692,1,1.25e-05
515060,1,1.25e-05
080969,1,1.25e-05
020918,1,1.25e-05
020597,1,1.25e-05
040470,1,1.25e-05
070373,1,1.25e-05
781514,1,1.25e-05
588028,1,1.25e-05
060572,1,1.25e-05
180408,1,1.25e-05
020998,1,1.25e-05
230933,1,1.25e-05
201239,1,1.25e-05
020457,1,1.25e-05
297407,1,1.25e-05
215587,1,1.25e-05
174570,1,1.25e-05
418519,1,1.25e-05
180442,1,1.25e-05
939334,1,1.25e-05
247149,1,1.25e-05
195056,1,1.25e-05
670634,1,1.25e-05
190273,1,1.25e-05
281297,1,1.25e-05
264171,1,1.25e-05
595551,1,1.25e-05
545620,1,1.25e-05
501460,1,1.25e-05
200198,1,1.25e-05
907464,1,1.25e-05
020368,1,1.25e-05
319837,1,1.25e-05
280804,1,1.25e-05
333909,1,1.25e-05
280259,1,1.25e-05
250594,1,1.25e-05
880183,1,1.25e-05
405344,1,1.25e-05
171814,1,1.25e-05
479632,1,1.25e-05
516035,1,1.25e-05
559135,1,1.25e-05
025076,1,1.25e-05
050864,1,1.25e-05
974672,1,1.25e-05
606050,1,1.25e-05
133952,1,1.25e-05
904445,1,1.25e-05
253742,1,1.25e-05
876629,1,1.25e-05
491052,1,1.25e-05
190977,1,1.25e-05
269285,1,1.25e-05
120191,1,1.25e-05
581032,1,1.25e-05
641114,1,1.25e-05
061291,1,1.25e-05
170687,1,1.25e-05
030918,1,1.25e-05
064155,1,1.25e-05
180771,1,1.25e-05
449129,1,1.25e-05
161077,1,1.25e-05
219393,1,1.25e-05
870797,1,1.25e-05
040379,1,1.25e-05
625195,1,1.25e-05
201117,1,1.25e-05
180207,1,1.25e-05
171187,1,1.25e-05
196986,1,1.25e-05
242347,1,1.25e-05
030266,1,1.25e-05
160400,1,1.25e-05
270611,1,1.25e-05
079008,1,1.25e-05
130748,1,1.25e-05
241270,1,1.25e-05
040177,1,1.25e-05
182057,1,1.25e-05
170760,1,1.25e-05
050747,1,1.25e-05
100775,1,1.25e-05
201279,1,1.25e-05
060231,1,1.25e-05
181068,1,1.25e-05
020373,1,1.25e-05
796442,1,1.25e-05
170534,1,1.25e-05
180527,1,1.25e-05
097144,1,1.25e-05
141027,1,1.25e-05
610360,1,1.25e-05
832562,1,1.25e-05
932276,1,1.25e-05
250688,1,1.25e-05
191217,1,1.25e-05
446996,1,1.25e-05
356105,1,1.25e-05
896107,1,1.25e-05
180903,1,1.25e-05
070207,1,1.25e-05
200837,1,1.25e-05
140781,1,1.25e-05
231051,1,1.25e-05
191860,1,1.25e-05
758209,1,1.25e-05
281160,1,1.25e-05
051290,1,1.25e-05
031101,1,1.25e-05
118836,1,1.25e-05
020832,1,1.25e-05
191179,1,1.25e-05
080357,1,1.25e-05
234243,1,1.25e-05
540147,1,1.25e-05
855810,1,1.25e-05
747921,1,1.25e-05
181118,1,1.25e-05
260219,1,1.25e-05
730587,1,1.25e-05
270434,1,1.25e-05
769934,1,1.25e-05
479667,1,1.25e-05
371071,1,1.25e-05
180714,1,1.25e-05
030104,1,1.25e-05
140030,1,1.25e-05
150910,1,1.25e-05
896290,1,1.25e-05
140279,1,1.25e-05
778877,1,1.25e-05
149671,1,1.25e-05
074947,1,1.25e-05
512258,1,1.25e-05
116000,1,1.25e-05
545749,1,1.25e-05
191278,1,1.25e-05
100173,1,1.25e-05
319418,1,1.25e-05
501435,1,1.25e-05
080463,1,1.25e-05
007605,1,1.25e-05
240180,1,1.25e-05
070818,1,1.25e-05
090896,1,1.25e-05
250168,1,1.25e-05
230985,1,1.25e-05
133275,1,1.25e-05
026629,1,1.25e-05
816979,1,1.25e-05
846648,1,1.25e-05
453188,1,1.25e-05
233365,1,1.25e-05
211214,1,1.25e-05
050476,1,1.25e-05
170987,1,1.25e-05
130298,1,1.25e-05
051206,1,1.25e-05
543385,1,1.25e-05
980700,1,1.25e-05
180839,1,1.25e-05
070350,1,1.25e-05
140141,1,1.25e-05
270643,1,1.25e-05
260907,1,1.25e-05
458385,1,1.25e-05
046523,1,1.25e-05
733249,1,1.25e-05
073665,1,1.25e-05
326595,1,1.25e-05
632156,1,1.25e-05
069392,1,1.25e-05
230581,1,1.25e-05
040169,1,1.25e-05
616642,1,1.25e-05
004011,1,1.25e-05
010457,1,1.25e-05
221121,1,1.25e-05
015017,1,1.25e-05
080435,1,1.25e-05
978462,1,1.25e-05
377403,1,1.25e-05
020778,1,1.25e-05
616665,1,1.25e-05
057710,1,1.25e-05
422345,1,1.25e-05
170361,1,1.25e-05
416278,1,1.25e-05
211075,1,1.25e-05
230525,1,1.25e-05
989865,1,1.25e-05
110427,1,1.25e-05
692234,1,1.25e-05
215925,1,1.25e-05
327864,1,1.25e-05
787941,1,1.25e-05
030348,1,1.25e-05
983553,1,1.25e-05
440914,1,1.25e-05
213256,1,1.25e-05
767200,1,1.25e-05
031242,1,1.25e-05
201145,1,1.25e-05
091082,1,1.25e-05
949690,1,1.25e-05
200563,1,1.25e-05
466007,1,1.25e-05
413374,1,1.25e-05
051179,1,1.25e-05
081127,1,1.25e-05
222997,1,1.25e-05
362987,1,1.25e-05
637119,1,1.25e-05
656257,1,1.25e-05
030994,1,1.25e-05
470401,1,1.25e-05
803566,1,1.25e-05
946396,1,1.25e-05
173470,1,1.25e-05
569288,1,1.25e-05
050311,1,1.25e-05
280588,1,1.25e-05
081112,1,1.25e-05
833816,1,1.25e-05
141275,1,1.25e-05
845767,1,1.25e-05
220581,1,1.25e-05
010487,1,1.25e-05
230454,1,1.25e-05
535715,1,1.25e-05
131106,1,1.25e-05
180885,1,1.25e-05
426638,1,1.25e-05
020335,1,1.25e-05
578391,1,1.25e-05
070122,1,1.25e-05
080160,1,1.25e-05
111249,1,1.25e-05
130493,1,1.25e-05
037884,1,1.25e-05
097463,1,1.25e-05
130706,1,1.25e-05
080378,1,1.25e-05
240474,1,1.25e-05
260225,1,1.25e-05
639760,1,1.25e-05
426324,1,1.25e-05
001874,1,1.25e-05
271296,1,1.25e-05
250395,1,1.25e-05
552525,1,1.25e-05
210683,1,1.25e-05
207801,1,1.25e-05
361290,1,1.25e-05
064029,1,1.25e-05
623101,1,1.25e-05
151067,1,1.25e-05
070168,1,1.25e-05
141152,1,1.25e-05
714956,1,1.25e-05
041115,1,1.25e-05
643547,1,1.25e-05
230447,1,1.25e-05
863603,1,1.25e-05
441272,1,1.25e-05
271249,1,1.25e-05
319167,1,1.25e-05
030832,1,1.25e-05
050101,1,1.25e-05
643242,1,1.25e-05
446250,1,1.25e-05
060644,1,1.25e-05
160366,1,1.25e-05
200663,1,1.25e-05
201289,1,1.25e-05
877640,1,1.25e-05
000915,1,1.25e-05
252368,1,1.25e-05
310388,1,1.25e-05
015855,1,1.25e-05
261270,1,1.25e-05
831855,1,1.25e-05
283376,1,1.25e-05
100105,1,1.25e-05
296776,1,1.25e-05
518991,1,1.25e-05
032189,1,1.25e-05
090911,1,1.25e-05
551560,1,1.25e-05
781147,1,1.25e-05
931566,1,1.25e-05
210975,1,1.25e-05
219064,1,1.25e-05
192212,1,1.25e-05
054312,1,1.25e-05
766197,1,1.25e-05
567860,1,1.25e-05
115011,1,1.25e-05
070340,1,1.25e-05
371991,1,1.25e-05
231001,1,1.25e-05
141121,1,1.25e-05
119487,1,1.25e-05
230535,1,1.25e-05
954475,1,1.25e-05
170939,1,1.25e-05
322531,1,1.25e-05
062886,1,1.25e-05
496789,1,1.25e-05
268241,1,1.25e-05
916568,1,1.25e-05
040529,1,1.25e-05
141232,1,1.25e-05
060222,1,1.25e-05
722323,1,1.25e-05
470749,1,1.25e-05
231070,1,1.25e-05
210140,1,1.25e-05
791644,1,1.25e-05
065119,1,1.25e-05
087597,1,1.25e-05
061072,1,1.25e-05
492830,1,1.25e-05
040310,1,1.25e-05
566251,1,1.25e-05
292329,1,1.25e-05
170592,1,1.25e-05
091032,1,1.25e-05
612436,1,1.25e-05
210217,1,1.25e-05
454658,1,1.25e-05
173436,1,1.25e-05
302491,1,1.25e-05
936435,1,1.25e-05
709049,1,1.25e-05
130241,1,1.25e-05
671230,1,1.25e-05
277730,1,1.25e-05
094132,1,1.25e-05
090438,1,1.25e-05
250923,1,1.25e-05
210374,1,1.25e-05
050636,1,1.25e-05
226987,1,1.25e-05
275934,1,1.25e-05
081577,1,1.25e-05
010979,1,1.25e-05
220669,1,1.25e-05
242368,1,1.25e-05
200692,1,1.25e-05
270979,1,1.25e-05
150211,1,1.25e-05
020361,1,1.25e-05
461774,1,1.25e-05
276095,1,1.25e-05
080820,1,1.25e-05
201021,1,1.25e-05
801857,1,1.25e-05
840596,1,1.25e-05
964788,1,1.25e-05
220189,1,1.25e-05
235227,1,1.25e-05
120753,1,1.25e-05
221016,1,1.25e-05
040262,1,1.25e-05
160753,1,1.25e-05
101108,1,1.25e-05
200861,1,1.25e-05
392377,1,1.25e-05
030143,1,1.25e-05
120671,1,1.25e-05
991332,1,1.25e-05
447175,1,1.25e-05
050888,1,1.25e-05
373711,1,1.25e-05
648481,1,1.25e-05
486153,1,1.25e-05
050665,1,1.25e-05
171021,1,1.25e-05
160964,1,1.25e-05
098770,1,1.25e-05
070188,1,1.25e-05
140155,1,1.25e-05
196230,1,1.25e-05
130638,1,1.25e-05
824337,1,1.25e-05
834493,1,1.25e-05
269233,1,1.25e-05
190732,1,1.25e-05
020897,1,1.25e-05
140819,1,1.25e-05
049535,1,1.25e-05
959393,1,1.25e-05
210614,1,1.25e-05
190254,1,1.25e-05
063586,1,1.25e-05
507181,1,1.25e-05
150287,1,1.25e-05
972368,1,1.25e-05
014099,1,1.25e-05
020228,1,1.25e-05
457437,1,1.25e-05
150326,1,1.25e-05
865686,1,1.25e-05
822439,1,1.25e-05
010974,1,1.25e-05
528060,1,1.25e-05
221150,1,1.25e-05
059082,1,1.25e-05
270246,1,1.25e-05
391027,1,1.25e-05
981408,1,1.25e-05
004900,1,1.25e-05
364978,1,1.25e-05
919670,1,1.25e-05
686433,1,1.25e-05
220864,1,1.25e-05
679300,1,1.25e-05
823590,1,1.25e-05
250167,1,1.25e-05
687584,1,1.25e-05
191002,1,1.25e-05
080253,1,1.25e-05
160414,1,1.25e-05
034582,1,1.25e-05
728026,1,1.25e-05
478802,1,1.25e-05
270992,1,1.25e-05
132202,1,1.25e-05
071242,1,1.25e-05
411530,1,1.25e-05
281221,1,1.25e-05
984908,1,1.25e-05
703098,1,1.25e-05
658785,1,1.25e-05
210707,1,1.25e-05
220256,1,1.25e-05
238312,1,1.25e-05
151115,1,1.25e-05
678044,1,1.25e-05
443380,1,1.25e-05
040405,1,1.25e-05
060683,1,1.25e-05
010691,1,1.25e-05
531907,1,1.25e-05
367124,1,1.25e-05
344204,1,1.25e-05
030584,1,1.25e-05
060885,1,1.25e-05
240948,1,1.25e-05
010182,1,1.25e-05
070598,1,1.25e-05
120883,1,1.25e-05
151062,1,1.25e-05
220425,1,1.25e-05
857942,1,1.25e-05
293001,1,1.25e-05
050534,1,1.25e-05
271244,1,1.25e-05
011122,1,1.25e-05
211289,1,1.25e-05
680285,1,1.25e-05
682995,1,1.25e-05
602070,1,1.25e-05
250123,1,1.25e-05
226736,1,1.25e-05
111236,1,1.25e-05
040945,1,1.25e-05
299091,1,1.25e-05
392137,1,1.25e-05
100701,1,1.25e-05
501867,1,1.25e-05
130571,1,1.25e-05
965136,1,1.25e-05
793809,1,1.25e-05
228344,1,1.25e-05
064934,1,1.25e-05
230852,1,1.25e-05
057663,1,1.25e-05
211160,1,1.25e-05
402744,1,1.25e-05
200883,1,1.25e-05
210747,1,1.25e-05
210674,1,1.25e-05
210151,1,1.25e-05
271176,1,1.25e-05
101148,1,1.25e-05
060677,1,1.25e-05
251072,1,1.25e-05
150579,1,1.25e-05
090734,1,1.25e-05
060199,1,1.25e-05
434924,1,1.25e-05
141065,1,1.25e-05
064969,1,1.25e-05
070881,1,1.25e-05
978319,1,1.25e-05
486208,1,1.25e-05
349509,1,1.25e-05
210865,1,1.25e-05
130621,1,1.25e-05
580797,1,1.25e-05
241148,1,1.25e-05
131209,1,1.25e-05
170108,1,1.25e-05
886244,1,1.25e-05
759899,1,1.25e-05
280249,1,1.25e-05
060625,1,1.25e-05
956491,1,1.25e-05
600766,1,1.25e-05
930332,1,1.25e-05
180878,1,1.25e-05
071051,1,1.25e-05
026257,1,1.25e-05
688632,1,1.25e-05
060126,1,1.25e-05
240231,1,1.25e-05
210251,1,1.25e-05
210142,1,1.25e-05
201104,1,1.25e-05
645653,1,1.25e-05
055031,1,1.25e-05
241257,1,1.25e-05
454550,1,1.25e-05
080303,1,1.25e-05
030346,1,1.25e-05
765302,1,1.25e-05
225147,1,1.25e-05
230524,1,1.25e-05
040852,1,1.25e-05
136946,1,1.25e-05
080445,1,1.25e-05
886251,1,1.25e-05
562746,1,1.25e-05
241037,1,1.25e-05
936859,1,1.25e-05
632778,1,1.25e-05
595971,1,1.25e-05
198255,1,1.25e-05
130877,1,1.25e-05
111288,1,1.25e-05
237421,1,1.25e-05
836692,1,1.25e-05
061154,1,1.25e-05
813571,1,1.25e-05
010813,1,1.25e-05
189093,1,1.25e-05
567499,1,1.25e-05
171264,1,1.25e-05
700430,1,1.25e-05
138027,1,1.25e-05
130809,1,1.25e-05
101043,1,1.25e-05
729632,1,1.25e-05
856526,1,1.25e-05
250898,1,1.25e-05
404601,1,1.25e-05
592867,1,1.25e-05
181278,1,1.25e-05
030841,1,1.25e-05
252188,1,1.25e-05
513404,1,1.25e-05
856253,1,1.25e-05
220683,1,1.25e-05
071100,1,1.25e-05
140249,1,1.25e-05
230402,1,1.25e-05
170969,1,1.25e-05
279790,1,1.25e-05
200125,1,1.25e-05
300973,1,1.25e-05
478651,1,1.25e-05
293366,1,1.25e-05
280677,1,1.25e-05
240908,1,1.25e-05
810479,1,1.25e-05
024272,1,1.25e-05
274545,1,1.25e-05
267615,1,1.25e-05
250979,1,1.25e-05
540655,1,1.25e-05
541772,1,1.25e-05
308729,1,1.25e-05
191231,1,1.25e-05
017257,1,1.25e-05
280482,1,1.25e-05
010782,1,1.25e-05
446151,1,1.25e-05
108966,1,1.25e-05
070246,1,1.25e-05
247958,1,1.25e-05
090246,1,1.25e-05
030953,1,1.25e-05
963696,1,1.25e-05
385966,1,1.25e-05
931753,1,1.25e-05
955856,1,1.25e-05
111188,1,1.25e-05
884984,1,1.25e-05
021132,1,1.25e-05
029843,1,1.25e-05
128700,1,1.25e-05
394082,1,1.25e-05
047539,1,1.25e-05
447349,1,1.25e-05
273170,1,1.25e-05
160290,1,1.25e-05
489102,1,1.25e-05
280814,1,1.25e-05
041027,1,1.25e-05
280108,1,1.25e-05
271025,1,1.25e-05
786969,1,1.25e-05
824907,1,1.25e-05
251222,1,1.25e-05
200943,1,1.25e-05
120845,1,1.25e-05
226687,1,1.25e-05
031027,1,1.25e-05
020595,1,1.25e-05
090642,1,1.25e-05
180313,1,1.25e-05
168802,1,1.25e-05
081175,1,1.25e-05
215300,1,1.25e-05
297619,1,1.25e-05
292042,1,1.25e-05
569924,1,1.25e-05
956508,1,1.25e-05
070566,1,1.25e-05
025002,1,1.25e-05
260217,1,1.25e-05
792633,1,1.25e-05
050765,1,1.25e-05
241155,1,1.25e-05
140546,1,1.25e-05
348191,1,1.25e-05
060281,1,1.25e-05
092485,1,1.25e-05
722812,1,1.25e-05
027805,1,1.25e-05
351284,1,1.25e-05
090526,1,1.25e-05
240828,1,1.25e-05
030511,1,1.25e-05
616645,1,1.25e-05
050527,1,1.25e-05
087107,1,1.25e-05
534115,1,1.25e-05
945457,1,1.25e-05
080497,1,1.25e-05
031094,1,1.25e-05
240574,1,1.25e-05
648125,1,1.25e-05
383248,1,1.25e-05
935269,1,1.25e-05
110238,1,1.25e-05
642283,1,1.25e-05
069187,1,1.25e-05
241282,1,1.25e-05
086240,1,1.25e-05
070248,1,1.25e-05
170993,1,1.25e-05
154076,1,1.25e-05
290664,1,1.25e-05
180678,1,1.25e-05
434422,1,1.25e-05
260237,1,1.25e-05
240317,1,1.25e-05
031036,1,1.25e-05
031209,1,1.25e-05
307841,1,1.25e-05
200718,1,1.25e-05
271010,1,1.25e-05
429669,1,1.25e-05
092120,1,1.25e-05
181172,1,1.25e-05
100421,1,1.25e-05
050989,1,1.25e-05
813211,1,1.25e-05
651063,1,1.25e-05
475148,1,1.25e-05
251723,1,1.25e-05
997953,1,1.25e-05
210369,1,1.25e-05
593217,1,1.25e-05
240185,1,1.25e-05
802546,1,1.25e-05
280645,1,1.25e-05
010435,1,1.25e-05
808262,1,1.25e-05
020927,1,1.25e-05
263248,1,1.25e-05
010627,1,1.25e-05
061163,1,1.25e-05
041073,1,1.25e-05
271045,1,1.25e-05
750935,1,1.25e-05
351440,1,1.25e-05
420558,1,1.25e-05
027623,1,1.25e-05
669915,1,1.25e-05
543403,1,1.25e-05
221203,1,1.25e-05
333409,1,1.25e-05
220107,1,1.25e-05
375332,1,1.25e-05
030372,1,1.25e-05
190840,1,1.25e-05
211190,1,1.25e-05
536283,1,1.25e-05
365998,1,1.25e-05
448094,1,1.25e-05
040641,1,1.25e-05
050675,1,1.25e-05
971553,1,1.25e-05
170562,1,1.25e-05
181179,1,1.25e-05
070991,1,1.25e-05
170584,1,1.25e-05
250477,1,1.25e-05
071038,1,1.25e-05
250207,1,1.25e-05
190998,1,1.25e-05
758914,1,1.25e-05
210544,1,1.25e-05
068189,1,1.25e-05
040299,1,1.25e-05
218311,1,1.25e-05
852595,1,1.25e-05
696748,1,1.25e-05
270899,1,1.25e-05
120666,1,1.25e-05
268270,1,1.25e-05
240396,1,1.25e-05
289250,1,1.25e-05
111278,1,1.25e-05
141091,1,1.25e-05
261293,1,1.25e-05
040787,1,1.25e-05
647872,1,1.25e-05
121020,1,1.25e-05
110631,1,1.25e-05
156334,1,1.25e-05
250150,1,1.25e-05
171130,1,1.25e-05
031099,1,1.25e-05
703119,1,1.25e-05
861750,1,1.25e-05
020561,1,1.25e-05
131082,1,1.25e-05
150477,1,1.25e-05
081036,1,1.25e-05
091049,1,1.25e-05
018059,1,1.25e-05
110260,1,1.25e-05
405803,1,1.25e-05
224846,1,1.25e-05
041239,1,1.25e-05
169241,1,1.25e-05
412273,1,1.25e-05
040116,1,1.25e-05
020172,1,1.25e-05
607105,1,1.25e-05
061215,1,1.25e-05
635422,1,1.25e-05
150556,1,1.25e-05
680589,1,1.25e-05
277644,1,1.25e-05
576569,1,1.25e-05
191074,1,1.25e-05
010553,1,1.25e-05
060160,1,1.25e-05
744460,1,1.25e-05
040685,1,1.25e-05
560818,1,1.25e-05
230780,1,1.25e-05
421327,1,1.25e-05
660113,1,1.25e-05
230473,1,1.25e-05
281223,1,1.25e-05
330095,1,1.25e-05
140683,1,1.25e-05
757758,1,1.25e-05
335861,1,1.25e-05
220245,1,1.25e-05
527689,1,1.25e-05
287461,1,1.25e-05
053253,1,1.25e-05
181127,1,1.25e-05
271038,1,1.25e-05
999643,1,1.25e-05
080126,1,1.25e-05
010355,1,1.25e-05
130431,1,1.25e-05
124547,1,1.25e-05
210906,1,1.25e-05
623176,1,1.25e-05
241267,1,1.25e-05
024088,1,1.25e-05
270122,1,1.25e-05
129890,1,1.25e-05
060498,1,1.25e-05
808729,1,1.25e-05
111797,1,1.25e-05
565706,1,1.25e-05
377688,1,1.25e-05
425399,1,1.25e-05
363609,1,1.25e-05
070286,1,1.25e-05
359895,1,1.25e-05
140437,1,1.25e-05
275890,1,1.25e-05
611625,1,1.25e-05
260213,1,1.25e-05
298462,1,1.25e-05
180244,1,1.25e-05
280117,1,1.25e-05
100387,1,1.25e-05
841553,1,1.25e-05
825483,1,1.25e-05
790204,1,1.25e-05
808274,1,1.25e-05
987068,1,1.25e-05
160405,1,1.25e-05
250752,1,1.25e-05
170339,1,1.25e-05
180846,1,1.25e-05
710130,1,1.25e-05
408245,1,1.25e-05
010232,1,1.25e-05
110184,1,1.25e-05
200944,1,1.25e-05
720984,1,1.25e-05
106356,1,1.25e-05
120583,1,1.25e-05
280654,1,1.25e-05
822448,1,1.25e-05
290614,1,1.25e-05
175646,1,1.25e-05
270959,1,1.25e-05
276223,1,1.25e-05
941877,1,1.25e-05
904027,1,1.25e-05
933510,1,1.25e-05
240164,1,1.25e-05
984757,1,1.25e-05
281165,1,1.25e-05
356333,1,1.25e-05
155589,1,1.25e-05
189232,1,1.25e-05
100210,1,1.25e-05
947837,1,1.25e-05
150306,1,1.25e-05
730234,1,1.25e-05
210312,1,1.25e-05
180675,1,1.25e-05
856205,1,1.25e-05
221264,1,1.25e-05
872620,1,1.25e-05
221786,1,1.25e-05
130971,1,1.25e-05
030698,1,1.25e-05
359502,1,1.25e-05
271011,1,1.25e-05
656305,1,1.25e-05
051058,1,1.25e-05
091133,1,1.25e-05
030632,1,1.25e-05
956164,1,1.25e-05
529483,1,1.25e-05
100971,1,1.25e-05
218893,1,1.25e-05
401823,1,1.25e-05
053359,1,1.25e-05
601651,1,1.25e-05
392007,1,1.25e-05
010867,1,1.25e-05
080201,1,1.25e-05
220794,1,1.25e-05
976154,1,1.25e-05
220725,1,1.25e-05
100949,1,1.25e-05
900775,1,1.25e-05
313850,1,1.25e-05
010372,1,1.25e-05
842657,1,1.25e-05
090795,1,1.25e-05
240849,1,1.25e-05
230379,1,1.25e-05
230663,1,1.25e-05
766812,1,1.25e-05
765906,1,1.25e-05
050427,1,1.25e-05
281337,1,1.25e-05
580687,1,1.25e-05
110913,1,1.25e-05
862661,1,1.25e-05
141293,1,1.25e-05
913459,1,1.25e-05
661573,1,1.25e-05
090989,1,1.25e-05
081256,1,1.25e-05
478090,1,1.25e-05
595772,1,1.25e-05
161079,1,1.25e-05
821578,1,1.25e-05
175942,1,1.25e-05
021265,1,1.25e-05
676447,1,1.25e-05
571667,1,1.25e-05
230292,1,1.25e-05
140128,1,1.25e-05
090672,1,1.25e-05
644165,1,1.25e-05
101120,1,1.25e-05
686599,1,1.25e-05
957252,1,1.25e-05
270307,1,1.25e-05
281252,1,1.25e-05
913166,1,1.25e-05
210756,1,1.25e-05
080270,1,1.25e-05
111229,1,1.25e-05
281177,1,1.25e-05
220401,1,1.25e-05
080359,1,1.25e-05
280310,1,1.25e-05
439750,1,1.25e-05
110706,1,1.25e-05
655467,1,1.25e-05
120412,1,1.25e-05
050920,1,1.25e-05
218705,1,1.25e-05
095460,1,1.25e-05
746439,1,1.25e-05
066414,1,1.25e-05
557860,1,1.25e-05
576492,1,1.25e-05
040661,1,1.25e-05
890229,1,1.25e-05
645893,1,1.25e-05
443383,1,1.25e-05
140389,1,1.25e-05
010168,1,1.25e-05
180153,1,1.25e-05
180238,1,1.25e-05
801909,1,1.25e-05
180955,1,1.25e-05
557858,1,1.25e-05
061104,1,1.25e-05
849508,1,1.25e-05
070872,1,1.25e-05
150675,1,1.25e-05
070877,1,1.25e-05
011103,1,1.25e-05
400945,1,1.25e-05
177590,1,1.25e-05
936595,1,1.25e-05
110567,1,1.25e-05
659109,1,1.25e-05
230456,1,1.25e-05
444626,1,1.25e-05
903637,1,1.25e-05
161028,1,1.25e-05
180289,1,1.25e-05
191108,1,1.25e-05
585130,1,1.25e-05
025632,1,1.25e-05
030676,1,1.25e-05
849707,1,1.25e-05
770927,1,1.25e-05
210845,1,1.25e-05
228238,1,1.25e-05
367837,1,1.25e-05
191052,1,1.25e-05
945019,1,1.25e-05
111005,1,1.25e-05
260719,1,1.25e-05
350760,1,1.25e-05
180263,1,1.25e-05
204019,1,1.25e-05
601131,1,1.25e-05
210300,1,1.25e-05
708437,1,1.25e-05
170537,1,1.25e-05
796172,1,1.25e-05
181260,1,1.25e-05
443900,1,1.25e-05
070924,1,1.25e-05
060762,1,1.25e-05
120245,1,1.25e-05
060367,1,1.25e-05
030212,1,1.25e-05
925782,1,1.25e-05
101046,1,1.25e-05
180325,1,1.25e-05
418732,1,1.25e-05
230446,1,1.25e-05
690337,1,1.25e-05
100370,1,1.25e-05
952634,1,1.25e-05
155408,1,1.25e-05
031153,1,1.25e-05
858679,1,1.25e-05
869087,1,1.25e-05
918262,1,1.25e-05
247669,1,1.25e-05
146802,1,1.25e-05
487437,1,1.25e-05
131132,1,1.25e-05
220137,1,1.25e-05
224839,1,1.25e-05
141028,1,1.25e-05
110213,1,1.25e-05
795702,1,1.25e-05
476547,1,1.25e-05
220359,1,1.25e-05
599363,1,1.25e-05
151247,1,1.25e-05
135157,1,1.25e-05
568493,1,1.25e-05
030299,1,1.25e-05
676936,1,1.25e-05
469348,1,1.25e-05
863157,1,1.25e-05
230908,1,1.25e-05
271159,1,1.25e-05
736064,1,1.25e-05
327948,1,1.25e-05
820191,1,1.25e-05
208634,1,1.25e-05
160110,1,1.25e-05
140704,1,1.25e-05
458010,1,1.25e-05
150801,1,1.25e-05
160934,1,1.25e-05
388712,1,1.25e-05
426600,1,1.25e-05
850804,1,1.25e-05
988896,1,1.25e-05
238435,1,1.25e-05
503943,1,1.25e-05
240175,1,1.25e-05
271122,1,1.25e-05
334499,1,1.25e-05
271137,1,1.25e-05
271083,1,1.25e-05
140605,1,1.25e-05
188463,1,1.25e-05
288615,1,1.25e-05
210839,1,1.25e-05
459224,1,1.25e-05
181011,1,1.25e-05
784250,1,1.25e-05
943713,1,1.25e-05
811790,1,1.25e-05
231298,1,1.25e-05
010675,1,1.25e-05
171052,1,1.25e-05
460094,1,1.25e-05
866222,1,1.25e-05
523945,1,1.25e-05
404510,1,1.25e-05
050789,1,1.25e-05
347462,1,1.25e-05
332446,1,1.25e-05
942577,1,1.25e-05
161263,1,1.25e-05
070748,1,1.25e-05
091096,1,1.25e-05
715818,1,1.25e-05
420564,1,1.25e-05
841604,1,1.25e-05
448120,1,1.25e-05
040159,1,1.25e-05
693634,1,1.25e-05
458920,1,1.25e-05
070360,1,1.25e-05
171015,1,1.25e-05
270561,1,1.25e-05
314205,1,1.25e-05
251040,1,1.25e-05
100824,1,1.25e-05
260164,1,1.25e-05
749756,1,1.25e-05
677330,1,1.25e-05
016412,1,1.25e-05
120430,1,1.25e-05
221164,1,1.25e-05
130790,1,1.25e-05
189670,1,1.25e-05
140696,1,1.25e-05
280524,1,1.25e-05
003678,1,1.25e-05
601560,1,1.25e-05
010425,1,1.25e-05
130281,1,1.25e-05
378071,1,1.25e-05
564819,1,1.25e-05
090368,1,1.25e-05
015347,1,1.25e-05
993159,1,1.25e-05
120235,1,1.25e-05
231674,1,1.25e-05
784975,1,1.25e-05
560934,1,1.25e-05
040680,1,1.25e-05
130814,1,1.25e-05
180870,1,1.25e-05
266342,1,1.25e-05
120927,1,1.25e-05
688722,1,1.25e-05
030840,1,1.25e-05
630550,1,1.25e-05
212375,1,1.25e-05
434256,1,1.25e-05
106759,1,1.25e-05
080714,1,1.25e-05
739960,1,1.25e-05
151094,1,1.25e-05
623407,1,1.25e-05
870111,1,1.25e-05
080859,1,1.25e-05
280558,1,1.25e-05
090134,1,1.25e-05
349527,1,1.25e-05
462464,1,1.25e-05
220761,1,1.25e-05
086154,1,1.25e-05
595445,1,1.25e-05
254500,1,1.25e-05
622964,1,1.25e-05
205161,1,1.25e-05
280341,1,1.25e-05
250666,1,1.25e-05
622714,1,1.25e-05
035991,1,1.25e-05
260835,1,1.25e-05
200548,1,1.25e-05
030794,1,1.25e-05
362776,1,1.25e-05
061103,1,1.25e-05
831271,1,1.25e-05
100819,1,1.25e-05
120537,1,1.25e-05
008447,1,1.25e-05
110253,1,1.25e-05
261008,1,1.25e-05
250678,1,1.25e-05
158156,1,1.25e-05
971926,1,1.25e-05
220827,1,1.25e-05
021283,1,1.25e-05
270665,1,1.25e-05
916458,1,1.25e-05
934477,1,1.25e-05
112438,1,1.25e-05
090430,1,1.25e-05
879328,1,1.25e-05
147555,1,1.25e-05
973550,1,1.25e-05
060298,1,1.25e-05
270121,1,1.25e-05
060504,1,1.25e-05
100889,1,1.25e-05
030631,1,1.25e-05
280695,1,1.25e-05
070407,1,1.25e-05
010332,1,1.25e-05
190641,1,1.25e-05
463912,1,1.25e-05
261241,1,1.25e-05
201284,1,1.25e-05
260188,1,1.25e-05
181079,1,1.25e-05
363238,1,1.25e-05
140636,1,1.25e-05
189891,1,1.25e-05
060800,1,1.25e-05
151139,1,1.25e-05
111402,1,1.25e-05
220168,1,1.25e-05
090947,1,1.25e-05
581537,1,1.25e-05
474023,1,1.25e-05
239200,1,1.25e-05
190181,1,1.25e-05
160954,1,1.25e-05
140568,1,1.25e-05
772231,1,1.25e-05
775793,1,1.25e-05
080676,1,1.25e-05
867839,1,1.25e-05
249679,1,1.25e-05
130110,1,1.25e-05
180902,1,1.25e-05
601018,1,1.25e-05
053453,1,1.25e-05
076119,1,1.25e-05
220635,1,1.25e-05
807263,1,1.25e-05
822216,1,1.25e-05
461396,1,1.25e-05
766469,1,1.25e-05
060283,1,1.25e-05
828383,1,1.25e-05
210739,1,1.25e-05
330308,1,1.25e-05
160394,1,1.25e-05
161155,1,1.25e-05
220591,1,1.25e-05
083863,1,1.25e-05
200603,1,1.25e-05
120545,1,1.25e-05
002528,1,1.25e-05
381735,1,1.25e-05
190671,1,1.25e-05
051293,1,1.25e-05
190398,1,1.25e-05
201299,1,1.25e-05
715528,1,1.25e-05
070755,1,1.25e-05
240870,1,1.25e-05
250107,1,1.25e-05
261060,1,1.25e-05
853812,1,1.25e-05
906429,1,1.25e-05
104053,1,1.25e-05
170348,1,1.25e-05
679473,1,1.25e-05
494072,1,1.25e-05
150738,1,1.25e-05
160398,1,1.25e-05
030457,1,1.25e-05
951695,1,1.25e-05
240130,1,1.25e-05
261121,1,1.25e-05
131012,1,1.25e-05
240494,1,1.25e-05
171201,1,1.25e-05
061084,1,1.25e-05
473909,1,1.25e-05
655538,1,1.25e-05
069327,1,1.25e-05
100145,1,1.25e-05
514527,1,1.25e-05
895969,1,1.25e-05
240026,1,1.25e-05
591061,1,1.25e-05
116368,1,1.25e-05
240871,1,1.25e-05
558063,1,1.25e-05
271279,1,1.25e-05
012504,1,1.25e-05
041045,1,1.25e-05
121084,1,1.25e-05
691694,1,1.25e-05
436189,1,1.25e-05
191228,1,1.25e-05
861807,1,1.25e-05
667359,1,1.25e-05
008276,1,1.25e-05
778498,1,1.25e-05
920831,1,1.25e-05
492446,1,1.25e-05
332503,1,1.25e-05
250586,1,1.25e-05
665451,1,1.25e-05
261030,1,1.25e-05
220972,1,1.25e-05
040155,1,1.25e-05
943494,1,1.25e-05
240649,1,1.25e-05
011090,1,1.25e-05
918106,1,1.25e-05
260387,1,1.25e-05
080972,1,1.25e-05
090603,1,1.25e-05
040739,1,1.25e-05
080138,1,1.25e-05
117902,1,1.25e-05
080379,1,1.25e-05
200319,1,1.25e-05
907258,1,1.25e-05
128119,1,1.25e-05
941525,1,1.25e-05
150925,1,1.25e-05
117666,1,1.25e-05
161201,1,1.25e-05
999748,1,1.25e-05
111286,1,1.25e-05
063311,1,1.25e-05
101201,1,1.25e-05
403749,1,1.25e-05
040690,1,1.25e-05
300150,1,1.25e-05
210652,1,1.25e-05
199613,1,1.25e-05
950712,1,1.25e-05
047547,1,1.25e-05
180373,1,1.25e-05
130985,1,1.25e-05
052756,1,1.25e-05
892163,1,1.25e-05
040873,1,1.25e-05
020728,1,1.25e-05
246978,1,1.25e-05
041298,1,1.25e-05
096393,1,1.25e-05
202586,1,1.25e-05
774142,1,1.25e-05
260499,1,1.25e-05
251134,1,1.25e-05
080673,1,1.25e-05
595375,1,1.25e-05
040121,1,1.25e-05
547816,1,1.25e-05
198230,1,1.25e-05
090342,1,1.25e-05
298074,1,1.25e-05
185182,1,1.25e-05
010830,1,1.25e-05
015997,1,1.25e-05
020802,1,1.25e-05
240501,1,1.25e-05
943133,1,1.25e-05
280364,1,1.25e-05
080724,1,1.25e-05
090401,1,1.25e-05
009041,1,1.25e-05
559886,1,1.25e-05
557276,1,1.25e-05
100730,1,1.25e-05
010463,1,1.25e-05
281030,1,1.25e-05
190121,1,1.25e-05
378569,1,1.25e-05
050437,1,1.25e-05
294863,1,1.25e-05
497857,1,1.25e-05
110828,1,1.25e-05
151108,1,1.25e-05
675318,1,1.25e-05
140232,1,1.25e-05
791496,1,1.25e-05
131286,1,1.25e-05
150763,1,1.25e-05
421555,1,1.25e-05
074078,1,1.25e-05
552787,1,1.25e-05
280114,1,1.25e-05
498558,1,1.25e-05
779925,1,1.25e-05
240516,1,1.25e-05
960040,1,1.25e-05
989316,1,1.25e-05
170238,1,1.25e-05
020660,1,1.25e-05
181282,1,1.25e-05
447028,1,1.25e-05
581718,1,1.25e-05
111544,1,1.25e-05
140447,1,1.25e-05
224776,1,1.25e-05
190660,1,1.25e-05
210466,1,1.25e-05
200187,1,1.25e-05
100523,1,1.25e-05
181027,1,1.25e-05
308850,1,1.25e-05
010464,1,1.25e-05
768178,1,1.25e-05
579115,1,1.25e-05
269161,1,1.25e-05
425124,1,1.25e-05
671741,1,1.25e-05
859959,1,1.25e-05
514836,1,1.25e-05
423184,1,1.25e-05
130242,1,1.25e-05
140634,1,1.25e-05
130709,1,1.25e-05
090575,1,1.25e-05
230526,1,1.25e-05
632456,1,1.25e-05
201032,1,1.25e-05
160804,1,1.25e-05
260329,1,1.25e-05
722760,1,1.25e-05
683016,1,1.25e-05
139072,1,1.25e-05
130627,1,1.25e-05
802666,1,1.25e-05
333609,1,1.25e-05
956370,1,1.25e-05
151219,1,1.25e-05
258314,1,1.25e-05
090242,1,1.25e-05
500526,1,1.25e-05
219552,1,1.25e-05
564128,1,1.25e-05
115230,1,1.25e-05
148930,1,1.25e-05
160436,1,1.25e-05
261138,1,1.25e-05
042220,1,1.25e-05
180931,1,1.25e-05
758980,1,1.25e-05
890746,1,1.25e-05
030374,1,1.25e-05
940230,1,1.25e-05
385961,1,1.25e-05
412032,1,1.25e-05
844139,1,1.25e-05
217881,1,1.25e-05
070486,1,1.25e-05
995129,1,1.25e-05
050381,1,1.25e-05
020807,1,1.25e-05
562013,1,1.25e-05
184380,1,1.25e-05
090542,1,1.25e-05
251226,1,1.25e-05
190292,1,1.25e-05
815096,1,1.25e-05
261268,1,1.25e-05
160198,1,1.25e-05
070408,1,1.25e-05
151068,1,1.25e-05
171097,1,1.25e-05
281053,1,1.25e-05
101381,1,1.25e-05
774734,1,1.25e-05
488885,1,1.25e-05
158016,1,1.25e-05
257463,1,1.25e-05
181107,1,1.25e-05
040492,1,1.25e-05
240526,1,1.25e-05
080239,1,1.25e-05
191168,1,1.25e-05
110695,1,1.25e-05
224458,1,1.25e-05
503315,1,1.25e-05
020695,1,1.25e-05
446942,1,1.25e-05
453565,1,1.25e-05
111091,1,1.25e-05
171158,1,1.25e-05
140795,1,1.25e-05
083560,1,1.25e-05
101090,1,1.25e-05
793038,1,1.25e-05
289028,1,1.25e-05
070534,1,1.25e-05
247075,1,1.25e-05
275771,1,1.25e-05
087556,1,1.25e-05
040274,1,1.25e-05
493369,1,1.25e-05
435367,1,1.25e-05
248988,1,1.25e-05
211257,1,1.25e-05
150641,1,1.25e-05
731805,1,1.25e-05
835047,1,1.25e-05
150670,1,1.25e-05
071263,1,1.25e-05
088918,1,1.25e-05
020720,1,1.25e-05
210388,1,1.25e-05
210676,1,1.25e-05
072133,1,1.25e-05
040422,1,1.25e-05
190746,1,1.25e-05
130665,1,1.25e-05
150608,1,1.25e-05
251115,1,1.25e-05
160715,1,1.25e-05
302646,1,1.25e-05
985273,1,1.25e-05
270556,1,1.25e-05
590705,1,1.25e-05
029408,1,1.25e-05
160826,1,1.25e-05
432202,1,1.25e-05
280207,1,1.25e-05
110852,1,1.25e-05
121101,1,1.25e-05
529413,1,1.25e-05
076578,1,1.25e-05
905739,1,1.25e-05
280506,1,1.25e-05
150903,1,1.25e-05
017771,1,1.25e-05
735246,1,1.25e-05
251038,1,1.25e-05
976597,1,1.25e-05
398023,1,1.25e-05
696050,1,1.25e-05
346053,1,1.25e-05
128677,1,1.25e-05
284758,1,1.25e-05
849770,1,1.25e-05
050967,1,1.25e-05
950551,1,1.25e-05
744751,1,1.25e-05
034294,1,1.25e-05
846916,1,1.25e-05
366326,1,1.25e-05
605557,1,1.25e-05
190923,1,1.25e-05
946566,1,1.25e-05
030170,1,1.25e-05
201045,1,1.25e-05
877133,1,1.25e-05
807150,1,1.25e-05
170653,1,1.25e-05
140453,1,1.25e-05
673980,1,1.25e-05
210365,1,1.25e-05
206155,1,1.25e-05
470451,1,1.25e-05
270104,1,1.25e-05
130215,1,1.25e-05
758313,1,1.25e-05
140239,1,1.25e-05
389345,1,1.25e-05
240965,1,1.25e-05
010951,1,1.25e-05
677998,1,1.25e-05
010717,1,1.25e-05
060643,1,1.25e-05
201288,1,1.25e-05
111041,1,1.25e-05
177615,1,1.25e-05
170846,1,1.25e-05
316537,1,1.25e-05
110405,1,1.25e-05
171259,1,1.25e-05
229675,1,1.25e-05
965378,1,1.25e-05
824955,1,1.25e-05
412442,1,1.25e-05
010925,1,1.25e-05
250992,1,1.25e-05
151064,1,1.25e-05
170626,1,1.25e-05
520396,1,1.25e-05
214870,1,1.25e-05
250939,1,1.25e-05
256419,1,1.25e-05
030602,1,1.25e-05
178088,1,1.25e-05
796250,1,1.25e-05
943627,1,1.25e-05
995610,1,1.25e-05
290713,1,1.25e-05
160621,1,1.25e-05
250621,1,1.25e-05
020436,1,1.25e-05
706433,1,1.25e-05
051091,1,1.25e-05
112487,1,1.25e-05
870040,1,1.25e-05
080202,1,1.25e-05
220511,1,1.25e-05
579322,1,1.25e-05
800808,1,1.25e-05
121002,1,1.25e-05
160915,1,1.25e-05
926428,1,1.25e-05
533546,1,1.25e-05
060931,1,1.25e-05
479904,1,1.25e-05
239032,1,1.25e-05
767676,1,1.25e-05
282267,1,1.25e-05
626467,1,1.25e-05
170473,1,1.25e-05
961244,1,1.25e-05
150400,1,1.25e-05
100853,1,1.25e-05
251121,1,1.25e-05
050839,1,1.25e-05
060538,1,1.25e-05
050128,1,1.25e-05
020308,1,1.25e-05
020126,1,1.25e-05
010445,1,1.25e-05
180277,1,1.25e-05
090232,1,1.25e-05
947762,1,1.25e-05
010324,1,1.25e-05
121171,1,1.25e-05
120260,1,1.25e-05
712516,1,1.25e-05
051294,1,1.25e-05
260878,1,1.25e-05
859644,1,1.25e-05
090494,1,1.25e-05
261245,1,1.25e-05
071223,1,1.25e-05
751641,1,1.25e-05
100219,1,1.25e-05
041201,1,1.25e-05
100326,1,1.25e-05
201136,1,1.25e-05
089344,1,1.25e-05
501855,1,1.25e-05
244026,1,1.25e-05
140229,1,1.25e-05
231216,1,1.25e-05
428951,1,1.25e-05
010376,1,1.25e-05
220519,1,1.25e-05
637979,1,1.25e-05
005514,1,1.25e-05
945005,1,1.25e-05
863353,1,1.25e-05
040135,1,1.25e-05
050439,1,1.25e-05
261237,1,1.25e-05
120242,1,1.25e-05
221021,1,1.25e-05
635066,1,1.25e-05
549353,1,1.25e-05
270260,1,1.25e-05
270882,1,1.25e-05
355436,1,1.25e-05
142737,1,1.25e-05
220330,1,1.25e-05
366073,1,1.25e-05
910871,1,1.25e-05
317180,1,1.25e-05
482559,1,1.25e-05
558157,1,1.25e-05
120308,1,1.25e-05
430731,1,1.25e-05
130658,1,1.25e-05
140656,1,1.25e-05
395155,1,1.25e-05
271039,1,1.25e-05
041143,1,1.25e-05
210682,1,1.25e-05
193010,1,1.25e-05
140913,1,1.25e-05
010762,1,1.25e-05
502028,1,1.25e-05
020461,1,1.25e-05
558465,1,1.25e-05
091072,1,1.25e-05
020337,1,1.25e-05
087404,1,1.25e-05
330082,1,1.25e-05
367070,1,1.25e-05
941204,1,1.25e-05
220105,1,1.25e-05
918685,1,1.25e-05
110214,1,1.25e-05
206817,1,1.25e-05
144476,1,1.25e-05
457626,1,1.25e-05
280322,1,1.25e-05
448757,1,1.25e-05
376986,1,1.25e-05
280462,1,1.25e-05
035650,1,1.25e-05
063058,1,1.25e-05
090525,1,1.25e-05
215029,1,1.25e-05
041278,1,1.25e-05
210533,1,1.25e-05
180983,1,1.25e-05
662141,1,1.25e-05
220368,1,1.25e-05
230948,1,1.25e-05
010667,1,1.25e-05
170457,1,1.25e-05
050374,1,1.25e-05
130392,1,1.25e-05
140320,1,1.25e-05
599097,1,1.25e-05
230588,1,1.25e-05
260939,1,1.25e-05
180663,1,1.25e-05
824989,1,1.25e-05
827311,1,1.25e-05
110895,1,1.25e-05
181189,1,1.25e-05
040846,1,1.25e-05
491754,1,1.25e-05
378776,1,1.25e-05
269845,1,1.25e-05
910643,1,1.25e-05
010846,1,1.25e-05
270711,1,1.25e-05
140110,1,1.25e-05
773406,1,1.25e-05
220759,1,1.25e-05
211085,1,1.25e-05
978623,1,1.25e-05
299936,1,1.25e-05
120202,1,1.25e-05
777692,1,1.25e-05
833164,1,1.25e-05
609865,1,1.25e-05
430773,1,1.25e-05
054989,1,1.25e-05
508967,1,1.25e-05
282673,1,1.25e-05
150911,1,1.25e-05
240585,1,1.25e-05
117623,1,1.25e-05
100875,1,1.25e-05
090128,1,1.25e-05
171089,1,1.25e-05
715188,1,1.25e-05
140246,1,1.25e-05
260429,1,1.25e-05
120334,1,1.25e-05
580628,1,1.25e-05
201013,1,1.25e-05
272266,1,1.25e-05
160117,1,1.25e-05
090113,1,1.25e-05
437036,1,1.25e-05
020703,1,1.25e-05
051238,1,1.25e-05
080333,1,1.25e-05
254796,1,1.25e-05
984846,1,1.25e-05
040914,1,1.25e-05
323441,1,1.25e-05
140770,1,1.25e-05
050943,1,1.25e-05
816406,1,1.25e-05
180378,1,1.25e-05
250722,1,1.25e-05
180872,1,1.25e-05
140594,1,1.25e-05
090101,1,1.25e-05
060904,1,1.25e-05
461212,1,1.25e-05
270797,1,1.25e-05
141242,1,1.25e-05
100640,1,1.25e-05
140801,1,1.25e-05
012766,1,1.25e-05
180596,1,1.25e-05
887812,1,1.25e-05
040471,1,1.25e-05
280665,1,1.25e-05
170660,1,1.25e-05
784714,1,1.25e-05
708972,1,1.25e-05
126988,1,1.25e-05
061258,1,1.25e-05
027775,1,1.25e-05
506068,1,1.25e-05
942404,1,1.25e-05
218811,1,1.25e-05
577360,1,1.25e-05
585142,1,1.25e-05
240246,1,1.25e-05
227703,1,1.25e-05
280243,1,1.25e-05
938088,1,1.25e-05
382262,1,1.25e-05
190966,1,1.25e-05
111172,1,1.25e-05
688578,1,1.25e-05
093064,1,1.25e-05
661870,1,1.25e-05
260296,1,1.25e-05
779885,1,1.25e-05
265400,1,1.25e-05
040763,1,1.25e-05
950237,1,1.25e-05
749443,1,1.25e-05
011133,1,1.25e-05
210355,1,1.25e-05
989696,1,1.25e-05
058052,1,1.25e-05
309510,1,1.25e-05
010902,1,1.25e-05
465965,1,1.25e-05
060458,1,1.25e-05
088440,1,1.25e-05
555641,1,1.25e-05
336480,1,1.25e-05
090355,1,1.25e-05
581526,1,1.25e-05
693528,1,1.25e-05
070193,1,1.25e-05
664895,1,1.25e-05
288932,1,1.25e-05
303515,1,1.25e-05
302735,1,1.25e-05
270724,1,1.25e-05
230712,1,1.25e-05
015999,1,1.25e-05
180511,1,1.25e-05
049199,1,1.25e-05
120403,1,1.25e-05
864422,1,1.25e-05
010901,1,1.25e-05
960229,1,1.25e-05
120784,1,1.25e-05
230209,1,1.25e-05
250221,1,1.25e-05
031218,1,1.25e-05
210323,1,1.25e-05
546910,1,1.25e-05
190763,1,1.25e-05
230849,1,1.25e-05
352619,1,1.25e-05
250772,1,1.25e-05
240511,1,1.25e-05
081210,1,1.25e-05
380816,1,1.25e-05
736974,1,1.25e-05
135494,1,1.25e-05
747121,1,1.25e-05
190992,1,1.25e-05
091189,1,1.25e-05
230385,1,1.25e-05
206451,1,1.25e-05
150230,1,1.25e-05
183021,1,1.25e-05
170729,1,1.25e-05
050406,1,1.25e-05
102055,1,1.25e-05
847995,1,1.25e-05
171247,1,1.25e-05
328340,1,1.25e-05
243410,1,1.25e-05
574683,1,1.25e-05
481228,1,1.25e-05
529873,1,1.25e-05
136944,1,1.25e-05
858933,1,1.25e-05
281056,1,1.25e-05
050909,1,1.25e-05
030789,1,1.25e-05
100270,1,1.25e-05
441265,1,1.25e-05
375726,1,1.25e-05
050145,1,1.25e-05
162139,1,1.25e-05
820031,1,1.25e-05
037376,1,1.25e-05
240886,1,1.25e-05
822285,1,1.25e-05
230143,1,1.25e-05
100746,1,1.25e-05
148348,1,1.25e-05
060117,1,1.25e-05
190422,1,1.25e-05
935054,1,1.25e-05
150617,1,1.25e-05
909004,1,1.25e-05
640489,1,1.25e-05
080133,1,1.25e-05
984343,1,1.25e-05
446565,1,1.25e-05
639053,1,1.25e-05
871481,1,1.25e-05
911435,1,1.25e-05
204232,1,1.25e-05
210789,1,1.25e-05
120634,1,1.25e-05
287105,1,1.25e-05
040392,1,1.25e-05
422428,1,1.25e-05
148508,1,1.25e-05
090865,1,1.25e-05
010582,1,1.25e-05
010543,1,1.25e-05
205102,1,1.25e-05
469622,1,1.25e-05
190366,1,1.25e-05
212652,1,1.25e-05
060981,1,1.25e-05
141070,1,1.25e-05
080929,1,1.25e-05
496171,1,1.25e-05
659459,1,1.25e-05
050260,1,1.25e-05
081239,1,1.25e-05
180179,1,1.25e-05
040599,1,1.25e-05
219355,1,1.25e-05
583166,1,1.25e-05
317101,1,1.25e-05
175002,1,1.25e-05
211130,1,1.25e-05
150201,1,1.25e-05
993499,1,1.25e-05
506411,1,1.25e-05
235388,1,1.25e-05
486310,1,1.25e-05
364824,1,1.25e-05
136823,1,1.25e-05
197106,1,1.25e-05
486105,1,1.25e-05
560237,1,1.25e-05
257309,1,1.25e-05
600113,1,1.25e-05
395202,1,1.25e-05
010834,1,1.25e-05
120895,1,1.25e-05
321468,1,1.25e-05
717663,1,1.25e-05
175748,1,1.25e-05
220508,1,1.25e-05
151053,1,1.25e-05
340808,1,1.25e-05
994040,1,1.25e-05
060284,1,1.25e-05
883360,1,1.25e-05
878347,1,1.25e-05
376674,1,1.25e-05
930726,1,1.25e-05
166458,1,1.25e-05
370431,1,1.25e-05
100468,1,1.25e-05
736925,1,1.25e-05
190261,1,1.25e-05
325905,1,1.25e-05
602433,1,1.25e-05
020962,1,1.25e-05
084427,1,1.25e-05
090164,1,1.25e-05
639907,1,1.25e-05
160667,1,1.25e-05
070355,1,1.25e-05
191055,1,1.25e-05
210993,1,1.25e-05
507165,1,1.25e-05
140851,1,1.25e-05
220396,1,1.25e-05
270216,1,1.25e-05
150327,1,1.25e-05
599654,1,1.25e-05
781488,1,1.25e-05
091591,1,1.25e-05
281171,1,1.25e-05
101725,1,1.25e-05
903281,1,1.25e-05
358328,1,1.25e-05
090713,1,1.25e-05
381272,1,1.25e-05
140733,1,1.25e-05
090918,1,1.25e-05
216047,1,1.25e-05
251168,1,1.25e-05
736717,1,1.25e-05
711160,1,1.25e-05
101225,1,1.25e-05
391956,1,1.25e-05
120495,1,1.25e-05
200798,1,1.25e-05
280709,1,1.25e-05
217150,1,1.25e-05
010618,1,1.25e-05
829564,1,1.25e-05
041111,1,1.25e-05
255481,1,1.25e-05
151194,1,1.25e-05
634864,1,1.25e-05
130441,1,1.25e-05
104336,1,1.25e-05
210829,1,1.25e-05
939952,1,1.25e-05
458428,1,1.25e-05
050851,1,1.25e-05
779784,1,1.25e-05
319526,1,1.25e-05
010636,1,1.25e-05
120925,1,1.25e-05
553803,1,1.25e-05
357122,1,1.25e-05
225397,1,1.25e-05
061178,1,1.25e-05
200970,1,1.25e-05
005904,1,1.25e-05
278500,1,1.25e-05
020865,1,1.25e-05
239909,1,1.25e-05
370808,1,1.25e-05
037743,1,1.25e-05
090657,1,1.25e-05
609945,1,1.25e-05
908530,1,1.25e-05
160391,1,1.25e-05
241218,1,1.25e-05
061160,1,1.25e-05
091030,1,1.25e-05
378960,1,1.25e-05
030774,1,1.25e-05
854280,1,1.25e-05
873322,1,1.25e-05
241295,1,1.25e-05
021120,1,1.25e-05
091149,1,1.25e-05
627916,1,1.25e-05
261201,1,1.25e-05
110890,1,1.25e-05
080836,1,1.25e-05
210819,1,1.25e-05
322564,1,1.25e-05
150531,1,1.25e-05
030642,1,1.25e-05
041094,1,1.25e-05
151125,1,1.25e-05
060462,1,1.25e-05
020163,1,1.25e-05
010601,1,1.25e-05
009395,1,1.25e-05
713320,1,1.25e-05
487853,1,1.25e-05
868490,1,1.25e-05
524433,1,1.25e-05
061165,1,1.25e-05
446985,1,1.25e-05
465330,1,1.25e-05
200280,1,1.25e-05
896522,1,1.25e-05
686668,1,1.25e-05
711774,1,1.25e-05
514677,1,1.25e-05
739851,1,1.25e-05
150182,1,1.25e-05
240406,1,1.25e-05
160474,1,1.25e-05
050778,1,1.25e-05
280897,1,1.25e-05
040553,1,1.25e-05
214211,1,1.25e-05
569552,1,1.25e-05
100850,1,1.25e-05
180662,1,1.25e-05
696242,1,1.25e-05
870137,1,1.25e-05
258715,1,1.25e-05
215282,1,1.25e-05
125916,1,1.25e-05
959635,1,1.25e-05
030283,1,1.25e-05
655344,1,1.25e-05
251034,1,1.25e-05
324830,1,1.25e-05
227199,1,1.25e-05
153357,1,1.25e-05
170952,1,1.25e-05
030628,1,1.25e-05
678523,1,1.25e-05
952694,1,1.25e-05
190367,1,1.25e-05
040983,1,1.25e-05
060151,1,1.25e-05
426021,1,1.25e-05
220921,1,1.25e-05
180975,1,1.25e-05
325286,1,1.25e-05
799061,1,1.25e-05
735861,1,1.25e-05
974317,1,1.25e-05
581793,1,1.25e-05
868563,1,1.25e-05
050177,1,1.25e-05
850038,1,1.25e-05
270262,1,1.25e-05
150311,1,1.25e-05
457509,1,1.25e-05
153069,1,1.25e-05
642575,1,1.25e-05
140651,1,1.25e-05
615074,1,1.25e-05
051229,1,1.25e-05
030145,1,1.25e-05
110484,1,1.25e-05
090689,1,1.25e-05
130835,1,1.25e-05
190481,1,1.25e-05
211283,1,1.25e-05
182242,1,1.25e-05
986953,1,1.25e-05
180439,1,1.25e-05
060456,1,1.25e-05
142519,1,1.25e-05
069611,1,1.25e-05
020684,1,1.25e-05
090133,1,1.25e-05
498045,1,1.25e-05
260407,1,1.25e-05
110964,1,1.25e-05
100628,1,1.25e-05
021202,1,1.25e-05
332838,1,1.25e-05
010122,1,1.25e-05
277055,1,1.25e-05
270193,1,1.25e-05
324008,1,1.25e-05
170337,1,1.25e-05
070437,1,1.25e-05
030455,1,1.25e-05
050759,1,1.25e-05
180258,1,1.25e-05
160976,1,1.25e-05
180536,1,1.25e-05
050462,1,1.25e-05
240443,1,1.25e-05
193927,1,1.25e-05
353710,1,1.25e-05
021083,1,1.25e-05
051170,1,1.25e-05
270322,1,1.25e-05
100237,1,1.25e-05
865730,1,1.25e-05
090610,1,1.25e-05
645617,1,1.25e-05
080176,1,1.25e-05
030826,1,1.25e-05
090586,1,1.25e-05
271237,1,1.25e-05
353875,1,1.25e-05
031257,1,1.25e-05
120555,1,1.25e-05
160948,1,1.25e-05
221052,1,1.25e-05
142545,1,1.25e-05
044968,1,1.25e-05
070850,1,1.25e-05
647614,1,1.25e-05
061206,1,1.25e-05
101060,1,1.25e-05
100781,1,1.25e-05
220558,1,1.25e-05
181048,1,1.25e-05
391498,1,1.25e-05
697678,1,1.25e-05
232726,1,1.25e-05
070780,1,1.25e-05
220292,1,1.25e-05
280981,1,1.25e-05
256195,1,1.25e-05
010160,1,1.25e-05
977124,1,1.25e-05
363475,1,1.25e-05
658567,1,1.25e-05
731157,1,1.25e-05
220287,1,1.25e-05
998604,1,1.25e-05
553584,1,1.25e-05
473705,1,1.25e-05
180124,1,1.25e-05
971069,1,1.25e-05
396736,1,1.25e-05
463006,1,1.25e-05
221129,1,1.25e-05
090698,1,1.25e-05
180753,1,1.25e-05
220746,1,1.25e-05
527624,1,1.25e-05
120602,1,1.25e-05
022014,1,1.25e-05
782577,1,1.25e-05
115302,1,1.25e-05
273339,1,1.25e-05
795925,1,1.25e-05
277742,1,1.25e-05
130479,1,1.25e-05
051242,1,1.25e-05
060946,1,1.25e-05
041250,1,1.25e-05
101284,1,1.25e-05
768664,1,1.25e-05
373654,1,1.25e-05
300347,1,1.25e-05
100474,1,1.25e-05
660043,1,1.25e-05
060990,1,1.25e-05
914113,1,1.25e-05
130246,1,1.25e-05
250359,1,1.25e-05
911363,1,1.25e-05
109942,1,1.25e-05
609307,1,1.25e-05
080601,1,1.25e-05
130147,1,1.25e-05
531697,1,1.25e-05
101246,1,1.25e-05
240543,1,1.25e-05
614404,1,1.25e-05
446929,1,1.25e-05
250999,1,1.25e-05
181018,1,1.25e-05
386314,1,1.25e-05
090233,1,1.25e-05
270277,1,1.25e-05
270596,1,1.25e-05
614348,1,1.25e-05
636434,1,1.25e-05
980098,1,1.25e-05
409016,1,1.25e-05
158014,1,1.25e-05
260370,1,1.25e-05
230821,1,1.25e-05
120272,1,1.25e-05
859262,1,1.25e-05
070723,1,1.25e-05
505982,1,1.25e-05
570145,1,1.25e-05
121016,1,1.25e-05
280351,1,1.25e-05
024388,1,1.25e-05
140204,1,1.25e-05
121255,1,1.25e-05
780792,1,1.25e-05
190493,1,1.25e-05
892344,1,1.25e-05
551866,1,1.25e-05
719701,1,1.25e-05
552762,1,1.25e-05
250144,1,1.25e-05
201235,1,1.25e-05
060455,1,1.25e-05
080115,1,1.25e-05
240615,1,1.25e-05
925419,1,1.25e-05
927513,1,1.25e-05
389604,1,1.25e-05
519008,1,1.25e-05
090157,1,1.25e-05
712541,1,1.25e-05
190705,1,1.25e-05
110611,1,1.25e-05
270958,1,1.25e-05
513632,1,1.25e-05
241097,1,1.25e-05
131294,1,1.25e-05
120653,1,1.25e-05
279669,1,1.25e-05
270128,1,1.25e-05
729371,1,1.25e-05
020304,1,1.25e-05
827984,1,1.25e-05
160842,1,1.25e-05
937081,1,1.25e-05
487191,1,1.25e-05
260675,1,1.25e-05
861534,1,1.25e-05
739050,1,1.25e-05
841892,1,1.25e-05
941653,1,1.25e-05
200622,1,1.25e-05
972712,1,1.25e-05
178448,1,1.25e-05
180197,1,1.25e-05
902045,1,1.25e-05
865517,1,1.25e-05
200824,1,1.25e-05
090263,1,1.25e-05
021063,1,1.25e-05
060486,1,1.25e-05
313927,1,1.25e-05
200857,1,1.25e-05
754891,1,1.25e-05
170777,1,1.25e-05
030926,1,1.25e-05
576698,1,1.25e-05
481744,1,1.25e-05
060829,1,1.25e-05
462953,1,1.25e-05
618113,1,1.25e-05
243734,1,1.25e-05
928105,1,1.25e-05
050518,1,1.25e-05
863330,1,1.25e-05
212127,1,1.25e-05
221108,1,1.25e-05
160270,1,1.25e-05
243944,1,1.25e-05
121005,1,1.25e-05
028112,1,1.25e-05
968804,1,1.25e-05
119760,1,1.25e-05
319029,1,1.25e-05
340134,1,1.25e-05
675083,1,1.25e-05
101102,1,1.25e-05
926179,1,1.25e-05
403211,1,1.25e-05
110957,1,1.25e-05
727473,1,1.25e-05
071276,1,1.25e-05
040927,1,1.25e-05
313575,1,1.25e-05
933284,1,1.25e-05
326959,1,1.25e-05
160420,1,1.25e-05
182255,1,1.25e-05
080407,1,1.25e-05
210939,1,1.25e-05
280371,1,1.25e-05
912169,1,1.25e-05
150332,1,1.25e-05
410598,1,1.25e-05
410268,1,1.25e-05
671959,1,1.25e-05
141124,1,1.25e-05
050208,1,1.25e-05
020159,1,1.25e-05
230737,1,1.25e-05
408230,1,1.25e-05
040328,1,1.25e-05
270392,1,1.25e-05
121103,1,1.25e-05
338031,1,1.25e-05
902989,1,1.25e-05
020639,1,1.25e-05
151297,1,1.25e-05
020576,1,1.25e-05
210163,1,1.25e-05
023566,1,1.25e-05
150300,1,1.25e-05
508242,1,1.25e-05
273480,1,1.25e-05
568837,1,1.25e-05
227357,1,1.25e-05
241222,1,1.25e-05
587034,1,1.25e-05
474269,1,1.25e-05
458848,1,1.25e-05
090694,1,1.25e-05
260707,1,1.25e-05
581413,1,1.25e-05
230607,1,1.25e-05
260952,1,1.25e-05
201286,1,1.25e-05
076054,1,1.25e-05
212419,1,1.25e-05
028846,1,1.25e-05
210229,1,1.25e-05
170656,1,1.25e-05
230943,1,1.25e-05
200389,1,1.25e-05
121039,1,1.25e-05
041192,1,1.25e-05
130213,1,1.25e-05
791214,1,1.25e-05
270707,1,1.25e-05
210353,1,1.25e-05
535531,1,1.25e-05
281153,1,1.25e-05
071231,1,1.25e-05
209776,1,1.25e-05
105231,1,1.25e-05
911985,1,1.25e-05
010092,1,1.25e-05
050175,1,1.25e-05
078918,1,1.25e-05
070288,1,1.25e-05
650223,1,1.25e-05
524728,1,1.25e-05
160919,1,1.25e-05
040519,1,1.25e-05
053830,1,1.25e-05
071204,1,1.25e-05
060596,1,1.25e-05
051127,1,1.25e-05
133892,1,1.25e-05
981950,1,1.25e-05
280729,1,1.25e-05
170585,1,1.25e-05
141079,1,1.25e-05
240979,1,1.25e-05
080897,1,1.25e-05
200705,1,1.25e-05
140755,1,1.25e-05
922483,1,1.25e-05
719642,1,1.25e-05
201005,1,1.25e-05
280442,1,1.25e-05
345137,1,1.25e-05
291473,1,1.25e-05
240911,1,1.25e-05
436219,1,1.25e-05
040675,1,1.25e-05
250126,1,1.25e-05
080476,1,1.25e-05
170116,1,1.25e-05
430087,1,1.25e-05
060264,1,1.25e-05
151046,1,1.25e-05
315120,1,1.25e-05
070721,1,1.25e-05
980639,1,1.25e-05
466980,1,1.25e-05
140540,1,1.25e-05
279294,1,1.25e-05
411263,1,1.25e-05
151169,1,1.25e-05
200391,1,1.25e-05
140641,1,1.25e-05
233551,1,1.25e-05
237408,1,1.25e-05
342012,1,1.25e-05
745560,1,1.25e-05
270351,1,1.25e-05
040667,1,1.25e-05
140288,1,1.25e-05
272399,1,1.25e-05
109875,1,1.25e-05
415638,1,1.25e-05
130183,1,1.25e-05
150973,1,1.25e-05
499731,1,1.25e-05
242151,1,1.25e-05
040384,1,1.25e-05
094875,1,1.25e-05
548297,1,1.25e-05
228628,1,1.25e-05
091090,1,1.25e-05
579481,1,1.25e-05
445703,1,1.25e-05
878617,1,1.25e-05
492841,1,1.25e-05
347736,1,1.25e-05
051110,1,1.25e-05
535485,1,1.25e-05
170357,1,1.25e-05
271219,1,1.25e-05
735392,1,1.25e-05
098645,1,1.25e-05
280483,1,1.25e-05
286906,1,1.25e-05
130925,1,1.25e-05
251023,1,1.25e-05
120293,1,1.25e-05
478555,1,1.25e-05
151165,1,1.25e-05
674009,1,1.25e-05
241197,1,1.25e-05
111109,1,1.25e-05
241006,1,1.25e-05
120166,1,1.25e-05
080152,1,1.25e-05
211113,1,1.25e-05
210314,1,1.25e-05
200708,1,1.25e-05
230965,1,1.25e-05
130689,1,1.25e-05
704971,1,1.25e-05
210706,1,1.25e-05
835459,1,1.25e-05
672101,1,1.25e-05
923404,1,1.25e-05
200710,1,1.25e-05
140915,1,1.25e-05
030895,1,1.25e-05
140271,1,1.25e-05
839627,1,1.25e-05
769989,1,1.25e-05
080702,1,1.25e-05
250793,1,1.25e-05
310911,1,1.25e-05
771774,1,1.25e-05
722642,1,1.25e-05
180477,1,1.25e-05
453280,1,1.25e-05
700606,1,1.25e-05
909370,1,1.25e-05
631551,1,1.25e-05
657078,1,1.25e-05
532888,1,1.25e-05
144832,1,1.25e-05
120357,1,1.25e-05
171084,1,1.25e-05
854091,1,1.25e-05
782641,1,1.25e-05
070198,1,1.25e-05
020952,1,1.25e-05
041033,1,1.25e-05
478151,1,1.25e-05
373696,1,1.25e-05
667168,1,1.25e-05
598815,1,1.25e-05
901455,1,1.25e-05
050322,1,1.25e-05
241135,1,1.25e-05
110586,1,1.25e-05
150820,1,1.25e-05
107377,1,1.25e-05
091165,1,1.25e-05
270507,1,1.25e-05
240810,1,1.25e-05
261294,1,1.25e-05
873685,1,1.25e-05
847462,1,1.25e-05
097154,1,1.25e-05
442384,1,1.25e-05
240431,1,1.25e-05
020273,1,1.25e-05
060110,1,1.25e-05
180543,1,1.25e-05
060930,1,1.25e-05
573526,1,1.25e-05
191232,1,1.25e-05
090595,1,1.25e-05
260211,1,1.25e-05
150316,1,1.25e-05
726632,1,1.25e-05
958141,1,1.25e-05
145662,1,1.25e-05
071272,1,1.25e-05
061234,1,1.25e-05
106446,1,1.25e-05
220350,1,1.25e-05
010456,1,1.25e-05
612451,1,1.25e-05
979418,1,1.25e-05
250628,1,1.25e-05
383752,1,1.25e-05
451253,1,1.25e-05
502744,1,1.25e-05
011170,1,1.25e-05
822862,1,1.25e-05
240850,1,1.25e-05
070989,1,1.25e-05
155996,1,1.25e-05
280837,1,1.25e-05
949252,1,1.25e-05
250993,1,1.25e-05
706655,1,1.25e-05
483047,1,1.25e-05
030434,1,1.25e-05
968236,1,1.25e-05
421556,1,1.25e-05
030684,1,1.25e-05
160689,1,1.25e-05
143363,1,1.25e-05
460827,1,1.25e-05
201268,1,1.25e-05
656405,1,1.25e-05
108257,1,1.25e-05
328505,1,1.25e-05
080958,1,1.25e-05
794677,1,1.25e-05
150191,1,1.25e-05
705312,1,1.25e-05
160822,1,1.25e-05
170997,1,1.25e-05
191013,1,1.25e-05
191257,1,1.25e-05
281074,1,1.25e-05
167919,1,1.25e-05
071142,1,1.25e-05
585394,1,1.25e-05
040970,1,1.25e-05
280624,1,1.25e-05
130791,1,1.25e-05
040762,1,1.25e-05
689863,1,1.25e-05
211046,1,1.25e-05
101103,1,1.25e-05
661663,1,1.25e-05
010219,1,1.25e-05
144382,1,1.25e-05
707487,1,1.25e-05
466989,1,1.25e-05
937064,1,1.25e-05
011010,1,1.25e-05
040127,1,1.25e-05
113867,1,1.25e-05
280477,1,1.25e-05
230706,1,1.25e-05
749766,1,1.25e-05
150862,1,1.25e-05
195338,1,1.25e-05
696889,1,1.25e-05
081119,1,1.25e-05
537519,1,1.25e-05
050772,1,1.25e-05
157565,1,1.25e-05
170165,1,1.25e-05
170644,1,1.25e-05
163248,1,1.25e-05
220578,1,1.25e-05
011041,1,1.25e-05
552874,1,1.25e-05
100787,1,1.25e-05
040651,1,1.25e-05
304850,1,1.25e-05
734302,1,1.25e-05
270841,1,1.25e-05
298279,1,1.25e-05
140793,1,1.25e-05
623649,1,1.25e-05
180816,1,1.25e-05
261038,1,1.25e-05
758493,1,1.25e-05
150377,1,1.25e-05
932691,1,1.25e-05
730975,1,1.25e-05
070830,1,1.25e-05
507249,1,1.25e-05
121196,1,1.25e-05
877327,1,1.25e-05
438763,1,1.25e-05
150474,1,1.25e-05
170159,1,1.25e-05
895675,1,1.25e-05
680450,1,1.25e-05
927783,1,1.25e-05
149258,1,1.25e-05
130755,1,1.25e-05
280863,1,1.25e-05
210801,1,1.25e-05
984657,1,1.25e-05
240735,1,1.25e-05
470257,1,1.25e-05
750560,1,1.25e-05
200482,1,1.25e-05
041276,1,1.25e-05
575845,1,1.25e-05
260834,1,1.25e-05
247117,1,1.25e-05
865696,1,1.25e-05
030565,1,1.25e-05
626358,1,1.25e-05
050558,1,1.25e-05
150831,1,1.25e-05
206794,1,1.25e-05
150660,1,1.25e-05
271180,1,1.25e-05
427034,1,1.25e-05
130225,1,1.25e-05
131212,1,1.25e-05
772355,1,1.25e-05
210297,1,1.25e-05
605438,1,1.25e-05
190213,1,1.25e-05
060242,1,1.25e-05
462929,1,1.25e-05
981439,1,1.25e-05
220219,1,1.25e-05
070312,1,1.25e-05
287124,1,1.25e-05
210784,1,1.25e-05
130113,1,1.25e-05
180184,1,1.25e-05
111222,1,1.25e-05
170885,1,1.25e-05
403490,1,1.25e-05
097012,1,1.25e-05
831093,1,1.25e-05
876764,1,1.25e-05
288093,1,1.25e-05
374976,1,1.25e-05
235884,1,1.25e-05
240694,1,1.25e-05
263629,1,1.25e-05
596262,1,1.25e-05
301826,1,1.25e-05
140950,1,1.25e-05
050822,1,1.25e-05
968829,1,1.25e-05
487337,1,1.25e-05
283970,1,1.25e-05
190233,1,1.25e-05
080728,1,1.25e-05
090387,1,1.25e-05
319148,1,1.25e-05
230467,1,1.25e-05
260517,1,1.25e-05
615436,1,1.25e-05
851299,1,1.25e-05
120682,1,1.25e-05
250825,1,1.25e-05
270321,1,1.25e-05
190716,1,1.25e-05
644407,1,1.25e-05
163276,1,1.25e-05
447716,1,1.25e-05
741561,1,1.25e-05
031587,1,1.25e-05
260638,1,1.25e-05
517006,1,1.25e-05
057932,1,1.25e-05
639895,1,1.25e-05
347658,1,1.25e-05
569714,1,1.25e-05
678152,1,1.25e-05
060834,1,1.25e-05
110406,1,1.25e-05
220460,1,1.25e-05
151192,1,1.25e-05
170978,1,1.25e-05
270868,1,1.25e-05
120523,1,1.25e-05
120652,1,1.25e-05
069924,1,1.25e-05
100160,1,1.25e-05
960401,1,1.25e-05
091105,1,1.25e-05
336214,1,1.25e-05
786562,1,1.25e-05
231196,1,1.25e-05
210841,1,1.25e-05
010984,1,1.25e-05
345684,1,1.25e-05
021263,1,1.25e-05
010648,1,1.25e-05
799013,1,1.25e-05
927183,1,1.25e-05
090996,1,1.25e-05
140260,1,1.25e-05
021253,1,1.25e-05
180210,1,1.25e-05
030204,1,1.25e-05
090712,1,1.25e-05
341649,1,1.25e-05
549607,1,1.25e-05
050764,1,1.25e-05
201111,1,1.25e-05
065652,1,1.25e-05
180223,1,1.25e-05
110436,1,1.25e-05
516902,1,1.25e-05
090775,1,1.25e-05
071196,1,1.25e-05
381742,1,1.25e-05
071079,1,1.25e-05
101174,1,1.25e-05
961480,1,1.25e-05
281101,1,1.25e-05
120647,1,1.25e-05
852601,1,1.25e-05
371716,1,1.25e-05
031188,1,1.25e-05
138513,1,1.25e-05
597216,1,1.25e-05
720952,1,1.25e-05
855634,1,1.25e-05
222604,1,1.25e-05
110101,1,1.25e-05
030806,1,1.25e-05
209553,1,1.25e-05
483186,1,1.25e-05
569384,1,1.25e-05
170075,1,1.25e-05
140484,1,1.25e-05
151232,1,1.25e-05
150567,1,1.25e-05
043904,1,1.25e-05
170829,1,1.25e-05
610416,1,1.25e-05
558046,1,1.25e-05
180815,1,1.25e-05
110752,1,1.25e-05
011154,1,1.25e-05
404276,1,1.25e-05
051255,1,1.25e-05
060826,1,1.25e-05
987125,1,1.25e-05
211272,1,1.25e-05
151207,1,1.25e-05
505439,1,1.25e-05
060900,1,1.25e-05
695545,1,1.25e-05
321590,1,1.25e-05
275951,1,1.25e-05
432991,1,1.25e-05
839465,1,1.25e-05
810163,1,1.25e-05
709711,1,1.25e-05
281134,1,1.25e-05
111090,1,1.25e-05
348938,1,1.25e-05
353637,1,1.25e-05
211208,1,1.25e-05
218166,1,1.25e-05
110494,1,1.25e-05
702210,1,1.25e-05
466231,1,1.25e-05
020331,1,1.25e-05
070936,1,1.25e-05
631214,1,1.25e-05
121126,1,1.25e-05
180354,1,1.25e-05
054022,1,1.25e-05
786082,1,1.25e-05
030284,1,1.25e-05
428626,1,1.25e-05
260234,1,1.25e-05
280625,1,1.25e-05
050584,1,1.25e-05
537935,1,1.25e-05
061041,1,1.25e-05
486101,1,1.25e-05
050136,1,1.25e-05
030194,1,1.25e-05
050181,1,1.25e-05
160831,1,1.25e-05
071287,1,1.25e-05
040325,1,1.25e-05
080291,1,1.25e-05
532401,1,1.25e-05
642224,1,1.25e-05
280717,1,1.25e-05
150778,1,1.25e-05
060961,1,1.25e-05
221290,1,1.25e-05
625999,1,1.25e-05
378003,1,1.25e-05
668765,1,1.25e-05
034492,1,1.25e-05
125696,1,1.25e-05
946141,1,1.25e-05
498426,1,1.25e-05
250876,1,1.25e-05
015956,1,1.25e-05
676962,1,1.25e-05
534225,1,1.25e-05
141213,1,1.25e-05
260399,1,1.25e-05
210469,1,1.25e-05
699096,1,1.25e-05
352661,1,1.25e-05
251035,1,1.25e-05
375308,1,1.25e-05
485804,1,1.25e-05
151217,1,1.25e-05
347704,1,1.25e-05
723528,1,1.25e-05
160157,1,1.25e-05
450955,1,1.25e-05
160569,1,1.25e-05
230975,1,1.25e-05
090673,1,1.25e-05
081169,1,1.25e-05
722930,1,1.25e-05
090834,1,1.25e-05
220916,1,1.25e-05
472407,1,1.25e-05
280320,1,1.25e-05
995426,1,1.25e-05
250651,1,1.25e-05
803216,1,1.25e-05
992046,1,1.25e-05
080258,1,1.25e-05
020465,1,1.25e-05
662365,1,1.25e-05
060744,1,1.25e-05
753817,1,1.25e-05
080873,1,1.25e-05
803167,1,1.25e-05
030997,1,1.25e-05
032383,1,1.25e-05
992708,1,1.25e-05
528981,1,1.25e-05
623685,1,1.25e-05
117100,1,1.25e-05
010747,1,1.25e-05
180264,1,1.25e-05
240699,1,1.25e-05
180666,1,1.25e-05
030371,1,1.25e-05
140880,1,1.25e-05
010237,1,1.25e-05
492934,1,1.25e-05
367507,1,1.25e-05
180230,1,1.25e-05
910015,1,1.25e-05
553288,1,1.25e-05
100355,1,1.25e-05
614314,1,1.25e-05
000039,1,1.25e-05
010183,1,1.25e-05
395091,1,1.25e-05
892257,1,1.25e-05
822706,1,1.25e-05
774415,1,1.25e-05
210135,1,1.25e-05
281068,1,1.25e-05
071106,1,1.25e-05
140157,1,1.25e-05
820812,1,1.25e-05
150824,1,1.25e-05
388011,1,1.25e-05
389971,1,1.25e-05
051035,1,1.25e-05
482657,1,1.25e-05
232716,1,1.25e-05
458286,1,1.25e-05
713928,1,1.25e-05
956945,1,1.25e-05
030369,1,1.25e-05
604770,1,1.25e-05
426856,1,1.25e-05
545376,1,1.25e-05
574629,1,1.25e-05
379052,1,1.25e-05
192114,1,1.25e-05
250138,1,1.25e-05
244970,1,1.25e-05
010982,1,1.25e-05
339514,1,1.25e-05
827261,1,1.25e-05
060785,1,1.25e-05
261077,1,1.25e-05
201082,1,1.25e-05
221158,1,1.25e-05
480432,1,1.25e-05
210643,1,1.25e-05
030932,1,1.25e-05
040314,1,1.25e-05
090554,1,1.25e-05
180888,1,1.25e-05
353079,1,1.25e-05
220467,1,1.25e-05
593231,1,1.25e-05
604869,1,1.25e-05
830174,1,1.25e-05
949006,1,1.25e-05
190323,1,1.25e-05
730987,1,1.25e-05
539640,1,1.25e-05
040468,1,1.25e-05
190900,1,1.25e-05
870761,1,1.25e-05
150600,1,1.25e-05
130311,1,1.25e-05
399545,1,1.25e-05
140573,1,1.25e-05
160522,1,1.25e-05
582126,1,1.25e-05
457214,1,1.25e-05
010226,1,1.25e-05
947695,1,1.25e-05
050618,1,1.25e-05
140768,1,1.25e-05
260770,1,1.25e-05
821720,1,1.25e-05
091077,1,1.25e-05
100444,1,1.25e-05
676785,1,1.25e-05
250402,1,1.25e-05
456935,1,1.25e-05
050828,1,1.25e-05
341433,1,1.25e-05
755608,1,1.25e-05
878539,1,1.25e-05
181183,1,1.25e-05
832387,1,1.25e-05
725397,1,1.25e-05
110288,1,1.25e-05
711624,1,1.25e-05
180409,1,1.25e-05
010585,1,1.25e-05
614339,1,1.25e-05
704479,1,1.25e-05
110879,1,1.25e-05
100480,1,1.25e-05
250632,1,1.25e-05
077387,1,1.25e-05
050733,1,1.25e-05
270956,1,1.25e-05
090106,1,1.25e-05
807350,1,1.25e-05
159076,1,1.25e-05
230352,1,1.25e-05
863036,1,1.25e-05
061063,1,1.25e-05
220159,1,1.25e-05
365874,1,1.25e-05
070203,1,1.25e-05
765133,1,1.25e-05
072509,1,1.25e-05
266628,1,1.25e-05
110425,1,1.25e-05
100199,1,1.25e-05
391503,1,1.25e-05
061355,1,1.25e-05
375032,1,1.25e-05
818398,1,1.25e-05
196941,1,1.25e-05
841712,1,1.25e-05
840611,1,1.25e-05
250110,1,1.25e-05
201007,1,1.25e-05
589149,1,1.25e-05
848142,1,1.25e-05
794979,1,1.25e-05
010923,1,1.25e-05
040935,1,1.25e-05
613675,1,1.25e-05
892717,1,1.25e-05
260994,1,1.25e-05
210153,1,1.25e-05
250629,1,1.25e-05
845779,1,1.25e-05
130103,1,1.25e-05
706850,1,1.25e-05
231187,1,1.25e-05
130420,1,1.25e-05
231037,1,1.25e-05
954976,1,1.25e-05
240063,1,1.25e-05
100485,1,1.25e-05
576017,1,1.25e-05
070778,1,1.25e-05
050258,1,1.25e-05
182509,1,1.25e-05
375510,1,1.25e-05
220553,1,1.25e-05
152637,1,1.25e-05
159236,1,1.25e-05
270381,1,1.25e-05
719787,1,1.25e-05
221266,1,1.25e-05
127654,1,1.25e-05
241057,1,1.25e-05
589666,1,1.25e-05
112012,1,1.25e-05
050775,1,1.25e-05
349863,1,1.25e-05
140314,1,1.25e-05
140858,1,1.25e-05
602080,1,1.25e-05
762593,1,1.25e-05
251166,1,1.25e-05
031295,1,1.25e-05
429593,1,1.25e-05
418081,1,1.25e-05
434581,1,1.25e-05
190326,1,1.25e-05
984717,1,1.25e-05
270247,1,1.25e-05
121051,1,1.25e-05
494069,1,1.25e-05
080891,1,1.25e-05
087940,1,1.25e-05
080952,1,1.25e-05
270491,1,1.25e-05
181294,1,1.25e-05
177062,1,1.25e-05
271048,1,1.25e-05
232142,1,1.25e-05
809698,1,1.25e-05
686483,1,1.25e-05
431158,1,1.25e-05
270227,1,1.25e-05
160614,1,1.25e-05
130731,1,1.25e-05
061171,1,1.25e-05
905355,1,1.25e-05
072525,1,1.25e-05
250845,1,1.25e-05
449831,1,1.25e-05
130752,1,1.25e-05
080942,1,1.25e-05
270292,1,1.25e-05
100476,1,1.25e-05
211254,1,1.25e-05
410668,1,1.25e-05
100479,1,1.25e-05
105088,1,1.25e-05
030597,1,1.25e-05
260836,1,1.25e-05
251074,1,1.25e-05
872633,1,1.25e-05
251218,1,1.25e-05
173115,1,1.25e-05
130926,1,1.25e-05
166918,1,1.25e-05
352757,1,1.25e-05
220912,1,1.25e-05
791479,1,1.25e-05
130373,1,1.25e-05
233452,1,1.25e-05
270625,1,1.25e-05
406104,1,1.25e-05
038105,1,1.25e-05
345115,1,1.25e-05
291685,1,1.25e-05
467271,1,1.25e-05
280288,1,1.25e-05
566843,1,1.25e-05
471308,1,1.25e-05
451780,1,1.25e-05
013339,1,1.25e-05
020601,1,1.25e-05
070470,1,1.25e-05
004109,1,1.25e-05
798508,1,1.25e-05
020861,1,1.25e-05
211026,1,1.25e-05
121227,1,1.25e-05
296990,1,1.25e-05
459664,1,1.25e-05
190897,1,1.25e-05
150999,1,1.25e-05
061242,1,1.25e-05
071198,1,1.25e-05
220668,1,1.25e-05
240459,1,1.25e-05
090631,1,1.25e-05
136328,1,1.25e-05
342979,1,1.25e-05
463511,1,1.25e-05
534609,1,1.25e-05
210541,1,1.25e-05
031134,1,1.25e-05
808085,1,1.25e-05
240827,1,1.25e-05
396396,1,1.25e-05
200561,1,1.25e-05
885034,1,1.25e-05
031074,1,1.25e-05
920239,1,1.25e-05
070585,1,1.25e-05
757348,1,1.25e-05
211292,1,1.25e-05
304898,1,1.25e-05
210950,1,1.25e-05
709755,1,1.25e-05
377724,1,1.25e-05
250571,1,1.25e-05
260829,1,1.25e-05
030147,1,1.25e-05
713955,1,1.25e-05
604555,1,1.25e-05
230936,1,1.25e-05
231273,1,1.25e-05
020648,1,1.25e-05
121568,1,1.25e-05
271080,1,1.25e-05
211027,1,1.25e-05
814931,1,1.25e-05
475734,1,1.25e-05
072753,1,1.25e-05
261073,1,1.25e-05
829385,1,1.25e-05
514397,1,1.25e-05
261208,1,1.25e-05
120284,1,1.25e-05
120285,1,1.25e-05
328629,1,1.25e-05
250353,1,1.25e-05
285229,1,1.25e-05
270667,1,1.25e-05
919331,1,1.25e-05
040393,1,1.25e-05
963929,1,1.25e-05
180909,1,1.25e-05
051092,1,1.25e-05
345691,1,1.25e-05
091093,1,1.25e-05
566149,1,1.25e-05
231109,1,1.25e-05
596004,1,1.25e-05
230740,1,1.25e-05
020108,1,1.25e-05
978557,1,1.25e-05
147100,1,1.25e-05
292483,1,1.25e-05
201131,1,1.25e-05
120677,1,1.25e-05
200776,1,1.25e-05
020515,1,1.25e-05
712296,1,1.25e-05
211032,1,1.25e-05
061012,1,1.25e-05
996659,1,1.25e-05
274891,1,1.25e-05
499100,1,1.25e-05
292135,1,1.25e-05
714749,1,1.25e-05
396319,1,1.25e-05
120262,1,1.25e-05
030400,1,1.25e-05
170671,1,1.25e-05
444671,1,1.25e-05
915978,1,1.25e-05
061018,1,1.25e-05
190635,1,1.25e-05
060971,1,1.25e-05
995595,1,1.25e-05
041089,1,1.25e-05
739986,1,1.25e-05
070890,1,1.25e-05
260140,1,1.25e-05
520049,1,1.25e-05
030138,1,1.25e-05
208455,1,1.25e-05
141175,1,1.25e-05
835981,1,1.25e-05
958721,1,1.25e-05
011222,1,1.25e-05
091434,1,1.25e-05
082276,1,1.25e-05
608300,1,1.25e-05
078409,1,1.25e-05
150901,1,1.25e-05
020372,1,1.25e-05
090245,1,1.25e-05
020795,1,1.25e-05
251200,1,1.25e-05
211203,1,1.25e-05
231285,1,1.25e-05
160797,1,1.25e-05
010395,1,1.25e-05
003841,1,1.25e-05
111504,1,1.25e-05
583895,1,1.25e-05
090107,1,1.25e-05
120821,1,1.25e-05
280256,1,1.25e-05
714880,1,1.25e-05
758744,1,1.25e-05
081086,1,1.25e-05
083895,1,1.25e-05
250235,1,1.25e-05
453216,1,1.25e-05
190358,1,1.25e-05
081259,1,1.25e-05
030558,1,1.25e-05
618777,1,1.25e-05
071176,1,1.25e-05
260376,1,1.25e-05
171283,1,1.25e-05
050282,1,1.25e-05
337215,1,1.25e-05
211131,1,1.25e-05
040377,1,1.25e-05
449291,1,1.25e-05
172498,1,1.25e-05
411748,1,1.25e-05
921248,1,1.25e-05
180966,1,1.25e-05
130931,1,1.25e-05
132363,1,1.25e-05
589776,1,1.25e-05
100835,1,1.25e-05
742473,1,1.25e-05
252018,1,1.25e-05
049955,1,1.25e-05
754186,1,1.25e-05
111264,1,1.25e-05
101227,1,1.25e-05
150977,1,1.25e-05
180400,1,1.25e-05
060544,1,1.25e-05
011171,1,1.25e-05
190727,1,1.25e-05
070663,1,1.25e-05
150838,1,1.25e-05
581479,1,1.25e-05
110797,1,1.25e-05
181284,1,1.25e-05
121179,1,1.25e-05
174489,1,1.25e-05
995978,1,1.25e-05
320018,1,1.25e-05
356710,1,1.25e-05
939992,1,1.25e-05
160644,1,1.25e-05
130335,1,1.25e-05
400613,1,1.25e-05
270584,1,1.25e-05
061145,1,1.25e-05
220844,1,1.25e-05
070255,1,1.25e-05
059870,1,1.25e-05
240685,1,1.25e-05
180115,1,1.25e-05
031250,1,1.25e-05
446708,1,1.25e-05
655191,1,1.25e-05
211195,1,1.25e-05
135684,1,1.25e-05
060201,1,1.25e-05
212044,1,1.25e-05
011298,1,1.25e-05
260742,1,1.25e-05
241012,1,1.25e-05
238826,1,1.25e-05
030512,1,1.25e-05
220271,1,1.25e-05
972872,1,1.25e-05
040236,1,1.25e-05
508451,1,1.25e-05
457815,1,1.25e-05
497194,1,1.25e-05
180421,1,1.25e-05
200858,1,1.25e-05
100284,1,1.25e-05
080369,1,1.25e-05
040128,1,1.25e-05
634723,1,1.25e-05
439583,1,1.25e-05
996477,1,1.25e-05
181290,1,1.25e-05
160947,1,1.25e-05
100993,1,1.25e-05
210504,1,1.25e-05
090259,1,1.25e-05
783563,1,1.25e-05
140311,1,1.25e-05
226964,1,1.25e-05
113605,1,1.25e-05
585162,1,1.25e-05
074297,1,1.25e-05
854400,1,1.25e-05
220500,1,1.25e-05
030136,1,1.25e-05
221041,1,1.25e-05
141269,1,1.25e-05
040790,1,1.25e-05
270407,1,1.25e-05
545433,1,1.25e-05
069270,1,1.25e-05
110508,1,1.25e-05
220344,1,1.25e-05
271311,1,1.25e-05
180892,1,1.25e-05
101262,1,1.25e-05
233978,1,1.25e-05
545404,1,1.25e-05
996047,1,1.25e-05
862898,1,1.25e-05
190149,1,1.25e-05
624187,1,1.25e-05
645622,1,1.25e-05
090301,1,1.25e-05
161359,1,1.25e-05
896121,1,1.25e-05
090312,1,1.25e-05
021212,1,1.25e-05
337809,1,1.25e-05
020278,1,1.25e-05
941128,1,1.25e-05
210928,1,1.25e-05
176681,1,1.25e-05
220896,1,1.25e-05
628785,1,1.25e-05
134169,1,1.25e-05
570889,1,1.25e-05
091202,1,1.25e-05
432807,1,1.25e-05
809471,1,1.25e-05
120862,1,1.25e-05
010653,1,1.25e-05
140308,1,1.25e-05
970814,1,1.25e-05
345734,1,1.25e-05
181019,1,1.25e-05
021115,1,1.25e-05
587765,1,1.25e-05
100645,1,1.25e-05
888752,1,1.25e-05
947157,1,1.25e-05
180811,1,1.25e-05
271103,1,1.25e-05
205836,1,1.25e-05
515968,1,1.25e-05
631394,1,1.25e-05
040990,1,1.25e-05
191162,1,1.25e-05
270185,1,1.25e-05
905922,1,1.25e-05
057208,1,1.25e-05
110588,1,1.25e-05
635338,1,1.25e-05
100939,1,1.25e-05
424384,1,1.25e-05
280723,1,1.25e-05
943892,1,1.25e-05
956606,1,1.25e-05
180665,1,1.25e-05
211266,1,1.25e-05
180733,1,1.25e-05
536749,1,1.25e-05
051230,1,1.25e-05
429797,1,1.25e-05
100786,1,1.25e-05
598915,1,1.25e-05
090452,1,1.25e-05
161670,1,1.25e-05
620535,1,1.25e-05
890924,1,1.25e-05
181391,1,1.25e-05
503485,1,1.25e-05
150486,1,1.25e-05
691181,1,1.25e-05
260594,1,1.25e-05
827831,1,1.25e-05
280977,1,1.25e-05
040408,1,1.25e-05
575304,1,1.25e-05
090459,1,1.25e-05
647021,1,1.25e-05
497966,1,1.25e-05
128568,1,1.25e-05
130317,1,1.25e-05
121136,1,1.25e-05
020796,1,1.25e-05
060576,1,1.25e-05
782116,1,1.25e-05
499338,1,1.25e-05
088625,1,1.25e-05
270744,1,1.25e-05
234833,1,1.25e-05
800578,1,1.25e-05
593496,1,1.25e-05
130474,1,1.25e-05
652055,1,1.25e-05
283621,1,1.25e-05
998447,1,1.25e-05
247981,1,1.25e-05
221029,1,1.25e-05
114611,1,1.25e-05
825049,1,1.25e-05
404164,1,1.25e-05
131129,1,1.25e-05
424609,1,1.25e-05
181252,1,1.25e-05
298093,1,1.25e-05
076525,1,1.25e-05
141164,1,1.25e-05
061500,1,1.25e-05
935295,1,1.25e-05
103152,1,1.25e-05
100921,1,1.25e-05
567414,1,1.25e-05
154476,1,1.25e-05
240119,1,1.25e-05
779953,1,1.25e-05
050827,1,1.25e-05
110914,1,1.25e-05
567434,1,1.25e-05
601888,1,1.25e-05
251006,1,1.25e-05
742403,1,1.25e-05
286467,1,1.25e-05
130365,1,1.25e-05
080376,1,1.25e-05
200952,1,1.25e-05
292104,1,1.25e-05
210780,1,1.25e-05
020588,1,1.25e-05
260199,1,1.25e-05
250414,1,1.25e-05
270906,1,1.25e-05
414751,1,1.25e-05
796140,1,1.25e-05
190490,1,1.25e-05
040795,1,1.25e-05
050237,1,1.25e-05
907107,1,1.25e-05
744705,1,1.25e-05
464388,1,1.25e-05
062071,1,1.25e-05
933357,1,1.25e-05
111117,1,1.25e-05
140693,1,1.25e-05
281220,1,1.25e-05
529827,1,1.25e-05
041284,1,1.25e-05
240275,1,1.25e-05
170333,1,1.25e-05
764733,1,1.25e-05
020945,1,1.25e-05
604638,1,1.25e-05
889628,1,1.25e-05
091069,1,1.25e-05
965029,1,1.25e-05
040261,1,1.25e-05
471301,1,1.25e-05
316152,1,1.25e-05
050318,1,1.25e-05
736450,1,1.25e-05
190378,1,1.25e-05
150307,1,1.25e-05
375022,1,1.25e-05
096801,1,1.25e-05
100511,1,1.25e-05
220643,1,1.25e-05
678818,1,1.25e-05
010476,1,1.25e-05
087129,1,1.25e-05
051182,1,1.25e-05
105549,1,1.25e-05
563475,1,1.25e-05
158284,1,1.25e-05
396960,1,1.25e-05
945478,1,1.25e-05
982083,1,1.25e-05
260238,1,1.25e-05
210483,1,1.25e-05
171214,1,1.25e-05
220775,1,1.25e-05
395835,1,1.25e-05
101078,1,1.25e-05
690320,1,1.25e-05
100225,1,1.25e-05
041261,1,1.25e-05
071899,1,1.25e-05
803639,1,1.25e-05
010296,1,1.25e-05
774574,1,1.25e-05
488815,1,1.25e-05
220476,1,1.25e-05
200149,1,1.25e-05
090945,1,1.25e-05
090244,1,1.25e-05
240805,1,1.25e-05
250243,1,1.25e-05
636134,1,1.25e-05
640688,1,1.25e-05
725488,1,1.25e-05
111054,1,1.25e-05
060997,1,1.25e-05
467679,1,1.25e-05
130945,1,1.25e-05
323692,1,1.25e-05
042697,1,1.25e-05
489958,1,1.25e-05
851216,1,1.25e-05
627168,1,1.25e-05
130153,1,1.25e-05
220387,1,1.25e-05
161230,1,1.25e-05
030990,1,1.25e-05
971447,1,1.25e-05
138041,1,1.25e-05
199262,1,1.25e-05
181181,1,1.25e-05
015996,1,1.25e-05
061137,1,1.25e-05
091094,1,1.25e-05
494570,1,1.25e-05
343694,1,1.25e-05
010470,1,1.25e-05
030752,1,1.25e-05
200588,1,1.25e-05
199144,1,1.25e-05
131115,1,1.25e-05
060492,1,1.25e-05
774710,1,1.25e-05
100184,1,1.25e-05
489934,1,1.25e-05
133901,1,1.25e-05
171114,1,1.25e-05
931083,1,1.25e-05
388976,1,1.25e-05
614063,1,1.25e-05
130339,1,1.25e-05
977660,1,1.25e-05
010952,1,1.25e-05
492733,1,1.25e-05
377256,1,1.25e-05
140299,1,1.25e-05
491108,1,1.25e-05
768701,1,1.25e-05
241129,1,1.25e-05
838337,1,1.25e-05
220648,1,1.25e-05
031008,1,1.25e-05
040726,1,1.25e-05
082598,1,1.25e-05
220891,1,1.25e-05
418620,1,1.25e-05
865369,1,1.25e-05
887057,1,1.25e-05
130106,1,1.25e-05
120349,1,1.25e-05
842231,1,1.25e-05
130990,1,1.25e-05
559478,1,1.25e-05
110902,1,1.25e-05
803868,1,1.25e-05
394471,1,1.25e-05
256441,1,1.25e-05
306343,1,1.25e-05
188489,1,1.25e-05
140542,1,1.25e-05
657577,1,1.25e-05
464406,1,1.25e-05
915786,1,1.25e-05
261295,1,1.25e-05
493322,1,1.25e-05
130890,1,1.25e-05
310640,1,1.25e-05
895296,1,1.25e-05
080172,1,1.25e-05
180957,1,1.25e-05
270204,1,1.25e-05
614229,1,1.25e-05
111113,1,1.25e-05
061008,1,1.25e-05
683481,1,1.25e-05
190892,1,1.25e-05
121019,1,1.25e-05
608683,1,1.25e-05
419795,1,1.25e-05
110414,1,1.25e-05
538392,1,1.25e-05
897190,1,1.25e-05
822102,1,1.25e-05
256428,1,1.25e-05
100848,1,1.25e-05
553422,1,1.25e-05
280153,1,1.25e-05
121274,1,1.25e-05
010749,1,1.25e-05
733718,1,1.25e-05
110105,1,1.25e-05
704108,1,1.25e-05
251981,1,1.25e-05
020343,1,1.25e-05
210125,1,1.25e-05
190352,1,1.25e-05
503209,1,1.25e-05
807455,1,1.25e-05
240143,1,1.25e-05
010710,1,1.25e-05
776538,1,1.25e-05
579224,1,1.25e-05
160537,1,1.25e-05
090236,1,1.25e-05
393628,1,1.25e-05
550269,1,1.25e-05
844050,1,1.25e-05
180655,1,1.25e-05
370923,1,1.25e-05
632947,1,1.25e-05
219790,1,1.25e-05
226274,1,1.25e-05
170828,1,1.25e-05
270454,1,1.25e-05
710549,1,1.25e-05
070804,1,1.25e-05
151123,1,1.25e-05
092841,1,1.25e-05
790960,1,1.25e-05
814358,1,1.25e-05
200950,1,1.25e-05
709737,1,1.25e-05
241231,1,1.25e-05
461550,1,1.25e-05
090598,1,1.25e-05
497626,1,1.25e-05
140889,1,1.25e-05
090279,1,1.25e-05
271253,1,1.25e-05
546743,1,1.25e-05
146515,1,1.25e-05
208317,1,1.25e-05
250914,1,1.25e-05
311954,1,1.25e-05
200619,1,1.25e-05
840383,1,1.25e-05
147616,1,1.25e-05
368218,1,1.25e-05
261146,1,1.25e-05
251063,1,1.25e-05
270951,1,1.25e-05
572905,1,1.25e-05
100917,1,1.25e-05
146918,1,1.25e-05
690057,1,1.25e-05
050303,1,1.25e-05
150462,1,1.25e-05
160424,1,1.25e-05
270933,1,1.25e-05
522804,1,1.25e-05
415794,1,1.25e-05
280381,1,1.25e-05
120216,1,1.25e-05
110972,1,1.25e-05
465197,1,1.25e-05
015600,1,1.25e-05
180372,1,1.25e-05
752939,1,1.25e-05
070937,1,1.25e-05
050202,1,1.25e-05
573713,1,1.25e-05
210347,1,1.25e-05
090584,1,1.25e-05
029648,1,1.25e-05
466702,1,1.25e-05
080424,1,1.25e-05
231184,1,1.25e-05
251179,1,1.25e-05
571239,1,1.25e-05
040034,1,1.25e-05
140879,1,1.25e-05
160959,1,1.25e-05
270094,1,1.25e-05
170818,1,1.25e-05
270900,1,1.25e-05
060447,1,1.25e-05
437391,1,1.25e-05
562744,1,1.25e-05
280389,1,1.25e-05
240577,1,1.25e-05
081096,1,1.25e-05
110698,1,1.25e-05
641750,1,1.25e-05
251150,1,1.25e-05
131042,1,1.25e-05
304653,1,1.25e-05
757844,1,1.25e-05
171007,1,1.25e-05
476632,1,1.25e-05
150385,1,1.25e-05
030559,1,1.25e-05
271285,1,1.25e-05
011013,1,1.25e-05
016619,1,1.25e-05
024955,1,1.25e-05
406053,1,1.25e-05
030839,1,1.25e-05
270653,1,1.25e-05
590060,1,1.25e-05
130760,1,1.25e-05
392402,1,1.25e-05
247428,1,1.25e-05
402871,1,1.25e-05
070551,1,1.25e-05
030122,1,1.25e-05
010966,1,1.25e-05
020919,1,1.25e-05
131232,1,1.25e-05
863843,1,1.25e-05
504404,1,1.25e-05
432755,1,1.25e-05
110256,1,1.25e-05
132380,1,1.25e-05
172910,1,1.25e-05
703216,1,1.25e-05
190327,1,1.25e-05
150661,1,1.25e-05
230806,1,1.25e-05
111069,1,1.25e-05
869093,1,1.25e-05
070531,1,1.25e-05
130497,1,1.25e-05
781063,1,1.25e-05
210657,1,1.25e-05
231028,1,1.25e-05
140456,1,1.25e-05
270418,1,1.25e-05
757464,1,1.25e-05
190692,1,1.25e-05
010342,1,1.25e-05
031154,1,1.25e-05
611844,1,1.25e-05
599218,1,1.25e-05
230241,1,1.25e-05
260809,1,1.25e-05
090993,1,1.25e-05
211241,1,1.25e-05
608431,1,1.25e-05
060839,1,1.25e-05
830895,1,1.25e-05
221175,1,1.25e-05
130198,1,1.25e-05
270112,1,1.25e-05
712651,1,1.25e-05
251098,1,1.25e-05
040610,1,1.25e-05
020582,1,1.25e-05
650583,1,1.25e-05
319845,1,1.25e-05
846192,1,1.25e-05
151143,1,1.25e-05
050949,1,1.25e-05
221267,1,1.25e-05
130951,1,1.25e-05
111291,1,1.25e-05
367965,1,1.25e-05
191001,1,1.25e-05
190604,1,1.25e-05
406232,1,1.25e-05
090663,1,1.25e-05
170470,1,1.25e-05
168235,1,1.25e-05
230117,1,1.25e-05
451547,1,1.25e-05
853827,1,1.25e-05
675127,1,1.25e-05
272028,1,1.25e-05
360110,1,1.25e-05
050371,1,1.25e-05
439739,1,1.25e-05
170510,1,1.25e-05
688457,1,1.25e-05
250574,1,1.25e-05
180403,1,1.25e-05
200614,1,1.25e-05
281127,1,1.25e-05
120522,1,1.25e-05
280856,1,1.25e-05
170288,1,1.25e-05
180102,1,1.25e-05
030606,1,1.25e-05
190959,1,1.25e-05
090778,1,1.25e-05
021226,1,1.25e-05
254477,1,1.25e-05
030417,1,1.25e-05
231067,1,1.25e-05
020439,1,1.25e-05
176960,1,1.25e-05
020230,1,1.25e-05
226972,1,1.25e-05
280525,1,1.25e-05
050556,1,1.25e-05
467410,1,1.25e-05
070698,1,1.25e-05
767589,1,1.25e-05
031071,1,1.25e-05
180578,1,1.25e-05
090819,1,1.25e-05
389105,1,1.25e-05
190132,1,1.25e-05
120637,1,1.25e-05
952251,1,1.25e-05
240987,1,1.25e-05
699984,1,1.25e-05
120762,1,1.25e-05
276969,1,1.25e-05
080528,1,1.25e-05
939770,1,1.25e-05
082156,1,1.25e-05
140219,1,1.25e-05
130797,1,1.25e-05
170167,1,1.25e-05
280527,1,1.25e-05
170657,1,1.25e-05
101276,1,1.25e-05
550816,1,1.25e-05
050147,1,1.25e-05
271105,1,1.25e-05
573519,1,1.25e-05
600925,1,1.25e-05
230247,1,1.25e-05
164165,1,1.25e-05
613772,1,1.25e-05
130662,1,1.25e-05
597417,1,1.25e-05
281036,1,1.25e-05
110907,1,1.25e-05
028273,1,1.25e-05
256121,1,1.25e-05
771705,1,1.25e-05
215327,1,1.25e-05
740937,1,1.25e-05
642494,1,1.25e-05
430673,1,1.25e-05
030185,1,1.25e-05
120031,1,1.25e-05
900039,1,1.25e-05
050254,1,1.25e-05
120941,1,1.25e-05
583724,1,1.25e-05
231119,1,1.25e-05
622335,1,1.25e-05
633414,1,1.25e-05
250302,1,1.25e-05
930383,1,1.25e-05
893349,1,1.25e-05
997251,1,1.25e-05
160291,1,1.25e-05
080845,1,1.25e-05
021106,1,1.25e-05
270462,1,1.25e-05
131113,1,1.25e-05
030396,1,1.25e-05
051197,1,1.25e-05
190272,1,1.25e-05
761239,1,1.25e-05
735973,1,1.25e-05
667110,1,1.25e-05
953909,1,1.25e-05
100691,1,1.25e-05
171248,1,1.25e-05
150767,1,1.25e-05
140780,1,1.25e-05
040228,1,1.25e-05
461465,1,1.25e-05
061052,1,1.25e-05
250297,1,1.25e-05
231077,1,1.25e-05
150257,1,1.25e-05
190137,1,1.25e-05
396187,1,1.25e-05
333458,1,1.25e-05
295996,1,1.25e-05
494614,1,1.25e-05
260927,1,1.25e-05
929855,1,1.25e-05
280755,1,1.25e-05
381376,1,1.25e-05
632622,1,1.25e-05
190657,1,1.25e-05
130615,1,1.25e-05
270926,1,1.25e-05
270578,1,1.25e-05
250217,1,1.25e-05
060138,1,1.25e-05
241086,1,1.25e-05
230803,1,1.25e-05
237869,1,1.25e-05
146414,1,1.25e-05
574414,1,1.25e-05
622525,1,1.25e-05
150753,1,1.25e-05
689832,1,1.25e-05
574769,1,1.25e-05
210990,1,1.25e-05
214175,1,1.25e-05
114131,1,1.25e-05
176670,1,1.25e-05
641013,1,1.25e-05
190458,1,1.25e-05
373071,1,1.25e-05
190360,1,1.25e-05
261224,1,1.25e-05
141103,1,1.25e-05
080764,1,1.25e-05
121024,1,1.25e-05
180284,1,1.25e-05
050126,1,1.25e-05
231115,1,1.25e-05
160953,1,1.25e-05
894253,1,1.25e-05
313879,1,1.25e-05
883579,1,1.25e-05
161002,1,1.25e-05
061128,1,1.25e-05
795875,1,1.25e-05
200317,1,1.25e-05
010524,1,1.25e-05
070552,1,1.25e-05
484570,1,1.25e-05
569506,1,1.25e-05
423831,1,1.25e-05
539438,1,1.25e-05
810749,1,1.25e-05
818103,1,1.25e-05
533034,1,1.25e-05
220807,1,1.25e-05
368694,1,1.25e-05
189454,1,1.25e-05
201247,1,1.25e-05
111234,1,1.25e-05
150135,1,1.25e-05
070964,1,1.25e-05
130387,1,1.25e-05
090553,1,1.25e-05
465240,1,1.25e-05
835500,1,1.25e-05
341768,1,1.25e-05
253887,1,1.25e-05
121000,1,1.25e-05
767830,1,1.25e-05
504964,1,1.25e-05
745426,1,1.25e-05
844589,1,1.25e-05
081186,1,1.25e-05
130539,1,1.25e-05
717477,1,1.25e-05
959100,1,1.25e-05
230643,1,1.25e-05
260934,1,1.25e-05
200337,1,1.25e-05
446817,1,1.25e-05
901543,1,1.25e-05
150577,1,1.25e-05
811915,1,1.25e-05
008380,1,1.25e-05
818701,1,1.25e-05
240590,1,1.25e-05
905026,1,1.25e-05
824083,1,1.25e-05
329729,1,1.25e-05
020375,1,1.25e-05
778460,1,1.25e-05
131131,1,1.25e-05
280438,1,1.25e-05
060836,1,1.25e-05
230894,1,1.25e-05
964968,1,1.25e-05
149059,1,1.25e-05
041120,1,1.25e-05
280315,1,1.25e-05
660487,1,1.25e-05
010959,1,1.25e-05
705507,1,1.25e-05
379708,1,1.25e-05
474807,1,1.25e-05
190829,1,1.25e-05
130725,1,1.25e-05
400517,1,1.25e-05
090428,1,1.25e-05
777901,1,1.25e-05
143861,1,1.25e-05
794125,1,1.25e-05
513743,1,1.25e-05
211127,1,1.25e-05
217894,1,1.25e-05
260687,1,1.25e-05
746154,1,1.25e-05
180644,1,1.25e-05
240508,1,1.25e-05
775838,1,1.25e-05
302826,1,1.25e-05
529996,1,1.25e-05
343840,1,1.25e-05
152067,1,1.25e-05
030107,1,1.25e-05
250549,1,1.25e-05
031149,1,1.25e-05
851107,1,1.25e-05
110594,1,1.25e-05
697086,1,1.25e-05
487523,1,1.25e-05
426571,1,1.25e-05
210423,1,1.25e-05
118029,1,1.25e-05
190146,1,1.25e-05
280446,1,1.25e-05
010305,1,1.25e-05
803361,1,1.25e-05
707099,1,1.25e-05
181229,1,1.25e-05
111268,1,1.25e-05
081102,1,1.25e-05
081293,1,1.25e-05
081165,1,1.25e-05
130414,1,1.25e-05
281133,1,1.25e-05
160412,1,1.25e-05
609056,1,1.25e-05
963159,1,1.25e-05
254969,1,1.25e-05
260628,1,1.25e-05
281143,1,1.25e-05
060204,1,1.25e-05
626792,1,1.25e-05
030469,1,1.25e-05
010267,1,1.25e-05
864920,1,1.25e-05
080760,1,1.25e-05
160401,1,1.25e-05
974481,1,1.25e-05
070740,1,1.25e-05
050969,1,1.25e-05
928117,1,1.25e-05
392063,1,1.25e-05
021005,1,1.25e-05
597307,1,1.25e-05
181173,1,1.25e-05
920541,1,1.25e-05
147594,1,1.25e-05
160115,1,1.25e-05
101065,1,1.25e-05
457777,1,1.25e-05
869110,1,1.25e-05
983564,1,1.25e-05
121023,1,1.25e-05
572875,1,1.25e-05
525575,1,1.25e-05
080693,1,1.25e-05
160942,1,1.25e-05
417588,1,1.25e-05
250427,1,1.25e-05
122584,1,1.25e-05
552699,1,1.25e-05
170914,1,1.25e-05
110330,1,1.25e-05
623081,1,1.25e-05
074363,1,1.25e-05
199405,1,1.25e-05
130594,1,1.25e-05
971732,1,1.25e-05
810595,1,1.25e-05
839879,1,1.25e-05
353276,1,1.25e-05
413576,1,1.25e-05
874364,1,1.25e-05
690281,1,1.25e-05
200602,1,1.25e-05
063857,1,1.25e-05
170719,1,1.25e-05
150514,1,1.25e-05
701242,1,1.25e-05
957954,1,1.25e-05
040256,1,1.25e-05
120953,1,1.25e-05
247284,1,1.25e-05
356685,1,1.25e-05
941599,1,1.25e-05
231094,1,1.25e-05
297629,1,1.25e-05
698740,1,1.25e-05
010858,1,1.25e-05
060214,1,1.25e-05
062276,1,1.25e-05
887665,1,1.25e-05
884250,1,1.25e-05
110619,1,1.25e-05
011245,1,1.25e-05
210902,1,1.25e-05
939417,1,1.25e-05
150575,1,1.25e-05
780516,1,1.25e-05
736878,1,1.25e-05
198582,1,1.25e-05
181047,1,1.25e-05
089293,1,1.25e-05
270459,1,1.25e-05
160228,1,1.25e-05
301433,1,1.25e-05
954645,1,1.25e-05
946653,1,1.25e-05
411024,1,1.25e-05
489001,1,1.25e-05
106752,1,1.25e-05
425941,1,1.25e-05
838508,1,1.25e-05
121118,1,1.25e-05
960359,1,1.25e-05
031098,1,1.25e-05
070783,1,1.25e-05
180731,1,1.25e-05
010702,1,1.25e-05
447354,1,1.25e-05
130209,1,1.25e-05
140304,1,1.25e-05
591786,1,1.25e-05
130535,1,1.25e-05
041047,1,1.25e-05
724559,1,1.25e-05
080683,1,1.25e-05
403583,1,1.25e-05
280710,1,1.25e-05
270648,1,1.25e-05
278315,1,1.25e-05
080989,1,1.25e-05
058727,1,1.25e-05
251205,1,1.25e-05
654974,1,1.25e-05
110225,1,1.25e-05
140717,1,1.25e-05
251185,1,1.25e-05
591760,1,1.25e-05
837400,1,1.25e-05
030411,1,1.25e-05
140612,1,1.25e-05
941847,1,1.25e-05
040887,1,1.25e-05
160330,1,1.25e-05
747868,1,1.25e-05
590827,1,1.25e-05
020946,1,1.25e-05
437951,1,1.25e-05
260425,1,1.25e-05
061091,1,1.25e-05
190673,1,1.25e-05
140690,1,1.25e-05
737189,1,1.25e-05
651037,1,1.25e-05
773168,1,1.25e-05
210464,1,1.25e-05
827121,1,1.25e-05
865860,1,1.25e-05
260632,1,1.25e-05
280643,1,1.25e-05
853551,1,1.25e-05
577266,1,1.25e-05
564108,1,1.25e-05
468835,1,1.25e-05
932578,1,1.25e-05
293426,1,1.25e-05
074675,1,1.25e-05
041240,1,1.25e-05
372703,1,1.25e-05
010500,1,1.25e-05
971775,1,1.25e-05
356536,1,1.25e-05
733444,1,1.25e-05
271265,1,1.25e-05
190782,1,1.25e-05
049260,1,1.25e-05
110832,1,1.25e-05
662688,1,1.25e-05
090512,1,1.25e-05
529780,1,1.25e-05
270340,1,1.25e-05
070351,1,1.25e-05
150748,1,1.25e-05
246972,1,1.25e-05
101283,1,1.25e-05
995965,1,1.25e-05
651868,1,1.25e-05
180865,1,1.25e-05
639716,1,1.25e-05
991188,1,1.25e-05
070335,1,1.25e-05
267390,1,1.25e-05
619120,1,1.25e-05
250548,1,1.25e-05
615183,1,1.25e-05
775985,1,1.25e-05
552891,1,1.25e-05
080455,1,1.25e-05
180937,1,1.25e-05
477780,1,1.25e-05
191038,1,1.25e-05
280560,1,1.25e-05
180214,1,1.25e-05
414195,1,1.25e-05
240684,1,1.25e-05
080539,1,1.25e-05
190902,1,1.25e-05
100777,1,1.25e-05
078636,1,1.25e-05
305158,1,1.25e-05
130690,1,1.25e-05
121122,1,1.25e-05
617837,1,1.25e-05
450651,1,1.25e-05
606974,1,1.25e-05
080453,1,1.25e-05
534982,1,1.25e-05
204370,1,1.25e-05
624039,1,1.25e-05
582209,1,1.25e-05
150919,1,1.25e-05
020852,1,1.25e-05
190396,1,1.25e-05
200706,1,1.25e-05
260887,1,1.25e-05
954291,1,1.25e-05
258058,1,1.25e-05
161035,1,1.25e-05
110359,1,1.25e-05
713280,1,1.25e-05
140448,1,1.25e-05
260337,1,1.25e-05
210767,1,1.25e-05
121293,1,1.25e-05
210376,1,1.25e-05
018160,1,1.25e-05
318427,1,1.25e-05
670983,1,1.25e-05
170284,1,1.25e-05
460916,1,1.25e-05
270690,1,1.25e-05
110245,1,1.25e-05
102912,1,1.25e-05
090572,1,1.25e-05
299901,1,1.25e-05
200583,1,1.25e-05
230157,1,1.25e-05
368425,1,1.25e-05
070714,1,1.25e-05
307198,1,1.25e-05
543876,1,1.25e-05
888633,1,1.25e-05
151112,1,1.25e-05
862061,1,1.25e-05
190713,1,1.25e-05
569215,1,1.25e-05
600733,1,1.25e-05
161168,1,1.25e-05
383351,1,1.25e-05
040768,1,1.25e-05
090933,1,1.25e-05
130652,1,1.25e-05
675302,1,1.25e-05
325884,1,1.25e-05
120269,1,1.25e-05
542783,1,1.25e-05
110978,1,1.25e-05
170230,1,1.25e-05
240614,1,1.25e-05
482613,1,1.25e-05
100667,1,1.25e-05
500241,1,1.25e-05
060695,1,1.25e-05
529009,1,1.25e-05
646196,1,1.25e-05
770452,1,1.25e-05
017215,1,1.25e-05
909327,1,1.25e-05
041020,1,1.25e-05
792430,1,1.25e-05
834926,1,1.25e-05
130140,1,1.25e-05
452550,1,1.25e-05
456487,1,1.25e-05
144715,1,1.25e-05
297395,1,1.25e-05
633734,1,1.25e-05
240528,1,1.25e-05
721536,1,1.25e-05
711741,1,1.25e-05
762199,1,1.25e-05
091119,1,1.25e-05
270132,1,1.25e-05
161216,1,1.25e-05
050867,1,1.25e-05
040417,1,1.25e-05
080235,1,1.25e-05
195726,1,1.25e-05
070699,1,1.25e-05
190546,1,1.25e-05
270391,1,1.25e-05
364086,1,1.25e-05
080933,1,1.25e-05
051032,1,1.25e-05
863253,1,1.25e-05
201882,1,1.25e-05
639902,1,1.25e-05
050266,1,1.25e-05
344731,1,1.25e-05
150882,1,1.25e-05
030105,1,1.25e-05
110759,1,1.25e-05
726714,1,1.25e-05
115108,1,1.25e-05
272267,1,1.25e-05
111106,1,1.25e-05
409833,1,1.25e-05
071032,1,1.25e-05
101253,1,1.25e-05
170693,1,1.25e-05
050771,1,1.25e-05
130227,1,1.25e-05
260583,1,1.25e-05
450530,1,1.25e-05
020936,1,1.25e-05
956683,1,1.25e-05
150742,1,1.25e-05
140935,1,1.25e-05
887631,1,1.25e-05
110193,1,1.25e-05
498615,1,1.25e-05
111138,1,1.25e-05
100616,1,1.25e-05
948154,1,1.25e-05
170213,1,1.25e-05
071207,1,1.25e-05
086212,1,1.25e-05
296780,1,1.25e-05
951865,1,1.25e-05
117606,1,1.25e-05
555395,1,1.25e-05
231155,1,1.25e-05
160568,1,1.25e-05
266464,1,1.25e-05
592273,1,1.25e-05
882882,1,1.25e-05
764246,1,1.25e-05
035174,1,1.25e-05
049460,1,1.25e-05
020858,1,1.25e-05
250894,1,1.25e-05
090358,1,1.25e-05
411419,1,1.25e-05
354084,1,1.25e-05
081117,1,1.25e-05
188859,1,1.25e-05
068182,1,1.25e-05
559905,1,1.25e-05
141211,1,1.25e-05
581584,1,1.25e-05
081208,1,1.25e-05
261107,1,1.25e-05
365151,1,1.25e-05
416528,1,1.25e-05
191221,1,1.25e-05
387841,1,1.25e-05
662306,1,1.25e-05
420978,1,1.25e-05
154982,1,1.25e-05
910823,1,1.25e-05
884530,1,1.25e-05
030172,1,1.25e-05
281115,1,1.25e-05
010378,1,1.25e-05
306800,1,1.25e-05
546354,1,1.25e-05
140753,1,1.25e-05
238963,1,1.25e-05
100223,1,1.25e-05
210240,1,1.25e-05
141062,1,1.25e-05
623051,1,1.25e-05
221099,1,1.25e-05
068617,1,1.25e-05
181162,1,1.25e-05
010164,1,1.25e-05
958429,1,1.25e-05
903417,1,1.25e-05
270485,1,1.25e-05
110601,1,1.25e-05
171228,1,1.25e-05
120782,1,1.25e-05
331726,1,1.25e-05
170462,1,1.25e-05
190770,1,1.25e-05
357179,1,1.25e-05
160730,1,1.25e-05
707359,1,1.25e-05
727865,1,1.25e-05
210342,1,1.25e-05
140147,1,1.25e-05
140550,1,1.25e-05
384201,1,1.25e-05
894511,1,1.25e-05
399441,1,1.25e-05
281008,1,1.25e-05
306400,1,1.25e-05
201152,1,1.25e-05
012916,1,1.25e-05
709244,1,1.25e-05
270846,1,1.25e-05
030815,1,1.25e-05
177049,1,1.25e-05
180881,1,1.25e-05
415338,1,1.25e-05
070619,1,1.25e-05
250319,1,1.25e-05
789220,1,1.25e-05
102230,1,1.25e-05
448186,1,1.25e-05
505599,1,1.25e-05
764212,1,1.25e-05
241147,1,1.25e-05
050572,1,1.25e-05
080427,1,1.25e-05
763545,1,1.25e-05
944151,1,1.25e-05
070236,1,1.25e-05
725570,1,1.25e-05
040243,1,1.25e-05
753607,1,1.25e-05
096914,1,1.25e-05
120665,1,1.25e-05
041074,1,1.25e-05
010927,1,1.25e-05
030937,1,1.25e-05
922927,1,1.25e-05
110676,1,1.25e-05
670342,1,1.25e-05
030844,1,1.25e-05
270529,1,1.25e-05
230953,1,1.25e-05
864747,1,1.25e-05
180240,1,1.25e-05
443830,1,1.25e-05
180734,1,1.25e-05
546346,1,1.25e-05
130114,1,1.25e-05
250518,1,1.25e-05
472141,1,1.25e-05
508257,1,1.25e-05
364486,1,1.25e-05
170538,1,1.25e-05
746087,1,1.25e-05
933538,1,1.25e-05
111242,1,1.25e-05
855914,1,1.25e-05
155724,1,1.25e-05
127704,1,1.25e-05
501955,1,1.25e-05
219440,1,1.25e-05
403759,1,1.25e-05
081000,1,1.25e-05
010215,1,1.25e-05
280994,1,1.25e-05
636761,1,1.25e-05
662935,1,1.25e-05
110399,1,1.25e-05
750886,1,1.25e-05
082200,1,1.25e-05
050402,1,1.25e-05
090318,1,1.25e-05
565160,1,1.25e-05
953280,1,1.25e-05
155642,1,1.25e-05
100802,1,1.25e-05
210284,1,1.25e-05
978767,1,1.25e-05
050705,1,1.25e-05
241102,1,1.25e-05
322253,1,1.25e-05
061121,1,1.25e-05
171281,1,1.25e-05
938976,1,1.25e-05
280129,1,1.25e-05
200717,1,1.25e-05
030718,1,1.25e-05
604013,1,1.25e-05
917828,1,1.25e-05
590601,1,1.25e-05
221036,1,1.25e-05
231384,1,1.25e-05
705642,1,1.25e-05
955383,1,1.25e-05
644653,1,1.25e-05
050109,1,1.25e-05
895459,1,1.25e-05
230156,1,1.25e-05
210198,1,1.25e-05
072431,1,1.25e-05
100935,1,1.25e-05
781807,1,1.25e-05
050504,1,1.25e-05
116468,1,1.25e-05
100952,1,1.25e-05
852683,1,1.25e-05
200744,1,1.25e-05
130444,1,1.25e-05
040315,1,1.25e-05
217125,1,1.25e-05
220649,1,1.25e-05
376874,1,1.25e-05
568615,1,1.25e-05
544037,1,1.25e-05
887236,1,1.25e-05
281187,1,1.25e-05
120135,1,1.25e-05
411684,1,1.25e-05
090780,1,1.25e-05
363481,1,1.25e-05
110624,1,1.25e-05
090402,1,1.25e-05
010864,1,1.25e-05
271088,1,1.25e-05
014892,1,1.25e-05
288462,1,1.25e-05
241058,1,1.25e-05
123609,1,1.25e-05
957960,1,1.25e-05
240801,1,1.25e-05
430801,1,1.25e-05
100264,1,1.25e-05
880264,1,1.25e-05
724435,1,1.25e-05
291818,1,1.25e-05
260998,1,1.25e-05
120363,1,1.25e-05
458936,1,1.25e-05
150889,1,1.25e-05
170395,1,1.25e-05
859167,1,1.25e-05
264299,1,1.25e-05
220886,1,1.25e-05
651114,1,1.25e-05
343325,1,1.25e-05
345185,1,1.25e-05
189042,1,1.25e-05
010447,1,1.25e-05
190425,1,1.25e-05
161165,1,1.25e-05
238106,1,1.25e-05
071230,1,1.25e-05
776631,1,1.25e-05
133546,1,1.25e-05
179806,1,1.25e-05
100364,1,1.25e-05
215036,1,1.25e-05
652263,1,1.25e-05
270445,1,1.25e-05
750401,1,1.25e-05
623741,1,1.25e-05
151201,1,1.25e-05
250625,1,1.25e-05
890770,1,1.25e-05
100998,1,1.25e-05
211133,1,1.25e-05
240981,1,1.25e-05
220665,1,1.25e-05
969083,1,1.25e-05
050108,1,1.25e-05
131192,1,1.25e-05
091023,1,1.25e-05
104509,1,1.25e-05
890865,1,1.25e-05
179559,1,1.25e-05
374886,1,1.25e-05
181171,1,1.25e-05
070402,1,1.25e-05
882276,1,1.25e-05
050801,1,1.25e-05
417916,1,1.25e-05
010871,1,1.25e-05
025770,1,1.25e-05
851103,1,1.25e-05
938427,1,1.25e-05
813412,1,1.25e-05
020187,1,1.25e-05
051020,1,1.25e-05
260448,1,1.25e-05
060995,1,1.25e-05
285618,1,1.25e-05
228674,1,1.25e-05
080516,1,1.25e-05
981795,1,1.25e-05
160567,1,1.25e-05
816533,1,1.25e-05
211212,1,1.25e-05
265095,1,1.25e-05
388345,1,1.25e-05
455503,1,1.25e-05
619162,1,1.25e-05
828899,1,1.25e-05
231201,1,1.25e-05
996478,1,1.25e-05
122945,1,1.25e-05
041185,1,1.25e-05
304102,1,1.25e-05
260287,1,1.25e-05
251011,1,1.25e-05
491893,1,1.25e-05
007567,1,1.25e-05
120304,1,1.25e-05
010293,1,1.25e-05
310776,1,1.25e-05
140863,1,1.25e-05
280990,1,1.25e-05
912476,1,1.25e-05
240778,1,1.25e-05
170634,1,1.25e-05
040700,1,1.25e-05
120676,1,1.25e-05
559182,1,1.25e-05
704406,1,1.25e-05
250108,1,1.25e-05
281199,1,1.25e-05
030319,1,1.25e-05
917988,1,1.25e-05
866955,1,1.25e-05
241093,1,1.25e-05
081103,1,1.25e-05
455899,1,1.25e-05
155705,1,1.25e-05
456211,1,1.25e-05
275613,1,1.25e-05
878997,1,1.25e-05
658577,1,1.25e-05
181215,1,1.25e-05
140703,1,1.25e-05
738568,1,1.25e-05
150875,1,1.25e-05
119028,1,1.25e-05
011043,1,1.25e-05
786204,1,1.25e-05
110415,1,1.25e-05
120333,1,1.25e-05
511581,1,1.25e-05
211077,1,1.25e-05
090658,1,1.25e-05
200264,1,1.25e-05
261158,1,1.25e-05
130152,1,1.25e-05
536263,1,1.25e-05
021119,1,1.25e-05
120603,1,1.25e-05
295637,1,1.25e-05
071131,1,1.25e-05
040188,1,1.25e-05
802119,1,1.25e-05
900943,1,1.25e-05
221138,1,1.25e-05
215429,1,1.25e-05
947740,1,1.25e-05
761367,1,1.25e-05
190513,1,1.25e-05
190852,1,1.25e-05
311266,1,1.25e-05
260774,1,1.25e-05
080106,1,1.25e-05
030805,1,1.25e-05
967570,1,1.25e-05
160758,1,1.25e-05
260367,1,1.25e-05
632700,1,1.25e-05
404459,1,1.25e-05
231236,1,1.25e-05
217381,1,1.25e-05
221075,1,1.25e-05
210526,1,1.25e-05
531860,1,1.25e-05
199735,1,1.25e-05
388495,1,1.25e-05
120842,1,1.25e-05
091262,1,1.25e-05
054481,1,1.25e-05
519238,1,1.25e-05
154591,1,1.25e-05
100467,1,1.25e-05
100704,1,1.25e-05
230271,1,1.25e-05
953954,1,1.25e-05
597251,1,1.25e-05
683224,1,1.25e-05
120978,1,1.25e-05
220434,1,1.25e-05
121156,1,1.25e-05
048218,1,1.25e-05
250886,1,1.25e-05
131180,1,1.25e-05
210699,1,1.25e-05
270757,1,1.25e-05
002806,1,1.25e-05
002188,1,1.25e-05
568495,1,1.25e-05
249230,1,1.25e-05
271166,1,1.25e-05
814538,1,1.25e-05
020432,1,1.25e-05
623550,1,1.25e-05
011234,1,1.25e-05
813120,1,1.25e-05
180776,1,1.25e-05
423245,1,1.25e-05
932812,1,1.25e-05
130391,1,1.25e-05
041141,1,1.25e-05
110539,1,1.25e-05
440860,1,1.25e-05
191099,1,1.25e-05
181197,1,1.25e-05
838742,1,1.25e-05
040100,1,1.25e-05
080439,1,1.25e-05
020359,1,1.25e-05
150412,1,1.25e-05
637561,1,1.25e-05
022401,1,1.25e-05
713322,1,1.25e-05
010604,1,1.25e-05
101221,1,1.25e-05
270772,1,1.25e-05
161286,1,1.25e-05
416975,1,1.25e-05
030581,1,1.25e-05
020848,1,1.25e-05
194672,1,1.25e-05
090715,1,1.25e-05
683382,1,1.25e-05
084286,1,1.25e-05
078221,1,1.25e-05
100141,1,1.25e-05
803463,1,1.25e-05
109283,1,1.25e-05
240715,1,1.25e-05
943993,1,1.25e-05
180833,1,1.25e-05
982955,1,1.25e-05
332016,1,1.25e-05
224449,1,1.25e-05
010186,1,1.25e-05
779646,1,1.25e-05
170990,1,1.25e-05
626305,1,1.25e-05
169203,1,1.25e-05
060419,1,1.25e-05
091248,1,1.25e-05
230760,1,1.25e-05
375849,1,1.25e-05
915291,1,1.25e-05
110480,1,1.25e-05
170994,1,1.25e-05
091322,1,1.25e-05
328613,1,1.25e-05
484352,1,1.25e-05
250289,1,1.25e-05
030669,1,1.25e-05
061097,1,1.25e-05
465474,1,1.25e-05
030335,1,1.25e-05
403257,1,1.25e-05
051247,1,1.25e-05
061069,1,1.25e-05
061155,1,1.25e-05
303351,1,1.25e-05
100110,1,1.25e-05
240122,1,1.25e-05
190817,1,1.25e-05
554918,1,1.25e-05
151042,1,1.25e-05
250582,1,1.25e-05
010458,1,1.25e-05
210817,1,1.25e-05
644636,1,1.25e-05
161053,1,1.25e-05
201080,1,1.25e-05
011142,1,1.25e-05
130728,1,1.25e-05
130285,1,1.25e-05
304929,1,1.25e-05
180744,1,1.25e-05
241445,1,1.25e-05
071019,1,1.25e-05
690215,1,1.25e-05
080974,1,1.25e-05
011209,1,1.25e-05
450181,1,1.25e-05
011242,1,1.25e-05
100155,1,1.25e-05
260759,1,1.25e-05
035501,1,1.25e-05
140319,1,1.25e-05
250877,1,1.25e-05
060438,1,1.25e-05
986700,1,1.25e-05
070506,1,1.25e-05
654013,1,1.25e-05
010297,1,1.25e-05
101042,1,1.25e-05
060211,1,1.25e-05
210585,1,1.25e-05
090951,1,1.25e-05
280811,1,1.25e-05
648033,1,1.25e-05
459341,1,1.25e-05
140581,1,1.25e-05
560239,1,1.25e-05
170194,1,1.25e-05
748802,1,1.25e-05
251756,1,1.25e-05
161143,1,1.25e-05
241022,1,1.25e-05
020585,1,1.25e-05
703154,1,1.25e-05
111182,1,1.25e-05
909821,1,1.25e-05
110144,1,1.25e-05
085929,1,1.25e-05
390379,1,1.25e-05
281258,1,1.25e-05
886408,1,1.25e-05
220587,1,1.25e-05
240676,1,1.25e-05
170800,1,1.25e-05
624217,1,1.25e-05
040269,1,1.25e-05
275990,1,1.25e-05
679626,1,1.25e-05
128400,1,1.25e-05
978874,1,1.25e-05
334389,1,1.25e-05
405359,1,1.25e-05
271167,1,1.25e-05
270286,1,1.25e-05
088127,1,1.25e-05
151104,1,1.25e-05
754398,1,1.25e-05
187316,1,1.25e-05
327823,1,1.25e-05
030941,1,1.25e-05
020413,1,1.25e-05
080860,1,1.25e-05
671096,1,1.25e-05
130698,1,1.25e-05
431555,1,1.25e-05
245604,1,1.25e-05
100832,1,1.25e-05
200308,1,1.25e-05
143183,1,1.25e-05
090797,1,1.25e-05
498082,1,1.25e-05
170103,1,1.25e-05
060875,1,1.25e-05
081072,1,1.25e-05
240446,1,1.25e-05
174265,1,1.25e-05
521434,1,1.25e-05
190384,1,1.25e-05
184587,1,1.25e-05
481960,1,1.25e-05
091276,1,1.25e-05
231275,1,1.25e-05
141238,1,1.25e-05
040371,1,1.25e-05
658152,1,1.25e-05
389679,1,1.25e-05
270622,1,1.25e-05
261296,1,1.25e-05
083577,1,1.25e-05
146318,1,1.25e-05
050265,1,1.25e-05
281047,1,1.25e-05
615519,1,1.25e-05
529196,1,1.25e-05
247800,1,1.25e-05
708332,1,1.25e-05
165066,1,1.25e-05
010719,1,1.25e-05
230631,1,1.25e-05
260106,1,1.25e-05
030292,1,1.25e-05
384127,1,1.25e-05
539759,1,1.25e-05
238918,1,1.25e-05
240195,1,1.25e-05
190196,1,1.25e-05
009159,1,1.25e-05
991394,1,1.25e-05
231145,1,1.25e-05
203109,1,1.25e-05
200634,1,1.25e-05
952857,1,1.25e-05
140286,1,1.25e-05
031271,1,1.25e-05
187021,1,1.25e-05
501601,1,1.25e-05
051265,1,1.25e-05
941652,1,1.25e-05
140335,1,1.25e-05
431187,1,1.25e-05
604849,1,1.25e-05
020609,1,1.25e-05
193626,1,1.25e-05
061007,1,1.25e-05
130271,1,1.25e-05
060855,1,1.25e-05
394735,1,1.25e-05
071225,1,1.25e-05
110478,1,1.25e-05
020849,1,1.25e-05
190343,1,1.25e-05
280607,1,1.25e-05
231122,1,1.25e-05
040412,1,1.25e-05
040934,1,1.25e-05
188757,1,1.25e-05
456724,1,1.25e-05
020207,1,1.25e-05
090277,1,1.25e-05
200689,1,1.25e-05
627127,1,1.25e-05
100747,1,1.25e-05
909161,1,1.25e-05
020409,1,1.25e-05
081093,1,1.25e-05
170319,1,1.25e-05
060778,1,1.25e-05
120803,1,1.25e-05
210691,1,1.25e-05
140979,1,1.25e-05
250619,1,1.25e-05
260433,1,1.25e-05
180187,1,1.25e-05
121283,1,1.25e-05
020406,1,1.25e-05
740445,1,1.25e-05
204607,1,1.25e-05
090905,1,1.25e-05
070819,1,1.25e-05
164001,1,1.25e-05
710516,1,1.25e-05
882230,1,1.25e-05
060883,1,1.25e-05
180502,1,1.25e-05
024153,1,1.25e-05
953735,1,1.25e-05
130917,1,1.25e-05
549186,1,1.25e-05
491437,1,1.25e-05
270532,1,1.25e-05
079087,1,1.25e-05
180391,1,1.25e-05
200427,1,1.25e-05
100804,1,1.25e-05
441597,1,1.25e-05
020204,1,1.25e-05
280348,1,1.25e-05
100818,1,1.25e-05
382338,1,1.25e-05
574692,1,1.25e-05
181900,1,1.25e-05
731324,1,1.25e-05
345607,1,1.25e-05
040613,1,1.25e-05
294321,1,1.25e-05
099262,1,1.25e-05
139158,1,1.25e-05
120210,1,1.25e-05
192531,1,1.25e-05
421769,1,1.25e-05
131166,1,1.25e-05
080971,1,1.25e-05
976170,1,1.25e-05
164743,1,1.25e-05
120163,1,1.25e-05
246814,1,1.25e-05
582217,1,1.25e-05
010179,1,1.25e-05
230708,1,1.25e-05
251156,1,1.25e-05
020631,1,1.25e-05
287880,1,1.25e-05
210807,1,1.25e-05
210147,1,1.25e-05
190542,1,1.25e-05
938223,1,1.25e-05
729943,1,1.25e-05
548909,1,1.25e-05
988299,1,1.25e-05
545076,1,1.25e-05
965966,1,1.25e-05
712442,1,1.25e-05
200604,1,1.25e-05
060386,1,1.25e-05
119702,1,1.25e-05
231124,1,1.25e-05
111003,1,1.25e-05
275930,1,1.25e-05
020241,1,1.25e-05
020669,1,1.25e-05
200920,1,1.25e-05
270504,1,1.25e-05
130515,1,1.25e-05
200218,1,1.25e-05
203203,1,1.25e-05
868328,1,1.25e-05
062471,1,1.25e-05
374392,1,1.25e-05
171221,1,1.25e-05
010329,1,1.25e-05
080793,1,1.25e-05
190722,1,1.25e-05
236482,1,1.25e-05
032425,1,1.25e-05
951218,1,1.25e-05
659664,1,1.25e-05
509218,1,1.25e-05
050285,1,1.25e-05
553828,1,1.25e-05
065824,1,1.25e-05
120882,1,1.25e-05
353698,1,1.25e-05
680819,1,1.25e-05
506036,1,1.25e-05
578544,1,1.25e-05
110276,1,1.25e-05
755064,1,1.25e-05
081094,1,1.25e-05
240395,1,1.25e-05
819606,1,1.25e-05
120323,1,1.25e-05
281050,1,1.25e-05
219402,1,1.25e-05
060518,1,1.25e-05
580635,1,1.25e-05
140363,1,1.25e-05
073470,1,1.25e-05
270630,1,1.25e-05
196863,1,1.25e-05
101052,1,1.25e-05
210972,1,1.25e-05
080366,1,1.25e-05
376281,1,1.25e-05
090193,1,1.25e-05
021036,1,1.25e-05
844134,1,1.25e-05
175108,1,1.25e-05
070273,1,1.25e-05
985461,1,1.25e-05
280191,1,1.25e-05
030901,1,1.25e-05
698361,1,1.25e-05
596623,1,1.25e-05
120437,1,1.25e-05
160823,1,1.25e-05
825226,1,1.25e-05
260607,1,1.25e-05
250191,1,1.25e-05
898536,1,1.25e-05
160375,1,1.25e-05
210987,1,1.25e-05
280269,1,1.25e-05
250447,1,1.25e-05
180324,1,1.25e-05
220181,1,1.25e-05
113304,1,1.25e-05
250857,1,1.25e-05
498992,1,1.25e-05
516342,1,1.25e-05
270115,1,1.25e-05
090349,1,1.25e-05
130746,1,1.25e-05
454901,1,1.25e-05
952885,1,1.25e-05
061248,1,1.25e-05
708129,1,1.25e-05
270895,1,1.25e-05
434963,1,1.25e-05
171072,1,1.25e-05
092742,1,1.25e-05
073420,1,1.25e-05
049763,1,1.25e-05
654819,1,1.25e-05
369666,1,1.25e-05
198801,1,1.25e-05
924398,1,1.25e-05
262356,1,1.25e-05
220717,1,1.25e-05
680851,1,1.25e-05
130108,1,1.25e-05
243727,1,1.25e-05
203947,1,1.25e-05
180116,1,1.25e-05
177264,1,1.25e-05
000730,1,1.25e-05
580031,1,1.25e-05
645507,1,1.25e-05
385488,1,1.25e-05
931559,1,1.25e-05
020360,1,1.25e-05
580624,1,1.25e-05
978504,1,1.25e-05
250462,1,1.25e-05
041029,1,1.25e-05
822429,1,1.25e-05
110190,1,1.25e-05
031186,1,1.25e-05
100119,1,1.25e-05
231271,1,1.25e-05
031043,1,1.25e-05
493660,1,1.25e-05
995409,1,1.25e-05
100999,1,1.25e-05
140946,1,1.25e-05
030278,1,1.25e-05
190791,1,1.25e-05
400620,1,1.25e-05
370835,1,1.25e-05
080508,1,1.25e-05
091134,1,1.25e-05
705271,1,1.25e-05
131228,1,1.25e-05
190589,1,1.25e-05
170985,1,1.25e-05
111155,1,1.25e-05
640644,1,1.25e-05
221076,1,1.25e-05
020199,1,1.25e-05
210194,1,1.25e-05
130248,1,1.25e-05
040769,1,1.25e-05
160832,1,1.25e-05
694029,1,1.25e-05
910774,1,1.25e-05
280302,1,1.25e-05
588212,1,1.25e-05
261054,1,1.25e-05
260342,1,1.25e-05
181067,1,1.25e-05
632287,1,1.25e-05
110704,1,1.25e-05
984289,1,1.25e-05
935843,1,1.25e-05
985339,1,1.25e-05
241078,1,1.25e-05
611490,1,1.25e-05
433032,1,1.25e-05
696698,1,1.25e-05
191216,1,1.25e-05
479346,1,1.25e-05
050912,1,1.25e-05
469537,1,1.25e-05
056453,1,1.25e-05
220638,1,1.25e-05
101272,1,1.25e-05
581912,1,1.25e-05
190399,1,1.25e-05
240139,1,1.25e-05
943105,1,1.25e-05
790641,1,1.25e-05
141055,1,1.25e-05
823856,1,1.25e-05
709859,1,1.25e-05
261218,1,1.25e-05
121820,1,1.25e-05
150458,1,1.25e-05
201044,1,1.25e-05
251202,1,1.25e-05
270560,1,1.25e-05
160196,1,1.25e-05
190979,1,1.25e-05
261239,1,1.25e-05
180737,1,1.25e-05
030999,1,1.25e-05
210570,1,1.25e-05
967126,1,1.25e-05
110692,1,1.25e-05
709219,1,1.25e-05
111018,1,1.25e-05
841738,1,1.25e-05
494277,1,1.25e-05
597225,1,1.25e-05
413239,1,1.25e-05
020604,1,1.25e-05
192123,1,1.25e-05
569168,1,1.25e-05
100211,1,1.25e-05
061059,1,1.25e-05
203951,1,1.25e-05
200707,1,1.25e-05
220745,1,1.25e-05
105369,1,1.25e-05
317307,1,1.25e-05
734220,1,1.25e-05
205216,1,1.25e-05
010421,1,1.25e-05
271142,1,1.25e-05
160791,1,1.25e-05
793184,1,1.25e-05
250551,1,1.25e-05
483972,1,1.25e-05
300095,1,1.25e-05
835706,1,1.25e-05
080745,1,1.25e-05
220366,1,1.25e-05
090741,1,1.25e-05
170381,1,1.25e-05
959135,1,1.25e-05
332824,1,1.25e-05
010213,1,1.25e-05
120973,1,1.25e-05
573733,1,1.25e-05
240865,1,1.25e-05
847736,1,1.25e-05
094737,1,1.25e-05
674286,1,1.25e-05
221573,1,1.25e-05
220498,1,1.25e-05
543770,1,1.25e-05
100574,1,1.25e-05
363514,1,1.25e-05
249799,1,1.25e-05
024472,1,1.25e-05
796188,1,1.25e-05
375763,1,1.25e-05
190767,1,1.25e-05
302087,1,1.25e-05
143718,1,1.25e-05
912252,1,1.25e-05
120212,1,1.25e-05
914454,1,1.25e-05
852646,1,1.25e-05
173101,1,1.25e-05
313327,1,1.25e-05
011194,1,1.25e-05
021214,1,1.25e-05
943667,1,1.25e-05
824365,1,1.25e-05
130647,1,1.25e-05
183727,1,1.25e-05
120933,1,1.25e-05
030244,1,1.25e-05
239335,1,1.25e-05
399394,1,1.25e-05
062107,1,1.25e-05
041146,1,1.25e-05
020567,1,1.25e-05
487039,1,1.25e-05
230554,1,1.25e-05
989074,1,1.25e-05
916714,1,1.25e-05
990695,1,1.25e-05
020128,1,1.25e-05
257329,1,1.25e-05
280716,1,1.25e-05
020791,1,1.25e-05
259605,1,1.25e-05
160685,1,1.25e-05
220661,1,1.25e-05
315242,1,1.25e-05
030336,1,1.25e-05
010783,1,1.25e-05
113366,1,1.25e-05
666387,1,1.25e-05
953009,1,1.25e-05
010797,1,1.25e-05
030864,1,1.25e-05
060234,1,1.25e-05
010910,1,1.25e-05
241246,1,1.25e-05
171251,1,1.25e-05
040767,1,1.25e-05
170869,1,1.25e-05
140629,1,1.25e-05
312386,1,1.25e-05
670919,1,1.25e-05
221162,1,1.25e-05
190172,1,1.25e-05
557456,1,1.25e-05
141105,1,1.25e-05
882872,1,1.25e-05
482607,1,1.25e-05
100109,1,1.25e-05
230317,1,1.25e-05
132047,1,1.25e-05
271108,1,1.25e-05
329326,1,1.25e-05
834638,1,1.25e-05
256305,1,1.25e-05
270184,1,1.25e-05
560885,1,1.25e-05
673773,1,1.25e-05
100243,1,1.25e-05
002861,1,1.25e-05
741775,1,1.25e-05
700504,1,1.25e-05
428350,1,1.25e-05
181074,1,1.25e-05
804704,1,1.25e-05
825905,1,1.25e-05
171372,1,1.25e-05
041354,1,1.25e-05
050232,1,1.25e-05
808878,1,1.25e-05
972278,1,1.25e-05
818902,1,1.25e-05
280124,1,1.25e-05
958876,1,1.25e-05
140631,1,1.25e-05
581018,1,1.25e-05
396153,1,1.25e-05
373496,1,1.25e-05
496793,1,1.25e-05
020363,1,1.25e-05
240672,1,1.25e-05
066693,1,1.25e-05
872376,1,1.25e-05
680359,1,1.25e-05
151084,1,1.25e-05
989927,1,1.25e-05
210711,1,1.25e-05
477084,1,1.25e-05
121098,1,1.25e-05
390171,1,1.25e-05
260725,1,1.25e-05
090340,1,1.25e-05
160399,1,1.25e-05
191072,1,1.25e-05
170586,1,1.25e-05
120736,1,1.25e-05
230421,1,1.25e-05
040166,1,1.25e-05
210769,1,1.25e-05
675020,1,1.25e-05
030150,1,1.25e-05
358955,1,1.25e-05
025434,1,1.25e-05
170684,1,1.25e-05
598104,1,1.25e-05
021233,1,1.25e-05
220800,1,1.25e-05
241264,1,1.25e-05
523488,1,1.25e-05
833139,1,1.25e-05
922200,1,1.25e-05
463499,1,1.25e-05
429051,1,1.25e-05
812247,1,1.25e-05
010622,1,1.25e-05
024001,1,1.25e-05
777616,1,1.25e-05
097276,1,1.25e-05
836764,1,1.25e-05
017196,1,1.25e-05
090311,1,1.25e-05
200111,1,1.25e-05
429953,1,1.25e-05
157664,1,1.25e-05
190564,1,1.25e-05
061132,1,1.25e-05
928114,1,1.25e-05
140680,1,1.25e-05
270652,1,1.25e-05
230999,1,1.25e-05
250195,1,1.25e-05
514607,1,1.25e-05
011217,1,1.25e-05
071228,1,1.25e-05
576113,1,1.25e-05
250982,1,1.25e-05
090188,1,1.25e-05
525899,1,1.25e-05
221223,1,1.25e-05
130167,1,1.25e-05
460726,1,1.25e-05
131243,1,1.25e-05
048566,1,1.25e-05
181039,1,1.25e-05
130651,1,1.25e-05
652120,1,1.25e-05
785506,1,1.25e-05
080752,1,1.25e-05
206543,1,1.25e-05
020763,1,1.25e-05
435353,1,1.25e-05
220190,1,1.25e-05
190618,1,1.25e-05
170707,1,1.25e-05
160258,1,1.25e-05
040572,1,1.25e-05
349976,1,1.25e-05
003018,1,1.25e-05
250728,1,1.25e-05
342105,1,1.25e-05
270753,1,1.25e-05
171217,1,1.25e-05
064799,1,1.25e-05
608992,1,1.25e-05
141012,1,1.25e-05
450484,1,1.25e-05
754560,1,1.25e-05
010480,1,1.25e-05
683768,1,1.25e-05
160336,1,1.25e-05
351797,1,1.25e-05
852924,1,1.25e-05
246713,1,1.25e-05
282178,1,1.25e-05
335558,1,1.25e-05
280528,1,1.25e-05
261069,1,1.25e-05
111193,1,1.25e-05
220209,1,1.25e-05
018668,1,1.25e-05
599638,1,1.25e-05
210288,1,1.25e-05
071261,1,1.25e-05
277640,1,1.25e-05
150229,1,1.25e-05
967785,1,1.25e-05
261019,1,1.25e-05
220150,1,1.25e-05
723377,1,1.25e-05
448877,1,1.25e-05
131765,1,1.25e-05
941465,1,1.25e-05
221054,1,1.25e-05
533426,1,1.25e-05
377820,1,1.25e-05
589484,1,1.25e-05
081147,1,1.25e-05
928046,1,1.25e-05
140925,1,1.25e-05
991635,1,1.25e-05
110948,1,1.25e-05
100487,1,1.25e-05
056970,1,1.25e-05
195003,1,1.25e-05
383287,1,1.25e-05
174208,1,1.25e-05
275876,1,1.25e-05
220443,1,1.25e-05
208006,1,1.25e-05
230580,1,1.25e-05
082160,1,1.25e-05
131022,1,1.25e-05
577433,1,1.25e-05
250480,1,1.25e-05
160930,1,1.25e-05
848668,1,1.25e-05
205287,1,1.25e-05
064659,1,1.25e-05
877779,1,1.25e-05
618199,1,1.25e-05
647704,1,1.25e-05
182636,1,1.25e-05
025503,1,1.25e-05
958410,1,1.25e-05
370189,1,1.25e-05
136441,1,1.25e-05
252944,1,1.25e-05
588368,1,1.25e-05
270874,1,1.25e-05
580604,1,1.25e-05
281146,1,1.25e-05
552162,1,1.25e-05
160840,1,1.25e-05
849767,1,1.25e-05
121070,1,1.25e-05
699492,1,1.25e-05
230339,1,1.25e-05
136015,1,1.25e-05
160770,1,1.25e-05
220229,1,1.25e-05
371354,1,1.25e-05
030636,1,1.25e-05
200800,1,1.25e-05
507907,1,1.25e-05
060296,1,1.25e-05
120458,1,1.25e-05
110798,1,1.25e-05
042501,1,1.25e-05
221222,1,1.25e-05
150636,1,1.25e-05
040662,1,1.25e-05
663180,1,1.25e-05
836116,1,1.25e-05
250739,1,1.25e-05
750484,1,1.25e-05
378733,1,1.25e-05
365896,1,1.25e-05
894177,1,1.25e-05
120086,1,1.25e-05
111282,1,1.25e-05
210218,1,1.25e-05
050275,1,1.25e-05
190558,1,1.25e-05
840089,1,1.25e-05
573070,1,1.25e-05
270574,1,1.25e-05
030382,1,1.25e-05
231736,1,1.25e-05
090112,1,1.25e-05
020254,1,1.25e-05
627950,1,1.25e-05
519793,1,1.25e-05
555825,1,1.25e-05
120211,1,1.25e-05
281079,1,1.25e-05
076394,1,1.25e-05
181169,1,1.25e-05
260784,1,1.25e-05
943291,1,1.25e-05
348930,1,1.25e-05
110331,1,1.25e-05
247847,1,1.25e-05
257996,1,1.25e-05
220504,1,1.25e-05
433849,1,1.25e-05
539400,1,1.25e-05
885364,1,1.25e-05
040352,1,1.25e-05
918049,1,1.25e-05
161121,1,1.25e-05
030648,1,1.25e-05
691971,1,1.25e-05
911976,1,1.25e-05
070746,1,1.25e-05
373978,1,1.25e-05
061009,1,1.25e-05
616703,1,1.25e-05
241154,1,1.25e-05
120646,1,1.25e-05
502108,1,1.25e-05
080776,1,1.25e-05
231161,1,1.25e-05
161124,1,1.25e-05
919849,1,1.25e-05
312302,1,1.25e-05
180294,1,1.25e-05
270783,1,1.25e-05
190665,1,1.25e-05
020271,1,1.25e-05
240297,1,1.25e-05
160985,1,1.25e-05
992921,1,1.25e-05
251105,1,1.25e-05
784700,1,1.25e-05
815500,1,1.25e-05
035084,1,1.25e-05
728532,1,1.25e-05
050763,1,1.25e-05
420241,1,1.25e-05
280512,1,1.25e-05
141252,1,1.25e-05
090858,1,1.25e-05
311123,1,1.25e-05
889036,1,1.25e-05
170469,1,1.25e-05
210880,1,1.25e-05
696117,1,1.25e-05
225819,1,1.25e-05
030770,1,1.25e-05
080644,1,1.25e-05
241168,1,1.25e-05
257715,1,1.25e-05
020424,1,1.25e-05
190275,1,1.25e-05
009720,1,1.25e-05
190681,1,1.25e-05
638906,1,1.25e-05
240182,1,1.25e-05
483781,1,1.25e-05
329303,1,1.25e-05
240227,1,1.25e-05
479273,1,1.25e-05
270762,1,1.25e-05
191145,1,1.25e-05
271090,1,1.25e-05
280948,1,1.25e-05
250384,1,1.25e-05
010178,1,1.25e-05
291129,1,1.25e-05
121123,1,1.25e-05
505181,1,1.25e-05
231194,1,1.25e-05
468674,1,1.25e-05
040260,1,1.25e-05
128729,1,1.25e-05
009525,1,1.25e-05
472140,1,1.25e-05
141032,1,1.25e-05
580583,1,1.25e-05
180369,1,1.25e-05
250366,1,1.25e-05
100427,1,1.25e-05
377048,1,1.25e-05
060907,1,1.25e-05
230373,1,1.25e-05
371598,1,1.25e-05
735240,1,1.25e-05
578735,1,1.25e-05
055761,1,1.25e-05
010346,1,1.25e-05
937111,1,1.25e-05
143369,1,1.25e-05
210018,1,1.25e-05
144140,1,1.25e-05
061240,1,1.25e-05
211215,1,1.25e-05
097775,1,1.25e-05
220676,1,1.25e-05
220400,1,1.25e-05
150387,1,1.25e-05
071588,1,1.25e-05
131110,1,1.25e-05
880669,1,1.25e-05
200725,1,1.25e-05
151363,1,1.25e-05
446408,1,1.25e-05
071060,1,1.25e-05
415297,1,1.25e-05
180491,1,1.25e-05
371157,1,1.25e-05
241803,1,1.25e-05
220349,1,1.25e-05
250874,1,1.25e-05
662216,1,1.25e-05
251167,1,1.25e-05
011017,1,1.25e-05
713738,1,1.25e-05
020768,1,1.25e-05
791448,1,1.25e-05
054446,1,1.25e-05
270742,1,1.25e-05
628871,1,1.25e-05
888185,1,1.25e-05
211225,1,1.25e-05
220375,1,1.25e-05
926370,1,1.25e-05
260911,1,1.25e-05
200618,1,1.25e-05
465387,1,1.25e-05
040802,1,1.25e-05
311445,1,1.25e-05
138484,1,1.25e-05
260182,1,1.25e-05
100533,1,1.25e-05
050679,1,1.25e-05
785326,1,1.25e-05
060529,1,1.25e-05
810498,1,1.25e-05
745815,1,1.25e-05
959174,1,1.25e-05
931242,1,1.25e-05
080124,1,1.25e-05
110985,1,1.25e-05
921633,1,1.25e-05
418801,1,1.25e-05
550648,1,1.25e-05
230261,1,1.25e-05
270194,1,1.25e-05
020975,1,1.25e-05
824167,1,1.25e-05
479799,1,1.25e-05
151013,1,1.25e-05
250396,1,1.25e-05
160355,1,1.25e-05
251299,1,1.25e-05
386806,1,1.25e-05
993926,1,1.25e-05
120145,1,1.25e-05
040885,1,1.25e-05
658560,1,1.25e-05
120754,1,1.25e-05
157843,1,1.25e-05
964622,1,1.25e-05
150274,1,1.25e-05
160214,1,1.25e-05
668013,1,1.25e-05
088505,1,1.25e-05
055556,1,1.25e-05
457807,1,1.25e-05
030254,1,1.25e-05
261253,1,1.25e-05
070882,1,1.25e-05
140914,1,1.25e-05
250814,1,1.25e-05
200700,1,1.25e-05
830307,1,1.25e-05
340527,1,1.25e-05
120347,1,1.25e-05
071244,1,1.25e-05
121238,1,1.25e-05
040498,1,1.25e-05
238136,1,1.25e-05
050150,1,1.25e-05
190600,1,1.25e-05
020250,1,1.25e-05
070816,1,1.25e-05
127341,1,1.25e-05
255265,1,1.25e-05
528623,1,1.25e-05
097121,1,1.25e-05
111132,1,1.25e-05
330870,1,1.25e-05
148644,1,1.25e-05
160378,1,1.25e-05
280531,1,1.25e-05
071123,1,1.25e-05
270975,1,1.25e-05
712972,1,1.25e-05
240774,1,1.25e-05
042714,1,1.25e-05
684471,1,1.25e-05
097560,1,1.25e-05
780653,1,1.25e-05
271150,1,1.25e-05
250489,1,1.25e-05
221195,1,1.25e-05
971217,1,1.25e-05
071074,1,1.25e-05
990825,1,1.25e-05
847908,1,1.25e-05
190595,1,1.25e-05
731072,1,1.25e-05
865537,1,1.25e-05
268579,1,1.25e-05
669714,1,1.25e-05
602031,1,1.25e-05
739343,1,1.25e-05
394885,1,1.25e-05
120692,1,1.25e-05
341781,1,1.25e-05
280852,1,1.25e-05
647235,1,1.25e-05
250517,1,1.25e-05
250843,1,1.25e-05
327402,1,1.25e-05
010367,1,1.25e-05
038100,1,1.25e-05
010234,1,1.25e-05
519805,1,1.25e-05
280630,1,1.25e-05
953771,1,1.25e-05
031128,1,1.25e-05
377631,1,1.25e-05
210764,1,1.25e-05
084440,1,1.25e-05
479925,1,1.25e-05
777199,1,1.25e-05
708616,1,1.25e-05
972485,1,1.25e-05
367474,1,1.25e-05
250259,1,1.25e-05
150936,1,1.25e-05
270861,1,1.25e-05
191151,1,1.25e-05
039904,1,1.25e-05
712708,1,1.25e-05
699650,1,1.25e-05
160311,1,1.25e-05
251182,1,1.25e-05
070110,1,1.25e-05
091287,1,1.25e-05
260999,1,1.25e-05
915158,1,1.25e-05
907536,1,1.25e-05
149387,1,1.25e-05
477231,1,1.25e-05
030803,1,1.25e-05
020499,1,1.25e-05
704903,1,1.25e-05
280145,1,1.25e-05
925141,1,1.25e-05
100968,1,1.25e-05
090501,1,1.25e-05
080671,1,1.25e-05
090618,1,1.25e-05
191104,1,1.25e-05
081270,1,1.25e-05
648410,1,1.25e-05
270463,1,1.25e-05
230206,1,1.25e-05
504610,1,1.25e-05
588625,1,1.25e-05
477958,1,1.25e-05
190957,1,1.25e-05
200833,1,1.25e-05
147652,1,1.25e-05
221020,1,1.25e-05
210183,1,1.25e-05
257763,1,1.25e-05
060133,1,1.25e-05
260269,1,1.25e-05
220310,1,1.25e-05
859871,1,1.25e-05
237592,1,1.25e-05
711428,1,1.25e-05
060253,1,1.25e-05
191029,1,1.25e-05
340017,1,1.25e-05
060326,1,1.25e-05
280859,1,1.25e-05
280487,1,1.25e-05
220480,1,1.25e-05
773191,1,1.25e-05
120337,1,1.25e-05
381406,1,1.25e-05
160604,1,1.25e-05
130507,1,1.25e-05
795845,1,1.25e-05
452052,1,1.25e-05
523387,1,1.25e-05
100493,1,1.25e-05
030978,1,1.25e-05
050991,1,1.25e-05
671563,1,1.25e-05
090437,1,1.25e-05
536107,1,1.25e-05
180433,1,1.25e-05
890212,1,1.25e-05
120387,1,1.25e-05
509134,1,1.25e-05
582426,1,1.25e-05
050179,1,1.25e-05
714838,1,1.25e-05
825141,1,1.25e-05
101111,1,1.25e-05
447365,1,1.25e-05
180174,1,1.25e-05
220917,1,1.25e-05
704767,1,1.25e-05
211833,1,1.25e-05
090505,1,1.25e-05
109010,1,1.25e-05
596759,1,1.25e-05
060442,1,1.25e-05
049900,1,1.25e-05
417082,1,1.25e-05
160989,1,1.25e-05
115768,1,1.25e-05
050207,1,1.25e-05
050444,1,1.25e-05
260479,1,1.25e-05
148677,1,1.25e-05
190960,1,1.25e-05
110179,1,1.25e-05
846272,1,1.25e-05
090711,1,1.25e-05
021208,1,1.25e-05
170629,1,1.25e-05
171071,1,1.25e-05
080734,1,1.25e-05
394796,1,1.25e-05
554589,1,1.25e-05
270502,1,1.25e-05
240910,1,1.25e-05
091063,1,1.25e-05
863359,1,1.25e-05
284739,1,1.25e-05
610503,1,1.25e-05
796504,1,1.25e-05
802754,1,1.25e-05
824643,1,1.25e-05
150969,1,1.25e-05
070358,1,1.25e-05
190184,1,1.25e-05
131251,1,1.25e-05
442282,1,1.25e-05
260175,1,1.25e-05
230243,1,1.25e-05
140790,1,1.25e-05
050720,1,1.25e-05
190383,1,1.25e-05
497505,1,1.25e-05
661394,1,1.25e-05
154278,1,1.25e-05
619567,1,1.25e-05
747755,1,1.25e-05
120585,1,1.25e-05
266382,1,1.25e-05
544802,1,1.25e-05
151058,1,1.25e-05
231249,1,1.25e-05
765390,1,1.25e-05
230255,1,1.25e-05
170195,1,1.25e-05
121163,1,1.25e-05
688975,1,1.25e-05
110804,1,1.25e-05
030526,1,1.25e-05
915215,1,1.25e-05
516699,1,1.25e-05
360728,1,1.25e-05
828699,1,1.25e-05
700674,1,1.25e-05
997589,1,1.25e-05
091159,1,1.25e-05
872496,1,1.25e-05
933217,1,1.25e-05
010156,1,1.25e-05
230242,1,1.25e-05
130577,1,1.25e-05
715178,1,1.25e-05
728479,1,1.25e-05
082350,1,1.25e-05
270443,1,1.25e-05
251276,1,1.25e-05
250968,1,1.25e-05
110840,1,1.25e-05
684245,1,1.25e-05
210702,1,1.25e-05
138687,1,1.25e-05
131064,1,1.25e-05
703548,1,1.25e-05
060894,1,1.25e-05
917571,1,1.25e-05
060541,1,1.25e-05
240478,1,1.25e-05
094649,1,1.25e-05
329462,1,1.25e-05
127648,1,1.25e-05
241069,1,1.25e-05
655607,1,1.25e-05
270508,1,1.25e-05
020635,1,1.25e-05
655598,1,1.25e-05
270856,1,1.25e-05
230291,1,1.25e-05
822406,1,1.25e-05
879129,1,1.25e-05
780584,1,1.25e-05
210836,1,1.25e-05
694277,1,1.25e-05
428415,1,1.25e-05
160525,1,1.25e-05
180445,1,1.25e-05
080978,1,1.25e-05
188706,1,1.25e-05
270267,1,1.25e-05
191230,1,1.25e-05
942868,1,1.25e-05
662054,1,1.25e-05
050614,1,1.25e-05
270723,1,1.25e-05
201194,1,1.25e-05
132207,1,1.25e-05
091215,1,1.25e-05
260416,1,1.25e-05
512878,1,1.25e-05
193405,1,1.25e-05
389771,1,1.25e-05
240746,1,1.25e-05
140137,1,1.25e-05
021262,1,1.25e-05
697805,1,1.25e-05
892298,1,1.25e-05
584175,1,1.25e-05
100807,1,1.25e-05
280904,1,1.25e-05
121003,1,1.25e-05
673576,1,1.25e-05
944297,1,1.25e-05
211144,1,1.25e-05
060519,1,1.25e-05
040311,1,1.25e-05
120900,1,1.25e-05
160507,1,1.25e-05
774742,1,1.25e-05
061170,1,1.25e-05
812321,1,1.25e-05
616981,1,1.25e-05
073814,1,1.25e-05
200566,1,1.25e-05
217726,1,1.25e-05
073189,1,1.25e-05
505108,1,1.25e-05
804742,1,1.25e-05
516098,1,1.25e-05
489887,1,1.25e-05
081095,1,1.25e-05
070500,1,1.25e-05
700365,1,1.25e-05
110119,1,1.25e-05
090767,1,1.25e-05
534762,1,1.25e-05
240152,1,1.25e-05
040580,1,1.25e-05
270237,1,1.25e-05
830057,1,1.25e-05
080127,1,1.25e-05
040341,1,1.25e-05
798199,1,1.25e-05
351910,1,1.25e-05
190108,1,1.25e-05
165593,1,1.25e-05
586095,1,1.25e-05
060465,1,1.25e-05
989275,1,1.25e-05
020231,1,1.25e-05
012553,1,1.25e-05
020713,1,1.25e-05
315468,1,1.25e-05
895599,1,1.25e-05
283571,1,1.25e-05
210298,1,1.25e-05
070187,1,1.25e-05
210301,1,1.25e-05
063412,1,1.25e-05
435220,1,1.25e-05
143390,1,1.25e-05
260125,1,1.25e-05
942927,1,1.25e-05
280562,1,1.25e-05
090718,1,1.25e-05
002132,1,1.25e-05
100750,1,1.25e-05
051017,1,1.25e-05
081058,1,1.25e-05
216409,1,1.25e-05
231227,1,1.25e-05
755701,1,1.25e-05
290106,1,1.25e-05
032110,1,1.25e-05
406966,1,1.25e-05
932147,1,1.25e-05
058308,1,1.25e-05
874819,1,1.25e-05
120950,1,1.25e-05
091266,1,1.25e-05
091264,1,1.25e-05
551059,1,1.25e-05
056136,1,1.25e-05
221110,1,1.25e-05
799775,1,1.25e-05
763242,1,1.25e-05
804843,1,1.25e-05
250507,1,1.25e-05
865490,1,1.25e-05
010201,1,1.25e-05
081015,1,1.25e-05
777982,1,1.25e-05
020666,1,1.25e-05
200767,1,1.25e-05
270243,1,1.25e-05
280172,1,1.25e-05
220584,1,1.25e-05
170841,1,1.25e-05
271085,1,1.25e-05
280968,1,1.25e-05
908035,1,1.25e-05
071101,1,1.25e-05
179101,1,1.25e-05
369651,1,1.25e-05
278657,1,1.25e-05
020771,1,1.25e-05
497967,1,1.25e-05
169855,1,1.25e-05
638930,1,1.25e-05
864594,1,1.25e-05
131266,1,1.25e-05
040342,1,1.25e-05
765219,1,1.25e-05
429925,1,1.25e-05
908003,1,1.25e-05
455138,1,1.25e-05
160633,1,1.25e-05
487578,1,1.25e-05
346600,1,1.25e-05
571913,1,1.25e-05
210977,1,1.25e-05
564747,1,1.25e-05
257933,1,1.25e-05
140818,1,1.25e-05
030737,1,1.25e-05
961382,1,1.25e-05
030798,1,1.25e-05
103603,1,1.25e-05
377711,1,1.25e-05
045974,1,1.25e-05
230630,1,1.25e-05
032902,1,1.25e-05
938445,1,1.25e-05
050338,1,1.25e-05
060475,1,1.25e-05
422829,1,1.25e-05
890521,1,1.25e-05
663575,1,1.25e-05
556914,1,1.25e-05
363145,1,1.25e-05
584480,1,1.25e-05
210887,1,1.25e-05
644579,1,1.25e-05
558319,1,1.25e-05
919329,1,1.25e-05
251257,1,1.25e-05
210578,1,1.25e-05
544931,1,1.25e-05
050498,1,1.25e-05
331091,1,1.25e-05
028202,1,1.25e-05
071163,1,1.25e-05
100880,1,1.25e-05
466573,1,1.25e-05
165700,1,1.25e-05
559357,1,1.25e-05
183043,1,1.25e-05
596328,1,1.25e-05
683785,1,1.25e-05
061038,1,1.25e-05
689203,1,1.25e-05
590065,1,1.25e-05
590390,1,1.25e-05
769431,1,1.25e-05
523747,1,1.25e-05
724493,1,1.25e-05
231235,1,1.25e-05
740962,1,1.25e-05
214439,1,1.25e-05
636264,1,1.25e-05
142005,1,1.25e-05
406557,1,1.25e-05
968086,1,1.25e-05
823510,1,1.25e-05
908603,1,1.25e-05
180117,1,1.25e-05
240653,1,1.25e-05
684507,1,1.25e-05
280976,1,1.25e-05
693406,1,1.25e-05
081283,1,1.25e-05
657286,1,1.25e-05
719839,1,1.25e-05
725880,1,1.25e-05
200166,1,1.25e-05
110161,1,1.25e-05
248452,1,1.25e-05
040856,1,1.25e-05
181209,1,1.25e-05
140939,1,1.25e-05
230790,1,1.25e-05
080650,1,1.25e-05
482072,1,1.25e-05
070416,1,1.25e-05
378387,1,1.25e-05
071177,1,1.25e-05
880044,1,1.25e-05
080787,1,1.25e-05
050296,1,1.25e-05
081331,1,1.25e-05
610820,1,1.25e-05
111050,1,1.25e-05
114947,1,1.25e-05
260718,1,1.25e-05
240799,1,1.25e-05
827529,1,1.25e-05
190330,1,1.25e-05
030860,1,1.25e-05
807982,1,1.25e-05
517476,1,1.25e-05
435497,1,1.25e-05
542030,1,1.25e-05
863710,1,1.25e-05
010185,1,1.25e-05
120963,1,1.25e-05
200929,1,1.25e-05
160656,1,1.25e-05
972901,1,1.25e-05
160914,1,1.25e-05
553002,1,1.25e-05
221013,1,1.25e-05
270961,1,1.25e-05
755704,1,1.25e-05
111009,1,1.25e-05
140515,1,1.25e-05
011285,1,1.25e-05
438012,1,1.25e-05
130958,1,1.25e-05
060815,1,1.25e-05
838479,1,1.25e-05
709253,1,1.25e-05
269040,1,1.25e-05
200697,1,1.25e-05
210730,1,1.25e-05
060534,1,1.25e-05
199238,1,1.25e-05
039361,1,1.25e-05
250417,1,1.25e-05
803248,1,1.25e-05
266304,1,1.25e-05
534464,1,1.25e-05
170466,1,1.25e-05
180150,1,1.25e-05
240273,1,1.25e-05
040555,1,1.25e-05
261887,1,1.25e-05
533134,1,1.25e-05
091005,1,1.25e-05
200586,1,1.25e-05
181384,1,1.25e-05
040295,1,1.25e-05
609143,1,1.25e-05
182122,1,1.25e-05
050913,1,1.25e-05
982054,1,1.25e-05
080286,1,1.25e-05
091201,1,1.25e-05
776055,1,1.25e-05
090888,1,1.25e-05
768141,1,1.25e-05
100744,1,1.25e-05
170374,1,1.25e-05
885099,1,1.25e-05
246024,1,1.25e-05
140715,1,1.25e-05
788884,1,1.25e-05
725160,1,1.25e-05
523601,1,1.25e-05
010932,1,1.25e-05
010253,1,1.25e-05
051156,1,1.25e-05
802640,1,1.25e-05
100663,1,1.25e-05
200640,1,1.25e-05
370798,1,1.25e-05
697345,1,1.25e-05
130729,1,1.25e-05
370688,1,1.25e-05
140709,1,1.25e-05
270775,1,1.25e-05
150743,1,1.25e-05
141021,1,1.25e-05
747807,1,1.25e-05
051018,1,1.25e-05
597757,1,1.25e-05
283971,1,1.25e-05
241248,1,1.25e-05
891273,1,1.25e-05
138861,1,1.25e-05
476359,1,1.25e-05
030902,1,1.25e-05
270191,1,1.25e-05
787598,1,1.25e-05
240367,1,1.25e-05
042952,1,1.25e-05
160357,1,1.25e-05
802421,1,1.25e-05
779949,1,1.25e-05
190812,1,1.25e-05
235724,1,1.25e-05
030761,1,1.25e-05
246965,1,1.25e-05
167899,1,1.25e-05
171132,1,1.25e-05
060833,1,1.25e-05
070147,1,1.25e-05
240529,1,1.25e-05
030543,1,1.25e-05
829728,1,1.25e-05
060872,1,1.25e-05
396091,1,1.25e-05
080179,1,1.25e-05
130534,1,1.25e-05
071186,1,1.25e-05
190523,1,1.25e-05
260490,1,1.25e-05
280311,1,1.25e-05
384882,1,1.25e-05
909220,1,1.25e-05
200872,1,1.25e-05
419801,1,1.25e-05
837707,1,1.25e-05
270432,1,1.25e-05
090328,1,1.25e-05
130792,1,1.25e-05
030707,1,1.25e-05
180831,1,1.25e-05
071042,1,1.25e-05
913109,1,1.25e-05
061047,1,1.25e-05
050670,1,1.25e-05
170295,1,1.25e-05
011193,1,1.25e-05
054890,1,1.25e-05
399897,1,1.25e-05
101132,1,1.25e-05
378658,1,1.25e-05
732971,1,1.25e-05
171022,1,1.25e-05
492428,1,1.25e-05
098251,1,1.25e-05
241062,1,1.25e-05
999134,1,1.25e-05
110829,1,1.25e-05
280396,1,1.25e-05
380992,1,1.25e-05
171102,1,1.25e-05
280478,1,1.25e-05
038735,1,1.25e-05
197568,1,1.25e-05
070763,1,1.25e-05
381112,1,1.25e-05
471721,1,1.25e-05
570911,1,1.25e-05
050978,1,1.25e-05
007100,1,1.25e-05
129969,1,1.25e-05
963323,1,1.25e-05
620761,1,1.25e-05
190953,1,1.25e-05
152642,1,1.25e-05
250744,1,1.25e-05
442548,1,1.25e-05
100779,1,1.25e-05
130395,1,1.25e-05
280650,1,1.25e-05
938345,1,1.25e-05
050970,1,1.25e-05
039431,1,1.25e-05
902592,1,1.25e-05
601596,1,1.25e-05
715376,1,1.25e-05
031263,1,1.25e-05
157584,1,1.25e-05
780560,1,1.25e-05
190435,1,1.25e-05
066832,1,1.25e-05
170564,1,1.25e-05
168710,1,1.25e-05
694475,1,1.25e-05
050152,1,1.25e-05
822368,1,1.25e-05
616680,1,1.25e-05
443663,1,1.25e-05
462879,1,1.25e-05
488336,1,1.25e-05
420956,1,1.25e-05
010638,1,1.25e-05
320407,1,1.25e-05
461838,1,1.25e-05
713438,1,1.25e-05
070706,1,1.25e-05
453533,1,1.25e-05
292449,1,1.25e-05
230278,1,1.25e-05
140478,1,1.25e-05
080581,1,1.25e-05
080425,1,1.25e-05
211165,1,1.25e-05
488167,1,1.25e-05
150940,1,1.25e-05
518295,1,1.25e-05
646912,1,1.25e-05
601417,1,1.25e-05
280201,1,1.25e-05
456542,1,1.25e-05
492545,1,1.25e-05
280287,1,1.25e-05
160912,1,1.25e-05
725208,1,1.25e-05
270993,1,1.25e-05
424252,1,1.25e-05
493730,1,1.25e-05
547763,1,1.25e-05
150538,1,1.25e-05
270380,1,1.25e-05
270526,1,1.25e-05
071015,1,1.25e-05
110279,1,1.25e-05
656051,1,1.25e-05
180684,1,1.25e-05
190697,1,1.25e-05
161004,1,1.25e-05
120266,1,1.25e-05
081874,1,1.25e-05
927418,1,1.25e-05
446716,1,1.25e-05
210505,1,1.25e-05
418728,1,1.25e-05
712088,1,1.25e-05
907753,1,1.25e-05
040614,1,1.25e-05
356640,1,1.25e-05
021143,1,1.25e-05
836142,1,1.25e-05
284268,1,1.25e-05
231296,1,1.25e-05
010908,1,1.25e-05
270940,1,1.25e-05
070938,1,1.25e-05
010757,1,1.25e-05
305502,1,1.25e-05
184912,1,1.25e-05
070905,1,1.25e-05
255709,1,1.25e-05
260696,1,1.25e-05
247066,1,1.25e-05
082258,1,1.25e-05
927395,1,1.25e-05
971380,1,1.25e-05
041037,1,1.25e-05
522155,1,1.25e-05
271181,1,1.25e-05
140539,1,1.25e-05
250597,1,1.25e-05
781783,1,1.25e-05
474415,1,1.25e-05
011072,1,1.25e-05
149156,1,1.25e-05
270859,1,1.25e-05
280263,1,1.25e-05
220991,1,1.25e-05
050238,1,1.25e-05
502946,1,1.25e-05
778266,1,1.25e-05
211058,1,1.25e-05
130694,1,1.25e-05
250839,1,1.25e-05
529547,1,1.25e-05
030553,1,1.25e-05
878560,1,1.25e-05
882069,1,1.25e-05
080957,1,1.25e-05
010388,1,1.25e-05
008321,1,1.25e-05
019121,1,1.25e-05
298182,1,1.25e-05
031146,1,1.25e-05
030500,1,1.25e-05
465784,1,1.25e-05
832446,1,1.25e-05
702623,1,1.25e-05
221204,1,1.25e-05
748052,1,1.25e-05
101025,1,1.25e-05
180110,1,1.25e-05
759449,1,1.25e-05
884275,1,1.25e-05
975068,1,1.25e-05
140256,1,1.25e-05
072022,1,1.25e-05
240779,1,1.25e-05
201182,1,1.25e-05
599677,1,1.25e-05
040548,1,1.25e-05
191091,1,1.25e-05
090262,1,1.25e-05
730634,1,1.25e-05
156944,1,1.25e-05
240669,1,1.25e-05
054196,1,1.25e-05
495123,1,1.25e-05
636695,1,1.25e-05
071118,1,1.25e-05
271830,1,1.25e-05
070287,1,1.25e-05
250853,1,1.25e-05
070164,1,1.25e-05
281122,1,1.25e-05
330506,1,1.25e-05
231206,1,1.25e-05
191010,1,1.25e-05
759205,1,1.25e-05
151209,1,1.25e-05
200142,1,1.25e-05
738165,1,1.25e-05
708478,1,1.25e-05
230753,1,1.25e-05
869152,1,1.25e-05
191233,1,1.25e-05
959782,1,1.25e-05
386431,1,1.25e-05
190211,1,1.25e-05
608477,1,1.25e-05
427376,1,1.25e-05
091971,1,1.25e-05
678718,1,1.25e-05
180326,1,1.25e-05
270343,1,1.25e-05
228714,1,1.25e-05
899655,1,1.25e-05
690219,1,1.25e-05
182028,1,1.25e-05
190362,1,1.25e-05
030807,1,1.25e-05
162504,1,1.25e-05
254952,1,1.25e-05
437865,1,1.25e-05
555819,1,1.25e-05
705038,1,1.25e-05
678068,1,1.25e-05
264613,1,1.25e-05
061029,1,1.25e-05
833633,1,1.25e-05
060920,1,1.25e-05
140911,1,1.25e-05
061148,1,1.25e-05
081177,1,1.25e-05
241232,1,1.25e-05
745996,1,1.25e-05
041066,1,1.25e-05
289737,1,1.25e-05
190130,1,1.25e-05
130177,1,1.25e-05
211164,1,1.25e-05
190548,1,1.25e-05
160643,1,1.25e-05
895521,1,1.25e-05
160752,1,1.25e-05
319773,1,1.25e-05
661014,1,1.25e-05
210988,1,1.25e-05
090979,1,1.25e-05
100455,1,1.25e-05
130251,1,1.25e-05
771293,1,1.25e-05
397242,1,1.25e-05
463376,1,1.25e-05
438651,1,1.25e-05
190996,1,1.25e-05
040416,1,1.25e-05
247378,1,1.25e-05
010968,1,1.25e-05
180540,1,1.25e-05
160352,1,1.25e-05
806837,1,1.25e-05
120686,1,1.25e-05
040366,1,1.25e-05
355388,1,1.25e-05
510898,1,1.25e-05
702524,1,1.25e-05
250466,1,1.25e-05
022716,1,1.25e-05
181754,1,1.25e-05
150635,1,1.25e-05
230215,1,1.25e-05
081041,1,1.25e-05
074247,1,1.25e-05
111142,1,1.25e-05
374433,1,1.25e-05
432338,1,1.25e-05
131222,1,1.25e-05
011071,1,1.25e-05
152117,1,1.25e-05
210579,1,1.25e-05
021216,1,1.25e-05
190368,1,1.25e-05
011018,1,1.25e-05
070731,1,1.25e-05
045727,1,1.25e-05
280742,1,1.25e-05
265545,1,1.25e-05
696244,1,1.25e-05
471820,1,1.25e-05
026019,1,1.25e-05
931866,1,1.25e-05
281159,1,1.25e-05
632829,1,1.25e-05
766330,1,1.25e-05
180710,1,1.25e-05
260680,1,1.25e-05
495184,1,1.25e-05
250618,1,1.25e-05
631924,1,1.25e-05
020506,1,1.25e-05
980173,1,1.25e-05
110857,1,1.25e-05
120207,1,1.25e-05
060636,1,1.25e-05
020533,1,1.25e-05
585026,1,1.25e-05
503363,1,1.25e-05
927928,1,1.25e-05
041287,1,1.25e-05
210449,1,1.25e-05
230555,1,1.25e-05
541199,1,1.25e-05
181455,1,1.25e-05
423626,1,1.25e-05
277456,1,1.25e-05
280657,1,1.25e-05
104844,1,1.25e-05
210137,1,1.25e-05
050146,1,1.25e-05
280350,1,1.25e-05
071073,1,1.25e-05
528842,1,1.25e-05
151154,1,1.25e-05
700055,1,1.25e-05
280359,1,1.25e-05
211097,1,1.25e-05
435377,1,1.25e-05
757352,1,1.25e-05
121263,1,1.25e-05
285990,1,1.25e-05
138424,1,1.25e-05
707097,1,1.25e-05
536117,1,1.25e-05
550039,1,1.25e-05
262443,1,1.25e-05
060350,1,1.25e-05
101006,1,1.25e-05
130869,1,1.25e-05
295553,1,1.25e-05
050240,1,1.25e-05
107706,1,1.25e-05
828594,1,1.25e-05
808623,1,1.25e-05
967930,1,1.25e-05
661211,1,1.25e-05
047908,1,1.25e-05
240560,1,1.25e-05
201188,1,1.25e-05
438899,1,1.25e-05
318547,1,1.25e-05
376963,1,1.25e-05
841334,1,1.25e-05
750078,1,1.25e-05
011134,1,1.25e-05
288050,1,1.25e-05
389714,1,1.25e-05
131403,1,1.25e-05
987903,1,1.25e-05
168449,1,1.25e-05
130941,1,1.25e-05
110365,1,1.25e-05
130656,1,1.25e-05
240875,1,1.25e-05
190820,1,1.25e-05
009072,1,1.25e-05
280572,1,1.25e-05
585942,1,1.25e-05
737589,1,1.25e-05
211207,1,1.25e-05
402750,1,1.25e-05
170286,1,1.25e-05
050994,1,1.25e-05
505113,1,1.25e-05
220496,1,1.25e-05
030389,1,1.25e-05
830482,1,1.25e-05
180590,1,1.25e-05
110215,1,1.25e-05
632016,1,1.25e-05
389287,1,1.25e-05
994161,1,1.25e-05
595889,1,1.25e-05
699506,1,1.25e-05
281054,1,1.25e-05
020939,1,1.25e-05
230928,1,1.25e-05
626040,1,1.25e-05
110622,1,1.25e-05
220147,1,1.25e-05
547935,1,1.25e-05
011255,1,1.25e-05
010956,1,1.25e-05
546050,1,1.25e-05
021180,1,1.25e-05
260883,1,1.25e-05
190569,1,1.25e-05
160371,1,1.25e-05
231202,1,1.25e-05
130596,1,1.25e-05
785096,1,1.25e-05
190940,1,1.25e-05
160619,1,1.25e-05
071043,1,1.25e-05
122935,1,1.25e-05
334136,1,1.25e-05
140530,1,1.25e-05
192093,1,1.25e-05
484935,1,1.25e-05
648636,1,1.25e-05
509411,1,1.25e-05
816408,1,1.25e-05
507259,1,1.25e-05
369712,1,1.25e-05
149724,1,1.25e-05
143293,1,1.25e-05
678863,1,1.25e-05
052286,1,1.25e-05
757212,1,1.25e-05
414337,1,1.25e-05
083792,1,1.25e-05
060155,1,1.25e-05
695082,1,1.25e-05
844212,1,1.25e-05
252422,1,1.25e-05
781812,1,1.25e-05
090894,1,1.25e-05
201072,1,1.25e-05
131367,1,1.25e-05
200661,1,1.25e-05
238763,1,1.25e-05
518632,1,1.25e-05
482387,1,1.25e-05
020289,1,1.25e-05
281018,1,1.25e-05
070276,1,1.25e-05
481379,1,1.25e-05
281278,1,1.25e-05
962649,1,1.25e-05
060659,1,1.25e-05
271182,1,1.25e-05
335242,1,1.25e-05
003287,1,1.25e-05
200471,1,1.25e-05
030529,1,1.25e-05
160500,1,1.25e-05
423145,1,1.25e-05
905819,1,1.25e-05
120804,1,1.25e-05
070555,1,1.25e-05
973224,1,1.25e-05
781890,1,1.25e-05
040940,1,1.25e-05
010564,1,1.25e-05
108356,1,1.25e-05
230340,1,1.25e-05
453196,1,1.25e-05
614853,1,1.25e-05
156200,1,1.25e-05
210549,1,1.25e-05
463426,1,1.25e-05
120442,1,1.25e-05
237496,1,1.25e-05
810932,1,1.25e-05
010748,1,1.25e-05
082491,1,1.25e-05
021548,1,1.25e-05
621553,1,1.25e-05
896320,1,1.25e-05
081126,1,1.25e-05
791638,1,1.25e-05
140536,1,1.25e-05
131049,1,1.25e-05
274376,1,1.25e-05
647939,1,1.25e-05
150828,1,1.25e-05
164162,1,1.25e-05
160740,1,1.25e-05
221262,1,1.25e-05
061144,1,1.25e-05
074598,1,1.25e-05
171061,1,1.25e-05
160937,1,1.25e-05
021227,1,1.25e-05
324247,1,1.25e-05
240316,1,1.25e-05
587148,1,1.25e-05
060208,1,1.25e-05
829029,1,1.25e-05
896143,1,1.25e-05
080385,1,1.25e-05
260339,1,1.25e-05
111136,1,1.25e-05
111121,1,1.25e-05
237485,1,1.25e-05
030889,1,1.25e-05
210985,1,1.25e-05
270402,1,1.25e-05
977946,1,1.25e-05
055943,1,1.25e-05
298682,1,1.25e-05
015087,1,1.25e-05
745957,1,1.25e-05
080317,1,1.25e-05
114552,1,1.25e-05
395686,1,1.25e-05
150217,1,1.25e-05
070127,1,1.25e-05
873987,1,1.25e-05
307118,1,1.25e-05
376731,1,1.25e-05
160827,1,1.25e-05
250780,1,1.25e-05
040473,1,1.25e-05
130564,1,1.25e-05
130699,1,1.25e-05
240750,1,1.25e-05
060480,1,1.25e-05
602684,1,1.25e-05
060740,1,1.25e-05
770077,1,1.25e-05
148220,1,1.25e-05
280254,1,1.25e-05
371106,1,1.25e-05
210434,1,1.25e-05
469653,1,1.25e-05
820692,1,1.25e-05
021018,1,1.25e-05
050615,1,1.25e-05
070857,1,1.25e-05
010687,1,1.25e-05
267473,1,1.25e-05
035021,1,1.25e-05
141138,1,1.25e-05
020810,1,1.25e-05
402440,1,1.25e-05
270113,1,1.25e-05
880936,1,1.25e-05
281144,1,1.25e-05
010525,1,1.25e-05
833899,1,1.25e-05
054128,1,1.25e-05
948008,1,1.25e-05
856418,1,1.25e-05
743011,1,1.25e-05
083386,1,1.25e-05
141509,1,1.25e-05
142723,1,1.25e-05
160316,1,1.25e-05
031095,1,1.25e-05
031015,1,1.25e-05
050643,1,1.25e-05
815680,1,1.25e-05
020605,1,1.25e-05
577076,1,1.25e-05
030135,1,1.25e-05
191201,1,1.25e-05
717224,1,1.25e-05
280850,1,1.25e-05
736520,1,1.25e-05
030982,1,1.25e-05
270422,1,1.25e-05
235729,1,1.25e-05
090955,1,1.25e-05
141022,1,1.25e-05
510002,1,1.25e-05
465268,1,1.25e-05
070271,1,1.25e-05
030127,1,1.25e-05
130293,1,1.25e-05
072630,1,1.25e-05
221556,1,1.25e-05
323316,1,1.25e-05
228314,1,1.25e-05
080814,1,1.25e-05
903473,1,1.25e-05
974210,1,1.25e-05
806823,1,1.25e-05
658141,1,1.25e-05
050849,1,1.25e-05
280939,1,1.25e-05
391270,1,1.25e-05
157903,1,1.25e-05
280238,1,1.25e-05
900170,1,1.25e-05
660737,1,1.25e-05
570945,1,1.25e-05
110273,1,1.25e-05
040142,1,1.25e-05
746339,1,1.25e-05
121026,1,1.25e-05
230927,1,1.25e-05
697244,1,1.25e-05
704299,1,1.25e-05
810696,1,1.25e-05
081188,1,1.25e-05
175479,1,1.25e-05
443031,1,1.25e-05
030848,1,1.25e-05
070730,1,1.25e-05
110423,1,1.25e-05
240106,1,1.25e-05
944950,1,1.25e-05
769885,1,1.25e-05
329717,1,1.25e-05
091170,1,1.25e-05
280526,1,1.25e-05
307596,1,1.25e-05
230774,1,1.25e-05
890338,1,1.25e-05
051299,1,1.25e-05
220306,1,1.25e-05
081194,1,1.25e-05
100718,1,1.25e-05
150471,1,1.25e-05
406153,1,1.25e-05
270456,1,1.25e-05
496219,1,1.25e-05
980336,1,1.25e-05
270386,1,1.25e-05
181034,1,1.25e-05
617187,1,1.25e-05
036142,1,1.25e-05
878742,1,1.25e-05
516013,1,1.25e-05
608294,1,1.25e-05
507009,1,1.25e-05
250714,1,1.25e-05
174674,1,1.25e-05
060154,1,1.25e-05
902613,1,1.25e-05
852612,1,1.25e-05
164404,1,1.25e-05
099926,1,1.25e-05
110518,1,1.25e-05
573945,1,1.25e-05
152818,1,1.25e-05
170247,1,1.25e-05
240598,1,1.25e-05
250684,1,1.25e-05
210170,1,1.25e-05
516028,1,1.25e-05
280995,1,1.25e-05
521617,1,1.25e-05
270401,1,1.25e-05
030909,1,1.25e-05
693479,1,1.25e-05
140936,1,1.25e-05
650655,1,1.25e-05
817930,1,1.25e-05
141192,1,1.25e-05
270820,1,1.25e-05
867244,1,1.25e-05
080288,1,1.25e-05
240413,1,1.25e-05
240686,1,1.25e-05
100670,1,1.25e-05
446616,1,1.25e-05
006136,1,1.25e-05
240115,1,1.25e-05
151174,1,1.25e-05
070185,1,1.25e-05
593654,1,1.25e-05
081001,1,1.25e-05
739297,1,1.25e-05
040189,1,1.25e-05
850170,1,1.25e-05
017137,1,1.25e-05
281045,1,1.25e-05
050589,1,1.25e-05
021275,1,1.25e-05
472955,1,1.25e-05
349321,1,1.25e-05
470599,1,1.25e-05
416272,1,1.25e-05
955927,1,1.25e-05
030527,1,1.25e-05
123120,1,1.25e-05
393016,1,1.25e-05
154901,1,1.25e-05
281763,1,1.25e-05
190325,1,1.25e-05
141130,1,1.25e-05
316205,1,1.25e-05
191063,1,1.25e-05
250483,1,1.25e-05
240402,1,1.25e-05
181266,1,1.25e-05
680839,1,1.25e-05
080653,1,1.25e-05
200651,1,1.25e-05
020624,1,1.25e-05
733343,1,1.25e-05
250265,1,1.25e-05
854908,1,1.25e-05
191298,1,1.25e-05
304042,1,1.25e-05
090433,1,1.25e-05
880719,1,1.25e-05
342957,1,1.25e-05
031042,1,1.25e-05
140640,1,1.25e-05
755871,1,1.25e-05
761419,1,1.25e-05
150665,1,1.25e-05
280492,1,1.25e-05
220213,1,1.25e-05
194783,1,1.25e-05
540776,1,1.25e-05
590564,1,1.25e-05
270308,1,1.25e-05
190512,1,1.25e-05
220743,1,1.25e-05
487433,1,1.25e-05
637533,1,1.25e-05
751810,1,1.25e-05
638981,1,1.25e-05
091240,1,1.25e-05
137638,1,1.25e-05
170306,1,1.25e-05
122137,1,1.25e-05
250910,1,1.25e-05
972808,1,1.25e-05
031164,1,1.25e-05
264543,1,1.25e-05
160855,1,1.25e-05
670183,1,1.25e-05
671604,1,1.25e-05
150390,1,1.25e-05
087873,1,1.25e-05
941963,1,1.25e-05
820982,1,1.25e-05
201105,1,1.25e-05
160221,1,1.25e-05
280822,1,1.25e-05
070483,1,1.25e-05
230839,1,1.25e-05
240522,1,1.25e-05
271257,1,1.25e-05
100144,1,1.25e-05
060684,1,1.25e-05
170353,1,1.25e-05
723466,1,1.25e-05
688146,1,1.25e-05
030232,1,1.25e-05
130171,1,1.25e-05
160605,1,1.25e-05
011266,1,1.25e-05
498127,1,1.25e-05
161232,1,1.25e-05
833441,1,1.25e-05
230170,1,1.25e-05
636383,1,1.25e-05
211091,1,1.25e-05
090839,1,1.25e-05
140909,1,1.25e-05
150615,1,1.25e-05
062721,1,1.25e-05
636032,1,1.25e-05
601269,1,1.25e-05
270713,1,1.25e-05
060782,1,1.25e-05
010735,1,1.25e-05
020896,1,1.25e-05
578388,1,1.25e-05
170172,1,1.25e-05
220119,1,1.25e-05
982176,1,1.25e-05
090217,1,1.25e-05
448324,1,1.25e-05
610481,1,1.25e-05
358332,1,1.25e-05
160151,1,1.25e-05
010545,1,1.25e-05
545709,1,1.25e-05
096042,1,1.25e-05
646071,1,1.25e-05
161123,1,1.25e-05
612975,1,1.25e-05
250553,1,1.25e-05
190533,1,1.25e-05
270476,1,1.25e-05
031152,1,1.25e-05
827154,1,1.25e-05
180948,1,1.25e-05
944335,1,1.25e-05
170386,1,1.25e-05
638325,1,1.25e-05
736000,1,1.25e-05
862281,1,1.25e-05
041124,1,1.25e-05
509720,1,1.25e-05
485472,1,1.25e-05
281077,1,1.25e-05
140504,1,1.25e-05
477376,1,1.25e-05
251050,1,1.25e-05
961049,1,1.25e-05
131158,1,1.25e-05
950335,1,1.25e-05
184267,1,1.25e-05
628810,1,1.25e-05
978884,1,1.25e-05
780159,1,1.25e-05
327127,1,1.25e-05
210791,1,1.25e-05
030777,1,1.25e-05
868080,1,1.25e-05
927957,1,1.25e-05
110528,1,1.25e-05
582853,1,1.25e-05
931398,1,1.25e-05
168099,1,1.25e-05
010570,1,1.25e-05
120143,1,1.25e-05
871122,1,1.25e-05
061275,1,1.25e-05
280334,1,1.25e-05
582698,1,1.25e-05
699973,1,1.25e-05
276643,1,1.25e-05
110859,1,1.25e-05
080910,1,1.25e-05
083570,1,1.25e-05
280441,1,1.25e-05
181304,1,1.25e-05
160766,1,1.25e-05
280910,1,1.25e-05
553327,1,1.25e-05
159562,1,1.25e-05
543954,1,1.25e-05
630200,1,1.25e-05
060288,1,1.25e-05
100195,1,1.25e-05
240493,1,1.25e-05
180349,1,1.25e-05
050646,1,1.25e-05
066959,1,1.25e-05
170775,1,1.25e-05
011167,1,1.25e-05
080913,1,1.25e-05
280245,1,1.25e-05
160268,1,1.25e-05
260580,1,1.25e-05
080281,1,1.25e-05
037327,1,1.25e-05
070322,1,1.25e-05
110357,1,1.25e-05
337546,1,1.25e-05
118252,1,1.25e-05
699928,1,1.25e-05
041295,1,1.25e-05
121186,1,1.25e-05
899641,1,1.25e-05
124624,1,1.25e-05
430121,1,1.25e-05
040603,1,1.25e-05
021038,1,1.25e-05
039399,1,1.25e-05
070762,1,1.25e-05
020501,1,1.25e-05
042383,1,1.25e-05
140659,1,1.25e-05
510715,1,1.25e-05
182975,1,1.25e-05
270346,1,1.25e-05
913955,1,1.25e-05
230653,1,1.25e-05
171198,1,1.25e-05
230998,1,1.25e-05
423528,1,1.25e-05
040307,1,1.25e-05
010659,1,1.25e-05
543892,1,1.25e-05
210672,1,1.25e-05
307206,1,1.25e-05
366263,1,1.25e-05
485744,1,1.25e-05
534443,1,1.25e-05
241089,1,1.25e-05
046238,1,1.25e-05
160317,1,1.25e-05
362372,1,1.25e-05
120595,1,1.25e-05
210524,1,1.25e-05
401205,1,1.25e-05
343641,1,1.25e-05
031120,1,1.25e-05
891751,1,1.25e-05
131133,1,1.25e-05
332708,1,1.25e-05
743751,1,1.25e-05
325301,1,1.25e-05
741229,1,1.25e-05
080413,1,1.25e-05
130801,1,1.25e-05
409101,1,1.25e-05
130644,1,1.25e-05
282532,1,1.25e-05
358500,1,1.25e-05
150861,1,1.25e-05
032084,1,1.25e-05
030722,1,1.25e-05
492963,1,1.25e-05
230601,1,1.25e-05
010817,1,1.25e-05
250535,1,1.25e-05
180192,1,1.25e-05
984969,1,1.25e-05
210592,1,1.25e-05
947860,1,1.25e-05
180134,1,1.25e-05
140856,1,1.25e-05
843189,1,1.25e-05
041255,1,1.25e-05
986184,1,1.25e-05
201100,1,1.25e-05
864055,1,1.25e-05
231096,1,1.25e-05
964929,1,1.25e-05
280251,1,1.25e-05
170289,1,1.25e-05
130685,1,1.25e-05
951998,1,1.25e-05
068258,1,1.25e-05
110132,1,1.25e-05
200999,1,1.25e-05
011034,1,1.25e-05
378873,1,1.25e-05
881529,1,1.25e-05
719165,1,1.25e-05
090426,1,1.25e-05
617811,1,1.25e-05
040823,1,1.25e-05
270536,1,1.25e-05
060404,1,1.25e-05
261220,1,1.25e-05
753961,1,1.25e-05
102928,1,1.25e-05
250552,1,1.25e-05
973615,1,1.25e-05
695677,1,1.25e-05
470066,1,1.25e-05
201156,1,1.25e-05
170880,1,1.25e-05
562878,1,1.25e-05
253730,1,1.25e-05
189292,1,1.25e-05
658864,1,1.25e-05
070157,1,1.25e-05
397695,1,1.25e-05
060602,1,1.25e-05
230798,1,1.25e-05
282064,1,1.25e-05
160309,1,1.25e-05
131190,1,1.25e-05
280480,1,1.25e-05
240991,1,1.25e-05
271197,1,1.25e-05
220765,1,1.25e-05
061125,1,1.25e-05
270644,1,1.25e-05
230602,1,1.25e-05
625094,1,1.25e-05
010780,1,1.25e-05
220808,1,1.25e-05
742110,1,1.25e-05
021231,1,1.25e-05
150739,1,1.25e-05
042205,1,1.25e-05
200711,1,1.25e-05
672882,1,1.25e-05
110102,1,1.25e-05
090649,1,1.25e-05
131018,1,1.25e-05
101259,1,1.25e-05
450536,1,1.25e-05
582103,1,1.25e-05
120651,1,1.25e-05
028506,1,1.25e-05
190298,1,1.25e-05
236090,1,1.25e-05
110389,1,1.25e-05
415552,1,1.25e-05
231215,1,1.25e-05
100248,1,1.25e-05
154999,1,1.25e-05
141139,1,1.25e-05
948613,1,1.25e-05
240335,1,1.25e-05
481384,1,1.25e-05
064402,1,1.25e-05
050942,1,1.25e-05
818893,1,1.25e-05
100310,1,1.25e-05
495302,1,1.25e-05
050133,1,1.25e-05
111008,1,1.25e-05
070233,1,1.25e-05
957761,1,1.25e-05
091003,1,1.25e-05
250763,1,1.25e-05
250983,1,1.25e-05
799729,1,1.25e-05
094001,1,1.25e-05
759673,1,1.25e-05
281151,1,1.25e-05
011158,1,1.25e-05
240858,1,1.25e-05
260768,1,1.25e-05
380949,1,1.25e-05
170417,1,1.25e-05
910157,1,1.25e-05
020520,1,1.25e-05
210299,1,1.25e-05
463585,1,1.25e-05
806452,1,1.25e-05
995542,1,1.25e-05
287702,1,1.25e-05
210506,1,1.25e-05
270693,1,1.25e-05
058780,1,1.25e-05
020527,1,1.25e-05
070903,1,1.25e-05
509681,1,1.25e-05
692991,1,1.25e-05
110609,1,1.25e-05
050711,1,1.25e-05
170463,1,1.25e-05
230974,1,1.25e-05
120761,1,1.25e-05
424950,1,1.25e-05
406433,1,1.25e-05
038930,1,1.25e-05
130462,1,1.25e-05
210539,1,1.25e-05
416540,1,1.25e-05
240270,1,1.25e-05
716399,1,1.25e-05
376691,1,1.25e-05
180647,1,1.25e-05
223095,1,1.25e-05
161257,1,1.25e-05
110376,1,1.25e-05
634842,1,1.25e-05
469639,1,1.25e-05
970983,1,1.25e-05
010370,1,1.25e-05
230862,1,1.25e-05
100858,1,1.25e-05
126327,1,1.25e-05
537145,1,1.25e-05
137148,1,1.25e-05
181188,1,1.25e-05
031799,1,1.25e-05
165603,1,1.25e-05
819292,1,1.25e-05
191171,1,1.25e-05
276707,1,1.25e-05
010743,1,1.25e-05
220129,1,1.25e-05
112255,1,1.25e-05
098388,1,1.25e-05
067654,1,1.25e-05
498502,1,1.25e-05
060522,1,1.25e-05
030577,1,1.25e-05
080604,1,1.25e-05
110450,1,1.25e-05
956580,1,1.25e-05
230320,1,1.25e-05
270994,1,1.25e-05
100333,1,1.25e-05
700689,1,1.25e-05
537777,1,1.25e-05
994712,1,1.25e-05
090338,1,1.25e-05
054734,1,1.25e-05
567895,1,1.25e-05
260513,1,1.25e-05
374676,1,1.25e-05
213666,1,1.25e-05
974036,1,1.25e-05
898725,1,1.25e-05
683567,1,1.25e-05
394243,1,1.25e-05
579349,1,1.25e-05
081189,1,1.25e-05
190757,1,1.25e-05
130939,1,1.25e-05
130296,1,1.25e-05
170255,1,1.25e-05
213660,1,1.25e-05
045649,1,1.25e-05
006128,1,1.25e-05
875125,1,1.25e-05
090615,1,1.25e-05
230860,1,1.25e-05
200709,1,1.25e-05
210775,1,1.25e-05
040673,1,1.25e-05
260526,1,1.25e-05
181208,1,1.25e-05
091175,1,1.25e-05
296609,1,1.25e-05
080289,1,1.25e-05
260467,1,1.25e-05
070789,1,1.25e-05
456895,1,1.25e-05
251286,1,1.25e-05
715359,1,1.25e-05
141024,1,1.25e-05
243345,1,1.25e-05
051059,1,1.25e-05
260152,1,1.25e-05
200515,1,1.25e-05
100709,1,1.25e-05
270692,1,1.25e-05
819959,1,1.25e-05
161027,1,1.25e-05
376917,1,1.25e-05
994961,1,1.25e-05
240305,1,1.25e-05
064705,1,1.25e-05
240248,1,1.25e-05
448762,1,1.25e-05
150960,1,1.25e-05
407193,1,1.25e-05
180672,1,1.25e-05
020620,1,1.25e-05
120200,1,1.25e-05
446756,1,1.25e-05
496264,1,1.25e-05
214926,1,1.25e-05
070694,1,1.25e-05
180735,1,1.25e-05
041080,1,1.25e-05
220361,1,1.25e-05
100836,1,1.25e-05
276002,1,1.25e-05
160706,1,1.25e-05
090821,1,1.25e-05
617977,1,1.25e-05
412917,1,1.25e-05
130149,1,1.25e-05
335527,1,1.25e-05
040561,1,1.25e-05
280653,1,1.25e-05
741963,1,1.25e-05
155458,1,1.25e-05
140492,1,1.25e-05
997881,1,1.25e-05
201130,1,1.25e-05
074015,1,1.25e-05
389739,1,1.25e-05
891507,1,1.25e-05
120151,1,1.25e-05
240496,1,1.25e-05
652027,1,1.25e-05
042452,1,1.25e-05
776454,1,1.25e-05
270747,1,1.25e-05
034708,1,1.25e-05
161270,1,1.25e-05
211021,1,1.25e-05
260886,1,1.25e-05
240612,1,1.25e-05
423336,1,1.25e-05
406600,1,1.25e-05
280786,1,1.25e-05
090808,1,1.25e-05
513249,1,1.25e-05
080165,1,1.25e-05
015183,1,1.25e-05
170369,1,1.25e-05
150714,1,1.25e-05
270486,1,1.25e-05
035168,1,1.25e-05
652720,1,1.25e-05
848519,1,1.25e-05
280173,1,1.25e-05
100406,1,1.25e-05
131056,1,1.25e-05
170580,1,1.25e-05
230259,1,1.25e-05
732409,1,1.25e-05
050790,1,1.25e-05
170388,1,1.25e-05
596601,1,1.25e-05
185111,1,1.25e-05
091101,1,1.25e-05
580884,1,1.25e-05
041095,1,1.25e-05
180246,1,1.25e-05
247009,1,1.25e-05
218307,1,1.25e-05
838499,1,1.25e-05
050301,1,1.25e-05
403526,1,1.25e-05
140505,1,1.25e-05
841295,1,1.25e-05
061191,1,1.25e-05
291368,1,1.25e-05
989282,1,1.25e-05
130280,1,1.25e-05
787282,1,1.25e-05
270763,1,1.25e-05
968882,1,1.25e-05
682022,1,1.25e-05
041224,1,1.25e-05
590569,1,1.25e-05
121086,1,1.25e-05
955630,1,1.25e-05
120328,1,1.25e-05
240815,1,1.25e-05
200611,1,1.25e-05
261079,1,1.25e-05
513985,1,1.25e-05
191222,1,1.25e-05
163407,1,1.25e-05
260803,1,1.25e-05
180835,1,1.25e-05
120577,1,1.25e-05
231272,1,1.25e-05
748542,1,1.25e-05
220985,1,1.25e-05
041150,1,1.25e-05
328162,1,1.25e-05
101075,1,1.25e-05
139670,1,1.25e-05
430006,1,1.25e-05
041994,1,1.25e-05
180443,1,1.25e-05
013244,1,1.25e-05
070487,1,1.25e-05
804126,1,1.25e-05
091100,1,1.25e-05
481743,1,1.25e-05
160213,1,1.25e-05
228384,1,1.25e-05
434055,1,1.25e-05
090343,1,1.25e-05
667886,1,1.25e-05
150775,1,1.25e-05
597537,1,1.25e-05
170387,1,1.25e-05
509236,1,1.25e-05
221241,1,1.25e-05
220193,1,1.25e-05
798902,1,1.25e-05
387418,1,1.25e-05
260970,1,1.25e-05
788302,1,1.25e-05
052905,1,1.25e-05
202519,1,1.25e-05
201075,1,1.25e-05
697874,1,1.25e-05
050605,1,1.25e-05
374911,1,1.25e-05
844177,1,1.25e-05
061108,1,1.25e-05
280907,1,1.25e-05
090110,1,1.25e-05
416539,1,1.25e-05
235844,1,1.25e-05
261129,1,1.25e-05
100879,1,1.25e-05
230639,1,1.25e-05
060272,1,1.25e-05
030964,1,1.25e-05
611699,1,1.25e-05
406215,1,1.25e-05
070878,1,1.25e-05
379190,1,1.25e-05
928532,1,1.25e-05
270255,1,1.25e-05
552711,1,1.25e-05
598945,1,1.25e-05
040251,1,1.25e-05
803188,1,1.25e-05
699658,1,1.25e-05
070757,1,1.25e-05
100376,1,1.25e-05
250701,1,1.25e-05
200716,1,1.25e-05
271276,1,1.25e-05
221227,1,1.25e-05
250307,1,1.25e-05
271916,1,1.25e-05
576825,1,1.25e-05
081176,1,1.25e-05
190729,1,1.25e-05
190556,1,1.25e-05
376819,1,1.25e-05
140418,1,1.25e-05
230703,1,1.25e-05
168228,1,1.25e-05
799357,1,1.25e-05
210492,1,1.25e-05
281113,1,1.25e-05
147415,1,1.25e-05
941322,1,1.25e-05
200392,1,1.25e-05
243472,1,1.25e-05
745533,1,1.25e-05
170330,1,1.25e-05
041078,1,1.25e-05
230564,1,1.25e-05
141203,1,1.25e-05
919403,1,1.25e-05
397707,1,1.25e-05
191106,1,1.25e-05
430033,1,1.25e-05
110936,1,1.25e-05
989433,1,1.25e-05
150497,1,1.25e-05
101084,1,1.25e-05
060336,1,1.25e-05
769262,1,1.25e-05
056359,1,1.25e-05
120351,1,1.25e-05
100650,1,1.25e-05
151118,1,1.25e-05
020106,1,1.25e-05
200272,1,1.25e-05
010565,1,1.25e-05
170422,1,1.25e-05
228610,1,1.25e-05
038781,1,1.25e-05
021064,1,1.25e-05
426923,1,1.25e-05
040765,1,1.25e-05
209945,1,1.25e-05
280678,1,1.25e-05
070602,1,1.25e-05
646110,1,1.25e-05
285704,1,1.25e-05
318492,1,1.25e-05
240441,1,1.25e-05
399224,1,1.25e-05
090268,1,1.25e-05
280328,1,1.25e-05
222866,1,1.25e-05
081004,1,1.25e-05
270641,1,1.25e-05
097206,1,1.25e-05
060908,1,1.25e-05
755784,1,1.25e-05
251085,1,1.25e-05
200199,1,1.25e-05
220773,1,1.25e-05
659256,1,1.25e-05
963923,1,1.25e-05
141082,1,1.25e-05
110953,1,1.25e-05
936097,1,1.25e-05
196790,1,1.25e-05
795712,1,1.25e-05
030820,1,1.25e-05
692782,1,1.25e-05
110715,1,1.25e-05
031296,1,1.25e-05
210258,1,1.25e-05
110689,1,1.25e-05
030201,1,1.25e-05
020785,1,1.25e-05
530761,1,1.25e-05
668220,1,1.25e-05
546044,1,1.25e-05
144545,1,1.25e-05
060434,1,1.25e-05
023976,1,1.25e-05
141204,1,1.25e-05
261119,1,1.25e-05
401645,1,1.25e-05
755939,1,1.25e-05
800958,1,1.25e-05
200702,1,1.25e-05
100878,1,1.25e-05
609863,1,1.25e-05
260380,1,1.25e-05
040397,1,1.25e-05
161031,1,1.25e-05
170773,1,1.25e-05
645425,1,1.25e-05
343508,1,1.25e-05
710798,1,1.25e-05
109332,1,1.25e-05
250485,1,1.25e-05
643291,1,1.25e-05
150711,1,1.25e-05
010391,1,1.25e-05
253895,1,1.25e-05
091130,1,1.25e-05
080620,1,1.25e-05
260244,1,1.25e-05
160543,1,1.25e-05
241265,1,1.25e-05
188632,1,1.25e-05
040732,1,1.25e-05
150439,1,1.25e-05
543533,1,1.25e-05
110210,1,1.25e-05
857588,1,1.25e-05
161299,1,1.25e-05
171168,1,1.25e-05
131187,1,1.25e-05
120105,1,1.25e-05
608464,1,1.25e-05
170988,1,1.25e-05
140350,1,1.25e-05
393034,1,1.25e-05
320457,1,1.25e-05
221186,1,1.25e-05
030913,1,1.25e-05
240599,1,1.25e-05
280911,1,1.25e-05
010915,1,1.25e-05
779554,1,1.25e-05
060349,1,1.25e-05
437787,1,1.25e-05
050342,1,1.25e-05
824038,1,1.25e-05
907302,1,1.25e-05
230378,1,1.25e-05
200933,1,1.25e-05
121177,1,1.25e-05
181198,1,1.25e-05
098984,1,1.25e-05
730650,1,1.25e-05
220711,1,1.25e-05
667449,1,1.25e-05
509915,1,1.25e-05
280937,1,1.25e-05
081221,1,1.25e-05
738292,1,1.25e-05
973133,1,1.25e-05
736138,1,1.25e-05
042015,1,1.25e-05
051083,1,1.25e-05
190313,1,1.25e-05
040633,1,1.25e-05
061048,1,1.25e-05
434693,1,1.25e-05
275469,1,1.25e-05
672853,1,1.25e-05
100778,1,1.25e-05
218818,1,1.25e-05
848193,1,1.25e-05
246429,1,1.25e-05
120936,1,1.25e-05
719005,1,1.25e-05
280832,1,1.25e-05
160603,1,1.25e-05
100589,1,1.25e-05
080622,1,1.25e-05
644435,1,1.25e-05
010359,1,1.25e-05
248053,1,1.25e-05
710257,1,1.25e-05
281111,1,1.25e-05
759208,1,1.25e-05
051108,1,1.25e-05
880813,1,1.25e-05
251075,1,1.25e-05
505608,1,1.25e-05
050986,1,1.25e-05
061281,1,1.25e-05
173322,1,1.25e-05
182555,1,1.25e-05
179604,1,1.25e-05
270167,1,1.25e-05
230815,1,1.25e-05
664163,1,1.25e-05
525989,1,1.25e-05
210547,1,1.25e-05
051012,1,1.25e-05
797212,1,1.25e-05
090376,1,1.25e-05
602540,1,1.25e-05
110211,1,1.25e-05
966160,1,1.25e-05
251277,1,1.25e-05
450759,1,1.25e-05
893419,1,1.25e-05
160853,1,1.25e-05
030984,1,1.25e-05
677423,1,1.25e-05
240808,1,1.25e-05
649500,1,1.25e-05
549476,1,1.25e-05
130783,1,1.25e-05
201223,1,1.25e-05
243900,1,1.25e-05
139045,1,1.25e-05
120620,1,1.25e-05
272220,1,1.25e-05
092819,1,1.25e-05
200474,1,1.25e-05
834660,1,1.25e-05
231252,1,1.25e-05
837699,1,1.25e-05
434012,1,1.25e-05
754612,1,1.25e-05
005668,1,1.25e-05
234366,1,1.25e-05
020873,1,1.25e-05
131142,1,1.25e-05
717601,1,1.25e-05
154155,1,1.25e-05
989570,1,1.25e-05
729061,1,1.25e-05
170402,1,1.25e-05
261196,1,1.25e-05
160477,1,1.25e-05
794665,1,1.25e-05
250515,1,1.25e-05
221113,1,1.25e-05
961116,1,1.25e-05
842678,1,1.25e-05
180770,1,1.25e-05
090304,1,1.25e-05
150868,1,1.25e-05
367216,1,1.25e-05
200908,1,1.25e-05
777935,1,1.25e-05
941778,1,1.25e-05
395549,1,1.25e-05
260542,1,1.25e-05
151054,1,1.25e-05
386502,1,1.25e-05
080184,1,1.25e-05
524090,1,1.25e-05
100377,1,1.25e-05
207106,1,1.25e-05
241293,1,1.25e-05
969361,1,1.25e-05
882673,1,1.25e-05
272549,1,1.25e-05
341963,1,1.25e-05
346099,1,1.25e-05
256525,1,1.25e-05
161140,1,1.25e-05
260990,1,1.25e-05
792930,1,1.25e-05
181241,1,1.25e-05
572595,1,1.25e-05
864104,1,1.25e-05
020522,1,1.25e-05
260817,1,1.25e-05
200394,1,1.25e-05
559922,1,1.25e-05
499895,1,1.25e-05
161103,1,1.25e-05
040563,1,1.25e-05
030944,1,1.25e-05
142211,1,1.25e-05
130955,1,1.25e-05
281269,1,1.25e-05
130426,1,1.25e-05
250727,1,1.25e-05
634354,1,1.25e-05
130236,1,1.25e-05
120701,1,1.25e-05
233833,1,1.25e-05
030118,1,1.25e-05
156039,1,1.25e-05
790521,1,1.25e-05
070144,1,1.25e-05
231967,1,1.25e-05
467699,1,1.25e-05
190296,1,1.25e-05
280398,1,1.25e-05
230958,1,1.25e-05
052487,1,1.25e-05
070313,1,1.25e-05
792759,1,1.25e-05
110307,1,1.25e-05
024393,1,1.25e-05
250225,1,1.25e-05
160356,1,1.25e-05
020443,1,1.25e-05
251076,1,1.25e-05
070472,1,1.25e-05
197217,1,1.25e-05
783097,1,1.25e-05
220660,1,1.25e-05
137405,1,1.25e-05
241273,1,1.25e-05
020417,1,1.25e-05
210596,1,1.25e-05
540962,1,1.25e-05
120402,1,1.25e-05
270414,1,1.25e-05
861921,1,1.25e-05
210857,1,1.25e-05
160911,1,1.25e-05
161026,1,1.25e-05
040910,1,1.25e-05
465057,1,1.25e-05
561256,1,1.25e-05
573742,1,1.25e-05
601936,1,1.25e-05
504979,1,1.25e-05
803185,1,1.25e-05
200825,1,1.25e-05
190581,1,1.25e-05
231025,1,1.25e-05
264546,1,1.25e-05
976137,1,1.25e-05
704000,1,1.25e-05
031222,1,1.25e-05
081032,1,1.25e-05
030939,1,1.25e-05
224654,1,1.25e-05
040301,1,1.25e-05
271033,1,1.25e-05
665380,1,1.25e-05
121223,1,1.25e-05
366987,1,1.25e-05
020630,1,1.25e-05
020650,1,1.25e-05
074087,1,1.25e-05
210201,1,1.25e-05
644129,1,1.25e-05
194042,1,1.25e-05
264230,1,1.25e-05
775514,1,1.25e-05
230835,1,1.25e-05
241021,1,1.25e-05
040712,1,1.25e-05
160933,1,1.25e-05
140847,1,1.25e-05
170893,1,1.25e-05
150609,1,1.25e-05
040345,1,1.25e-05
110298,1,1.25e-05
337726,1,1.25e-05
120673,1,1.25e-05
137118,1,1.25e-05
170355,1,1.25e-05
200666,1,1.25e-05
140408,1,1.25e-05
040207,1,1.25e-05
384714,1,1.25e-05
716820,1,1.25e-05
180181,1,1.25e-05
269344,1,1.25e-05
549076,1,1.25e-05
100676,1,1.25e-05
838397,1,1.25e-05
150446,1,1.25e-05
580584,1,1.25e-05
120116,1,1.25e-05
119879,1,1.25e-05
031035,1,1.25e-05
457870,1,1.25e-05
186823,1,1.25e-05
150246,1,1.25e-05
140381,1,1.25e-05
007096,1,1.25e-05
300403,1,1.25e-05
666819,1,1.25e-05
324392,1,1.25e-05
271111,1,1.25e-05
099286,1,1.25e-05
754000,1,1.25e-05
122225,1,1.25e-05
241056,1,1.25e-05
454366,1,1.25e-05
230199,1,1.25e-05
180158,1,1.25e-05
301636,1,1.25e-05
141048,1,1.25e-05
071215,1,1.25e-05
023657,1,1.25e-05
080781,1,1.25e-05
200209,1,1.25e-05
211255,1,1.25e-05
411803,1,1.25e-05
181187,1,1.25e-05
091507,1,1.25e-05
947371,1,1.25e-05
701904,1,1.25e-05
293046,1,1.25e-05
281578,1,1.25e-05
792137,1,1.25e-05
070103,1,1.25e-05
120628,1,1.25e-05
140592,1,1.25e-05
213497,1,1.25e-05
030831,1,1.25e-05
241053,1,1.25e-05
508205,1,1.25e-05
753385,1,1.25e-05
009329,1,1.25e-05
649881,1,1.25e-05
181156,1,1.25e-05
071600,1,1.25e-05
623392,1,1.25e-05
474338,1,1.25e-05
695786,1,1.25e-05
414453,1,1.25e-05
242880,1,1.25e-05
703907,1,1.25e-05
927593,1,1.25e-05
709433,1,1.25e-05
996633,1,1.25e-05
230914,1,1.25e-05
509892,1,1.25e-05
340097,1,1.25e-05
040652,1,1.25e-05
260123,1,1.25e-05
081284,1,1.25e-05
501649,1,1.25e-05
240211,1,1.25e-05
641329,1,1.25e-05
090922,1,1.25e-05
472974,1,1.25e-05
893808,1,1.25e-05
500153,1,1.25e-05
771430,1,1.25e-05
148206,1,1.25e-05
250736,1,1.25e-05
455014,1,1.25e-05
916455,1,1.25e-05
121266,1,1.25e-05
180504,1,1.25e-05
071147,1,1.25e-05
349883,1,1.25e-05
361421,1,1.25e-05
252829,1,1.25e-05
731156,1,1.25e-05
743495,1,1.25e-05
281201,1,1.25e-05
191210,1,1.25e-05
869980,1,1.25e-05
160777,1,1.25e-05
710827,1,1.25e-05
180163,1,1.25e-05
420998,1,1.25e-05
030488,1,1.25e-05
593563,1,1.25e-05
200429,1,1.25e-05
260682,1,1.25e-05
281119,1,1.25e-05
281239,1,1.25e-05
030987,1,1.25e-05
578333,1,1.25e-05
220412,1,1.25e-05
193540,1,1.25e-05
151003,1,1.25e-05
060180,1,1.25e-05
270714,1,1.25e-05
210134,1,1.25e-05
130547,1,1.25e-05
080327,1,1.25e-05
260334,1,1.25e-05
280248,1,1.25e-05
060944,1,1.25e-05
792030,1,1.25e-05
020365,1,1.25e-05
010396,1,1.25e-05
398695,1,1.25e-05
241027,1,1.25e-05
616139,1,1.25e-05
612686,1,1.25e-05
842314,1,1.25e-05
200819,1,1.25e-05
091027,1,1.25e-05
131247,1,1.25e-05
600684,1,1.25e-05
103442,1,1.25e-05
925980,1,1.25e-05
060580,1,1.25e-05
337316,1,1.25e-05
260278,1,1.25e-05
870300,1,1.25e-05
220730,1,1.25e-05
090908,1,1.25e-05
938221,1,1.25e-05
002088,1,1.25e-05
080966,1,1.25e-05
850225,1,1.25e-05
140849,1,1.25e-05
050786,1,1.25e-05
060342,1,1.25e-05
030279,1,1.25e-05
481941,1,1.25e-05
527649,1,1.25e-05
827319,1,1.25e-05
130613,1,1.25e-05
270119,1,1.25e-05
010870,1,1.25e-05
965531,1,1.25e-05
050757,1,1.25e-05
810883,1,1.25e-05
579303,1,1.25e-05
280167,1,1.25e-05
111207,1,1.25e-05
039824,1,1.25e-05
080919,1,1.25e-05
060804,1,1.25e-05
021037,1,1.25e-05
100720,1,1.25e-05
240200,1,1.25e-05
865847,1,1.25e-05
594653,1,1.25e-05
050937,1,1.25e-05
463042,1,1.25e-05
280171,1,1.25e-05
872970,1,1.25e-05
957211,1,1.25e-05
180942,1,1.25e-05
432292,1,1.25e-05
230811,1,1.25e-05
209010,1,1.25e-05
090727,1,1.25e-05
110509,1,1.25e-05
170503,1,1.25e-05
230334,1,1.25e-05
012075,1,1.25e-05
211231,1,1.25e-05
130759,1,1.25e-05
030572,1,1.25e-05
235974,1,1.25e-05
150467,1,1.25e-05
765496,1,1.25e-05
105722,1,1.25e-05
050452,1,1.25e-05
614759,1,1.25e-05
240179,1,1.25e-05
871915,1,1.25e-05
090913,1,1.25e-05
070153,1,1.25e-05
849165,1,1.25e-05
470347,1,1.25e-05
140756,1,1.25e-05
150682,1,1.25e-05
020318,1,1.25e-05
062470,1,1.25e-05
621504,1,1.25e-05
409219,1,1.25e-05
866067,1,1.25e-05
811906,1,1.25e-05
240427,1,1.25e-05
271174,1,1.25e-05
240377,1,1.25e-05
568458,1,1.25e-05
758895,1,1.25e-05
090948,1,1.25e-05
765260,1,1.25e-05
873476,1,1.25e-05
752129,1,1.25e-05
100724,1,1.25e-05
261166,1,1.25e-05
373358,1,1.25e-05
281238,1,1.25e-05
960903,1,1.25e-05
004510,1,1.25e-05
528522,1,1.25e-05
311797,1,1.25e-05
301719,1,1.25e-05
413468,1,1.25e-05
080857,1,1.25e-05
280141,1,1.25e-05
495042,1,1.25e-05
728043,1,1.25e-05
061080,1,1.25e-05
583231,1,1.25e-05
453217,1,1.25e-05
010121,1,1.25e-05
067143,1,1.25e-05
809394,1,1.25e-05
260625,1,1.25e-05
679891,1,1.25e-05
162924,1,1.25e-05
130151,1,1.25e-05
130827,1,1.25e-05
171035,1,1.25e-05
273832,1,1.25e-05
111225,1,1.25e-05
750866,1,1.25e-05
130505,1,1.25e-05
270637,1,1.25e-05
575191,1,1.25e-05
282735,1,1.25e-05
140959,1,1.25e-05
560040,1,1.25e-05
212069,1,1.25e-05
070997,1,1.25e-05
659790,1,1.25e-05
120593,1,1.25e-05
430786,1,1.25e-05
940819,1,1.25e-05
974231,1,1.25e-05
020414,1,1.25e-05
181043,1,1.25e-05
868245,1,1.25e-05
708575,1,1.25e-05
170906,1,1.25e-05
196525,1,1.25e-05
549760,1,1.25e-05
221056,1,1.25e-05
084643,1,1.25e-05
244694,1,1.25e-05
010591,1,1.25e-05
120221,1,1.25e-05
110713,1,1.25e-05
010872,1,1.25e-05
114499,1,1.25e-05
171193,1,1.25e-05
220706,1,1.25e-05
250921,1,1.25e-05
606116,1,1.25e-05
972792,1,1.25e-05
220499,1,1.25e-05
190348,1,1.25e-05
230129,1,1.25e-05
030615,1,1.25e-05
756788,1,1.25e-05
051061,1,1.25e-05
170416,1,1.25e-05
230155,1,1.25e-05
990649,1,1.25e-05
260920,1,1.25e-05
211216,1,1.25e-05
090379,1,1.25e-05
068545,1,1.25e-05
396129,1,1.25e-05
309343,1,1.25e-05
257380,1,1.25e-05
031107,1,1.25e-05
364705,1,1.25e-05
449329,1,1.25e-05
561390,1,1.25e-05
010384,1,1.25e-05
080389,1,1.25e-05
251019,1,1.25e-05
040720,1,1.25e-05
483928,1,1.25e-05
820710,1,1.25e-05
999302,1,1.25e-05
107645,1,1.25e-05
249641,1,1.25e-05
942992,1,1.25e-05
090482,1,1.25e-05
010673,1,1.25e-05
120965,1,1.25e-05
671559,1,1.25e-05
004743,1,1.25e-05
982711,1,1.25e-05
980669,1,1.25e-05
170910,1,1.25e-05
884539,1,1.25e-05
100151,1,1.25e-05
790785,1,1.25e-05
041082,1,1.25e-05
671555,1,1.25e-05
260441,1,1.25e-05
210377,1,1.25e-05
823584,1,1.25e-05
318195,1,1.25e-05
221033,1,1.25e-05
170300,1,1.25e-05
180905,1,1.25e-05
130978,1,1.25e-05
070747,1,1.25e-05
144537,1,1.25e-05
968194,1,1.25e-05
101447,1,1.25e-05
641689,1,1.25e-05
795274,1,1.25e-05
013711,1,1.25e-05
200655,1,1.25e-05
545769,1,1.25e-05
366358,1,1.25e-05
502932,1,1.25e-05
744076,1,1.25e-05
631475,1,1.25e-05
481496,1,1.25e-05
075882,1,1.25e-05
090479,1,1.25e-05
180234,1,1.25e-05
240307,1,1.25e-05
035310,1,1.25e-05
584062,1,1.25e-05
609682,1,1.25e-05
053115,1,1.25e-05
852070,1,1.25e-05
170752,1,1.25e-05
032491,1,1.25e-05
180913,1,1.25e-05
060274,1,1.25e-05
070867,1,1.25e-05
667616,1,1.25e-05
241225,1,1.25e-05
383404,1,1.25e-05
546304,1,1.25e-05
326488,1,1.25e-05
020468,1,1.25e-05
010347,1,1.25e-05
223865,1,1.25e-05
291383,1,1.25e-05
758536,1,1.25e-05
221287,1,1.25e-05
270867,1,1.25e-05
078267,1,1.25e-05
160179,1,1.25e-05
143576,1,1.25e-05
820628,1,1.25e-05
200397,1,1.25e-05
080751,1,1.25e-05
066682,1,1.25e-05
110664,1,1.25e-05
141155,1,1.25e-05
030733,1,1.25e-05
463020,1,1.25e-05
130173,1,1.25e-05
046961,1,1.25e-05
182842,1,1.25e-05
220284,1,1.25e-05
201863,1,1.25e-05
170397,1,1.25e-05
061255,1,1.25e-05
090566,1,1.25e-05
273200,1,1.25e-05
050320,1,1.25e-05
161580,1,1.25e-05
221071,1,1.25e-05
321094,1,1.25e-05
260147,1,1.25e-05
354126,1,1.25e-05
071006,1,1.25e-05
838939,1,1.25e-05
701859,1,1.25e-05
010146,1,1.25e-05
040900,1,1.25e-05
854510,1,1.25e-05
105129,1,1.25e-05
413449,1,1.25e-05
241101,1,1.25e-05
150690,1,1.25e-05
100672,1,1.25e-05
122076,1,1.25e-05
440654,1,1.25e-05
090975,1,1.25e-05
220872,1,1.25e-05
130688,1,1.25e-05
362921,1,1.25e-05
210489,1,1.25e-05
090171,1,1.25e-05
271218,1,1.25e-05
526506,1,1.25e-05
301892,1,1.25e-05
718209,1,1.25e-05
948504,1,1.25e-05
200332,1,1.25e-05
210937,1,1.25e-05
144245,1,1.25e-05
998168,1,1.25e-05
238905,1,1.25e-05
918690,1,1.25e-05
140328,1,1.25e-05
020440,1,1.25e-05
612543,1,1.25e-05
251109,1,1.25e-05
260875,1,1.25e-05
230795,1,1.25e-05
476060,1,1.25e-05
240804,1,1.25e-05
388032,1,1.25e-05
524721,1,1.25e-05
900904,1,1.25e-05
190385,1,1.25e-05
120632,1,1.25e-05
191059,1,1.25e-05
800404,1,1.25e-05
392650,1,1.25e-05
210809,1,1.25e-05
105203,1,1.25e-05
260192,1,1.25e-05
080101,1,1.25e-05
836270,1,1.25e-05
412898,1,1.25e-05
171297,1,1.25e-05
270196,1,1.25e-05
097760,1,1.25e-05
190844,1,1.25e-05
231219,1,1.25e-05
030171,1,1.25e-05
025375,1,1.25e-05
240846,1,1.25e-05
339410,1,1.25e-05
230407,1,1.25e-05
740238,1,1.25e-05
727836,1,1.25e-05
546632,1,1.25e-05
798936,1,1.25e-05
220992,1,1.25e-05
091091,1,1.25e-05
200889,1,1.25e-05
956168,1,1.25e-05
011290,1,1.25e-05
281232,1,1.25e-05
010210,1,1.25e-05
619306,1,1.25e-05
210963,1,1.25e-05
485796,1,1.25e-05
542694,1,1.25e-05
010260,1,1.25e-05
287405,1,1.25e-05
020913,1,1.25e-05
031157,1,1.25e-05
285617,1,1.25e-05
217377,1,1.25e-05
395811,1,1.25e-05
341856,1,1.25e-05
190124,1,1.25e-05
080460,1,1.25e-05
569346,1,1.25e-05
030690,1,1.25e-05
211153,1,1.25e-05
101125,1,1.25e-05
110542,1,1.25e-05
221276,1,1.25e-05
100104,1,1.25e-05
121299,1,1.25e-05
120913,1,1.25e-05
424529,1,1.25e-05
443231,1,1.25e-05
841453,1,1.25e-05
210419,1,1.25e-05
177848,1,1.25e-05
571769,1,1.25e-05
509112,1,1.25e-05
091132,1,1.25e-05
201144,1,1.25e-05
111058,1,1.25e-05
755267,1,1.25e-05
070260,1,1.25e-05
281986,1,1.25e-05
482386,1,1.25e-05
282510,1,1.25e-05
329917,1,1.25e-05
180910,1,1.25e-05
020938,1,1.25e-05
342611,1,1.25e-05
315034,1,1.25e-05
230669,1,1.25e-05
057060,1,1.25e-05
680482,1,1.25e-05
220216,1,1.25e-05
957349,1,1.25e-05
280583,1,1.25e-05
003458,1,1.25e-05
221280,1,1.25e-05
190487,1,1.25e-05
100583,1,1.25e-05
700702,1,1.25e-05
100938,1,1.25e-05
240352,1,1.25e-05
280690,1,1.25e-05
219977,1,1.25e-05
881717,1,1.25e-05
171107,1,1.25e-05
535692,1,1.25e-05
249649,1,1.25e-05
665176,1,1.25e-05
120760,1,1.25e-05
120152,1,1.25e-05
700201,1,1.25e-05
359441,1,1.25e-05
280213,1,1.25e-05
021067,1,1.25e-05
020209,1,1.25e-05
120910,1,1.25e-05
352011,1,1.25e-05
303011,1,1.25e-05
110309,1,1.25e-05
150932,1,1.25e-05
977713,1,1.25e-05
875999,1,1.25e-05
161106,1,1.25e-05
230234,1,1.25e-05
121258,1,1.25e-05
201084,1,1.25e-05
442532,1,1.25e-05
040370,1,1.25e-05
010812,1,1.25e-05
496574,1,1.25e-05
250295,1,1.25e-05
109624,1,1.25e-05
250275,1,1.25e-05
077326,1,1.25e-05
571060,1,1.25e-05
718333,1,1.25e-05
120908,1,1.25e-05
915965,1,1.25e-05
091163,1,1.25e-05
210427,1,1.25e-05
171167,1,1.25e-05
594940,1,1.25e-05
121284,1,1.25e-05
090264,1,1.25e-05
121218,1,1.25e-05
555328,1,1.25e-05
328279,1,1.25e-05
759120,1,1.25e-05
141278,1,1.25e-05
170999,1,1.25e-05
220357,1,1.25e-05
943721,1,1.25e-05
101001,1,1.25e-05
081024,1,1.25e-05
744629,1,1.25e-05
060189,1,1.25e-05
261062,1,1.25e-05
694150,1,1.25e-05
130871,1,1.25e-05
160565,1,1.25e-05
231039,1,1.25e-05
429161,1,1.25e-05
911311,1,1.25e-05
603862,1,1.25e-05
050830,1,1.25e-05
735478,1,1.25e-05
200785,1,1.25e-05
261705,1,1.25e-05
373589,1,1.25e-05
869926,1,1.25e-05
265100,1,1.25e-05
985608,1,1.25e-05
140752,1,1.25e-05
040423,1,1.25e-05
082766,1,1.25e-05
181584,1,1.25e-05
060113,1,1.25e-05
080257,1,1.25e-05
160955,1,1.25e-05
071004,1,1.25e-05
180883,1,1.25e-05
140291,1,1.25e-05
602316,1,1.25e-05
280762,1,1.25e-05
050369,1,1.25e-05
181246,1,1.25e-05
486556,1,1.25e-05
181221,1,1.25e-05
550875,1,1.25e-05
180981,1,1.25e-05
066658,1,1.25e-05
011027,1,1.25e-05
200678,1,1.25e-05
260221,1,1.25e-05
992974,1,1.25e-05
021223,1,1.25e-05
130843,1,1.25e-05
230505,1,1.25e-05
966272,1,1.25e-05
250737,1,1.25e-05
160806,1,1.25e-05
856724,1,1.25e-05
280202,1,1.25e-05
227788,1,1.25e-05
091151,1,1.25e-05
190216,1,1.25e-05
405394,1,1.25e-05
702843,1,1.25e-05
020688,1,1.25e-05
180122,1,1.25e-05
060714,1,1.25e-05
842638,1,1.25e-05
160860,1,1.25e-05
549591,1,1.25e-05
040162,1,1.25e-05
006249,1,1.25e-05
230902,1,1.25e-05
498568,1,1.25e-05
904092,1,1.25e-05
713127,1,1.25e-05
903903,1,1.25e-05
612812,1,1.25e-05
170666,1,1.25e-05
110653,1,1.25e-05
100117,1,1.25e-05
181056,1,1.25e-05
200469,1,1.25e-05
030159,1,1.25e-05
211284,1,1.25e-05
030273,1,1.25e-05
150546,1,1.25e-05
020655,1,1.25e-05
241193,1,1.25e-05
150672,1,1.25e-05
041200,1,1.25e-05
200735,1,1.25e-05
478396,1,1.25e-05
476646,1,1.25e-05
414780,1,1.25e-05
120313,1,1.25e-05
673008,1,1.25e-05
170714,1,1.25e-05
070300,1,1.25e-05
050503,1,1.25e-05
971638,1,1.25e-05
834636,1,1.25e-05
462865,1,1.25e-05
355275,1,1.25e-05
178427,1,1.25e-05
250764,1,1.25e-05
009846,1,1.25e-05
010883,1,1.25e-05
041157,1,1.25e-05
051072,1,1.25e-05
191172,1,1.25e-05
301648,1,1.25e-05
799872,1,1.25e-05
031003,1,1.25e-05
060017,1,1.25e-05
366793,1,1.25e-05
230244,1,1.25e-05
771141,1,1.25e-05
680604,1,1.25e-05
988675,1,1.25e-05
080280,1,1.25e-05
280363,1,1.25e-05
934218,1,1.25e-05
420626,1,1.25e-05
147872,1,1.25e-05
280971,1,1.25e-05
606199,1,1.25e-05
110536,1,1.25e-05
300128,1,1.25e-05
120726,1,1.25e-05
756090,1,1.25e-05
050160,1,1.25e-05
110263,1,1.25e-05
599521,1,1.25e-05
180130,1,1.25e-05
453905,1,1.25e-05
784618,1,1.25e-05
110364,1,1.25e-05
920595,1,1.25e-05
677079,1,1.25e-05
210204,1,1.25e-05
878485,1,1.25e-05
016066,1,1.25e-05
170799,1,1.25e-05
309593,1,1.25e-05
150434,1,1.25e-05
554205,1,1.25e-05
031013,1,1.25e-05
107552,1,1.25e-05
962192,1,1.25e-05
169287,1,1.25e-05
566824,1,1.25e-05
230805,1,1.25e-05
823525,1,1.25e-05
011024,1,1.25e-05
137597,1,1.25e-05
271113,1,1.25e-05
655412,1,1.25e-05
851609,1,1.25e-05
030154,1,1.25e-05
080386,1,1.25e-05
034412,1,1.25e-05
100469,1,1.25e-05
010266,1,1.25e-05
828130,1,1.25e-05
250196,1,1.25e-05
540950,1,1.25e-05
030298,1,1.25e-05
260794,1,1.25e-05
874430,1,1.25e-05
959309,1,1.25e-05
621302,1,1.25e-05
379613,1,1.25e-05
070310,1,1.25e-05
402043,1,1.25e-05
131231,1,1.25e-05
071018,1,1.25e-05
080329,1,1.25e-05
288854,1,1.25e-05
100767,1,1.25e-05
870051,1,1.25e-05
132102,1,1.25e-05
195401,1,1.25e-05
024887,1,1.25e-05
080553,1,1.25e-05
062603,1,1.25e-05
170575,1,1.25e-05
435924,1,1.25e-05
889580,1,1.25e-05
844333,1,1.25e-05
060634,1,1.25e-05
080896,1,1.25e-05
041217,1,1.25e-05
221265,1,1.25e-05
592583,1,1.25e-05
220981,1,1.25e-05
622112,1,1.25e-05
242908,1,1.25e-05
040995,1,1.25e-05
070587,1,1.25e-05
050183,1,1.25e-05
627761,1,1.25e-05
863662,1,1.25e-05
080361,1,1.25e-05
090460,1,1.25e-05
150263,1,1.25e-05
150620,1,1.25e-05
677005,1,1.25e-05
140360,1,1.25e-05
140832,1,1.25e-05
270166,1,1.25e-05
879294,1,1.25e-05
160589,1,1.25e-05
040421,1,1.25e-05
170589,1,1.25e-05
608143,1,1.25e-05
280735,1,1.25e-05
040131,1,1.25e-05
947646,1,1.25e-05
110474,1,1.25e-05
130506,1,1.25e-05
100379,1,1.25e-05
137372,1,1.25e-05
100189,1,1.25e-05
110248,1,1.25e-05
605543,1,1.25e-05
772540,1,1.25e-05
231063,1,1.25e-05
611593,1,1.25e-05
497359,1,1.25e-05
160558,1,1.25e-05
267905,1,1.25e-05
080885,1,1.25e-05
333486,1,1.25e-05
171243,1,1.25e-05
799454,1,1.25e-05
853522,1,1.25e-05
764797,1,1.25e-05
920637,1,1.25e-05
565658,1,1.25e-05
070750,1,1.25e-05
292711,1,1.25e-05
931982,1,1.25e-05
190658,1,1.25e-05
180775,1,1.25e-05
906537,1,1.25e-05
110933,1,1.25e-05
398489,1,1.25e-05
192611,1,1.25e-05
316298,1,1.25e-05
389015,1,1.25e-05
030269,1,1.25e-05
335898,1,1.25e-05
060597,1,1.25e-05
495782,1,1.25e-05
085306,1,1.25e-05
558146,1,1.25e-05
121245,1,1.25e-05
942996,1,1.25e-05
020181,1,1.25e-05
444252,1,1.25e-05
967519,1,1.25e-05
160744,1,1.25e-05
949155,1,1.25e-05
281135,1,1.25e-05
200143,1,1.25e-05
170235,1,1.25e-05
781081,1,1.25e-05
596813,1,1.25e-05
852345,1,1.25e-05
794520,1,1.25e-05
230451,1,1.25e-05
103033,1,1.25e-05
816123,1,1.25e-05
292077,1,1.25e-05
626683,1,1.25e-05
021161,1,1.25e-05
277363,1,1.25e-05
210514,1,1.25e-05
100512,1,1.25e-05
171010,1,1.25e-05
512291,1,1.25e-05
434694,1,1.25e-05
230532,1,1.25e-05
327052,1,1.25e-05
170772,1,1.25e-05
250749,1,1.25e-05
010961,1,1.25e-05
060388,1,1.25e-05
130863,1,1.25e-05
763035,1,1.25e-05
510967,1,1.25e-05
100168,1,1.25e-05
040218,1,1.25e-05
160980,1,1.25e-05
176166,1,1.25e-05
051695,1,1.25e-05
399212,1,1.25e-05
199159,1,1.25e-05
040326,1,1.25e-05
204629,1,1.25e-05
170164,1,1.25e-05
410068,1,1.25e-05
109128,1,1.25e-05
456526,1,1.25e-05
240580,1,1.25e-05
928493,1,1.25e-05
211149,1,1.25e-05
005859,1,1.25e-05
261033,1,1.25e-05
020387,1,1.25e-05
275280,1,1.25e-05
190547,1,1.25e-05
595090,1,1.25e-05
241134,1,1.25e-05
260722,1,1.25e-05
267178,1,1.25e-05
981989,1,1.25e-05
211290,1,1.25e-05
190214,1,1.25e-05
373927,1,1.25e-05
120901,1,1.25e-05
462620,1,1.25e-05
090856,1,1.25e-05
261228,1,1.25e-05
027072,1,1.25e-05
600525,1,1.25e-05
753313,1,1.25e-05
161005,1,1.25e-05
160723,1,1.25e-05
220892,1,1.25e-05
210213,1,1.25e-05
808108,1,1.25e-05
114657,1,1.25e-05
090258,1,1.25e-05
050170,1,1.25e-05
131236,1,1.25e-05
388913,1,1.25e-05
436717,1,1.25e-05
240655,1,1.25e-05
130948,1,1.25e-05
221194,1,1.25e-05
080531,1,1.25e-05
260328,1,1.25e-05
210220,1,1.25e-05
186886,1,1.25e-05
395390,1,1.25e-05
080948,1,1.25e-05
040590,1,1.25e-05
210554,1,1.25e-05
070943,1,1.25e-05
024473,1,1.25e-05
260523,1,1.25e-05
211109,1,1.25e-05
230619,1,1.25e-05
240327,1,1.25e-05
711790,1,1.25e-05
011241,1,1.25e-05
110320,1,1.25e-05
100799,1,1.25e-05
280877,1,1.25e-05
100833,1,1.25e-05
553357,1,1.25e-05
402484,1,1.25e-05
091060,1,1.25e-05
256422,1,1.25e-05
240647,1,1.25e-05
231060,1,1.25e-05
031024,1,1.25e-05
161189,1,1.25e-05
779353,1,1.25e-05
265384,1,1.25e-05
799759,1,1.25e-05
645370,1,1.25e-05
983412,1,1.25e-05
150341,1,1.25e-05
237431,1,1.25e-05
030238,1,1.25e-05
881673,1,1.25e-05
772469,1,1.25e-05
270378,1,1.25e-05
483388,1,1.25e-05
150629,1,1.25e-05
009181,1,1.25e-05
042584,1,1.25e-05
091263,1,1.25e-05
050230,1,1.25e-05
616487,1,1.25e-05
469490,1,1.25e-05
040365,1,1.25e-05
097891,1,1.25e-05
150156,1,1.25e-05
111023,1,1.25e-05
040556,1,1.25e-05
130711,1,1.25e-05
110352,1,1.25e-05
454547,1,1.25e-05
210670,1,1.25e-05
393511,1,1.25e-05
240187,1,1.25e-05
041100,1,1.25e-05
020933,1,1.25e-05
050403,1,1.25e-05
100638,1,1.25e-05
804684,1,1.25e-05
021074,1,1.25e-05
060100,1,1.25e-05
537870,1,1.25e-05
140440,1,1.25e-05
244544,1,1.25e-05
090384,1,1.25e-05
251290,1,1.25e-05
987715,1,1.25e-05
280433,1,1.25e-05
003418,1,1.25e-05
101029,1,1.25e-05
370551,1,1.25e-05
255557,1,1.25e-05
210813,1,1.25e-05
248401,1,1.25e-05
100696,1,1.25e-05
743798,1,1.25e-05
200575,1,1.25e-05
110183,1,1.25e-05
749449,1,1.25e-05
322825,1,1.25e-05
712707,1,1.25e-05
884752,1,1.25e-05
599957,1,1.25e-05
250332,1,1.25e-05
959867,1,1.25e-05
170183,1,1.25e-05
159364,1,1.25e-05
803966,1,1.25e-05
394438,1,1.25e-05
120825,1,1.25e-05
010416,1,1.25e-05
898226,1,1.25e-05
281098,1,1.25e-05
180526,1,1.25e-05
210118,1,1.25e-05
555903,1,1.25e-05
160483,1,1.25e-05
640389,1,1.25e-05
060535,1,1.25e-05
525305,1,1.25e-05
061071,1,1.25e-05
132800,1,1.25e-05
240502,1,1.25e-05
971366,1,1.25e-05
989106,1,1.25e-05
020565,1,1.25e-05
804073,1,1.25e-05
634992,1,1.25e-05
230383,1,1.25e-05
233886,1,1.25e-05
983539,1,1.25e-05
902746,1,1.25e-05
794539,1,1.25e-05
142654,1,1.25e-05
740384,1,1.25e-05
010833,1,1.25e-05
299893,1,1.25e-05
131074,1,1.25e-05
240409,1,1.25e-05
321076,1,1.25e-05
171173,1,1.25e-05
284293,1,1.25e-05
282792,1,1.25e-05
274343,1,1.25e-05
402771,1,1.25e-05
421897,1,1.25e-05
120319,1,1.25e-05
140364,1,1.25e-05
686624,1,1.25e-05
271131,1,1.25e-05
100190,1,1.25e-05
307230,1,1.25e-05
865340,1,1.25e-05
111049,1,1.25e-05
260386,1,1.25e-05
589870,1,1.25e-05
071237,1,1.25e-05
240121,1,1.25e-05
540956,1,1.25e-05
835353,1,1.25e-05
260847,1,1.25e-05
020619,1,1.25e-05
894205,1,1.25e-05
160506,1,1.25e-05
180341,1,1.25e-05
440161,1,1.25e-05
456725,1,1.25e-05
336955,1,1.25e-05
790969,1,1.25e-05
645103,1,1.25e-05
529436,1,1.25e-05
339115,1,1.25e-05
233820,1,1.25e-05
040973,1,1.25e-05
752825,1,1.25e-05
130584,1,1.25e-05
150894,1,1.25e-05
280298,1,1.25e-05
270310,1,1.25e-05
190614,1,1.25e-05
233987,1,1.25e-05
939319,1,1.25e-05
211065,1,1.25e-05
113090,1,1.25e-05
096952,1,1.25e-05
613189,1,1.25e-05
270986,1,1.25e-05
410534,1,1.25e-05
625384,1,1.25e-05
100413,1,1.25e-05
096815,1,1.25e-05
150631,1,1.25e-05
779331,1,1.25e-05
638000,1,1.25e-05
130206,1,1.25e-05
060869,1,1.25e-05
070635,1,1.25e-05
190268,1,1.25e-05
550357,1,1.25e-05
632990,1,1.25e-05
755173,1,1.25e-05
050841,1,1.25e-05
091055,1,1.25e-05
754245,1,1.25e-05
074132,1,1.25e-05
786476,1,1.25e-05
041296,1,1.25e-05
611688,1,1.25e-05
259856,1,1.25e-05
221001,1,1.25e-05
051161,1,1.25e-05
603886,1,1.25e-05
110109,1,1.25e-05
230777,1,1.25e-05
231117,1,1.25e-05
689848,1,1.25e-05
833857,1,1.25e-05
434659,1,1.25e-05
402425,1,1.25e-05
170782,1,1.25e-05
220606,1,1.25e-05
140829,1,1.25e-05
021281,1,1.25e-05
031114,1,1.25e-05
230939,1,1.25e-05
160315,1,1.25e-05
181718,1,1.25e-05
250634,1,1.25e-05
557711,1,1.25e-05
662139,1,1.25e-05
300380,1,1.25e-05
971117,1,1.25e-05
040173,1,1.25e-05
111089,1,1.25e-05
902056,1,1.25e-05
025803,1,1.25e-05
270259,1,1.25e-05
051216,1,1.25e-05
160449,1,1.25e-05
190156,1,1.25e-05
250530,1,1.25e-05
110476,1,1.25e-05
210306,1,1.25e-05
795233,1,1.25e-05
030762,1,1.25e-05
260488,1,1.25e-05
170895,1,1.25e-05
955075,1,1.25e-05
110867,1,1.25e-05
208057,1,1.25e-05
650645,1,1.25e-05
671748,1,1.25e-05
265405,1,1.25e-05
439811,1,1.25e-05
021070,1,1.25e-05
270148,1,1.25e-05
090914,1,1.25e-05
190952,1,1.25e-05
062996,1,1.25e-05
230625,1,1.25e-05
041006,1,1.25e-05
270365,1,1.25e-05
782458,1,1.25e-05
461903,1,1.25e-05
649214,1,1.25e-05
130593,1,1.25e-05
512267,1,1.25e-05
499778,1,1.25e-05
060235,1,1.25e-05
010276,1,1.25e-05
654708,1,1.25e-05
200164,1,1.25e-05
101076,1,1.25e-05
071292,1,1.25e-05
485160,1,1.25e-05
061193,1,1.25e-05
418952,1,1.25e-05
336276,1,1.25e-05
104926,1,1.25e-05
381952,1,1.25e-05
078812,1,1.25e-05
121090,1,1.25e-05
909127,1,1.25e-05
373780,1,1.25e-05
975701,1,1.25e-05
652881,1,1.25e-05
995220,1,1.25e-05
170418,1,1.25e-05
180630,1,1.25e-05
077423,1,1.25e-05
260918,1,1.25e-05
190739,1,1.25e-05
617509,1,1.25e-05
296257,1,1.25e-05
401344,1,1.25e-05
050976,1,1.25e-05
180901,1,1.25e-05
428511,1,1.25e-05
000688,1,1.25e-05
898080,1,1.25e-05
229622,1,1.25e-05
218410,1,1.25e-05
040436,1,1.25e-05
774841,1,1.25e-05
150360,1,1.25e-05
191116,1,1.25e-05
334105,1,1.25e-05
636159,1,1.25e-05
261101,1,1.25e-05
885365,1,1.25e-05
040528,1,1.25e-05
220640,1,1.25e-05
050996,1,1.25e-05
072895,1,1.25e-05
261250,1,1.25e-05
149289,1,1.25e-05
524336,1,1.25e-05
191161,1,1.25e-05
178413,1,1.25e-05
231061,1,1.25e-05
090629,1,1.25e-05
280647,1,1.25e-05
583715,1,1.25e-05
171059,1,1.25e-05
071119,1,1.25e-05
147217,1,1.25e-05
492287,1,1.25e-05
250495,1,1.25e-05
080565,1,1.25e-05
101067,1,1.25e-05
230820,1,1.25e-05
443768,1,1.25e-05
250421,1,1.25e-05
864034,1,1.25e-05
978362,1,1.25e-05
795834,1,1.25e-05
463204,1,1.25e-05
471979,1,1.25e-05
298215,1,1.25e-05
128535,1,1.25e-05
180336,1,1.25e-05
167317,1,1.25e-05
610834,1,1.25e-05
200732,1,1.25e-05
140603,1,1.25e-05
120639,1,1.25e-05
030730,1,1.25e-05
638632,1,1.25e-05
210864,1,1.25e-05
280206,1,1.25e-05
191147,1,1.25e-05
251180,1,1.25e-05
690472,1,1.25e-05
160845,1,1.25e-05
071221,1,1.25e-05
674531,1,1.25e-05
140496,1,1.25e-05
915141,1,1.25e-05
019539,1,1.25e-05
401288,1,1.25e-05
120672,1,1.25e-05
567952,1,1.25e-05
220200,1,1.25e-05
912380,1,1.25e-05
136472,1,1.25e-05
830515,1,1.25e-05
101236,1,1.25e-05
281246,1,1.25e-05
263289,1,1.25e-05
699254,1,1.25e-05
750630,1,1.25e-05
912817,1,1.25e-05
030109,1,1.25e-05
314117,1,1.25e-05
696235,1,1.25e-05
060314,1,1.25e-05
070754,1,1.25e-05
171062,1,1.25e-05
465042,1,1.25e-05
961520,1,1.25e-05
050761,1,1.25e-05
230922,1,1.25e-05
250693,1,1.25e-05
063784,1,1.25e-05
908928,1,1.25e-05
130655,1,1.25e-05
101279,1,1.25e-05
062961,1,1.25e-05
916078,1,1.25e-05
081258,1,1.25e-05
455383,1,1.25e-05
151286,1,1.25e-05
439092,1,1.25e-05
090753,1,1.25e-05
141049,1,1.25e-05
914452,1,1.25e-05
261024,1,1.25e-05
010971,1,1.25e-05
424368,1,1.25e-05
110891,1,1.25e-05
130721,1,1.25e-05
141031,1,1.25e-05
190434,1,1.25e-05
250928,1,1.25e-05
060803,1,1.25e-05
941882,1,1.25e-05
211088,1,1.25e-05
030946,1,1.25e-05
136896,1,1.25e-05
261056,1,1.25e-05
811952,1,1.25e-05
611547,1,1.25e-05
030598,1,1.25e-05
251125,1,1.25e-05
040192,1,1.25e-05
572726,1,1.25e-05
270317,1,1.25e-05
090565,1,1.25e-05
130471,1,1.25e-05
565609,1,1.25e-05
010263,1,1.25e-05
097910,1,1.25e-05
827982,1,1.25e-05
685453,1,1.25e-05
151256,1,1.25e-05
281196,1,1.25e-05
697141,1,1.25e-05
210112,1,1.25e-05
344528,1,1.25e-05
170329,1,1.25e-05
195005,1,1.25e-05
832116,1,1.25e-05
796409,1,1.25e-05
011189,1,1.25e-05
250809,1,1.25e-05
368840,1,1.25e-05
008281,1,1.25e-05
041154,1,1.25e-05
010223,1,1.25e-05
051015,1,1.25e-05
616066,1,1.25e-05
850458,1,1.25e-05
393699,1,1.25e-05
031056,1,1.25e-05
160819,1,1.25e-05
031228,1,1.25e-05
196934,1,1.25e-05
150244,1,1.25e-05
853127,1,1.25e-05
250481,1,1.25e-05
170876,1,1.25e-05
080578,1,1.25e-05
131161,1,1.25e-05
088734,1,1.25e-05
293908,1,1.25e-05
131267,1,1.25e-05
010466,1,1.25e-05
070660,1,1.25e-05
120109,1,1.25e-05
642985,1,1.25e-05
030236,1,1.25e-05
729169,1,1.25e-05
030142,1,1.25e-05
130874,1,1.25e-05
440832,1,1.25e-05
823233,1,1.25e-05
417757,1,1.25e-05
040744,1,1.25e-05
040532,1,1.25e-05
980914,1,1.25e-05
200989,1,1.25e-05
061114,1,1.25e-05
270646,1,1.25e-05
250540,1,1.25e-05
120246,1,1.25e-05
437991,1,1.25e-05
280296,1,1.25e-05
100556,1,1.25e-05
779779,1,1.25e-05
180784,1,1.25e-05
271051,1,1.25e-05
170177,1,1.25e-05
380121,1,1.25e-05
060443,1,1.25e-05
230500,1,1.25e-05
240174,1,1.25e-05
505382,1,1.25e-05
250657,1,1.25e-05
230492,1,1.25e-05
177043,1,1.25e-05
491627,1,1.25e-05
050821,1,1.25e-05
060371,1,1.25e-05
200905,1,1.25e-05
070928,1,1.25e-05
977629,1,1.25e-05
260253,1,1.25e-05
939126,1,1.25e-05
250520,1,1.25e-05
039092,1,1.25e-05
170725,1,1.25e-05
759870,1,1.25e-05
605206,1,1.25e-05
200855,1,1.25e-05
055685,1,1.25e-05
130217,1,1.25e-05
100543,1,1.25e-05
040659,1,1.25e-05
121045,1,1.25e-05
130881,1,1.25e-05
160762,1,1.25e-05
670683,1,1.25e-05
351986,1,1.25e-05
060166,1,1.25e-05
732163,1,1.25e-05
200223,1,1.25e-05
882372,1,1.25e-05
443623,1,1.25e-05
013428,1,1.25e-05
280973,1,1.25e-05
051177,1,1.25e-05
260121,1,1.25e-05
230167,1,1.25e-05
251248,1,1.25e-05
090895,1,1.25e-05
131263,1,1.25e-05
160335,1,1.25e-05
240425,1,1.25e-05
220856,1,1.25e-05
190485,1,1.25e-05
171269,1,1.25e-05
131425,1,1.25e-05
072306,1,1.25e-05
715801,1,1.25e-05
161176,1,1.25e-05
231769,1,1.25e-05
431256,1,1.25e-05
111251,1,1.25e-05
190682,1,1.25e-05
519305,1,1.25e-05
070799,1,1.25e-05
180415,1,1.25e-05
596316,1,1.25e-05
070167,1,1.25e-05
060119,1,1.25e-05
020530,1,1.25e-05
220978,1,1.25e-05
611923,1,1.25e-05
160792,1,1.25e-05
281155,1,1.25e-05
200553,1,1.25e-05
110791,1,1.25e-05
031116,1,1.25e-05
160570,1,1.25e-05
231004,1,1.25e-05
204005,1,1.25e-05
240346,1,1.25e-05
101277,1,1.25e-05
946492,1,1.25e-05
535268,1,1.25e-05
201249,1,1.25e-05
130830,1,1.25e-05
101972,1,1.25e-05
897357,1,1.25e-05
035758,1,1.25e-05
020521,1,1.25e-05
569161,1,1.25e-05
080874,1,1.25e-05
200752,1,1.25e-05
090912,1,1.25e-05
874872,1,1.25e-05
090184,1,1.25e-05
499063,1,1.25e-05
050852,1,1.25e-05
921946,1,1.25e-05
295727,1,1.25e-05
773306,1,1.25e-05
010935,1,1.25e-05
141158,1,1.25e-05
010350,1,1.25e-05
055334,1,1.25e-05
110599,1,1.25e-05
674206,1,1.25e-05
241263,1,1.25e-05
305008,1,1.25e-05
190651,1,1.25e-05
336357,1,1.25e-05
180890,1,1.25e-05
221022,1,1.25e-05
230751,1,1.25e-05
460663,1,1.25e-05
094527,1,1.25e-05
190215,1,1.25e-05
140148,1,1.25e-05
902220,1,1.25e-05
950326,1,1.25e-05
170535,1,1.25e-05
240202,1,1.25e-05
010446,1,1.25e-05
181143,1,1.25e-05
230326,1,1.25e-05
080481,1,1.25e-05
190230,1,1.25e-05
661832,1,1.25e-05
190701,1,1.25e-05
071180,1,1.25e-05
170344,1,1.25e-05
198342,1,1.25e-05
159986,1,1.25e-05
080382,1,1.25e-05
564537,1,1.25e-05
599671,1,1.25e-05
625811,1,1.25e-05
150592,1,1.25e-05
896558,1,1.25e-05
170413,1,1.25e-05
116064,1,1.25e-05
385357,1,1.25e-05
195999,1,1.25e-05
090633,1,1.25e-05
773661,1,1.25e-05
141260,1,1.25e-05
353365,1,1.25e-05
050971,1,1.25e-05
141250,1,1.25e-05
864931,1,1.25e-05
010557,1,1.25e-05
446252,1,1.25e-05
373416,1,1.25e-05
061162,1,1.25e-05
527690,1,1.25e-05
474757,1,1.25e-05
180604,1,1.25e-05
650950,1,1.25e-05
468114,1,1.25e-05
241116,1,1.25e-05
271290,1,1.25e-05
150811,1,1.25e-05
090724,1,1.25e-05
189934,1,1.25e-05
708495,1,1.25e-05
100766,1,1.25e-05
180509,1,1.25e-05
457081,1,1.25e-05
130833,1,1.25e-05
593509,1,1.25e-05
080341,1,1.25e-05
800206,1,1.25e-05
900756,1,1.25e-05
040681,1,1.25e-05
134550,1,1.25e-05
424239,1,1.25e-05
200275,1,1.25e-05
689720,1,1.25e-05
190831,1,1.25e-05
070657,1,1.25e-05
080227,1,1.25e-05
140134,1,1.25e-05
080893,1,1.25e-05
220517,1,1.25e-05
322878,1,1.25e-05
020741,1,1.25e-05
150812,1,1.25e-05
190857,1,1.25e-05
160226,1,1.25e-05
121096,1,1.25e-05
477326,1,1.25e-05
301041,1,1.25e-05
220479,1,1.25e-05
070163,1,1.25e-05
201018,1,1.25e-05
572391,1,1.25e-05
770496,1,1.25e-05
110239,1,1.25e-05
809605,1,1.25e-05
486763,1,1.25e-05
190227,1,1.25e-05
150254,1,1.25e-05
283481,1,1.25e-05
271207,1,1.25e-05
894787,1,1.25e-05
456458,1,1.25e-05
021507,1,1.25e-05
559102,1,1.25e-05
151128,1,1.25e-05
270497,1,1.25e-05
221130,1,1.25e-05
762783,1,1.25e-05
020185,1,1.25e-05
210357,1,1.25e-05
130186,1,1.25e-05
160711,1,1.25e-05
250986,1,1.25e-05
211010,1,1.25e-05
201236,1,1.25e-05
030727,1,1.25e-05
041145,1,1.25e-05
270261,1,1.25e-05
905329,1,1.25e-05
594035,1,1.25e-05
240603,1,1.25e-05
190460,1,1.25e-05
090867,1,1.25e-05
120427,1,1.25e-05
151208,1,1.25e-05
141201,1,1.25e-05
887770,1,1.25e-05
676472,1,1.25e-05
385006,1,1.25e-05
429035,1,1.25e-05
110550,1,1.25e-05
090765,1,1.25e-05
253225,1,1.25e-05
889746,1,1.25e-05
912470,1,1.25e-05
270183,1,1.25e-05
571942,1,1.25e-05
280905,1,1.25e-05
260183,1,1.25e-05
050555,1,1.25e-05
090185,1,1.25e-05
251018,1,1.25e-05
200356,1,1.25e-05
185423,1,1.25e-05
010527,1,1.25e-05
061095,1,1.25e-05
619632,1,1.25e-05
190646,1,1.25e-05
131189,1,1.25e-05
031086,1,1.25e-05
160502,1,1.25e-05
191275,1,1.25e-05
535231,1,1.25e-05
543994,1,1.25e-05
270358,1,1.25e-05
491136,1,1.25e-05
219931,1,1.25e-05
080705,1,1.25e-05
821310,1,1.25e-05
528183,1,1.25e-05
644618,1,1.25e-05
873911,1,1.25e-05
472357,1,1.25e-05
746950,1,1.25e-05
514318,1,1.25e-05
160491,1,1.25e-05
589515,1,1.25e-05
934651,1,1.25e-05
496751,1,1.25e-05
717506,1,1.25e-05
031163,1,1.25e-05
110291,1,1.25e-05
081132,1,1.25e-05
240340,1,1.25e-05
450726,1,1.25e-05
181108,1,1.25e-05
251247,1,1.25e-05
274036,1,1.25e-05
281147,1,1.25e-05
210700,1,1.25e-05
840078,1,1.25e-05
509157,1,1.25e-05
892579,1,1.25e-05
121187,1,1.25e-05
060464,1,1.25e-05
406544,1,1.25e-05
510432,1,1.25e-05
317463,1,1.25e-05
010882,1,1.25e-05
240288,1,1.25e-05
260547,1,1.25e-05
150242,1,1.25e-05
338138,1,1.25e-05
110269,1,1.25e-05
110177,1,1.25e-05
288032,1,1.25e-05
339932,1,1.25e-05
113573,1,1.25e-05
768996,1,1.25e-05
291158,1,1.25e-05
040579,1,1.25e-05
960140,1,1.25e-05
318788,1,1.25e-05
161132,1,1.25e-05
280684,1,1.25e-05
260860,1,1.25e-05
510649,1,1.25e-05
320636,1,1.25e-05
352732,1,1.25e-05
643415,1,1.25e-05
270320,1,1.25e-05
884884,1,1.25e-05
130854,1,1.25e-05
021272,1,1.25e-05
171078,1,1.25e-05
879531,1,1.25e-05
851603,1,1.25e-05
877419,1,1.25e-05
250202,1,1.25e-05
967879,1,1.25e-05
160468,1,1.25e-05
023205,1,1.25e-05
565774,1,1.25e-05
060120,1,1.25e-05
243275,1,1.25e-05
091467,1,1.25e-05
230393,1,1.25e-05
438716,1,1.25e-05
143719,1,1.25e-05
130588,1,1.25e-05
151021,1,1.25e-05
230415,1,1.25e-05
070281,1,1.25e-05
040888,1,1.25e-05
857612,1,1.25e-05
120909,1,1.25e-05
664187,1,1.25e-05
120954,1,1.25e-05
286841,1,1.25e-05
316614,1,1.25e-05
216353,1,1.25e-05
102432,1,1.25e-05
017118,1,1.25e-05
230656,1,1.25e-05
140898,1,1.25e-05
197922,1,1.25e-05
100352,1,1.25e-05
101520,1,1.25e-05
221169,1,1.25e-05
197377,1,1.25e-05
100790,1,1.25e-05
210315,1,1.25e-05
130933,1,1.25e-05
446352,1,1.25e-05
595960,1,1.25e-05
680956,1,1.25e-05
011036,1,1.25e-05
020258,1,1.25e-05
170851,1,1.25e-05
221159,1,1.25e-05
338960,1,1.25e-05
563611,1,1.25e-05
221002,1,1.25e-05
705495,1,1.25e-05
926051,1,1.25e-05
060681,1,1.25e-05
363332,1,1.25e-05
173558,1,1.25e-05
200927,1,1.25e-05
230527,1,1.25e-05
311549,1,1.25e-05
997978,1,1.25e-05
947560,1,1.25e-05
756244,1,1.25e-05
845324,1,1.25e-05
550777,1,1.25e-05
628180,1,1.25e-05
022893,1,1.25e-05
741174,1,1.25e-05
740786,1,1.25e-05
070652,1,1.25e-05
019783,1,1.25e-05
087438,1,1.25e-05
458001,1,1.25e-05
059663,1,1.25e-05
329638,1,1.25e-05
050363,1,1.25e-05
060414,1,1.25e-05
110781,1,1.25e-05
180922,1,1.25e-05
200778,1,1.25e-05
131162,1,1.25e-05
388053,1,1.25e-05
160429,1,1.25e-05
252085,1,1.25e-05
911654,1,1.25e-05
179838,1,1.25e-05
089469,1,1.25e-05
220432,1,1.25e-05
270806,1,1.25e-05
140842,1,1.25e-05
996967,1,1.25e-05
050388,1,1.25e-05
670863,1,1.25e-05
200485,1,1.25e-05
698768,1,1.25e-05
239554,1,1.25e-05
110408,1,1.25e-05
250317,1,1.25e-05
619671,1,1.25e-05
725773,1,1.25e-05
060405,1,1.25e-05
541838,1,1.25e-05
690817,1,1.25e-05
230807,1,1.25e-05
747170,1,1.25e-05
848633,1,1.25e-05
090870,1,1.25e-05
071227,1,1.25e-05
183568,1,1.25e-05
066670,1,1.25e-05
195861,1,1.25e-05
583261,1,1.25e-05
241066,1,1.25e-05
170507,1,1.25e-05
240407,1,1.25e-05
089810,1,1.25e-05
210946,1,1.25e-05
060523,1,1.25e-05
433966,1,1.25e-05
170724,1,1.25e-05
774019,1,1.25e-05
913029,1,1.25e-05
250850,1,1.25e-05
140198,1,1.25e-05
011254,1,1.25e-05
131116,1,1.25e-05
070439,1,1.25e-05
450114,1,1.25e-05
170550,1,1.25e-05
417310,1,1.25e-05
140466,1,1.25e-05
661945,1,1.25e-05
499646,1,1.25e-05
793753,1,1.25e-05
732779,1,1.25e-05
160669,1,1.25e-05
589969,1,1.25e-05
337260,1,1.25e-05
350970,1,1.25e-05
221140,1,1.25e-05
090878,1,1.25e-05
686114,1,1.25e-05
853863,1,1.25e-05
634148,1,1.25e-05
017301,1,1.25e-05
665615,1,1.25e-05
260132,1,1.25e-05
051207,1,1.25e-05
964884,1,1.25e-05
113837,1,1.25e-05
124445,1,1.25e-05
121192,1,1.25e-05
071085,1,1.25e-05
188667,1,1.25e-05
190811,1,1.25e-05
010117,1,1.25e-05
020627,1,1.25e-05
853807,1,1.25e-05
100167,1,1.25e-05
935847,1,1.25e-05
261135,1,1.25e-05
034144,1,1.25e-05
857333,1,1.25e-05
687317,1,1.25e-05
880648,1,1.25e-05
280447,1,1.25e-05
130127,1,1.25e-05
240361,1,1.25e-05
050485,1,1.25e-05
436508,1,1.25e-05
090169,1,1.25e-05
090224,1,1.25e-05
220140,1,1.25e-05
204183,1,1.25e-05
220948,1,1.25e-05
574090,1,1.25e-05
778374,1,1.25e-05
110645,1,1.25e-05
110625,1,1.25e-05
020402,1,1.25e-05
388241,1,1.25e-05
280262,1,1.25e-05
979066,1,1.25e-05
410637,1,1.25e-05
250827,1,1.25e-05
114365,1,1.25e-05
010895,1,1.25e-05
613461,1,1.25e-05
150564,1,1.25e-05
783041,1,1.25e-05
492427,1,1.25e-05
060270,1,1.25e-05
309314,1,1.25e-05
883374,1,1.25e-05
877644,1,1.25e-05
856046,1,1.25e-05
136331,1,1.25e-05
630612,1,1.25e-05
070656,1,1.25e-05
250623,1,1.25e-05
747422,1,1.25e-05
110369,1,1.25e-05
261027,1,1.25e-05
164864,1,1.25e-05
607050,1,1.25e-05
203125,1,1.25e-05
638311,1,1.25e-05
911857,1,1.25e-05
280240,1,1.25e-05
994092,1,1.25e-05
141159,1,1.25e-05
240155,1,1.25e-05
020220,1,1.25e-05
587369,1,1.25e-05
040351,1,1.25e-05
880807,1,1.25e-05
221230,1,1.25e-05
523613,1,1.25e-05
090846,1,1.25e-05
010333,1,1.25e-05
640802,1,1.25e-05
270236,1,1.25e-05
952585,1,1.25e-05
885499,1,1.25e-05
060244,1,1.25e-05
191150,1,1.25e-05
617021,1,1.25e-05
250655,1,1.25e-05
160654,1,1.25e-05
220261,1,1.25e-05
785545,1,1.25e-05
962558,1,1.25e-05
090974,1,1.25e-05
030881,1,1.25e-05
785779,1,1.25e-05
718020,1,1.25e-05
110380,1,1.25e-05
309571,1,1.25e-05
547420,1,1.25e-05
757807,1,1.25e-05
292043,1,1.25e-05
261068,1,1.25e-05
930195,1,1.25e-05
152347,1,1.25e-05
020805,1,1.25e-05
097142,1,1.25e-05
090238,1,1.25e-05
918614,1,1.25e-05
150223,1,1.25e-05
070861,1,1.25e-05
110440,1,1.25e-05
010279,1,1.25e-05
041299,1,1.25e-05
689678,1,1.25e-05
180358,1,1.25e-05
307315,1,1.25e-05
660006,1,1.25e-05
164829,1,1.25e-05
220152,1,1.25e-05
918859,1,1.25e-05
100408,1,1.25e-05
009491,1,1.25e-05
150322,1,1.25e-05
161136,1,1.25e-05
443988,1,1.25e-05
100855,1,1.25e-05
010451,1,1.25e-05
245166,1,1.25e-05
180834,1,1.25e-05
003533,1,1.25e-05
492959,1,1.25e-05
240819,1,1.25e-05
111055,1,1.25e-05
673492,1,1.25e-05
081232,1,1.25e-05
160322,1,1.25e-05
435324,1,1.25e-05
423834,1,1.25e-05
271055,1,1.25e-05
847919,1,1.25e-05
011056,1,1.25e-05
747828,1,1.25e-05
060984,1,1.25e-05
310757,1,1.25e-05
571050,1,1.25e-05
250284,1,1.25e-05
240730,1,1.25e-05
120989,1,1.25e-05
432367,1,1.25e-05
405460,1,1.25e-05
061023,1,1.25e-05
730156,1,1.25e-05
131660,1,1.25e-05
952265,1,1.25e-05
020298,1,1.25e-05
152092,1,1.25e-05
920891,1,1.25e-05
092070,1,1.25e-05
150136,1,1.25e-05
636767,1,1.25e-05
701505,1,1.25e-05
065936,1,1.25e-05
109062,1,1.25e-05
983344,1,1.25e-05
101030,1,1.25e-05
001544,1,1.25e-05
100329,1,1.25e-05
220223,1,1.25e-05
090816,1,1.25e-05
201022,1,1.25e-05
614217,1,1.25e-05
010906,1,1.25e-05
495686,1,1.25e-05
020980,1,1.25e-05
250820,1,1.25e-05
210443,1,1.25e-05
251544,1,1.25e-05
030337,1,1.25e-05
242335,1,1.25e-05
363489,1,1.25e-05
070332,1,1.25e-05
465651,1,1.25e-05
207984,1,1.25e-05
087422,1,1.25e-05
520306,1,1.25e-05
070391,1,1.25e-05
784262,1,1.25e-05
928610,1,1.25e-05
999768,1,1.25e-05
081274,1,1.25e-05
084235,1,1.25e-05
487967,1,1.25e-05
241184,1,1.25e-05
190661,1,1.25e-05
222890,1,1.25e-05
596621,1,1.25e-05
952945,1,1.25e-05
121141,1,1.25e-05
240282,1,1.25e-05
789150,1,1.25e-05
669517,1,1.25e-05
647984,1,1.25e-05
424620,1,1.25e-05
776493,1,1.25e-05
230678,1,1.25e-05
271245,1,1.25e-05
171019,1,1.25e-05
040110,1,1.25e-05
040646,1,1.25e-05
449567,1,1.25e-05
200726,1,1.25e-05
180370,1,1.25e-05
315313,1,1.25e-05
481688,1,1.25e-05
319818,1,1.25e-05
281104,1,1.25e-05
940011,1,1.25e-05
220754,1,1.25e-05
060881,1,1.25e-05
441868,1,1.25e-05
191085,1,1.25e-05
307796,1,1.25e-05
020140,1,1.25e-05
240546,1,1.25e-05
476189,1,1.25e-05
010275,1,1.25e-05
500421,1,1.25e-05
210786,1,1.25e-05
805704,1,1.25e-05
180293,1,1.25e-05
138528,1,1.25e-05
227747,1,1.25e-05
121061,1,1.25e-05
130334,1,1.25e-05
736682,1,1.25e-05
237130,1,1.25e-05
261011,1,1.25e-05
086934,1,1.25e-05
060275,1,1.25e-05
120286,1,1.25e-05
010661,1,1.25e-05
591978,1,1.25e-05
499633,1,1.25e-05
050376,1,1.25e-05
011201,1,1.25e-05
766372,1,1.25e-05
975904,1,1.25e-05
281198,1,1.25e-05
221011,1,1.25e-05
666945,1,1.25e-05
020218,1,1.25e-05
200601,1,1.25e-05
220798,1,1.25e-05
691429,1,1.25e-05
871757,1,1.25e-05
051101,1,1.25e-05
972831,1,1.25e-05
151161,1,1.25e-05
081215,1,1.25e-05
030250,1,1.25e-05
200572,1,1.25e-05
090136,1,1.25e-05
360663,1,1.25e-05
120376,1,1.25e-05
221073,1,1.25e-05
899015,1,1.25e-05
041060,1,1.25e-05
097549,1,1.25e-05
130160,1,1.25e-05
752402,1,1.25e-05
399210,1,1.25e-05
170166,1,1.25e-05
151167,1,1.25e-05
266641,1,1.25e-05
016531,1,1.25e-05
210200,1,1.25e-05
476460,1,1.25e-05
007947,1,1.25e-05
210234,1,1.25e-05
319508,1,1.25e-05
220873,1,1.25e-05
634868,1,1.25e-05
040367,1,1.25e-05
148174,1,1.25e-05
655633,1,1.25e-05
754117,1,1.25e-05
355072,1,1.25e-05
255271,1,1.25e-05
287964,1,1.25e-05
025433,1,1.25e-05
020878,1,1.25e-05
485175,1,1.25e-05
339129,1,1.25e-05
021050,1,1.25e-05
243097,1,1.25e-05
210802,1,1.25e-05
317731,1,1.25e-05
379647,1,1.25e-05
433357,1,1.25e-05
659638,1,1.25e-05
609379,1,1.25e-05
090606,1,1.25e-05
260826,1,1.25e-05
270787,1,1.25e-05
651321,1,1.25e-05
080965,1,1.25e-05
130683,1,1.25e-05
160164,1,1.25e-05
971009,1,1.25e-05
669968,1,1.25e-05
140146,1,1.25e-05
150937,1,1.25e-05
020412,1,1.25e-05
280895,1,1.25e-05
992313,1,1.25e-05
111428,1,1.25e-05
140937,1,1.25e-05
011102,1,1.25e-05
251211,1,1.25e-05
181032,1,1.25e-05
201185,1,1.25e-05
151072,1,1.25e-05
831922,1,1.25e-05
198766,1,1.25e-05
336298,1,1.25e-05
080748,1,1.25e-05
180722,1,1.25e-05
120289,1,1.25e-05
973805,1,1.25e-05
103788,1,1.25e-05
830126,1,1.25e-05
261421,1,1.25e-05
151465,1,1.25e-05
060991,1,1.25e-05
193223,1,1.25e-05
260531,1,1.25e-05
356256,1,1.25e-05
527658,1,1.25e-05
260299,1,1.25e-05
180950,1,1.25e-05
796106,1,1.25e-05
241094,1,1.25e-05
635949,1,1.25e-05
080568,1,1.25e-05
101168,1,1.25e-05
662884,1,1.25e-05
151131,1,1.25e-05
170667,1,1.25e-05
903327,1,1.25e-05
050993,1,1.25e-05
489207,1,1.25e-05
814906,1,1.25e-05
165381,1,1.25e-05
792152,1,1.25e-05
230896,1,1.25e-05
790069,1,1.25e-05
270154,1,1.25e-05
250585,1,1.25e-05
369694,1,1.25e-05
946279,1,1.25e-05
913209,1,1.25e-05
637647,1,1.25e-05
081083,1,1.25e-05
200437,1,1.25e-05
180291,1,1.25e-05
680149,1,1.25e-05
191007,1,1.25e-05
809266,1,1.25e-05
627813,1,1.25e-05
041174,1,1.25e-05
987516,1,1.25e-05
148645,1,1.25e-05
020297,1,1.25e-05
827816,1,1.25e-05
230648,1,1.25e-05
260249,1,1.25e-05
120638,1,1.25e-05
927991,1,1.25e-05
200579,1,1.25e-05
883820,1,1.25e-05
130218,1,1.25e-05
255366,1,1.25e-05
696838,1,1.25e-05
240318,1,1.25e-05
427583,1,1.25e-05
250991,1,1.25e-05
200247,1,1.25e-05
111020,1,1.25e-05
310155,1,1.25e-05
260197,1,1.25e-05
261006,1,1.25e-05
638456,1,1.25e-05
020968,1,1.25e-05
160464,1,1.25e-05
101062,1,1.25e-05
220881,1,1.25e-05
161017,1,1.25e-05
120161,1,1.25e-05
121125,1,1.25e-05
271002,1,1.25e-05
220183,1,1.25e-05
365996,1,1.25e-05
603524,1,1.25e-05
832170,1,1.25e-05
031044,1,1.25e-05
090758,1,1.25e-05
498119,1,1.25e-05
240483,1,1.25e-05
450916,1,1.25e-05
100162,1,1.25e-05
260145,1,1.25e-05
617147,1,1.25e-05
164821,1,1.25e-05
160799,1,1.25e-05
040808,1,1.25e-05
242473,1,1.25e-05
151091,1,1.25e-05
120362,1,1.25e-05
188005,1,1.25e-05
394083,1,1.25e-05
832138,1,1.25e-05
130307,1,1.25e-05
463935,1,1.25e-05
030652,1,1.25e-05
191026,1,1.25e-05
045818,1,1.25e-05
020560,1,1.25e-05
170249,1,1.25e-05
071248,1,1.25e-05
974009,1,1.25e-05
120793,1,1.25e-05
271248,1,1.25e-05
050850,1,1.25e-05
171054,1,1.25e-05
280417,1,1.25e-05
200745,1,1.25e-05
196347,1,1.25e-05
271270,1,1.25e-05
280965,1,1.25e-05
060702,1,1.25e-05
387967,1,1.25e-05
365035,1,1.25e-05
331175,1,1.25e-05
150850,1,1.25e-05
230262,1,1.25e-05
620198,1,1.25e-05
270830,1,1.25e-05
150971,1,1.25e-05
890821,1,1.25e-05
265943,1,1.25e-05
096294,1,1.25e-05
151163,1,1.25e-05
919233,1,1.25e-05
280731,1,1.25e-05
792394,1,1.25e-05
161562,1,1.25e-05
798440,1,1.25e-05
130929,1,1.25e-05
284770,1,1.25e-05
134701,1,1.25e-05
150337,1,1.25e-05
220194,1,1.25e-05
586406,1,1.25e-05
220383,1,1.25e-05
208721,1,1.25e-05
140475,1,1.25e-05
220554,1,1.25e-05
305496,1,1.25e-05
080979,1,1.25e-05
829494,1,1.25e-05
515675,1,1.25e-05
020276,1,1.25e-05
160249,1,1.25e-05
250888,1,1.25e-05
776530,1,1.25e-05
280382,1,1.25e-05
700240,1,1.25e-05
731660,1,1.25e-05
050985,1,1.25e-05
652550,1,1.25e-05
229844,1,1.25e-05
682138,1,1.25e-05
926355,1,1.25e-05
515144,1,1.25e-05
178638,1,1.25e-05
891170,1,1.25e-05
120572,1,1.25e-05
433175,1,1.25e-05
281294,1,1.25e-05
110760,1,1.25e-05
569040,1,1.25e-05
170140,1,1.25e-05
683407,1,1.25e-05
110667,1,1.25e-05
181228,1,1.25e-05
261131,1,1.25e-05
180100,1,1.25e-05
010845,1,1.25e-05
260395,1,1.25e-05
170860,1,1.25e-05
591351,1,1.25e-05
172717,1,1.25e-05
071869,1,1.25e-05
177302,1,1.25e-05
495631,1,1.25e-05
121054,1,1.25e-05
352519,1,1.25e-05
652593,1,1.25e-05
270909,1,1.25e-05
312939,1,1.25e-05
050138,1,1.25e-05
081161,1,1.25e-05
031258,1,1.25e-05
741990,1,1.25e-05
795027,1,1.25e-05
742335,1,1.25e-05
599143,1,1.25e-05
512842,1,1.25e-05
114512,1,1.25e-05
181100,1,1.25e-05
020931,1,1.25e-05
010944,1,1.25e-05
131099,1,1.25e-05
201064,1,1.25e-05
220439,1,1.25e-05
210961,1,1.25e-05
220906,1,1.25e-05
150800,1,1.25e-05
050541,1,1.25e-05
130825,1,1.25e-05
100538,1,1.25e-05
102138,1,1.25e-05
120160,1,1.25e-05
280749,1,1.25e-05
125486,1,1.25e-05
200376,1,1.25e-05
589883,1,1.25e-05
240745,1,1.25e-05
605354,1,1.25e-05
890199,1,1.25e-05
511891,1,1.25e-05
292744,1,1.25e-05
943739,1,1.25e-05
200696,1,1.25e-05
240617,1,1.25e-05
912576,1,1.25e-05
231181,1,1.25e-05
057851,1,1.25e-05
031073,1,1.25e-05
357114,1,1.25e-05
994027,1,1.25e-05
850491,1,1.25e-05
150657,1,1.25e-05
061025,1,1.25e-05
096864,1,1.25e-05
260688,1,1.25e-05
899745,1,1.25e-05
523068,1,1.25e-05
200771,1,1.25e-05
730602,1,1.25e-05
795894,1,1.25e-05
502165,1,1.25e-05
094189,1,1.25e-05
127968,1,1.25e-05
357766,1,1.25e-05
020550,1,1.25e-05
121046,1,1.25e-05
342120,1,1.25e-05
110988,1,1.25e-05
620885,1,1.25e-05
240475,1,1.25e-05
150250,1,1.25e-05
120467,1,1.25e-05
103980,1,1.25e-05
190845,1,1.25e-05
240470,1,1.25e-05
523028,1,1.25e-05
260292,1,1.25e-05
363217,1,1.25e-05
100609,1,1.25e-05
340327,1,1.25e-05
020300,1,1.25e-05
070262,1,1.25e-05
232842,1,1.25e-05
868480,1,1.25e-05
772738,1,1.25e-05
918866,1,1.25e-05
401577,1,1.25e-05
336300,1,1.25e-05
414497,1,1.25e-05
847303,1,1.25e-05
160342,1,1.25e-05
141059,1,1.25e-05
011121,1,1.25e-05
825148,1,1.25e-05
180542,1,1.25e-05
270433,1,1.25e-05
260181,1,1.25e-05
