pin,count,probability
0,2077,0.02077
333333,2037,0.02037
555555,2032,0.02032
444444,2022,0.02022
888888,2004,0.02004
777777,2003,0.02003
666666,1983,0.01983
111111,1974,0.01974
999999,1970,0.0197
12345,1964,0.01964
345678,1963,0.01963
222222,1947,0.01947
765432,1878,0.01878
876543,1874,0.01874
234567,1856,0.01856
123456,1842,0.01842
456789,1840,0.0184
987654,1824,0.01824
311178,9,9e-05
80461,7,7e-05
80998,7,7e-05
30279,7,7e-05
210719,7,7e-05
121187,7,7e-05
281089,7,7e-05
80513,7,7e-05
50754,7,7e-05
190726,7,7e-05
60215,7,7e-05
241040,7,7e-05
81266,6,6e-05
311043,6,6e-05
20227,6,6e-05
160191,6,6e-05
150456,6,6e-05
200135,6,6e-05
41252,6,6e-05
130284,6,6e-05
220742,6,6e-05
90498,6,6e-05
20877,6,6e-05
160651,6,6e-05
101180,6,6e-05
81230,6,6e-05
100664,6,6e-05
61236,6,6e-05
110525,6,6e-05
70216,6,6e-05
50297,6,6e-05
60983,6,6e-05
250405,6,6e-05
30410,6,6e-05
230719,6,6e-05
300650,6,6e-05
110715,6,6e-05
140606,6,6e-05
250764,6,6e-05
110483,6,6e-05
90238,6,6e-05
200618,6,6e-05
50155,6,6e-05
51289,6,6e-05
141217,6,6e-05
140235,6,6e-05
140509,6,6e-05
260464,6,6e-05
210989,6,6e-05
280606,6,6e-05
260596,6,6e-05
41296,6,6e-05
130351,6,6e-05
11289,5,5e-05
171227,5,5e-05
260119,5,5e-05
250170,5,5e-05
10732,5,5e-05
261045,5,5e-05
110873,5,5e-05
20923,5,5e-05
140164,5,5e-05
180721,5,5e-05
280284,5,5e-05
151280,5,5e-05
250546,5,5e-05
20978,5,5e-05
41193,5,5e-05
100764,5,5e-05
120794,5,5e-05
60347,5,5e-05
110705,5,5e-05
260108,5,5e-05
210514,5,5e-05
300325,5,5e-05
230464,5,5e-05
20495,5,5e-05
291146,5,5e-05
250412,5,5e-05
170192,5,5e-05
260890,5,5e-05
160731,5,5e-05
210207,5,5e-05
300180,5,5e-05
190373,5,5e-05
171169,5,5e-05
80816,5,5e-05
311288,5,5e-05
130798,5,5e-05
90108,5,5e-05
110793,5,5e-05
160239,5,5e-05
120121,5,5e-05
40422,5,5e-05
200102,5,5e-05
201120,5,5e-05
240473,5,5e-05
300575,5,5e-05
241142,5,5e-05
220782,5,5e-05
40438,5,5e-05
300268,5,5e-05
161274,5,5e-05
101045,5,5e-05
91279,5,5e-05
161020,5,5e-05
230377,5,5e-05
190479,5,5e-05
80969,5,5e-05
100611,5,5e-05
280513,5,5e-05
250200,5,5e-05
170253,5,5e-05
260255,5,5e-05
101278,5,5e-05
270124,5,5e-05
50616,5,5e-05
190439,5,5e-05
100212,5,5e-05
10454,5,5e-05
300711,5,5e-05
120828,5,5e-05
261101,5,5e-05
260295,5,5e-05
131197,5,5e-05
250114,5,5e-05
170959,5,5e-05
141017,5,5e-05
60110,5,5e-05
40391,5,5e-05
170211,5,5e-05
41275,5,5e-05
140685,5,5e-05
300582,5,5e-05
150793,5,5e-05
191054,5,5e-05
311097,5,5e-05
181053,5,5e-05
40473,5,5e-05
120420,5,5e-05
160977,5,5e-05
90804,5,5e-05
171240,5,5e-05
230941,5,5e-05
90607,5,5e-05
200254,5,5e-05
270298,5,5e-05
220574,5,5e-05
10762,5,5e-05
100938,5,5e-05
290823,5,5e-05
210970,5,5e-05
60875,5,5e-05
170821,5,5e-05
50154,5,5e-05
230708,5,5e-05
300981,5,5e-05
61132,5,5e-05
31207,5,5e-05
150665,5,5e-05
280246,5,5e-05
71088,5,5e-05
100523,5,5e-05
170678,5,5e-05
120973,5,5e-05
271150,5,5e-05
110682,5,5e-05
90625,5,5e-05
220399,5,5e-05
20403,5,5e-05
90969,5,5e-05
40799,5,5e-05
230380,5,5e-05
81270,5,5e-05
251231,5,5e-05
230893,5,5e-05
31141,5,5e-05
280180,5,5e-05
120911,5,5e-05
200481,5,5e-05
50912,5,5e-05
290149,5,5e-05
270485,5,5e-05
261260,5,5e-05
61134,5,5e-05
210482,5,5e-05
80474,5,5e-05
160640,5,5e-05
270434,5,5e-05
70913,5,5e-05
270462,5,5e-05
310352,5,5e-05
40194,5,5e-05
280825,5,5e-05
90823,5,5e-05
160439,5,5e-05
220995,5,5e-05
150965,5,5e-05
100315,5,5e-05
160834,5,5e-05
311229,5,5e-05
140241,5,5e-05
101086,5,5e-05
211020,5,5e-05
131211,5,5e-05
260954,5,5e-05
20503,5,5e-05
181283,5,5e-05
261068,5,5e-05
300535,5,5e-05
51106,5,5e-05
310764,5,5e-05
240293,5,5e-05
290917,5,5e-05
120861,5,5e-05
50918,5,5e-05
210604,5,5e-05
10437,4,4e-05
170637,4,4e-05
230623,4,4e-05
290889,4,4e-05
140360,4,4e-05
90736,4,4e-05
190344,4,4e-05
110930,4,4e-05
251162,4,4e-05
50133,4,4e-05
291110,4,4e-05
120387,4,4e-05
50916,4,4e-05
50211,4,4e-05
190235,4,4e-05
150211,4,4e-05
311273,4,4e-05
110527,4,4e-05
131057,4,4e-05
101152,4,4e-05
90131,4,4e-05
220882,4,4e-05
121188,4,4e-05
40263,4,4e-05
310827,4,4e-05
51239,4,4e-05
300571,4,4e-05
250615,4,4e-05
311261,4,4e-05
30613,4,4e-05
180673,4,4e-05
240929,4,4e-05
301053,4,4e-05
30720,4,4e-05
130908,4,4e-05
161192,4,4e-05
171203,4,4e-05
250996,4,4e-05
81293,4,4e-05
290933,4,4e-05
300953,4,4e-05
210679,4,4e-05
100729,4,4e-05
201064,4,4e-05
80824,4,4e-05
161224,4,4e-05
270980,4,4e-05
171177,4,4e-05
220289,4,4e-05
150518,4,4e-05
130147,4,4e-05
100656,4,4e-05
310382,4,4e-05
220344,4,4e-05
280738,4,4e-05
260569,4,4e-05
90813,4,4e-05
230439,4,4e-05
231088,4,4e-05
150267,4,4e-05
220219,4,4e-05
80635,4,4e-05
271045,4,4e-05
20818,4,4e-05
120329,4,4e-05
100244,4,4e-05
60576,4,4e-05
200620,4,4e-05
251037,4,4e-05
110220,4,4e-05
220775,4,4e-05
260213,4,4e-05
160311,4,4e-05
230108,4,4e-05
250581,4,4e-05
100156,4,4e-05
60773,4,4e-05
71114,4,4e-05
40550,4,4e-05
270391,4,4e-05
150742,4,4e-05
40400,4,4e-05
200741,4,4e-05
80248,4,4e-05
10653,4,4e-05
210638,4,4e-05
241080,4,4e-05
110757,4,4e-05
60344,4,4e-05
280634,4,4e-05
270818,4,4e-05
130558,4,4e-05
140981,4,4e-05
251202,4,4e-05
280716,4,4e-05
240333,4,4e-05
270895,4,4e-05
100560,4,4e-05
170555,4,4e-05
41116,4,4e-05
41201,4,4e-05
311298,4,4e-05
71119,4,4e-05
250109,4,4e-05
300632,4,4e-05
140954,4,4e-05
140905,4,4e-05
300229,4,4e-05
200176,4,4e-05
180343,4,4e-05
160789,4,4e-05
70207,4,4e-05
230455,4,4e-05
190858,4,4e-05
50544,4,4e-05
170478,4,4e-05
90715,4,4e-05
250229,4,4e-05
110899,4,4e-05
260762,4,4e-05
101264,4,4e-05
50894,4,4e-05
11218,4,4e-05
240273,4,4e-05
140791,4,4e-05
90520,4,4e-05
60790,4,4e-05
30691,4,4e-05
150966,4,4e-05
21083,4,4e-05
80384,4,4e-05
100201,4,4e-05
110665,4,4e-05
300551,4,4e-05
171141,4,4e-05
80275,4,4e-05
160248,4,4e-05
61097,4,4e-05
10359,4,4e-05
191057,4,4e-05
181161,4,4e-05
190394,4,4e-05
260301,4,4e-05
300669,4,4e-05
160396,4,4e-05
210814,4,4e-05
30547,4,4e-05
240817,4,4e-05
310776,4,4e-05
110992,4,4e-05
251201,4,4e-05
270559,4,4e-05
200395,4,4e-05
290202,4,4e-05
30842,4,4e-05
190356,4,4e-05
100522,4,4e-05
260333,4,4e-05
261075,4,4e-05
140155,4,4e-05
221260,4,4e-05
121184,4,4e-05
51264,4,4e-05
110794,4,4e-05
50598,4,4e-05
20107,4,4e-05
181189,4,4e-05
190353,4,4e-05
100154,4,4e-05
60602,4,4e-05
20770,4,4e-05
230410,4,4e-05
311140,4,4e-05
90595,4,4e-05
91141,4,4e-05
20712,4,4e-05
40980,4,4e-05
170837,4,4e-05
20423,4,4e-05
220112,4,4e-05
90476,4,4e-05
211172,4,4e-05
240771,4,4e-05
211107,4,4e-05
10345,4,4e-05
20714,4,4e-05
41070,4,4e-05
310259,4,4e-05
120830,4,4e-05
280111,4,4e-05
20835,4,4e-05
80852,4,4e-05
210995,4,4e-05
250563,4,4e-05
250982,4,4e-05
270804,4,4e-05
70287,4,4e-05
110226,4,4e-05
210209,4,4e-05
140251,4,4e-05
90140,4,4e-05
270813,4,4e-05
10930,4,4e-05
290868,4,4e-05
40936,4,4e-05
60827,4,4e-05
121144,4,4e-05
120234,4,4e-05
121026,4,4e-05
30675,4,4e-05
171028,4,4e-05
250878,4,4e-05
250116,4,4e-05
190230,4,4e-05
180692,4,4e-05
221255,4,4e-05
290274,4,4e-05
180985,4,4e-05
180966,4,4e-05
200552,4,4e-05
160204,4,4e-05
220939,4,4e-05
180815,4,4e-05
240354,4,4e-05
290780,4,4e-05
120241,4,4e-05
140537,4,4e-05
290509,4,4e-05
190543,4,4e-05
231181,4,4e-05
301063,4,4e-05
281052,4,4e-05
20958,4,4e-05
300212,4,4e-05
210161,4,4e-05
40159,4,4e-05
90232,4,4e-05
110648,4,4e-05
170681,4,4e-05
130353,4,4e-05
270125,4,4e-05
240756,4,4e-05
280420,4,4e-05
220596,4,4e-05
120313,4,4e-05
250869,4,4e-05
290489,4,4e-05
51126,4,4e-05
180488,4,4e-05
191130,4,4e-05
40662,4,4e-05
151058,4,4e-05
20298,4,4e-05
260134,4,4e-05
80118,4,4e-05
270760,4,4e-05
120770,4,4e-05
260900,4,4e-05
111226,4,4e-05
190170,4,4e-05
120432,4,4e-05
190514,4,4e-05
170910,4,4e-05
230612,4,4e-05
130703,4,4e-05
210745,4,4e-05
240196,4,4e-05
130939,4,4e-05
51266,4,4e-05
80822,4,4e-05
90558,4,4e-05
240592,4,4e-05
130239,4,4e-05
220731,4,4e-05
100248,4,4e-05
311196,4,4e-05
300797,4,4e-05
100426,4,4e-05
240331,4,4e-05
51026,4,4e-05
140457,4,4e-05
220490,4,4e-05
160847,4,4e-05
90651,4,4e-05
11072,4,4e-05
80414,4,4e-05
280631,4,4e-05
270964,4,4e-05
230956,4,4e-05
70252,4,4e-05
20467,4,4e-05
30266,4,4e-05
70880,4,4e-05
10388,4,4e-05
110644,4,4e-05
110326,4,4e-05
220340,4,4e-05
130902,4,4e-05
300927,4,4e-05
311069,4,4e-05
210295,4,4e-05
220764,4,4e-05
40625,4,4e-05
90733,4,4e-05
241279,4,4e-05
30251,4,4e-05
290543,4,4e-05
201259,4,4e-05
131004,4,4e-05
251101,4,4e-05
20148,4,4e-05
60625,4,4e-05
280787,4,4e-05
281057,4,4e-05
311101,4,4e-05
120986,4,4e-05
140771,4,4e-05
261072,4,4e-05
240795,4,4e-05
211051,4,4e-05
220897,4,4e-05
160915,4,4e-05
230731,4,4e-05
211034,4,4e-05
100289,4,4e-05
310476,4,4e-05
130619,4,4e-05
281248,4,4e-05
171278,4,4e-05
250744,4,4e-05
280323,4,4e-05
40915,4,4e-05
210910,4,4e-05
190766,4,4e-05
60669,4,4e-05
150922,4,4e-05
30556,4,4e-05
61297,4,4e-05
30484,4,4e-05
250314,4,4e-05
71297,4,4e-05
90464,4,4e-05
111228,4,4e-05
210766,4,4e-05
41079,4,4e-05
270435,4,4e-05
211184,4,4e-05
30600,4,4e-05
161102,4,4e-05
240347,4,4e-05
180172,4,4e-05
310482,4,4e-05
210317,4,4e-05
191181,4,4e-05
170454,4,4e-05
130521,4,4e-05
91179,4,4e-05
140455,4,4e-05
181153,4,4e-05
30650,4,4e-05
110991,4,4e-05
161033,4,4e-05
150485,4,4e-05
240964,4,4e-05
190811,4,4e-05
150616,4,4e-05
260167,4,4e-05
210507,4,4e-05
130965,4,4e-05
100759,4,4e-05
150311,4,4e-05
170505,4,4e-05
151275,4,4e-05
160167,4,4e-05
151025,4,4e-05
281152,4,4e-05
280114,4,4e-05
150996,4,4e-05
200456,4,4e-05
81096,4,4e-05
191033,4,4e-05
210544,4,4e-05
101070,4,4e-05
230626,4,4e-05
80807,4,4e-05
91249,4,4e-05
200475,4,4e-05
61007,4,4e-05
261142,4,4e-05
280597,4,4e-05
20275,4,4e-05
50823,4,4e-05
11025,4,4e-05
190145,4,4e-05
200511,4,4e-05
270329,4,4e-05
160765,4,4e-05
300173,4,4e-05
120494,4,4e-05
250746,4,4e-05
310243,4,4e-05
30624,4,4e-05
300399,4,4e-05
250838,4,4e-05
200216,4,4e-05
51296,4,4e-05
150202,4,4e-05
270982,4,4e-05
261056,4,4e-05
230541,4,4e-05
310412,4,4e-05
120467,4,4e-05
80471,4,4e-05
100659,4,4e-05
250132,4,4e-05
200883,4,4e-05
90398,4,4e-05
20355,4,4e-05
81044,4,4e-05
200544,4,4e-05
111174,4,4e-05
80456,4,4e-05
150795,4,4e-05
30299,4,4e-05
110608,4,4e-05
121249,4,4e-05
20305,4,4e-05
231246,4,4e-05
210594,4,4e-05
260975,4,4e-05
191264,4,4e-05
10233,4,4e-05
100286,4,4e-05
170694,4,4e-05
251191,4,4e-05
130308,4,4e-05
270865,4,4e-05
181232,4,4e-05
20936,4,4e-05
300328,4,4e-05
210953,4,4e-05
170126,4,4e-05
290836,4,4e-05
100299,4,4e-05
111042,4,4e-05
100947,4,4e-05
10545,4,4e-05
30864,4,4e-05
250966,4,4e-05
220246,4,4e-05
121297,4,4e-05
260644,4,4e-05
161289,4,4e-05
151028,4,4e-05
180638,4,4e-05
230139,4,4e-05
150169,4,4e-05
260281,4,4e-05
41214,4,4e-05
20829,4,4e-05
200982,4,4e-05
250952,4,4e-05
130315,4,4e-05
210961,4,4e-05
160303,4,4e-05
10886,4,4e-05
240207,4,4e-05
160118,4,4e-05
140998,4,4e-05
30230,4,4e-05
241164,4,4e-05
80828,4,4e-05
190725,4,4e-05
261182,4,4e-05
300426,4,4e-05
251280,4,4e-05
140490,4,4e-05
230320,4,4e-05
251284,4,4e-05
50556,4,4e-05
140794,4,4e-05
140540,4,4e-05
120617,4,4e-05
210300,4,4e-05
80327,4,4e-05
111116,4,4e-05
40971,4,4e-05
90904,4,4e-05
250408,4,4e-05
300330,4,4e-05
20345,4,4e-05
280155,4,4e-05
301235,4,4e-05
31140,4,4e-05
220301,4,4e-05
210780,4,4e-05
30980,4,4e-05
40688,4,4e-05
200406,4,4e-05
140315,4,4e-05
110847,4,4e-05
230143,4,4e-05
161062,4,4e-05
301008,4,4e-05
110997,4,4e-05
210206,4,4e-05
201025,4,4e-05
210283,4,4e-05
21020,4,4e-05
181238,4,4e-05
10451,4,4e-05
191290,4,4e-05
100553,4,4e-05
70183,4,4e-05
260520,4,4e-05
300410,4,4e-05
210106,4,4e-05
50564,4,4e-05
180180,4,4e-05
131030,4,4e-05
111177,4,4e-05
180900,4,4e-05
220148,4,4e-05
80840,4,4e-05
251115,4,4e-05
230698,4,4e-05
101011,4,4e-05
220988,4,4e-05
31299,4,4e-05
120136,4,4e-05
300127,4,4e-05
201179,4,4e-05
40195,4,4e-05
130496,4,4e-05
50963,4,4e-05
20997,4,4e-05
120274,4,4e-05
180912,4,4e-05
60239,4,4e-05
120149,4,4e-05
220883,4,4e-05
240285,4,4e-05
110188,4,4e-05
250950,4,4e-05
260507,4,4e-05
90932,4,4e-05
10405,4,4e-05
20995,4,4e-05
231216,4,4e-05
60597,4,4e-05
220933,4,4e-05
311198,4,4e-05
271258,4,4e-05
70766,4,4e-05
91160,4,4e-05
250189,4,4e-05
250936,4,4e-05
150105,4,4e-05
40856,4,4e-05
200399,4,4e-05
60551,4,4e-05
141084,4,4e-05
41295,4,4e-05
81299,4,4e-05
141295,4,4e-05
70772,4,4e-05
300901,4,4e-05
100457,4,4e-05
230492,4,4e-05
241187,4,4e-05
291294,4,4e-05
120382,4,4e-05
150433,4,4e-05
230985,4,4e-05
111175,4,4e-05
251004,4,4e-05
141186,4,4e-05
180494,4,4e-05
171157,4,4e-05
20101,4,4e-05
50821,4,4e-05
91201,4,4e-05
211127,4,4e-05
10482,4,4e-05
50837,4,4e-05
160603,4,4e-05
250875,4,4e-05
200831,4,4e-05
290675,4,4e-05
300292,4,4e-05
30481,4,4e-05
291039,4,4e-05
180923,4,4e-05
310465,4,4e-05
161116,4,4e-05
10613,4,4e-05
311252,4,4e-05
211233,4,4e-05
121070,4,4e-05
300107,4,4e-05
10273,4,4e-05
310997,4,4e-05
231151,4,4e-05
220443,4,4e-05
90383,4,4e-05
220342,4,4e-05
251008,4,4e-05
220902,4,4e-05
230865,4,4e-05
211281,4,4e-05
300854,4,4e-05
60671,4,4e-05
70243,4,4e-05
61032,4,4e-05
140644,4,4e-05
270152,4,4e-05
210696,4,4e-05
80364,4,4e-05
150751,4,4e-05
240800,4,4e-05
300585,4,4e-05
280904,4,4e-05
271188,4,4e-05
280711,4,4e-05
260337,4,4e-05
221073,4,4e-05
51031,4,4e-05
220283,4,4e-05
311144,4,4e-05
41035,4,4e-05
170427,4,4e-05
20377,4,4e-05
281030,4,4e-05
20815,4,4e-05
140376,4,4e-05
30314,4,4e-05
100530,4,4e-05
120302,4,4e-05
10897,4,4e-05
40899,4,4e-05
260289,4,4e-05
170859,4,4e-05
80896,4,4e-05
110161,4,4e-05
110990,4,4e-05
140379,4,4e-05
310503,4,4e-05
160711,4,4e-05
251181,4,4e-05
140304,4,4e-05
110264,4,4e-05
11259,4,4e-05
200312,4,4e-05
91217,4,4e-05
10970,4,4e-05
160317,4,4e-05
70743,4,4e-05
211226,4,4e-05
220268,4,4e-05
220720,4,4e-05
310172,4,4e-05
290686,4,4e-05
261167,4,4e-05
41185,4,4e-05
251277,4,4e-05
50756,4,4e-05
160430,4,4e-05
150299,4,4e-05
60911,4,4e-05
191026,4,4e-05
50856,4,4e-05
140645,4,4e-05
280252,4,4e-05
201249,4,4e-05
20787,4,4e-05
210938,4,4e-05
300238,4,4e-05
310295,4,4e-05
200527,4,4e-05
290443,4,4e-05
260201,4,4e-05
141267,4,4e-05
180726,4,4e-05
70846,4,4e-05
180918,4,4e-05
90667,4,4e-05
140795,4,4e-05
70963,4,4e-05
21009,4,4e-05
221167,4,4e-05
100875,4,4e-05
170704,4,4e-05
31208,4,4e-05
191175,4,4e-05
61209,4,4e-05
50161,4,4e-05
150995,4,4e-05
190709,4,4e-05
10103,4,4e-05
21035,4,4e-05
210490,4,4e-05
190981,4,4e-05
10170,4,4e-05
250509,4,4e-05
40127,4,4e-05
160444,4,4e-05
70115,4,4e-05
120594,4,4e-05
230825,4,4e-05
250385,4,4e-05
190165,4,4e-05
140584,4,4e-05
131225,4,4e-05
171070,4,4e-05
310260,4,4e-05
210483,4,4e-05
151203,4,4e-05
170912,4,4e-05
140230,4,4e-05
41270,4,4e-05
100745,4,4e-05
240981,4,4e-05
20760,4,4e-05
40504,4,4e-05
211067,4,4e-05
250694,4,4e-05
231203,4,4e-05
230275,4,4e-05
30272,4,4e-05
261170,4,4e-05
41100,4,4e-05
301077,4,4e-05
261079,4,4e-05
150363,4,4e-05
200942,4,4e-05
91147,4,4e-05
281270,4,4e-05
20161,4,4e-05
100662,4,4e-05
70391,4,4e-05
230947,4,4e-05
120645,3,3e-05
80571,3,3e-05
61052,3,3e-05
101097,3,3e-05
250797,3,3e-05
10957,3,3e-05
70215,3,3e-05
260944,3,3e-05
260826,3,3e-05
200566,3,3e-05
310198,3,3e-05
50862,3,3e-05
240246,3,3e-05
160895,3,3e-05
40686,3,3e-05
150533,3,3e-05
141296,3,3e-05
300628,3,3e-05
220561,3,3e-05
170424,3,3e-05
80435,3,3e-05
310806,3,3e-05
261233,3,3e-05
100984,3,3e-05
30174,3,3e-05
281182,3,3e-05
81199,3,3e-05
231252,3,3e-05
90876,3,3e-05
310699,3,3e-05
190952,3,3e-05
120966,3,3e-05
131244,3,3e-05
250404,3,3e-05
251068,3,3e-05
170185,3,3e-05
30100,3,3e-05
111082,3,3e-05
70983,3,3e-05
300605,3,3e-05
161007,3,3e-05
31135,3,3e-05
51023,3,3e-05
80193,3,3e-05
40749,3,3e-05
120680,3,3e-05
41097,3,3e-05
290433,3,3e-05
211269,3,3e-05
310364,3,3e-05
240259,3,3e-05
150810,3,3e-05
70674,3,3e-05
130704,3,3e-05
240656,3,3e-05
260554,3,3e-05
110698,3,3e-05
241270,3,3e-05
40863,3,3e-05
260349,3,3e-05
90577,3,3e-05
60426,3,3e-05
300792,3,3e-05
160548,3,3e-05
80611,3,3e-05
40113,3,3e-05
70583,3,3e-05
181049,3,3e-05
180813,3,3e-05
80278,3,3e-05
311148,3,3e-05
260342,3,3e-05
270277,3,3e-05
30428,3,3e-05
160773,3,3e-05
10449,3,3e-05
300522,3,3e-05
281108,3,3e-05
260881,3,3e-05
90241,3,3e-05
161146,3,3e-05
101049,3,3e-05
200553,3,3e-05
190998,3,3e-05
240726,3,3e-05
300383,3,3e-05
150541,3,3e-05
31039,3,3e-05
120462,3,3e-05
120552,3,3e-05
10569,3,3e-05
311151,3,3e-05
100464,3,3e-05
170974,3,3e-05
200899,3,3e-05
220384,3,3e-05
70237,3,3e-05
170754,3,3e-05
51032,3,3e-05
190879,3,3e-05
171022,3,3e-05
220829,3,3e-05
130769,3,3e-05
110462,3,3e-05
230329,3,3e-05
100956,3,3e-05
31142,3,3e-05
280900,3,3e-05
310691,3,3e-05
160888,3,3e-05
100632,3,3e-05
100725,3,3e-05
310437,3,3e-05
100172,3,3e-05
260749,3,3e-05
111258,3,3e-05
160272,3,3e-05
50426,3,3e-05
270323,3,3e-05
240176,3,3e-05
150737,3,3e-05
220940,3,3e-05
50972,3,3e-05
290710,3,3e-05
270681,3,3e-05
280143,3,3e-05
190143,3,3e-05
150394,3,3e-05
260282,3,3e-05
30340,3,3e-05
40691,3,3e-05
180774,3,3e-05
260863,3,3e-05
210222,3,3e-05
121195,3,3e-05
240918,3,3e-05
130658,3,3e-05
80484,3,3e-05
290769,3,3e-05
270182,3,3e-05
100800,3,3e-05
290129,3,3e-05
10436,3,3e-05
150674,3,3e-05
260728,3,3e-05
111031,3,3e-05
100526,3,3e-05
291253,3,3e-05
160522,3,3e-05
130590,3,3e-05
140520,3,3e-05
111112,3,3e-05
80215,3,3e-05
180976,3,3e-05
111237,3,3e-05
91176,3,3e-05
221196,3,3e-05
250677,3,3e-05
230291,3,3e-05
50518,3,3e-05
270312,3,3e-05
101274,3,3e-05
201247,3,3e-05
30814,3,3e-05
250272,3,3e-05
180309,3,3e-05
190587,3,3e-05
50409,3,3e-05
220923,3,3e-05
131158,3,3e-05
231159,3,3e-05
251087,3,3e-05
90610,3,3e-05
40137,3,3e-05
240971,3,3e-05
91260,3,3e-05
141213,3,3e-05
30678,3,3e-05
80636,3,3e-05
120373,3,3e-05
31256,3,3e-05
270570,3,3e-05
80263,3,3e-05
40269,3,3e-05
50366,3,3e-05
11230,3,3e-05
290732,3,3e-05
270236,3,3e-05
11280,3,3e-05
180676,3,3e-05
211154,3,3e-05
281151,3,3e-05
220302,3,3e-05
291066,3,3e-05
280659,3,3e-05
40604,3,3e-05
180115,3,3e-05
70895,3,3e-05
260525,3,3e-05
91155,3,3e-05
30747,3,3e-05
310782,3,3e-05
110329,3,3e-05
50892,3,3e-05
290549,3,3e-05
160868,3,3e-05
180403,3,3e-05
151223,3,3e-05
261020,3,3e-05
100914,3,3e-05
90701,3,3e-05
90979,3,3e-05
41141,3,3e-05
150942,3,3e-05
101133,3,3e-05
200157,3,3e-05
231103,3,3e-05
270812,3,3e-05
260911,3,3e-05
40968,3,3e-05
190397,3,3e-05
240243,3,3e-05
280198,3,3e-05
10174,3,3e-05
280497,3,3e-05
200412,3,3e-05
210966,3,3e-05
131073,3,3e-05
60772,3,3e-05
311132,3,3e-05
240839,3,3e-05
180767,3,3e-05
11190,3,3e-05
280368,3,3e-05
30115,3,3e-05
130528,3,3e-05
290641,3,3e-05
270527,3,3e-05
261208,3,3e-05
60217,3,3e-05
111232,3,3e-05
310221,3,3e-05
70253,3,3e-05
310301,3,3e-05
190292,3,3e-05
80371,3,3e-05
60533,3,3e-05
210625,3,3e-05
110517,3,3e-05
260768,3,3e-05
201177,3,3e-05
160173,3,3e-05
211230,3,3e-05
290590,3,3e-05
101010,3,3e-05
141210,3,3e-05
160385,3,3e-05
60138,3,3e-05
90300,3,3e-05
71288,3,3e-05
80495,3,3e-05
241268,3,3e-05
271090,3,3e-05
300515,3,3e-05
231281,3,3e-05
170849,3,3e-05
260743,3,3e-05
231183,3,3e-05
40581,3,3e-05
120954,3,3e-05
20416,3,3e-05
250418,3,3e-05
10616,3,3e-05
180498,3,3e-05
290970,3,3e-05
250176,3,3e-05
10227,3,3e-05
200662,3,3e-05
290392,3,3e-05
201129,3,3e-05
51105,3,3e-05
301111,3,3e-05
200794,3,3e-05
20324,3,3e-05
50456,3,3e-05
10663,3,3e-05
281086,3,3e-05
120963,3,3e-05
10284,3,3e-05
100678,3,3e-05
191198,3,3e-05
181258,3,3e-05
110686,3,3e-05
270280,3,3e-05
231284,3,3e-05
190850,3,3e-05
40106,3,3e-05
160572,3,3e-05
301268,3,3e-05
160628,3,3e-05
10643,3,3e-05
120801,3,3e-05
70520,3,3e-05
210474,3,3e-05
90118,3,3e-05
41274,3,3e-05
220770,3,3e-05
120440,3,3e-05
70541,3,3e-05
90723,3,3e-05
31255,3,3e-05
251140,3,3e-05
310448,3,3e-05
21293,3,3e-05
90767,3,3e-05
290345,3,3e-05
140713,3,3e-05
130157,3,3e-05
150391,3,3e-05
190892,3,3e-05
140500,3,3e-05
250285,3,3e-05
70893,3,3e-05
31263,3,3e-05
181120,3,3e-05
10600,3,3e-05
200311,3,3e-05
270101,3,3e-05
130204,3,3e-05
40170,3,3e-05
50578,3,3e-05
20753,3,3e-05
70581,3,3e-05
260470,3,3e-05
230137,3,3e-05
210579,3,3e-05
30937,3,3e-05
110901,3,3e-05
30433,3,3e-05
180782,3,3e-05
191087,3,3e-05
230163,3,3e-05
20265,3,3e-05
20756,3,3e-05
160874,3,3e-05
20863,3,3e-05
171096,3,3e-05
60438,3,3e-05
230621,3,3e-05
130557,3,3e-05
221133,3,3e-05
210859,3,3e-05
110379,3,3e-05
160781,3,3e-05
41289,3,3e-05
20649,3,3e-05
41045,3,3e-05
30444,3,3e-05
140933,3,3e-05
180108,3,3e-05
260719,3,3e-05
171007,3,3e-05
190608,3,3e-05
60748,3,3e-05
241033,3,3e-05
51097,3,3e-05
91223,3,3e-05
10258,3,3e-05
11203,3,3e-05
190100,3,3e-05
290822,3,3e-05
130847,3,3e-05
180944,3,3e-05
140923,3,3e-05
230922,3,3e-05
120761,3,3e-05
260215,3,3e-05
111257,3,3e-05
260266,3,3e-05
311165,3,3e-05
230403,3,3e-05
291167,3,3e-05
280708,3,3e-05
220608,3,3e-05
300846,3,3e-05
251015,3,3e-05
261191,3,3e-05
290756,3,3e-05
120926,3,3e-05
210875,3,3e-05
281239,3,3e-05
280161,3,3e-05
130438,3,3e-05
300833,3,3e-05
221142,3,3e-05
210608,3,3e-05
20726,3,3e-05
151180,3,3e-05
90172,3,3e-05
240958,3,3e-05
271162,3,3e-05
311183,3,3e-05
50872,3,3e-05
310961,3,3e-05
150121,3,3e-05
300523,3,3e-05
30238,3,3e-05
111240,3,3e-05
180811,3,3e-05
110836,3,3e-05
130779,3,3e-05
220388,3,3e-05
80383,3,3e-05
170156,3,3e-05
121114,3,3e-05
230560,3,3e-05
110172,3,3e-05
161030,3,3e-05
281208,3,3e-05
190524,3,3e-05
20283,3,3e-05
250742,3,3e-05
110877,3,3e-05
60537,3,3e-05
180553,3,3e-05
190648,3,3e-05
300857,3,3e-05
201036,3,3e-05
191022,3,3e-05
160216,3,3e-05
300176,3,3e-05
30618,3,3e-05
101188,3,3e-05
101106,3,3e-05
151201,3,3e-05
31028,3,3e-05
280907,3,3e-05
210833,3,3e-05
60678,3,3e-05
30262,3,3e-05
40743,3,3e-05
311094,3,3e-05
301220,3,3e-05
270266,3,3e-05
260460,3,3e-05
200962,3,3e-05
300991,3,3e-05
50932,3,3e-05
100350,3,3e-05
181213,3,3e-05
151142,3,3e-05
21001,3,3e-05
171135,3,3e-05
31286,3,3e-05
21100,3,3e-05
270508,3,3e-05
70340,3,3e-05
221231,3,3e-05
300100,3,3e-05
230283,3,3e-05
61154,3,3e-05
180710,3,3e-05
31191,3,3e-05
160860,3,3e-05
110576,3,3e-05
211238,3,3e-05
20556,3,3e-05
190476,3,3e-05
250453,3,3e-05
301248,3,3e-05
180346,3,3e-05
200796,3,3e-05
221290,3,3e-05
250233,3,3e-05
230398,3,3e-05
30602,3,3e-05
270153,3,3e-05
200770,3,3e-05
250334,3,3e-05
290378,3,3e-05
241013,3,3e-05
171036,3,3e-05
221293,3,3e-05
31164,3,3e-05
180166,3,3e-05
240279,3,3e-05
301211,3,3e-05
100898,3,3e-05
130843,3,3e-05
300131,3,3e-05
60120,3,3e-05
21212,3,3e-05
70604,3,3e-05
170371,3,3e-05
130432,3,3e-05
150766,3,3e-05
71193,3,3e-05
120823,3,3e-05
280590,3,3e-05
20681,3,3e-05
30981,3,3e-05
260756,3,3e-05
120481,3,3e-05
200973,3,3e-05
40297,3,3e-05
280773,3,3e-05
251250,3,3e-05
30217,3,3e-05
40406,3,3e-05
11029,3,3e-05
260504,3,3e-05
240985,3,3e-05
120459,3,3e-05
251118,3,3e-05
41013,3,3e-05
180105,3,3e-05
101139,3,3e-05
130802,3,3e-05
50532,3,3e-05
201118,3,3e-05
30159,3,3e-05
290790,3,3e-05
151291,3,3e-05
10495,3,3e-05
50104,3,3e-05
11250,3,3e-05
100649,3,3e-05
290526,3,3e-05
160232,3,3e-05
31051,3,3e-05
211082,3,3e-05
40383,3,3e-05
51112,3,3e-05
61013,3,3e-05
140220,3,3e-05
240715,3,3e-05
290941,3,3e-05
60978,3,3e-05
60357,3,3e-05
150128,3,3e-05
150668,3,3e-05
120750,3,3e-05
100555,3,3e-05
221130,3,3e-05
70229,3,3e-05
170280,3,3e-05
120701,3,3e-05
90661,3,3e-05
290191,3,3e-05
90832,3,3e-05
280442,3,3e-05
250471,3,3e-05
121024,3,3e-05
120520,3,3e-05
270186,3,3e-05
60432,3,3e-05
270104,3,3e-05
150771,3,3e-05
230131,3,3e-05
220708,3,3e-05
210115,3,3e-05
121066,3,3e-05
250846,3,3e-05
160341,3,3e-05
310293,3,3e-05
130764,3,3e-05
30887,3,3e-05
200560,3,3e-05
240895,3,3e-05
180351,3,3e-05
60594,3,3e-05
51008,3,3e-05
180584,3,3e-05
71146,3,3e-05
50514,3,3e-05
280641,3,3e-05
190905,3,3e-05
11052,3,3e-05
191017,3,3e-05
200827,3,3e-05
260354,3,3e-05
40547,3,3e-05
40356,3,3e-05
220197,3,3e-05
241195,3,3e-05
161015,3,3e-05
180239,3,3e-05
80954,3,3e-05
60859,3,3e-05
180951,3,3e-05
200913,3,3e-05
100191,3,3e-05
260390,3,3e-05
80152,3,3e-05
280490,3,3e-05
130935,3,3e-05
240935,3,3e-05
290879,3,3e-05
210399,3,3e-05
10609,3,3e-05
110470,3,3e-05
70628,3,3e-05
270944,3,3e-05
80439,3,3e-05
90700,3,3e-05
150608,3,3e-05
11238,3,3e-05
271289,3,3e-05
211227,3,3e-05
140856,3,3e-05
20777,3,3e-05
240819,3,3e-05
310173,3,3e-05
100833,3,3e-05
240675,3,3e-05
290564,3,3e-05
140773,3,3e-05
270596,3,3e-05
300903,3,3e-05
290252,3,3e-05
90928,3,3e-05
220451,3,3e-05
50210,3,3e-05
200742,3,3e-05
30332,3,3e-05
140962,3,3e-05
210419,3,3e-05
130550,3,3e-05
40921,3,3e-05
120255,3,3e-05
11261,3,3e-05
200454,3,3e-05
80221,3,3e-05
130133,3,3e-05
80546,3,3e-05
300998,3,3e-05
181133,3,3e-05
10842,3,3e-05
110416,3,3e-05
200803,3,3e-05
180576,3,3e-05
180819,3,3e-05
70310,3,3e-05
40964,3,3e-05
40492,3,3e-05
160205,3,3e-05
280842,3,3e-05
60194,3,3e-05
230247,3,3e-05
310517,3,3e-05
41090,3,3e-05
310728,3,3e-05
261254,3,3e-05
200398,3,3e-05
50500,3,3e-05
200144,3,3e-05
40246,3,3e-05
50774,3,3e-05
40508,3,3e-05
10926,3,3e-05
250397,3,3e-05
41020,3,3e-05
50685,3,3e-05
260546,3,3e-05
71081,3,3e-05
160972,3,3e-05
80240,3,3e-05
310397,3,3e-05
260409,3,3e-05
260516,3,3e-05
130975,3,3e-05
30999,3,3e-05
250998,3,3e-05
291090,3,3e-05
50587,3,3e-05
130757,3,3e-05
160682,3,3e-05
251144,3,3e-05
211296,3,3e-05
51102,3,3e-05
60662,3,3e-05
130736,3,3e-05
240270,3,3e-05
221052,3,3e-05
110850,3,3e-05
11196,3,3e-05
10724,3,3e-05
61068,3,3e-05
260530,3,3e-05
300524,3,3e-05
81095,3,3e-05
71126,3,3e-05
270773,3,3e-05
41103,3,3e-05
120940,3,3e-05
120588,3,3e-05
140672,3,3e-05
10325,3,3e-05
250894,3,3e-05
291277,3,3e-05
130969,3,3e-05
141034,3,3e-05
240980,3,3e-05
250667,3,3e-05
60493,3,3e-05
170134,3,3e-05
50954,3,3e-05
270177,3,3e-05
280277,3,3e-05
100406,3,3e-05
250495,3,3e-05
281085,3,3e-05
240345,3,3e-05
161045,3,3e-05
260268,3,3e-05
260384,3,3e-05
270318,3,3e-05
31244,3,3e-05
120711,3,3e-05
280565,3,3e-05
60736,3,3e-05
290606,3,3e-05
190913,3,3e-05
310118,3,3e-05
100147,3,3e-05
150550,3,3e-05
120754,3,3e-05
100572,3,3e-05
131285,3,3e-05
290750,3,3e-05
131226,3,3e-05
71258,3,3e-05
220530,3,3e-05
241113,3,3e-05
110147,3,3e-05
110231,3,3e-05
110801,3,3e-05
291267,3,3e-05
20256,3,3e-05
241107,3,3e-05
201165,3,3e-05
170261,3,3e-05
160127,3,3e-05
201144,3,3e-05
260830,3,3e-05
60640,3,3e-05
110503,3,3e-05
60836,3,3e-05
200792,3,3e-05
51127,3,3e-05
150858,3,3e-05
51107,3,3e-05
300777,3,3e-05
50213,3,3e-05
100809,3,3e-05
161134,3,3e-05
100980,3,3e-05
230276,3,3e-05
280408,3,3e-05
200787,3,3e-05
91210,3,3e-05
90735,3,3e-05
140306,3,3e-05
210152,3,3e-05
280436,3,3e-05
220583,3,3e-05
140301,3,3e-05
230235,3,3e-05
281074,3,3e-05
280138,3,3e-05
250162,3,3e-05
60317,3,3e-05
310751,3,3e-05
230484,3,3e-05
180637,3,3e-05
110320,3,3e-05
280573,3,3e-05
220651,3,3e-05
61022,3,3e-05
150515,3,3e-05
110929,3,3e-05
110562,3,3e-05
90795,3,3e-05
220212,3,3e-05
231278,3,3e-05
41019,3,3e-05
270645,3,3e-05
80288,3,3e-05
101021,3,3e-05
41236,3,3e-05
200509,3,3e-05
41015,3,3e-05
130313,3,3e-05
220709,3,3e-05
160607,3,3e-05
171201,3,3e-05
50342,3,3e-05
20438,3,3e-05
300323,3,3e-05
230318,3,3e-05
130861,3,3e-05
50237,3,3e-05
60702,3,3e-05
280840,3,3e-05
290582,3,3e-05
200497,3,3e-05
190239,3,3e-05
20537,3,3e-05
300894,3,3e-05
160381,3,3e-05
10694,3,3e-05
210828,3,3e-05
210423,3,3e-05
250626,3,3e-05
121208,3,3e-05
101084,3,3e-05
250164,3,3e-05
130468,3,3e-05
140206,3,3e-05
190173,3,3e-05
131204,3,3e-05
290389,3,3e-05
130172,3,3e-05
230610,3,3e-05
30523,3,3e-05
101232,3,3e-05
190641,3,3e-05
20307,3,3e-05
60312,3,3e-05
190831,3,3e-05
171037,3,3e-05
260822,3,3e-05
250312,3,3e-05
301112,3,3e-05
50686,3,3e-05
180465,3,3e-05
151284,3,3e-05
20651,3,3e-05
160690,3,3e-05
81029,3,3e-05
260991,3,3e-05
130356,3,3e-05
40522,3,3e-05
20776,3,3e-05
60209,3,3e-05
220531,3,3e-05
201163,3,3e-05
281021,3,3e-05
71254,3,3e-05
270531,3,3e-05
81024,3,3e-05
61117,3,3e-05
20674,3,3e-05
280737,3,3e-05
80127,3,3e-05
101025,3,3e-05
150261,3,3e-05
291189,3,3e-05
100413,3,3e-05
140228,3,3e-05
10690,3,3e-05
20201,3,3e-05
220285,3,3e-05
210815,3,3e-05
311070,3,3e-05
310184,3,3e-05
241175,3,3e-05
61095,3,3e-05
190614,3,3e-05
40578,3,3e-05
130255,3,3e-05
110971,3,3e-05
221116,3,3e-05
70651,3,3e-05
161256,3,3e-05
100250,3,3e-05
130708,3,3e-05
230876,3,3e-05
171011,3,3e-05
190947,3,3e-05
220240,3,3e-05
50110,3,3e-05
261088,3,3e-05
10471,3,3e-05
100892,3,3e-05
140121,3,3e-05
301249,3,3e-05
280989,3,3e-05
220125,3,3e-05
111214,3,3e-05
131064,3,3e-05
60945,3,3e-05
191172,3,3e-05
260379,3,3e-05
300814,3,3e-05
310477,3,3e-05
80906,3,3e-05
231266,3,3e-05
21230,3,3e-05
190212,3,3e-05
230338,3,3e-05
220254,3,3e-05
120624,3,3e-05
40631,3,3e-05
150420,3,3e-05
180363,3,3e-05
190634,3,3e-05
270341,3,3e-05
300113,3,3e-05
230654,3,3e-05
20160,3,3e-05
31223,3,3e-05
300631,3,3e-05
80845,3,3e-05
301151,3,3e-05
220166,3,3e-05
230802,3,3e-05
230394,3,3e-05
60665,3,3e-05
10845,3,3e-05
140750,3,3e-05
20669,3,3e-05
70209,3,3e-05
80588,3,3e-05
210671,3,3e-05
40954,3,3e-05
150647,3,3e-05
21163,3,3e-05
141123,3,3e-05
141245,3,3e-05
110166,3,3e-05
60371,3,3e-05
50964,3,3e-05
30775,3,3e-05
30105,3,3e-05
20472,3,3e-05
180425,3,3e-05
311105,3,3e-05
270196,3,3e-05
61070,3,3e-05
221042,3,3e-05
60540,3,3e-05
280844,3,3e-05
271036,3,3e-05
190158,3,3e-05
50915,3,3e-05
150863,3,3e-05
150747,3,3e-05
280767,3,3e-05
31157,3,3e-05
220392,3,3e-05
90628,3,3e-05
260815,3,3e-05
240862,3,3e-05
80804,3,3e-05
160812,3,3e-05
20277,3,3e-05
30395,3,3e-05
150972,3,3e-05
170543,3,3e-05
80468,3,3e-05
230738,3,3e-05
10763,3,3e-05
150938,3,3e-05
11191,3,3e-05
260816,3,3e-05
160108,3,3e-05
300689,3,3e-05
10630,3,3e-05
280653,3,3e-05
190639,3,3e-05
170352,3,3e-05
200757,3,3e-05
60214,3,3e-05
130301,3,3e-05
180383,3,3e-05
140367,3,3e-05
140352,3,3e-05
110262,3,3e-05
250562,3,3e-05
120590,3,3e-05
90395,3,3e-05
110353,3,3e-05
101124,3,3e-05
70247,3,3e-05
51043,3,3e-05
30218,3,3e-05
300518,3,3e-05
290802,3,3e-05
70702,3,3e-05
70733,3,3e-05
61118,3,3e-05
60766,3,3e-05
310320,3,3e-05
40196,3,3e-05
290647,3,3e-05
191214,3,3e-05
290659,3,3e-05
190508,3,3e-05
100118,3,3e-05
10693,3,3e-05
160905,3,3e-05
240829,3,3e-05
30326,3,3e-05
280965,3,3e-05
250490,3,3e-05
280218,3,3e-05
50207,3,3e-05
30128,3,3e-05
50675,3,3e-05
170604,3,3e-05
30179,3,3e-05
300348,3,3e-05
30662,3,3e-05
260820,3,3e-05
280566,3,3e-05
171069,3,3e-05
200234,3,3e-05
240813,3,3e-05
220660,3,3e-05
40146,3,3e-05
100599,3,3e-05
190203,3,3e-05
40756,3,3e-05
130846,3,3e-05
130822,3,3e-05
60505,3,3e-05
171071,3,3e-05
110942,3,3e-05
90234,3,3e-05
151217,3,3e-05
60515,3,3e-05
180859,3,3e-05
301049,3,3e-05
260649,3,3e-05
140717,3,3e-05
100362,3,3e-05
241185,3,3e-05
111216,3,3e-05
20212,3,3e-05
111086,3,3e-05
120939,3,3e-05
220416,3,3e-05
130292,3,3e-05
80627,3,3e-05
290746,3,3e-05
40389,3,3e-05
250949,3,3e-05
160143,3,3e-05
200219,3,3e-05
300878,3,3e-05
110974,3,3e-05
220994,3,3e-05
141276,3,3e-05
260479,3,3e-05
40849,3,3e-05
250621,3,3e-05
280192,3,3e-05
30603,3,3e-05
40673,3,3e-05
230161,3,3e-05
161010,3,3e-05
61190,3,3e-05
180272,3,3e-05
180510,3,3e-05
271177,3,3e-05
120541,3,3e-05
280694,3,3e-05
71062,3,3e-05
150466,3,3e-05
260704,3,3e-05
60554,3,3e-05
190139,3,3e-05
160545,3,3e-05
260180,3,3e-05
270920,3,3e-05
180919,3,3e-05
20576,3,3e-05
220106,3,3e-05
180390,3,3e-05
91003,3,3e-05
51016,3,3e-05
90125,3,3e-05
100781,3,3e-05
230942,3,3e-05
250925,3,3e-05
141192,3,3e-05
190624,3,3e-05
200760,3,3e-05
261024,3,3e-05
250333,3,3e-05
30890,3,3e-05
300614,3,3e-05
90412,3,3e-05
50776,3,3e-05
70645,3,3e-05
121090,3,3e-05
130547,3,3e-05
250815,3,3e-05
230833,3,3e-05
90963,3,3e-05
61188,3,3e-05
50356,3,3e-05
40440,3,3e-05
250517,3,3e-05
160636,3,3e-05
260157,3,3e-05
60313,3,3e-05
241095,3,3e-05
100871,3,3e-05
210971,3,3e-05
90428,3,3e-05
250270,3,3e-05
250458,3,3e-05
21233,3,3e-05
230333,3,3e-05
170993,3,3e-05
180772,3,3e-05
40702,3,3e-05
131166,3,3e-05
150894,3,3e-05
40138,3,3e-05
220723,3,3e-05
220391,3,3e-05
290841,3,3e-05
80948,3,3e-05
221076,3,3e-05
111000,3,3e-05
190245,3,3e-05
90500,3,3e-05
101229,3,3e-05
121230,3,3e-05
160685,3,3e-05
240458,3,3e-05
20138,3,3e-05
161170,3,3e-05
111061,3,3e-05
20363,3,3e-05
190273,3,3e-05
160365,3,3e-05
280847,3,3e-05
280754,3,3e-05
221273,3,3e-05
170703,3,3e-05
90368,3,3e-05
130482,3,3e-05
100953,3,3e-05
180412,3,3e-05
200339,3,3e-05
100740,3,3e-05
160925,3,3e-05
310533,3,3e-05
241282,3,3e-05
230328,3,3e-05
30312,3,3e-05
270490,3,3e-05
260234,3,3e-05
191103,3,3e-05
130584,3,3e-05
41251,3,3e-05
211138,3,3e-05
80413,3,3e-05
250851,3,3e-05
20117,3,3e-05
170199,3,3e-05
290662,3,3e-05
20375,3,3e-05
161275,3,3e-05
10538,3,3e-05
80981,3,3e-05
70825,3,3e-05
70647,3,3e-05
70470,3,3e-05
170500,3,3e-05
260505,3,3e-05
120325,3,3e-05
101040,3,3e-05
240659,3,3e-05
201277,3,3e-05
151103,3,3e-05
230537,3,3e-05
310935,3,3e-05
300739,3,3e-05
171152,3,3e-05
11170,3,3e-05
251152,3,3e-05
210675,3,3e-05
220519,3,3e-05
270276,3,3e-05
10316,3,3e-05
171258,3,3e-05
170412,3,3e-05
280676,3,3e-05
260263,3,3e-05
280915,3,3e-05
220962,3,3e-05
271123,3,3e-05
220560,3,3e-05
221283,3,3e-05
281155,3,3e-05
382934,3,3e-05
230945,3,3e-05
41188,3,3e-05
20802,3,3e-05
270370,3,3e-05
270536,3,3e-05
190620,3,3e-05
10786,3,3e-05
100920,3,3e-05
90205,3,3e-05
70875,3,3e-05
270855,3,3e-05
210871,3,3e-05
10189,3,3e-05
290580,3,3e-05
100337,3,3e-05
181127,3,3e-05
221089,3,3e-05
300175,3,3e-05
41069,3,3e-05
90631,3,3e-05
190149,3,3e-05
50621,3,3e-05
30629,3,3e-05
190413,3,3e-05
11262,3,3e-05
120818,3,3e-05
150830,3,3e-05
290633,3,3e-05
300394,3,3e-05
160939,3,3e-05
20915,3,3e-05
110582,3,3e-05
50937,3,3e-05
290310,3,3e-05
310380,3,3e-05
20696,3,3e-05
20262,3,3e-05
290206,3,3e-05
140619,3,3e-05
91216,3,3e-05
51183,3,3e-05
210731,3,3e-05
150779,3,3e-05
170579,3,3e-05
240410,3,3e-05
90677,3,3e-05
210667,3,3e-05
230147,3,3e-05
240431,3,3e-05
20354,3,3e-05
100481,3,3e-05
201155,3,3e-05
300796,3,3e-05
260576,3,3e-05
280170,3,3e-05
270555,3,3e-05
190830,3,3e-05
80587,3,3e-05
10726,3,3e-05
100151,3,3e-05
101000,3,3e-05
141264,3,3e-05
90306,3,3e-05
290109,3,3e-05
270968,3,3e-05
170132,3,3e-05
61076,3,3e-05
170425,3,3e-05
190473,3,3e-05
210627,3,3e-05
50830,3,3e-05
120676,3,3e-05
161075,3,3e-05
150815,3,3e-05
230443,3,3e-05
170924,3,3e-05
51219,3,3e-05
260992,3,3e-05
220840,3,3e-05
70355,3,3e-05
131054,3,3e-05
210889,3,3e-05
310108,3,3e-05
130801,3,3e-05
190613,3,3e-05
30535,3,3e-05
290591,3,3e-05
271118,3,3e-05
190918,3,3e-05
30686,3,3e-05
210361,3,3e-05
60207,3,3e-05
60765,3,3e-05
161073,3,3e-05
170954,3,3e-05
290367,3,3e-05
170307,3,3e-05
170602,3,3e-05
250710,3,3e-05
300683,3,3e-05
50448,3,3e-05
150294,3,3e-05
230717,3,3e-05
81081,3,3e-05
100743,3,3e-05
150951,3,3e-05
180712,3,3e-05
200504,3,3e-05
150635,3,3e-05
120322,3,3e-05
300602,3,3e-05
81194,3,3e-05
100546,3,3e-05
300573,3,3e-05
250341,3,3e-05
30572,3,3e-05
20441,3,3e-05
250835,3,3e-05
30302,3,3e-05
20744,3,3e-05
131290,3,3e-05
240242,3,3e-05
240820,3,3e-05
110805,3,3e-05
10562,3,3e-05
50657,3,3e-05
250263,3,3e-05
260945,3,3e-05
160353,3,3e-05
310294,3,3e-05
150224,3,3e-05
10681,3,3e-05
100256,3,3e-05
170713,3,3e-05
140141,3,3e-05
50431,3,3e-05
140375,3,3e-05
240372,3,3e-05
40755,3,3e-05
140236,3,3e-05
100251,3,3e-05
210975,3,3e-05
50314,3,3e-05
150627,3,3e-05
111291,3,3e-05
41132,3,3e-05
130630,3,3e-05
181065,3,3e-05
231205,3,3e-05
51136,3,3e-05
110461,3,3e-05
200873,3,3e-05
10752,3,3e-05
180227,3,3e-05
50576,3,3e-05
100380,3,3e-05
21152,3,3e-05
120148,3,3e-05
110618,3,3e-05
220377,3,3e-05
240869,3,3e-05
160199,3,3e-05
211259,3,3e-05
300525,3,3e-05
290325,3,3e-05
291058,3,3e-05
290980,3,3e-05
20414,3,3e-05
211111,3,3e-05
171121,3,3e-05
150740,3,3e-05
290660,3,3e-05
70659,3,3e-05
130664,3,3e-05
280551,3,3e-05
251245,3,3e-05
40751,3,3e-05
10766,3,3e-05
251016,3,3e-05
200706,3,3e-05
140110,3,3e-05
230339,3,3e-05
300364,3,3e-05
150955,3,3e-05
30418,3,3e-05
70670,3,3e-05
190589,3,3e-05
150945,3,3e-05
150937,3,3e-05
41061,3,3e-05
200567,3,3e-05
151159,3,3e-05
200569,3,3e-05
220508,3,3e-05
180349,3,3e-05
60281,3,3e-05
210403,3,3e-05
131156,3,3e-05
230691,3,3e-05
180260,3,3e-05
20228,3,3e-05
101035,3,3e-05
251253,3,3e-05
291288,3,3e-05
220307,3,3e-05
291048,3,3e-05
300393,3,3e-05
201183,3,3e-05
131231,3,3e-05
100409,3,3e-05
110305,3,3e-05
200485,3,3e-05
310893,3,3e-05
251026,3,3e-05
100312,3,3e-05
170967,3,3e-05
241086,3,3e-05
10401,3,3e-05
190806,3,3e-05
10193,3,3e-05
121255,3,3e-05
40860,3,3e-05
121067,3,3e-05
121001,3,3e-05
80979,3,3e-05
250473,3,3e-05
300665,3,3e-05
61146,3,3e-05
70759,3,3e-05
300923,3,3e-05
240859,3,3e-05
50400,3,3e-05
310594,3,3e-05
50899,3,3e-05
240336,3,3e-05
191152,3,3e-05
80798,3,3e-05
230208,3,3e-05
21231,3,3e-05
220890,3,3e-05
191242,3,3e-05
201007,3,3e-05
130626,3,3e-05
181184,3,3e-05
130825,3,3e-05
220389,3,3e-05
121069,3,3e-05
50196,3,3e-05
20893,3,3e-05
170562,3,3e-05
20752,3,3e-05
180433,3,3e-05
91189,3,3e-05
210163,3,3e-05
80238,3,3e-05
151002,3,3e-05
310218,3,3e-05
110892,3,3e-05
20325,3,3e-05
180327,3,3e-05
240412,3,3e-05
220726,3,3e-05
150654,3,3e-05
150832,3,3e-05
30935,3,3e-05
170987,3,3e-05
31153,3,3e-05
270134,3,3e-05
80426,3,3e-05
130384,3,3e-05
80225,3,3e-05
61193,3,3e-05
240519,3,3e-05
180720,3,3e-05
21071,3,3e-05
180585,3,3e-05
160413,3,3e-05
181075,3,3e-05
261242,3,3e-05
150813,3,3e-05
181254,3,3e-05
80235,3,3e-05
10936,3,3e-05
100241,3,3e-05
21232,3,3e-05
300606,3,3e-05
10779,3,3e-05
141177,3,3e-05
60250,3,3e-05
260776,3,3e-05
260223,3,3e-05
271267,3,3e-05
130972,3,3e-05
31094,3,3e-05
131061,3,3e-05
31107,3,3e-05
40564,3,3e-05
111230,3,3e-05
180408,3,3e-05
30865,3,3e-05
290139,3,3e-05
250665,3,3e-05
201006,3,3e-05
191129,3,3e-05
300562,3,3e-05
291024,3,3e-05
140591,3,3e-05
100441,3,3e-05
10658,3,3e-05
141150,3,3e-05
210598,3,3e-05
200450,3,3e-05
90402,3,3e-05
140768,3,3e-05
291254,3,3e-05
101053,3,3e-05
80247,3,3e-05
150924,3,3e-05
60843,3,3e-05
141049,3,3e-05
261226,3,3e-05
10828,3,3e-05
70945,3,3e-05
21156,3,3e-05
110986,3,3e-05
290813,3,3e-05
91071,3,3e-05
21077,3,3e-05
131169,3,3e-05
40387,3,3e-05
240912,3,3e-05
240477,3,3e-05
71018,3,3e-05
180765,3,3e-05
40301,3,3e-05
161162,3,3e-05
200179,3,3e-05
180911,3,3e-05
100597,3,3e-05
170941,3,3e-05
220671,3,3e-05
130473,3,3e-05
190878,3,3e-05
170299,3,3e-05
190233,3,3e-05
41078,3,3e-05
280903,3,3e-05
240417,3,3e-05
30303,3,3e-05
111202,3,3e-05
210253,3,3e-05
70773,3,3e-05
61259,3,3e-05
180381,3,3e-05
81151,3,3e-05
270765,3,3e-05
201110,3,3e-05
210615,3,3e-05
110800,3,3e-05
160510,3,3e-05
291196,3,3e-05
280380,3,3e-05
310274,3,3e-05
241099,3,3e-05
10581,3,3e-05
231022,3,3e-05
151155,3,3e-05
30545,3,3e-05
61263,3,3e-05
210251,3,3e-05
170129,3,3e-05
230997,3,3e-05
90491,3,3e-05
70164,3,3e-05
170871,3,3e-05
70189,3,3e-05
190711,3,3e-05
131217,3,3e-05
261092,3,3e-05
110257,3,3e-05
210494,3,3e-05
131174,3,3e-05
51005,3,3e-05
90537,3,3e-05
141254,3,3e-05
260635,3,3e-05
120775,3,3e-05
90578,3,3e-05
190119,3,3e-05
60385,3,3e-05
60351,3,3e-05
121281,3,3e-05
171160,3,3e-05
111273,3,3e-05
160866,3,3e-05
201297,3,3e-05
260247,3,3e-05
301033,3,3e-05
271278,3,3e-05
300239,3,3e-05
40869,3,3e-05
241213,3,3e-05
150890,3,3e-05
130980,3,3e-05
150888,3,3e-05
90400,3,3e-05
90115,3,3e-05
281137,3,3e-05
171016,3,3e-05
60507,3,3e-05
310162,3,3e-05
200146,3,3e-05
311034,3,3e-05
170104,3,3e-05
40163,3,3e-05
151169,3,3e-05
40431,3,3e-05
260694,3,3e-05
40435,3,3e-05
50190,3,3e-05
210148,3,3e-05
101091,3,3e-05
41022,3,3e-05
81091,3,3e-05
260614,3,3e-05
151121,3,3e-05
250759,3,3e-05
70632,3,3e-05
30765,3,3e-05
10428,3,3e-05
21192,3,3e-05
250721,3,3e-05
210896,3,3e-05
250885,3,3e-05
300944,3,3e-05
100243,3,3e-05
220949,3,3e-05
151019,3,3e-05
181214,3,3e-05
110812,3,3e-05
150601,3,3e-05
180881,3,3e-05
30652,3,3e-05
110747,3,3e-05
121152,3,3e-05
10787,3,3e-05
40846,3,3e-05
251169,3,3e-05
120665,3,3e-05
100561,3,3e-05
61211,3,3e-05
70440,3,3e-05
170947,3,3e-05
201038,3,3e-05
190615,3,3e-05
50336,3,3e-05
231076,3,3e-05
280662,3,3e-05
131125,3,3e-05
181032,3,3e-05
210663,3,3e-05
300832,3,3e-05
190328,3,3e-05
290963,3,3e-05
244465,3,3e-05
210336,3,3e-05
50440,3,3e-05
120283,3,3e-05
120910,3,3e-05
140204,3,3e-05
270724,3,3e-05
250465,3,3e-05
130926,3,3e-05
250766,3,3e-05
160107,3,3e-05
190564,3,3e-05
10921,3,3e-05
71166,3,3e-05
280104,3,3e-05
110765,3,3e-05
290776,3,3e-05
240898,3,3e-05
120525,3,3e-05
110189,3,3e-05
61229,3,3e-05
41074,3,3e-05
70246,3,3e-05
50282,3,3e-05
111068,3,3e-05
60331,3,3e-05
301125,3,3e-05
151016,3,3e-05
290632,3,3e-05
260660,3,3e-05
100946,3,3e-05
270427,3,3e-05
81022,3,3e-05
231219,3,3e-05
230361,3,3e-05
100789,3,3e-05
90824,3,3e-05
50665,3,3e-05
60104,3,3e-05
200299,3,3e-05
191252,3,3e-05
310271,3,3e-05
40245,3,3e-05
41042,3,3e-05
200868,3,3e-05
290817,3,3e-05
60635,3,3e-05
191030,3,3e-05
181195,3,3e-05
231070,3,3e-05
50489,3,3e-05
290989,3,3e-05
20903,3,3e-05
290295,3,3e-05
81288,3,3e-05
161054,3,3e-05
250550,3,3e-05
60760,3,3e-05
311173,3,3e-05
311267,3,3e-05
91257,3,3e-05
110702,3,3e-05
50584,3,3e-05
180943,3,3e-05
110227,3,3e-05
310762,3,3e-05
151070,3,3e-05
190160,3,3e-05
30989,3,3e-05
210620,3,3e-05
211125,3,3e-05
310941,3,3e-05
70261,3,3e-05
100873,3,3e-05
60914,3,3e-05
141040,3,3e-05
151100,3,3e-05
11090,3,3e-05
280709,3,3e-05
250777,3,3e-05
290945,3,3e-05
60598,3,3e-05
90443,3,3e-05
230315,3,3e-05
170860,3,3e-05
290110,3,3e-05
140926,3,3e-05
51270,3,3e-05
310399,3,3e-05
310940,3,3e-05
170960,3,3e-05
60458,3,3e-05
50887,3,3e-05
291169,3,3e-05
270371,3,3e-05
240236,3,3e-05
10781,3,3e-05
180359,3,3e-05
311275,3,3e-05
90138,3,3e-05
180615,3,3e-05
230993,3,3e-05
71265,3,3e-05
270501,3,3e-05
210125,3,3e-05
170736,3,3e-05
230396,3,3e-05
81139,3,3e-05
30494,3,3e-05
260122,3,3e-05
280961,3,3e-05
210789,3,3e-05
240876,3,3e-05
200774,3,3e-05
261099,3,3e-05
110734,3,3e-05
140452,3,3e-05
40453,3,3e-05
210916,3,3e-05
120355,3,3e-05
260113,3,3e-05
300871,3,3e-05
100328,3,3e-05
50126,3,3e-05
271125,3,3e-05
270999,3,3e-05
21294,3,3e-05
310892,3,3e-05
230778,3,3e-05
130192,3,3e-05
290228,3,3e-05
270115,3,3e-05
100527,3,3e-05
100996,3,3e-05
310993,3,3e-05
310249,3,3e-05
41030,3,3e-05
260468,3,3e-05
310555,3,3e-05
101034,3,3e-05
10971,3,3e-05
221210,3,3e-05
150835,3,3e-05
10628,3,3e-05
160532,3,3e-05
240837,3,3e-05
230392,3,3e-05
110196,3,3e-05
100704,3,3e-05
150784,3,3e-05
141238,3,3e-05
41129,3,3e-05
200828,3,3e-05
141218,3,3e-05
190983,3,3e-05
220137,3,3e-05
151037,3,3e-05
201012,3,3e-05
100432,3,3e-05
50420,3,3e-05
20180,3,3e-05
191185,3,3e-05
300346,3,3e-05
30673,3,3e-05
171013,3,3e-05
310549,3,3e-05
20665,3,3e-05
270800,3,3e-05
251252,3,3e-05
150642,3,3e-05
100763,3,3e-05
290541,3,3e-05
121166,3,3e-05
130358,3,3e-05
200288,3,3e-05
100782,3,3e-05
11128,3,3e-05
270809,3,3e-05
311037,3,3e-05
280916,3,3e-05
251292,3,3e-05
210338,3,3e-05
231051,3,3e-05
260785,3,3e-05
280576,3,3e-05
240515,3,3e-05
300968,3,3e-05
100184,3,3e-05
60616,3,3e-05
290687,3,3e-05
170925,3,3e-05
251036,3,3e-05
200703,3,3e-05
300960,3,3e-05
261276,3,3e-05
280833,3,3e-05
240910,3,3e-05
170832,3,3e-05
80504,3,3e-05
240986,3,3e-05
220898,3,3e-05
230102,3,3e-05
120563,3,3e-05
110652,3,3e-05
310895,3,3e-05
70871,3,3e-05
31154,3,3e-05
101220,3,3e-05
140729,3,3e-05
140561,3,3e-05
171235,3,3e-05
90351,3,3e-05
140541,3,3e-05
80772,3,3e-05
180853,3,3e-05
301069,3,3e-05
100205,3,3e-05
251274,3,3e-05
250879,3,3e-05
20290,3,3e-05
280556,3,3e-05
240201,3,3e-05
160198,3,3e-05
20528,3,3e-05
120158,3,3e-05
220500,3,3e-05
21172,3,3e-05
240205,3,3e-05
110751,3,3e-05
21098,3,3e-05
250565,3,3e-05
170783,3,3e-05
180607,3,3e-05
121033,3,3e-05
190906,3,3e-05
30233,3,3e-05
230724,3,3e-05
280140,3,3e-05
120405,3,3e-05
230134,3,3e-05
230936,3,3e-05
10236,3,3e-05
50602,3,3e-05
100881,3,3e-05
40663,3,3e-05
230495,3,3e-05
150932,3,3e-05
40197,3,3e-05
40139,3,3e-05
110842,3,3e-05
131180,3,3e-05
181155,3,3e-05
30265,3,3e-05
91062,3,3e-05
171063,3,3e-05
130918,3,3e-05
290919,3,3e-05
310501,3,3e-05
41184,3,3e-05
310645,3,3e-05
231207,3,3e-05
80457,3,3e-05
270937,3,3e-05
270138,3,3e-05
230652,3,3e-05
190732,3,3e-05
310512,3,3e-05
31152,3,3e-05
180961,3,3e-05
100311,3,3e-05
150802,3,3e-05
180946,3,3e-05
70949,3,3e-05
231162,3,3e-05
170125,3,3e-05
40490,3,3e-05
221085,3,3e-05
50280,3,3e-05
40565,3,3e-05
200471,3,3e-05
110709,3,3e-05
70646,3,3e-05
10731,3,3e-05
70832,3,3e-05
61054,3,3e-05
51070,3,3e-05
131112,3,3e-05
121072,3,3e-05
210644,3,3e-05
110385,3,3e-05
140596,3,3e-05
251260,3,3e-05
31065,3,3e-05
240633,3,3e-05
70441,3,3e-05
91072,3,3e-05
300440,3,3e-05
30114,3,3e-05
280539,3,3e-05
140480,3,3e-05
140317,3,3e-05
110197,3,3e-05
170161,3,3e-05
281275,3,3e-05
201013,3,3e-05
120343,3,3e-05
250428,3,3e-05
50321,3,3e-05
150876,3,3e-05
130827,3,3e-05
280528,3,3e-05
311135,3,3e-05
50723,3,3e-05
241102,3,3e-05
240916,3,3e-05
260620,3,3e-05
190480,3,3e-05
160761,3,3e-05
220978,3,3e-05
90570,3,3e-05
220491,3,3e-05
201268,3,3e-05
141234,3,3e-05
70129,3,3e-05
280424,3,3e-05
180569,3,3e-05
60172,3,3e-05
300703,3,3e-05
30255,3,3e-05
20550,3,3e-05
70792,3,3e-05
220363,3,3e-05
220712,3,3e-05
50705,3,3e-05
210728,3,3e-05
160851,3,3e-05
110355,3,3e-05
41080,3,3e-05
81195,3,3e-05
230493,3,3e-05
270317,3,3e-05
160679,3,3e-05
280954,3,3e-05
110451,3,3e-05
100965,3,3e-05
20166,3,3e-05
200455,3,3e-05
140200,3,3e-05
180937,3,3e-05
100162,3,3e-05
130281,3,3e-05
210827,3,3e-05
141190,3,3e-05
50672,3,3e-05
240919,3,3e-05
200550,3,3e-05
240650,3,3e-05
10950,3,3e-05
60706,3,3e-05
180864,3,3e-05
230326,3,3e-05
190873,3,3e-05
170852,3,3e-05
10477,3,3e-05
200943,3,3e-05
140157,3,3e-05
260803,3,3e-05
41276,3,3e-05
200922,3,3e-05
100543,3,3e-05
260832,3,3e-05
30962,3,3e-05
250358,3,3e-05
190101,3,3e-05
281278,3,3e-05
200335,3,3e-05
170409,3,3e-05
41137,3,3e-05
40293,3,3e-05
310996,3,3e-05
31229,3,3e-05
311268,3,3e-05
120880,3,3e-05
241218,3,3e-05
270248,3,3e-05
41191,3,3e-05
50385,3,3e-05
170434,3,3e-05
190904,3,3e-05
120130,3,3e-05
201206,3,3e-05
40112,3,3e-05
291072,3,3e-05
110763,3,3e-05
70554,3,3e-05
180464,3,3e-05
91287,3,3e-05
210794,3,3e-05
161179,3,3e-05
240217,3,3e-05
200919,3,3e-05
121183,3,3e-05
280305,3,3e-05
220195,3,3e-05
141076,3,3e-05
250213,3,3e-05
10432,3,3e-05
110521,3,3e-05
150775,3,3e-05
130219,3,3e-05
210737,3,3e-05
160602,3,3e-05
120625,3,3e-05
41146,3,3e-05
140698,3,3e-05
41235,3,3e-05
10798,3,3e-05
120501,3,3e-05
61242,3,3e-05
290583,3,3e-05
20361,3,3e-05
61072,3,3e-05
301007,3,3e-05
191158,3,3e-05
201235,3,3e-05
160586,3,3e-05
280859,3,3e-05
31116,3,3e-05
21299,3,3e-05
250434,3,3e-05
20927,3,3e-05
180295,3,3e-05
250786,3,3e-05
311098,3,3e-05
21017,3,3e-05
181102,3,3e-05
70356,3,3e-05
131019,3,3e-05
220785,3,3e-05
160345,3,3e-05
130382,3,3e-05
141011,3,3e-05
250484,3,3e-05
150123,3,3e-05
210574,3,3e-05
110362,3,3e-05
80646,3,3e-05
300831,3,3e-05
80838,3,3e-05
10503,3,3e-05
210607,3,3e-05
210678,3,3e-05
150527,3,3e-05
70955,3,3e-05
200658,3,3e-05
190285,3,3e-05
30202,3,3e-05
220436,3,3e-05
230639,3,3e-05
220780,3,3e-05
210984,3,3e-05
220591,3,3e-05
160790,3,3e-05
290177,3,3e-05
21170,3,3e-05
271209,3,3e-05
280912,3,3e-05
130499,3,3e-05
300466,3,3e-05
160623,3,3e-05
151219,3,3e-05
30304,3,3e-05
90629,3,3e-05
110182,3,3e-05
150593,3,3e-05
70123,3,3e-05
180196,3,3e-05
91227,3,3e-05
170952,3,3e-05
310339,3,3e-05
40855,3,3e-05
280447,3,3e-05
250785,3,3e-05
20852,3,3e-05
140290,3,3e-05
250277,3,3e-05
300959,3,3e-05
230761,3,3e-05
211204,3,3e-05
180990,3,3e-05
80952,3,3e-05
110337,3,3e-05
300147,3,3e-05
21072,3,3e-05
20613,3,3e-05
50763,3,3e-05
261002,3,3e-05
270349,3,3e-05
231145,3,3e-05
170148,3,3e-05
111234,3,3e-05
50343,3,3e-05
301087,3,3e-05
160500,3,3e-05
290304,3,3e-05
61294,3,3e-05
171156,3,3e-05
241189,3,3e-05
30521,3,3e-05
240680,3,3e-05
260339,3,3e-05
240858,3,3e-05
250394,3,3e-05
181103,3,3e-05
291018,3,3e-05
100731,3,3e-05
140727,3,3e-05
220242,3,3e-05
290852,3,3e-05
260735,3,3e-05
310682,3,3e-05
190870,3,3e-05
221069,3,3e-05
90765,3,3e-05
230994,3,3e-05
280208,3,3e-05
190414,3,3e-05
80196,3,3e-05
131135,3,3e-05
190506,3,3e-05
10434,3,3e-05
270358,3,3e-05
260970,3,3e-05
281258,3,3e-05
250304,3,3e-05
30583,3,3e-05
191147,3,3e-05
251291,3,3e-05
250591,3,3e-05
30271,3,3e-05
131294,3,3e-05
20944,3,3e-05
261060,3,3e-05
250630,3,3e-05
310724,3,3e-05
220494,3,3e-05
40238,3,3e-05
241233,3,3e-05
90315,3,3e-05
291241,3,3e-05
80717,3,3e-05
251175,3,3e-05
31136,3,3e-05
280588,3,3e-05
190252,3,3e-05
191120,3,3e-05
131206,3,3e-05
101272,3,3e-05
10646,3,3e-05
100937,3,3e-05
180489,3,3e-05
141166,3,3e-05
110120,3,3e-05
240968,3,3e-05
200423,3,3e-05
290844,3,3e-05
220721,3,3e-05
91144,3,3e-05
101207,3,3e-05
140832,3,3e-05
190978,3,3e-05
260645,3,3e-05
160768,3,3e-05
250440,3,3e-05
210526,3,3e-05
161267,3,3e-05
240320,3,3e-05
40273,3,3e-05
220438,3,3e-05
41256,3,3e-05
260477,3,3e-05
250536,3,3e-05
190687,3,3e-05
140486,3,3e-05
190920,3,3e-05
131068,3,3e-05
230959,3,3e-05
240601,3,3e-05
21161,3,3e-05
200991,3,3e-05
280479,3,3e-05
180913,3,3e-05
160110,3,3e-05
180894,3,3e-05
230596,3,3e-05
31030,3,3e-05
90178,3,3e-05
231040,3,3e-05
250924,3,3e-05
110137,3,3e-05
70426,3,3e-05
300137,3,3e-05
150278,3,3e-05
221019,3,3e-05
130459,3,3e-05
290961,3,3e-05
211176,3,3e-05
211123,3,3e-05
70826,3,3e-05
240276,3,3e-05
160817,3,3e-05
20425,3,3e-05
101044,3,3e-05
270604,3,3e-05
130636,3,3e-05
140227,3,3e-05
111193,3,3e-05
310596,3,3e-05
70427,3,3e-05
200487,3,3e-05
180897,3,3e-05
270545,3,3e-05
270704,3,3e-05
181074,3,3e-05
280881,3,3e-05
260746,3,3e-05
101094,3,3e-05
151172,3,3e-05
281041,3,3e-05
210742,3,3e-05
10567,3,3e-05
310741,3,3e-05
220177,3,3e-05
160184,3,3e-05
240671,3,3e-05
230694,3,3e-05
30828,3,3e-05
271274,3,3e-05
121031,3,3e-05
260185,3,3e-05
190679,3,3e-05
20571,3,3e-05
230477,3,3e-05
300913,3,3e-05
170591,3,3e-05
100538,3,3e-05
110383,3,3e-05
201169,3,3e-05
270711,3,3e-05
70956,3,3e-05
140994,3,3e-05
61123,3,3e-05
300282,3,3e-05
311221,3,3e-05
300763,3,3e-05
281213,3,3e-05
240803,3,3e-05
20603,3,3e-05
220278,3,3e-05
171291,3,3e-05
51166,3,3e-05
221282,3,3e-05
131140,3,3e-05
80987,3,3e-05
300414,3,3e-05
10927,3,3e-05
31143,3,3e-05
71237,3,3e-05
140764,3,3e-05
290698,3,3e-05
120239,3,3e-05
51065,3,3e-05
140992,3,3e-05
201130,3,3e-05
290418,3,3e-05
300190,3,3e-05
160890,3,3e-05
290824,3,3e-05
20322,3,3e-05
280434,3,3e-05
11284,3,3e-05
170648,3,3e-05
160492,3,3e-05
171288,3,3e-05
30491,3,3e-05
161093,3,3e-05
231257,3,3e-05
130250,3,3e-05
30748,3,3e-05
280204,3,3e-05
120484,3,3e-05
20501,3,3e-05
170486,3,3e-05
140663,3,3e-05
50622,3,3e-05
310516,3,3e-05
300143,3,3e-05
201054,3,3e-05
250417,3,3e-05
40380,3,3e-05
230299,3,3e-05
280802,3,3e-05
101151,3,3e-05
200353,3,3e-05
30415,3,3e-05
40250,3,3e-05
30834,3,3e-05
130727,3,3e-05
21115,3,3e-05
40976,3,3e-05
150634,3,3e-05
40859,3,3e-05
230913,3,3e-05
260583,3,3e-05
311227,3,3e-05
280629,3,3e-05
191008,3,3e-05
151175,3,3e-05
291071,3,3e-05
100325,3,3e-05
60352,3,3e-05
200841,3,3e-05
291164,3,3e-05
30587,3,3e-05
151048,3,3e-05
140432,3,3e-05
10943,3,3e-05
20584,3,3e-05
310115,3,3e-05
10680,3,3e-05
240954,3,3e-05
60660,3,3e-05
240459,3,3e-05
290249,3,3e-05
80433,3,3e-05
101257,3,3e-05
280382,3,3e-05
21289,3,3e-05
180568,3,3e-05
220965,3,3e-05
11168,3,3e-05
260371,3,3e-05
201125,3,3e-05
280300,3,3e-05
200435,3,3e-05
30474,3,3e-05
280169,3,3e-05
150349,3,3e-05
51036,3,3e-05
130296,3,3e-05
130543,3,3e-05
301215,3,3e-05
230555,3,3e-05
230760,3,3e-05
250481,3,3e-05
290214,3,3e-05
180609,3,3e-05
110759,3,3e-05
300495,3,3e-05
71241,3,3e-05
100322,3,3e-05
100239,3,3e-05
70280,3,3e-05
110542,3,3e-05
151033,3,3e-05
170607,3,3e-05
250540,3,3e-05
221243,3,3e-05
210439,3,3e-05
140579,3,3e-05
231119,3,3e-05
291113,3,3e-05
221074,3,3e-05
210212,3,3e-05
170509,3,3e-05
120919,3,3e-05
150459,3,3e-05
30844,3,3e-05
300390,3,3e-05
260935,3,3e-05
50502,3,3e-05
300232,3,3e-05
180244,3,3e-05
60190,3,3e-05
270405,3,3e-05
160694,3,3e-05
261000,3,3e-05
170752,3,3e-05
300864,3,3e-05
70167,3,3e-05
30518,3,3e-05
141136,3,3e-05
40428,3,3e-05
180551,3,3e-05
141019,3,3e-05
20663,3,3e-05
261046,3,3e-05
80960,3,3e-05
270622,3,3e-05
261010,3,3e-05
100524,3,3e-05
310450,3,3e-05
50287,3,3e-05
111066,3,3e-05
251158,3,3e-05
281201,3,3e-05
191291,3,3e-05
160901,3,3e-05
260126,3,3e-05
81028,3,3e-05
100583,3,3e-05
290796,3,3e-05
301080,3,3e-05
230783,3,3e-05
231062,3,3e-05
240834,3,3e-05
181072,3,3e-05
110323,3,3e-05
260794,3,3e-05
40371,3,3e-05
160304,3,3e-05
111015,3,3e-05
280609,3,3e-05
280592,3,3e-05
220159,3,3e-05
171296,3,3e-05
200666,3,3e-05
160671,3,3e-05
171106,3,3e-05
230532,3,3e-05
250111,3,3e-05
191104,3,3e-05
130138,3,3e-05
131129,3,3e-05
50689,3,3e-05
31144,3,3e-05
130604,3,3e-05
91140,3,3e-05
180887,3,3e-05
240577,3,3e-05
290408,3,3e-05
190896,3,3e-05
60895,3,3e-05
190751,3,3e-05
161155,3,3e-05
81167,3,3e-05
80535,3,3e-05
151202,3,3e-05
40938,3,3e-05
141022,3,3e-05
230804,3,3e-05
230672,3,3e-05
170219,3,3e-05
240975,3,3e-05
121126,3,3e-05
250802,3,3e-05
230709,3,3e-05
151272,3,3e-05
300404,3,3e-05
90480,3,3e-05
80689,3,3e-05
191003,3,3e-05
90279,3,3e-05
280413,3,3e-05
220119,3,3e-05
310759,3,3e-05
171254,3,3e-05
230498,3,3e-05
140563,3,3e-05
221114,3,3e-05
261213,3,3e-05
310775,3,3e-05
180999,3,3e-05
191063,3,3e-05
251028,3,3e-05
271112,3,3e-05
70849,3,3e-05
190864,3,3e-05
301236,3,3e-05
251044,3,3e-05
150964,3,3e-05
211197,3,3e-05
270791,3,3e-05
190738,3,3e-05
130956,3,3e-05
10287,3,3e-05
220308,3,3e-05
120621,3,3e-05
280803,3,3e-05
250818,3,3e-05
150717,3,3e-05
70666,3,3e-05
121218,3,3e-05
100261,3,3e-05
291111,3,3e-05
170135,3,3e-05
31283,3,3e-05
121015,3,3e-05
131058,3,3e-05
40258,3,3e-05
260545,3,3e-05
80826,3,3e-05
190122,3,3e-05
151047,3,3e-05
71257,3,3e-05
20658,3,3e-05
130742,3,3e-05
281096,3,3e-05
270665,3,3e-05
220633,3,3e-05
201049,3,3e-05
300271,3,3e-05
290241,3,3e-05
170399,3,3e-05
280222,3,3e-05
130774,3,3e-05
160859,3,3e-05
91021,3,3e-05
210105,3,3e-05
140559,3,3e-05
180406,3,3e-05
240549,3,3e-05
230109,3,3e-05
81042,3,3e-05
160415,3,3e-05
70266,3,3e-05
81052,3,3e-05
230771,3,3e-05
30469,3,3e-05
150929,3,3e-05
190857,3,3e-05
260253,3,3e-05
51011,3,3e-05
20691,3,3e-05
190617,3,3e-05
91113,3,3e-05
141078,3,3e-05
260124,3,3e-05
20387,3,3e-05
40148,3,3e-05
280375,3,3e-05
110489,3,3e-05
160686,3,3e-05
290798,3,3e-05
150770,3,3e-05
120955,3,3e-05
281227,3,3e-05
150166,3,3e-05
220334,3,3e-05
101128,3,3e-05
250600,3,3e-05
50413,3,3e-05
80706,3,3e-05
220936,3,3e-05
160981,3,3e-05
81238,3,3e-05
101206,3,3e-05
80333,3,3e-05
80676,3,3e-05
141125,3,3e-05
210844,3,3e-05
181123,3,3e-05
150338,3,3e-05
60433,3,3e-05
40221,3,3e-05
90145,3,3e-05
150132,3,3e-05
240847,3,3e-05
301200,3,3e-05
71136,3,3e-05
210168,3,3e-05
161026,3,3e-05
240212,3,3e-05
240118,3,3e-05
91125,3,3e-05
60441,3,3e-05
290782,3,3e-05
20710,3,3e-05
101197,3,3e-05
250544,3,3e-05
210781,3,3e-05
271246,3,3e-05
280759,3,3e-05
60863,3,3e-05
170968,3,3e-05
51223,3,3e-05
171100,3,3e-05
310167,3,3e-05
310178,3,3e-05
110922,3,3e-05
120267,3,3e-05
141294,3,3e-05
290357,3,3e-05
80650,3,3e-05
120827,3,3e-05
50495,3,3e-05
140721,3,3e-05
170734,3,3e-05
281253,3,3e-05
250622,3,3e-05
220912,3,3e-05
311170,3,3e-05
191167,3,3e-05
80310,3,3e-05
230302,3,3e-05
291075,3,3e-05
120936,3,3e-05
40199,3,3e-05
251272,2,2e-05
111191,2,2e-05
251096,2,2e-05
291227,2,2e-05
221288,2,2e-05
90776,2,2e-05
130227,2,2e-05
30358,2,2e-05
71280,2,2e-05
20386,2,2e-05
280841,2,2e-05
231184,2,2e-05
70267,2,2e-05
141275,2,2e-05
110605,2,2e-05
101221,2,2e-05
211149,2,2e-05
40102,2,2e-05
230855,2,2e-05
41104,2,2e-05
110564,2,2e-05
110343,2,2e-05
280869,2,2e-05
221149,2,2e-05
60440,2,2e-05
50989,2,2e-05
180428,2,2e-05
170884,2,2e-05
70446,2,2e-05
181295,2,2e-05
170266,2,2e-05
110925,2,2e-05
220383,2,2e-05
230123,2,2e-05
311270,2,2e-05
250833,2,2e-05
64149,2,2e-05
50641,2,2e-05
210687,2,2e-05
190109,2,2e-05
100593,2,2e-05
260312,2,2e-05
251139,2,2e-05
110307,2,2e-05
260269,2,2e-05
211276,2,2e-05
40929,2,2e-05
260243,2,2e-05
200992,2,2e-05
240182,2,2e-05
951262,2,2e-05
120998,2,2e-05
250761,2,2e-05
221209,2,2e-05
120974,2,2e-05
251049,2,2e-05
301283,2,2e-05
191049,2,2e-05
80821,2,2e-05
241111,2,2e-05
190855,2,2e-05
160322,2,2e-05
11095,2,2e-05
10418,2,2e-05
120849,2,2e-05
210250,2,2e-05
250534,2,2e-05
80633,2,2e-05
200489,2,2e-05
41210,2,2e-05
150791,2,2e-05
31200,2,2e-05
80968,2,2e-05
210934,2,2e-05
200767,2,2e-05
220299,2,2e-05
270305,2,2e-05
130551,2,2e-05
170922,2,2e-05
100232,2,2e-05
301228,2,2e-05
170656,2,2e-05
140243,2,2e-05
280649,2,2e-05
41222,2,2e-05
180385,2,2e-05
30449,2,2e-05
40844,2,2e-05
31264,2,2e-05
250791,2,2e-05
250328,2,2e-05
40629,2,2e-05
230776,2,2e-05
290777,2,2e-05
141052,2,2e-05
201261,2,2e-05
280523,2,2e-05
260650,2,2e-05
71013,2,2e-05
71225,2,2e-05
270321,2,2e-05
260480,2,2e-05
310328,2,2e-05
270529,2,2e-05
180130,2,2e-05
80544,2,2e-05
230358,2,2e-05
200253,2,2e-05
220999,2,2e-05
10142,2,2e-05
50950,2,2e-05
310282,2,2e-05
896972,2,2e-05
160840,2,2e-05
80222,2,2e-05
210282,2,2e-05
180370,2,2e-05
71244,2,2e-05
230494,2,2e-05
91295,2,2e-05
50542,2,2e-05
201284,2,2e-05
280292,2,2e-05
221108,2,2e-05
160442,2,2e-05
121061,2,2e-05
310189,2,2e-05
290253,2,2e-05
120556,2,2e-05
160426,2,2e-05
110603,2,2e-05
200493,2,2e-05
311188,2,2e-05
20223,2,2e-05
241145,2,2e-05
180903,2,2e-05
240856,2,2e-05
230113,2,2e-05
120897,2,2e-05
11012,2,2e-05
41040,2,2e-05
90432,2,2e-05
131167,2,2e-05
270595,2,2e-05
110484,2,2e-05
260318,2,2e-05
150669,2,2e-05
91273,2,2e-05
90751,2,2e-05
298981,2,2e-05
230344,2,2e-05
51160,2,2e-05
140780,2,2e-05
10610,2,2e-05
20394,2,2e-05
240781,2,2e-05
100890,2,2e-05
260366,2,2e-05
150297,2,2e-05
300459,2,2e-05
70770,2,2e-05
80640,2,2e-05
975767,2,2e-05
110701,2,2e-05
90862,2,2e-05
10956,2,2e-05
130399,2,2e-05
130302,2,2e-05
160807,2,2e-05
50435,2,2e-05
643968,2,2e-05
251061,2,2e-05
90869,2,2e-05
220758,2,2e-05
310547,2,2e-05
310586,2,2e-05
160920,2,2e-05
280736,2,2e-05
50595,2,2e-05
190240,2,2e-05
40654,2,2e-05
251198,2,2e-05
81137,2,2e-05
250580,2,2e-05
20509,2,2e-05
290339,2,2e-05
70227,2,2e-05
60799,2,2e-05
250442,2,2e-05
120768,2,2e-05
281084,2,2e-05
31013,2,2e-05
140957,2,2e-05
40313,2,2e-05
240764,2,2e-05
210669,2,2e-05
300387,2,2e-05
161277,2,2e-05
130208,2,2e-05
160480,2,2e-05
110954,2,2e-05
220432,2,2e-05
290621,2,2e-05
200117,2,2e-05
120807,2,2e-05
140632,2,2e-05
190507,2,2e-05
140678,2,2e-05
90819,2,2e-05
81200,2,2e-05
60297,2,2e-05
300759,2,2e-05
180600,2,2e-05
270550,2,2e-05
280929,2,2e-05
310615,2,2e-05
141204,2,2e-05
150235,2,2e-05
111095,2,2e-05
41264,2,2e-05
10813,2,2e-05
41109,2,2e-05
101078,2,2e-05
270429,2,2e-05
220554,2,2e-05
170710,2,2e-05
270931,2,2e-05
271221,2,2e-05
11126,2,2e-05
40656,2,2e-05
50120,2,2e-05
290731,2,2e-05
150215,2,2e-05
140995,2,2e-05
220952,2,2e-05
310411,2,2e-05
260917,2,2e-05
290913,2,2e-05
260802,2,2e-05
170480,2,2e-05
90780,2,2e-05
50583,2,2e-05
120292,2,2e-05
181152,2,2e-05
90771,2,2e-05
181256,2,2e-05
240416,2,2e-05
160796,2,2e-05
160328,2,2e-05
131283,2,2e-05
310896,2,2e-05
210763,2,2e-05
100451,2,2e-05
301003,2,2e-05
140295,2,2e-05
300888,2,2e-05
220475,2,2e-05
241252,2,2e-05
230661,2,2e-05
251157,2,2e-05
61008,2,2e-05
200262,2,2e-05
310924,2,2e-05
290903,2,2e-05
130560,2,2e-05
80280,2,2e-05
131281,2,2e-05
10639,2,2e-05
110659,2,2e-05
20319,2,2e-05
251108,2,2e-05
270817,2,2e-05
70939,2,2e-05
161239,2,2e-05
140323,2,2e-05
290246,2,2e-05
110720,2,2e-05
11058,2,2e-05
487630,2,2e-05
90436,2,2e-05
131046,2,2e-05
100283,2,2e-05
110267,2,2e-05
111150,2,2e-05
111064,2,2e-05
290236,2,2e-05
210422,2,2e-05
210104,2,2e-05
200995,2,2e-05
280821,2,2e-05
40719,2,2e-05
70758,2,2e-05
190474,2,2e-05
300750,2,2e-05
220781,2,2e-05
71196,2,2e-05
200215,2,2e-05
160295,2,2e-05
140207,2,2e-05
130868,2,2e-05
763568,2,2e-05
291022,2,2e-05
120454,2,2e-05
300125,2,2e-05
40978,2,2e-05
11086,2,2e-05
270869,2,2e-05
21113,2,2e-05
170503,2,2e-05
220359,2,2e-05
130728,2,2e-05
40183,2,2e-05
260835,2,2e-05
60452,2,2e-05
260511,2,2e-05
20850,2,2e-05
160974,2,2e-05
30899,2,2e-05
31075,2,2e-05
190668,2,2e-05
70683,2,2e-05
120534,2,2e-05
114666,2,2e-05
210285,2,2e-05
240357,2,2e-05
150395,2,2e-05
150134,2,2e-05
80392,2,2e-05
200820,2,2e-05
70172,2,2e-05
30690,2,2e-05
70735,2,2e-05
30634,2,2e-05
600666,2,2e-05
220894,2,2e-05
140522,2,2e-05
271102,2,2e-05
60939,2,2e-05
261244,2,2e-05
311256,2,2e-05
301009,2,2e-05
291182,2,2e-05
81285,2,2e-05
301056,2,2e-05
121243,2,2e-05
100886,2,2e-05
141045,2,2e-05
280462,2,2e-05
190179,2,2e-05
260388,2,2e-05
230663,2,2e-05
310444,2,2e-05
290174,2,2e-05
230314,2,2e-05
90759,2,2e-05
100995,2,2e-05
40545,2,2e-05
261090,2,2e-05
250709,2,2e-05
20112,2,2e-05
240841,2,2e-05
40819,2,2e-05
80616,2,2e-05
10455,2,2e-05
120647,2,2e-05
221041,2,2e-05
70964,2,2e-05
51200,2,2e-05
271066,2,2e-05
210133,2,2e-05
140876,2,2e-05
281097,2,2e-05
60823,2,2e-05
250803,2,2e-05
270447,2,2e-05
180176,2,2e-05
10306,2,2e-05
221048,2,2e-05
80312,2,2e-05
230259,2,2e-05
91000,2,2e-05
30573,2,2e-05
40624,2,2e-05
70179,2,2e-05
130648,2,2e-05
170349,2,2e-05
151220,2,2e-05
11007,2,2e-05
250539,2,2e-05
70561,2,2e-05
230571,2,2e-05
130835,2,2e-05
91256,2,2e-05
10840,2,2e-05
50173,2,2e-05
301006,2,2e-05
271085,2,2e-05
10115,2,2e-05
110944,2,2e-05
170348,2,2e-05
50977,2,2e-05
300630,2,2e-05
682122,2,2e-05
180984,2,2e-05
231083,2,2e-05
290542,2,2e-05
150421,2,2e-05
141289,2,2e-05
150985,2,2e-05
261172,2,2e-05
10679,2,2e-05
40188,2,2e-05
101150,2,2e-05
70218,2,2e-05
130517,2,2e-05
150678,2,2e-05
60205,2,2e-05
70890,2,2e-05
310591,2,2e-05
70897,2,2e-05
110253,2,2e-05
110743,2,2e-05
191228,2,2e-05
130331,2,2e-05
220439,2,2e-05
50361,2,2e-05
10295,2,2e-05
110835,2,2e-05
31086,2,2e-05
10912,2,2e-05
260812,2,2e-05
300780,2,2e-05
11133,2,2e-05
30861,2,2e-05
141009,2,2e-05
190966,2,2e-05
270615,2,2e-05
80853,2,2e-05
140888,2,2e-05
260711,2,2e-05
301057,2,2e-05
10420,2,2e-05
310647,2,2e-05
281172,2,2e-05
130763,2,2e-05
110662,2,2e-05
100834,2,2e-05
191273,2,2e-05
300538,2,2e-05
200227,2,2e-05
71180,2,2e-05
200459,2,2e-05
102919,2,2e-05
40815,2,2e-05
190623,2,2e-05
401717,2,2e-05
50844,2,2e-05
50235,2,2e-05
31277,2,2e-05
240120,2,2e-05
180522,2,2e-05
300604,2,2e-05
290579,2,2e-05
280921,2,2e-05
90849,2,2e-05
40343,2,2e-05
210677,2,2e-05
110159,2,2e-05
210596,2,2e-05
270549,2,2e-05
171257,2,2e-05
170315,2,2e-05
250719,2,2e-05
290383,2,2e-05
250837,2,2e-05
170893,2,2e-05
120824,2,2e-05
171094,2,2e-05
260853,2,2e-05
140814,2,2e-05
140955,2,2e-05
200951,2,2e-05
251285,2,2e-05
241250,2,2e-05
80397,2,2e-05
210391,2,2e-05
171226,2,2e-05
30630,2,2e-05
100192,2,2e-05
81744,2,2e-05
171053,2,2e-05
10438,2,2e-05
160373,2,2e-05
311109,2,2e-05
180613,2,2e-05
110583,2,2e-05
160916,2,2e-05
20395,2,2e-05
151123,2,2e-05
220832,2,2e-05
50889,2,2e-05
170350,2,2e-05
60136,2,2e-05
50740,2,2e-05
230372,2,2e-05
10889,2,2e-05
41121,2,2e-05
210229,2,2e-05
200934,2,2e-05
495935,2,2e-05
160692,2,2e-05
250896,2,2e-05
280583,2,2e-05
661177,2,2e-05
210865,2,2e-05
40296,2,2e-05
100279,2,2e-05
311297,2,2e-05
120288,2,2e-05
210798,2,2e-05
60648,2,2e-05
80829,2,2e-05
250430,2,2e-05
130982,2,2e-05
220406,2,2e-05
110825,2,2e-05
220550,2,2e-05
131266,2,2e-05
251091,2,2e-05
211088,2,2e-05
120406,2,2e-05
221171,2,2e-05
50550,2,2e-05
181104,2,2e-05
300997,2,2e-05
120718,2,2e-05
31073,2,2e-05
270563,2,2e-05
437200,2,2e-05
60257,2,2e-05
110960,2,2e-05
220972,2,2e-05
200113,2,2e-05
241234,2,2e-05
131216,2,2e-05
150159,2,2e-05
190326,2,2e-05
71102,2,2e-05
60892,2,2e-05
170575,2,2e-05
40268,2,2e-05
211099,2,2e-05
281002,2,2e-05
210715,2,2e-05
310755,2,2e-05
200931,2,2e-05
281080,2,2e-05
250782,2,2e-05
60412,2,2e-05
290510,2,2e-05
240398,2,2e-05
210217,2,2e-05
60103,2,2e-05
210313,2,2e-05
201032,2,2e-05
120561,2,2e-05
130503,2,2e-05
71246,2,2e-05
70952,2,2e-05
80338,2,2e-05
20125,2,2e-05
291170,2,2e-05
70519,2,2e-05
290726,2,2e-05
210142,2,2e-05
91094,2,2e-05
120515,2,2e-05
190792,2,2e-05
190610,2,2e-05
170196,2,2e-05
40955,2,2e-05
101224,2,2e-05
301100,2,2e-05
41003,2,2e-05
170100,2,2e-05
130790,2,2e-05
271239,2,2e-05
100943,2,2e-05
150386,2,2e-05
260726,2,2e-05
310403,2,2e-05
190275,2,2e-05
70785,2,2e-05
190465,2,2e-05
180656,2,2e-05
50847,2,2e-05
40466,2,2e-05
849825,2,2e-05
167390,2,2e-05
71234,2,2e-05
211133,2,2e-05
70389,2,2e-05
160746,2,2e-05
90936,2,2e-05
30206,2,2e-05
121234,2,2e-05
130312,2,2e-05
300378,2,2e-05
90295,2,2e-05
220552,2,2e-05
300552,2,2e-05
191034,2,2e-05
180538,2,2e-05
190269,2,2e-05
240329,2,2e-05
150474,2,2e-05
280943,2,2e-05
20515,2,2e-05
101166,2,2e-05
260828,2,2e-05
280828,2,2e-05
60902,2,2e-05
30877,2,2e-05
110973,2,2e-05
171163,2,2e-05
21279,2,2e-05
110924,2,2e-05
200341,2,2e-05
300984,2,2e-05
101114,2,2e-05
240679,2,2e-05
300279,2,2e-05
160822,2,2e-05
40242,2,2e-05
30154,2,2e-05
21050,2,2e-05
300843,2,2e-05
260357,2,2e-05
40883,2,2e-05
280932,2,2e-05
691001,2,2e-05
260705,2,2e-05
230954,2,2e-05
230755,2,2e-05
30118,2,2e-05
151000,2,2e-05
300371,2,2e-05
210532,2,2e-05
151126,2,2e-05
240122,2,2e-05
220747,2,2e-05
10642,2,2e-05
20640,2,2e-05
41255,2,2e-05
300149,2,2e-05
61172,2,2e-05
270439,2,2e-05
51238,2,2e-05
240872,2,2e-05
291006,2,2e-05
150424,2,2e-05
120977,2,2e-05
250789,2,2e-05
20514,2,2e-05
270672,2,2e-05
90528,2,2e-05
110392,2,2e-05
21015,2,2e-05
80800,2,2e-05
160283,2,2e-05
260364,2,2e-05
250610,2,2e-05
130112,2,2e-05
111073,2,2e-05
180384,2,2e-05
190136,2,2e-05
240545,2,2e-05
151059,2,2e-05
21197,2,2e-05
20693,2,2e-05
100410,2,2e-05
181274,2,2e-05
240339,2,2e-05
80576,2,2e-05
141244,2,2e-05
180801,2,2e-05
281076,2,2e-05
60112,2,2e-05
100897,2,2e-05
120167,2,2e-05
351326,2,2e-05
70722,2,2e-05
140369,2,2e-05
903683,2,2e-05
290885,2,2e-05
101293,2,2e-05
91069,2,2e-05
181265,2,2e-05
260294,2,2e-05
140331,2,2e-05
600512,2,2e-05
290775,2,2e-05
20647,2,2e-05
230982,2,2e-05
250346,2,2e-05
130633,2,2e-05
251232,2,2e-05
120404,2,2e-05
120839,2,2e-05
200415,2,2e-05
120639,2,2e-05
80409,2,2e-05
140138,2,2e-05
120375,2,2e-05
281252,2,2e-05
221221,2,2e-05
240870,2,2e-05
260256,2,2e-05
180422,2,2e-05
201042,2,2e-05
180137,2,2e-05
141038,2,2e-05
210413,2,2e-05
120930,2,2e-05
250587,2,2e-05
240871,2,2e-05
91281,2,2e-05
311163,2,2e-05
10536,2,2e-05
70588,2,2e-05
100858,2,2e-05
40493,2,2e-05
41010,2,2e-05
280837,2,2e-05
80380,2,2e-05
221185,2,2e-05
140194,2,2e-05
290285,2,2e-05
100452,2,2e-05
220220,2,2e-05
251024,2,2e-05
130983,2,2e-05
270743,2,2e-05
80732,2,2e-05
40907,2,2e-05
281017,2,2e-05
80628,2,2e-05
50923,2,2e-05
200574,2,2e-05
41106,2,2e-05
170451,2,2e-05
60811,2,2e-05
140488,2,2e-05
120151,2,2e-05
71071,2,2e-05
230500,2,2e-05
111050,2,2e-05
51004,2,2e-05
151136,2,2e-05
191216,2,2e-05
270662,2,2e-05
300659,2,2e-05
170692,2,2e-05
50603,2,2e-05
300486,2,2e-05
50490,2,2e-05
110729,2,2e-05
180735,2,2e-05
160182,2,2e-05
171114,2,2e-05
261178,2,2e-05
50365,2,2e-05
230348,2,2e-05
50630,2,2e-05
261147,2,2e-05
20567,2,2e-05
120529,2,2e-05
300162,2,2e-05
50980,2,2e-05
31273,2,2e-05
141279,2,2e-05
321547,2,2e-05
260315,2,2e-05
150110,2,2e-05
240493,2,2e-05
10466,2,2e-05
310342,2,2e-05
60951,2,2e-05
230665,2,2e-05
100237,2,2e-05
250876,2,2e-05
10228,2,2e-05
300885,2,2e-05
230775,2,2e-05
150597,2,2e-05
221177,2,2e-05
170457,2,2e-05
101167,2,2e-05
40650,2,2e-05
110978,2,2e-05
300458,2,2e-05
231160,2,2e-05
51196,2,2e-05
21133,2,2e-05
61029,2,2e-05
80493,2,2e-05
90685,2,2e-05
210591,2,2e-05
230172,2,2e-05
170573,2,2e-05
30164,2,2e-05
280486,2,2e-05
20139,2,2e-05
80161,2,2e-05
100305,2,2e-05
280733,2,2e-05
304657,2,2e-05
150857,2,2e-05
31008,2,2e-05
190936,2,2e-05
140416,2,2e-05
260500,2,2e-05
310975,2,2e-05
230937,2,2e-05
70630,2,2e-05
11009,2,2e-05
270644,2,2e-05
240258,2,2e-05
171269,2,2e-05
60923,2,2e-05
160391,2,2e-05
270368,2,2e-05
150619,2,2e-05
120281,2,2e-05
220101,2,2e-05
11150,2,2e-05
111251,2,2e-05
250354,2,2e-05
50808,2,2e-05
180699,2,2e-05
201207,2,2e-05
130471,2,2e-05
131209,2,2e-05
181268,2,2e-05
120341,2,2e-05
161115,2,2e-05
141211,2,2e-05
260584,2,2e-05
271276,2,2e-05
160649,2,2e-05
170471,2,2e-05
160798,2,2e-05
175899,2,2e-05
30591,2,2e-05
110871,2,2e-05
230229,2,2e-05
41008,2,2e-05
111069,2,2e-05
250552,2,2e-05
20132,2,2e-05
20641,2,2e-05
280297,2,2e-05
300996,2,2e-05
310175,2,2e-05
30997,2,2e-05
261262,2,2e-05
130332,2,2e-05
160541,2,2e-05
270346,2,2e-05
21107,2,2e-05
290313,2,2e-05
141291,2,2e-05
90868,2,2e-05
290160,2,2e-05
290551,2,2e-05
11240,2,2e-05
290193,2,2e-05
220868,2,2e-05
100816,2,2e-05
30479,2,2e-05
280355,2,2e-05
170401,2,2e-05
310276,2,2e-05
300947,2,2e-05
120903,2,2e-05
160590,2,2e-05
81182,2,2e-05
90401,2,2e-05
290209,2,2e-05
90899,2,2e-05
50178,2,2e-05
221147,2,2e-05
230260,2,2e-05
875747,2,2e-05
70721,2,2e-05
190803,2,2e-05
301231,2,2e-05
230987,2,2e-05
310736,2,2e-05
90423,2,2e-05
131007,2,2e-05
20530,2,2e-05
120982,2,2e-05
280279,2,2e-05
110495,2,2e-05
200528,2,2e-05
280872,2,2e-05
120448,2,2e-05
110181,2,2e-05
290481,2,2e-05
120367,2,2e-05
20371,2,2e-05
220453,2,2e-05
290607,2,2e-05
11256,2,2e-05
11108,2,2e-05
91107,2,2e-05
251193,2,2e-05
301036,2,2e-05
221226,2,2e-05
40591,2,2e-05
210721,2,2e-05
80932,2,2e-05
21022,2,2e-05
160785,2,2e-05
271046,2,2e-05
310534,2,2e-05
50152,2,2e-05
171256,2,2e-05
261192,2,2e-05
220607,2,2e-05
180355,2,2e-05
110399,2,2e-05
70202,2,2e-05
210825,2,2e-05
40448,2,2e-05
51034,2,2e-05
90994,2,2e-05
120901,2,2e-05
310338,2,2e-05
200840,2,2e-05
80522,2,2e-05
260206,2,2e-05
101046,2,2e-05
70404,2,2e-05
240917,2,2e-05
40801,2,2e-05
70353,2,2e-05
91215,2,2e-05
221214,2,2e-05
190308,2,2e-05
151229,2,2e-05
80622,2,2e-05
190291,2,2e-05
130771,2,2e-05
310967,2,2e-05
20971,2,2e-05
60324,2,2e-05
120164,2,2e-05
61186,2,2e-05
230871,2,2e-05
20817,2,2e-05
220123,2,2e-05
140448,2,2e-05
241256,2,2e-05
210770,2,2e-05
291236,2,2e-05
60778,2,2e-05
31070,2,2e-05
10850,2,2e-05
271128,2,2e-05
120363,2,2e-05
60924,2,2e-05
20321,2,2e-05
310639,2,2e-05
251153,2,2e-05
130223,2,2e-05
290685,2,2e-05
200432,2,2e-05
80217,2,2e-05
261063,2,2e-05
10534,2,2e-05
211104,2,2e-05
90472,2,2e-05
70479,2,2e-05
280966,2,2e-05
160599,2,2e-05
161085,2,2e-05
11176,2,2e-05
210685,2,2e-05
250119,2,2e-05
111006,2,2e-05
110799,2,2e-05
120916,2,2e-05
141236,2,2e-05
110860,2,2e-05
120651,2,2e-05
270820,2,2e-05
290987,2,2e-05
190277,2,2e-05
200606,2,2e-05
20845,2,2e-05
31181,2,2e-05
180188,2,2e-05
429237,2,2e-05
210159,2,2e-05
180452,2,2e-05
160503,2,2e-05
110711,2,2e-05
91078,2,2e-05
70999,2,2e-05
100675,2,2e-05
100234,2,2e-05
171187,2,2e-05
30588,2,2e-05
230502,2,2e-05
270291,2,2e-05
240923,2,2e-05
260323,2,2e-05
50612,2,2e-05
180171,2,2e-05
260763,2,2e-05
240984,2,2e-05
300327,2,2e-05
220142,2,2e-05
310952,2,2e-05
10445,2,2e-05
40234,2,2e-05
30363,2,2e-05
130504,2,2e-05
271236,2,2e-05
150686,2,2e-05
220613,2,2e-05
180261,2,2e-05
280569,2,2e-05
270557,2,2e-05
70888,2,2e-05
200877,2,2e-05
140434,2,2e-05
251236,2,2e-05
60221,2,2e-05
200474,2,2e-05
210380,2,2e-05
291117,2,2e-05
211174,2,2e-05
151067,2,2e-05
131089,2,2e-05
150517,2,2e-05
150175,2,2e-05
30267,2,2e-05
31259,2,2e-05
11275,2,2e-05
170152,2,2e-05
10394,2,2e-05
70265,2,2e-05
171010,2,2e-05
61130,2,2e-05
60399,2,2e-05
211101,2,2e-05
270509,2,2e-05
120518,2,2e-05
90927,2,2e-05
50284,2,2e-05
90394,2,2e-05
270687,2,2e-05
40104,2,2e-05
181231,2,2e-05
131113,2,2e-05
290100,2,2e-05
140279,2,2e-05
120906,2,2e-05
21114,2,2e-05
240833,2,2e-05
151137,2,2e-05
200779,2,2e-05
200812,2,2e-05
101062,2,2e-05
150185,2,2e-05
261282,2,2e-05
250788,2,2e-05
300936,2,2e-05
131044,2,2e-05
20828,2,2e-05
291213,2,2e-05
190385,2,2e-05
101031,2,2e-05
190664,2,2e-05
70822,2,2e-05
230362,2,2e-05
101247,2,2e-05
131134,2,2e-05
150227,2,2e-05
140840,2,2e-05
101060,2,2e-05
190977,2,2e-05
150602,2,2e-05
210949,2,2e-05
50591,2,2e-05
260872,2,2e-05
536981,2,2e-05
80446,2,2e-05
180955,2,2e-05
310427,2,2e-05
200627,2,2e-05
120276,2,2e-05
170725,2,2e-05
310562,2,2e-05
140641,2,2e-05
220405,2,2e-05
300599,2,2e-05
210369,2,2e-05
70512,2,2e-05
10376,2,2e-05
91146,2,2e-05
150269,2,2e-05
40329,2,2e-05
250511,2,2e-05
120426,2,2e-05
280973,2,2e-05
80210,2,2e-05
170344,2,2e-05
170818,2,2e-05
181026,2,2e-05
260731,2,2e-05
61093,2,2e-05
231078,2,2e-05
160638,2,2e-05
11023,2,2e-05
240915,2,2e-05
261037,2,2e-05
458872,2,2e-05
270827,2,2e-05
300754,2,2e-05
310149,2,2e-05
190532,2,2e-05
10504,2,2e-05
250713,2,2e-05
220294,2,2e-05
155280,2,2e-05
240454,2,2e-05
241160,2,2e-05
210359,2,2e-05
150962,2,2e-05
70625,2,2e-05
12806,2,2e-05
270617,2,2e-05
10211,2,2e-05
70543,2,2e-05
40851,2,2e-05
200295,2,2e-05
210530,2,2e-05
220291,2,2e-05
90584,2,2e-05
280467,2,2e-05
41249,2,2e-05
161089,2,2e-05
40419,2,2e-05
40772,2,2e-05
11187,2,2e-05
70460,2,2e-05
221225,2,2e-05
20746,2,2e-05
171134,2,2e-05
160618,2,2e-05
60936,2,2e-05
21119,2,2e-05
250932,2,2e-05
150133,2,2e-05
241165,2,2e-05
141299,2,2e-05
140447,2,2e-05
191046,2,2e-05
290869,2,2e-05
310911,2,2e-05
130678,2,2e-05
270733,2,2e-05
190498,2,2e-05
130991,2,2e-05
170639,2,2e-05
170355,2,2e-05
140847,2,2e-05
280645,2,2e-05
231220,2,2e-05
31060,2,2e-05
30361,2,2e-05
230820,2,2e-05
211018,2,2e-05
160495,2,2e-05
41140,2,2e-05
60813,2,2e-05
201201,2,2e-05
180258,2,2e-05
20315,2,2e-05
241260,2,2e-05
190534,2,2e-05
20748,2,2e-05
310922,2,2e-05
251129,2,2e-05
261048,2,2e-05
300956,2,2e-05
150696,2,2e-05
70812,2,2e-05
131128,2,2e-05
220642,2,2e-05
190247,2,2e-05
210184,2,2e-05
201236,2,2e-05
181012,2,2e-05
50484,2,2e-05
30246,2,2e-05
210818,2,2e-05
291265,2,2e-05
120304,2,2e-05
220628,2,2e-05
251212,2,2e-05
200906,2,2e-05
120997,2,2e-05
120987,2,2e-05
180472,2,2e-05
160490,2,2e-05
130234,2,2e-05
201131,2,2e-05
311224,2,2e-05
230634,2,2e-05
221161,2,2e-05
150889,2,2e-05
70558,2,2e-05
150428,2,2e-05
261021,2,2e-05
161223,2,2e-05
153443,2,2e-05
40645,2,2e-05
180653,2,2e-05
250756,2,2e-05
220867,2,2e-05
50701,2,2e-05
260595,2,2e-05
300295,2,2e-05
110481,2,2e-05
290642,2,2e-05
91198,2,2e-05
80842,2,2e-05
30387,2,2e-05
200480,2,2e-05
60300,2,2e-05
150701,2,2e-05
140158,2,2e-05
280363,2,2e-05
161292,2,2e-05
81152,2,2e-05
110203,2,2e-05
310796,2,2e-05
40370,2,2e-05
923656,2,2e-05
221266,2,2e-05
130871,2,2e-05
855137,2,2e-05
141183,2,2e-05
280998,2,2e-05
141233,2,2e-05
120128,2,2e-05
161243,2,2e-05
140458,2,2e-05
280727,2,2e-05
201270,2,2e-05
140917,2,2e-05
280236,2,2e-05
31084,2,2e-05
170416,2,2e-05
220691,2,2e-05
140533,2,2e-05
90774,2,2e-05
120506,2,2e-05
100257,2,2e-05
311156,2,2e-05
20690,2,2e-05
220113,2,2e-05
141277,2,2e-05
300702,2,2e-05
60473,2,2e-05
80209,2,2e-05
210550,2,2e-05
40212,2,2e-05
200403,2,2e-05
240422,2,2e-05
150679,2,2e-05
51091,2,2e-05
220570,2,2e-05
50998,2,2e-05
300601,2,2e-05
260676,2,2e-05
220222,2,2e-05
30778,2,2e-05
210256,2,2e-05
170118,2,2e-05
191221,2,2e-05
250443,2,2e-05
301050,2,2e-05
280460,2,2e-05
240716,2,2e-05
110419,2,2e-05
90691,2,2e-05
111058,2,2e-05
250541,2,2e-05
131020,2,2e-05
171248,2,2e-05
80884,2,2e-05
300464,2,2e-05
70452,2,2e-05
160550,2,2e-05
250698,2,2e-05
140977,2,2e-05
40499,2,2e-05
90547,2,2e-05
311205,2,2e-05
130389,2,2e-05
140922,2,2e-05
190695,2,2e-05
250190,2,2e-05
30703,2,2e-05
290307,2,2e-05
211005,2,2e-05
250184,2,2e-05
40190,2,2e-05
220875,2,2e-05
318008,2,2e-05
221002,2,2e-05
230835,2,2e-05
161095,2,2e-05
150757,2,2e-05
50150,2,2e-05
40532,2,2e-05
270695,2,2e-05
30706,2,2e-05
170420,2,2e-05
20523,2,2e-05
280264,2,2e-05
230522,2,2e-05
91104,2,2e-05
130556,2,2e-05
280823,2,2e-05
221102,2,2e-05
160197,2,2e-05
160096,2,2e-05
200362,2,2e-05
300186,2,2e-05
121295,2,2e-05
260161,2,2e-05
240706,2,2e-05
70403,2,2e-05
150646,2,2e-05
40355,2,2e-05
270643,2,2e-05
258344,2,2e-05
140572,2,2e-05
160896,2,2e-05
130773,2,2e-05
10358,2,2e-05
250570,2,2e-05
300117,2,2e-05
130778,2,2e-05
10793,2,2e-05
713855,2,2e-05
60639,2,2e-05
120297,2,2e-05
220202,2,2e-05
50479,2,2e-05
90147,2,2e-05
190293,2,2e-05
36043,2,2e-05
180879,2,2e-05
220361,2,2e-05
30879,2,2e-05
240289,2,2e-05
240418,2,2e-05
40348,2,2e-05
270255,2,2e-05
91162,2,2e-05
281127,2,2e-05
90409,2,2e-05
210834,2,2e-05
300485,2,2e-05
200376,2,2e-05
60955,2,2e-05
230877,2,2e-05
230918,2,2e-05
21174,2,2e-05
290329,2,2e-05
250741,2,2e-05
100347,2,2e-05
170963,2,2e-05
60848,2,2e-05
220699,2,2e-05
180328,2,2e-05
281266,2,2e-05
290317,2,2e-05
131149,2,2e-05
10819,2,2e-05
80670,2,2e-05
231069,2,2e-05
150778,2,2e-05
171284,2,2e-05
211022,2,2e-05
300685,2,2e-05
170917,2,2e-05
120979,2,2e-05
50865,2,2e-05
190838,2,2e-05
210652,2,2e-05
220193,2,2e-05
281158,2,2e-05
110911,2,2e-05
130532,2,2e-05
71213,2,2e-05
110237,2,2e-05
120791,2,2e-05
230772,2,2e-05
20694,2,2e-05
643126,2,2e-05
301159,2,2e-05
270860,2,2e-05
291215,2,2e-05
80438,2,2e-05
51103,2,2e-05
680499,2,2e-05
240415,2,2e-05
230544,2,2e-05
100812,2,2e-05
301285,2,2e-05
170217,2,2e-05
240101,2,2e-05
230905,2,2e-05
120947,2,2e-05
150236,2,2e-05
191294,2,2e-05
20113,2,2e-05
110384,2,2e-05
120141,2,2e-05
100672,2,2e-05
160497,2,2e-05
171046,2,2e-05
160764,2,2e-05
161141,2,2e-05
191098,2,2e-05
81158,2,2e-05
110742,2,2e-05
21023,2,2e-05
160802,2,2e-05
180829,2,2e-05
206830,2,2e-05
71250,2,2e-05
81202,2,2e-05
41238,2,2e-05
190262,2,2e-05
190649,2,2e-05
271051,2,2e-05
10369,2,2e-05
280603,2,2e-05
839388,2,2e-05
310883,2,2e-05
50978,2,2e-05
40965,2,2e-05
180480,2,2e-05
160782,2,2e-05
40802,2,2e-05
110455,2,2e-05
180429,2,2e-05
61000,2,2e-05
280288,2,2e-05
261289,2,2e-05
20263,2,2e-05
160693,2,2e-05
80129,2,2e-05
10382,2,2e-05
210767,2,2e-05
231020,2,2e-05
211066,2,2e-05
70761,2,2e-05
170450,2,2e-05
271091,2,2e-05
300362,2,2e-05
160881,2,2e-05
250608,2,2e-05
80864,2,2e-05
200818,2,2e-05
60459,2,2e-05
10934,2,2e-05
250684,2,2e-05
280792,2,2e-05
10873,2,2e-05
141286,2,2e-05
100774,2,2e-05
220304,2,2e-05
161117,2,2e-05
300721,2,2e-05
100165,2,2e-05
80539,2,2e-05
260718,2,2e-05
311299,2,2e-05
200997,2,2e-05
191132,2,2e-05
220107,2,2e-05
91159,2,2e-05
70154,2,2e-05
300804,2,2e-05
280549,2,2e-05
52511,2,2e-05
190199,2,2e-05
80908,2,2e-05
180157,2,2e-05
180216,2,2e-05
190635,2,2e-05
290264,2,2e-05
190544,2,2e-05
240450,2,2e-05
10465,2,2e-05
130121,2,2e-05
130170,2,2e-05
290562,2,2e-05
61274,2,2e-05
30928,2,2e-05
120772,2,2e-05
190653,2,2e-05
310211,2,2e-05
10940,2,2e-05
181278,2,2e-05
310370,2,2e-05
410363,2,2e-05
70569,2,2e-05
121141,2,2e-05
160854,2,2e-05
31036,2,2e-05
290517,2,2e-05
20480,2,2e-05
161044,2,2e-05
10623,2,2e-05
230162,2,2e-05
221278,2,2e-05
20364,2,2e-05
120633,2,2e-05
150322,2,2e-05
60844,2,2e-05
61098,2,2e-05
130104,2,2e-05
260261,2,2e-05
90882,2,2e-05
270339,2,2e-05
121161,2,2e-05
20902,2,2e-05
210935,2,2e-05
170856,2,2e-05
191076,2,2e-05
180744,2,2e-05
236751,2,2e-05
40570,2,2e-05
190802,2,2e-05
210857,2,2e-05
210869,2,2e-05
50414,2,2e-05
141128,2,2e-05
301024,2,2e-05
280506,2,2e-05
270532,2,2e-05
231269,2,2e-05
90505,2,2e-05
10441,2,2e-05
291083,2,2e-05
20301,2,2e-05
211235,2,2e-05
260855,2,2e-05
81128,2,2e-05
281007,2,2e-05
250175,2,2e-05
11075,2,2e-05
80258,2,2e-05
290284,2,2e-05
270646,2,2e-05
101004,2,2e-05
280963,2,2e-05
70933,2,2e-05
260432,2,2e-05
170375,2,2e-05
210486,2,2e-05
191042,2,2e-05
10403,2,2e-05
160319,2,2e-05
120309,2,2e-05
20169,2,2e-05
170569,2,2e-05
150419,2,2e-05
20151,2,2e-05
100822,2,2e-05
251223,2,2e-05
210534,2,2e-05
230461,2,2e-05
230611,2,2e-05
170988,2,2e-05
796642,2,2e-05
171243,2,2e-05
120457,2,2e-05
71101,2,2e-05
90574,2,2e-05
290442,2,2e-05
10207,2,2e-05
50221,2,2e-05
30831,2,2e-05
130421,2,2e-05
71174,2,2e-05
130701,2,2e-05
101192,2,2e-05
140350,2,2e-05
220844,2,2e-05
30601,2,2e-05
50697,2,2e-05
231034,2,2e-05
70906,2,2e-05
100836,2,2e-05
230741,2,2e-05
90921,2,2e-05
50594,2,2e-05
70233,2,2e-05
220865,2,2e-05
180375,2,2e-05
80750,2,2e-05
30718,2,2e-05
90738,2,2e-05
120408,2,2e-05
310314,2,2e-05
270201,2,2e-05
61457,2,2e-05
160482,2,2e-05
311077,2,2e-05
100950,2,2e-05
170747,2,2e-05
40788,2,2e-05
290451,2,2e-05
80151,2,2e-05
240969,2,2e-05
201202,2,2e-05
201160,2,2e-05
120393,2,2e-05
20788,2,2e-05
120161,2,2e-05
291106,2,2e-05
130184,2,2e-05
130167,2,2e-05
260910,2,2e-05
30440,2,2e-05
250579,2,2e-05
190548,2,2e-05
61182,2,2e-05
180323,2,2e-05
80108,2,2e-05
260277,2,2e-05
130394,2,2e-05
30916,2,2e-05
210237,2,2e-05
21126,2,2e-05
310824,2,2e-05
240978,2,2e-05
231046,2,2e-05
160897,2,2e-05
251210,2,2e-05
180281,2,2e-05
170265,2,2e-05
220581,2,2e-05
230980,2,2e-05
190466,2,2e-05
140808,2,2e-05
30170,2,2e-05
21111,2,2e-05
190502,2,2e-05
10839,2,2e-05
40840,2,2e-05
300572,2,2e-05
301224,2,2e-05
30153,2,2e-05
250166,2,2e-05
70938,2,2e-05
31063,2,2e-05
260781,2,2e-05
130137,2,2e-05
110894,2,2e-05
111276,2,2e-05
200555,2,2e-05
270789,2,2e-05
71132,2,2e-05
130522,2,2e-05
130731,2,2e-05
221090,2,2e-05
280811,2,2e-05
111197,2,2e-05
91288,2,2e-05
230418,2,2e-05
782400,2,2e-05
250574,2,2e-05
30293,2,2e-05
10809,2,2e-05
792503,2,2e-05
100587,2,2e-05
250668,2,2e-05
140456,2,2e-05
160487,2,2e-05
250961,2,2e-05
311271,2,2e-05
21250,2,2e-05
91222,2,2e-05
150801,2,2e-05
260840,2,2e-05
30740,2,2e-05
130182,2,2e-05
301162,2,2e-05
806798,2,2e-05
261084,2,2e-05
30403,2,2e-05
120619,2,2e-05
210353,2,2e-05
130793,2,2e-05
30823,2,2e-05
80712,2,2e-05
20269,2,2e-05
171087,2,2e-05
30859,2,2e-05
511115,2,2e-05
170787,2,2e-05
10775,2,2e-05
210533,2,2e-05
90737,2,2e-05
200264,2,2e-05
170590,2,2e-05
71118,2,2e-05
40244,2,2e-05
290558,2,2e-05
90458,2,2e-05
300765,2,2e-05
311211,2,2e-05
130252,2,2e-05
70344,2,2e-05
200996,2,2e-05
11085,2,2e-05
311187,2,2e-05
40615,2,2e-05
61250,2,2e-05
150834,2,2e-05
80783,2,2e-05
150225,2,2e-05
230124,2,2e-05
10491,2,2e-05
260877,2,2e-05
311203,2,2e-05
130625,2,2e-05
200780,2,2e-05
230701,2,2e-05
280982,2,2e-05
150320,2,2e-05
409414,2,2e-05
80930,2,2e-05
230524,2,2e-05
10378,2,2e-05
20433,2,2e-05
190503,2,2e-05
110335,2,2e-05
100949,2,2e-05
221112,2,2e-05
11140,2,2e-05
210525,2,2e-05
250497,2,2e-05
70739,2,2e-05
151249,2,2e-05
60874,2,2e-05
310341,2,2e-05
31113,2,2e-05
230921,2,2e-05
180804,2,2e-05
240702,2,2e-05
160935,2,2e-05
300456,2,2e-05
70899,2,2e-05
230756,2,2e-05
532692,2,2e-05
211094,2,2e-05
111244,2,2e-05
41105,2,2e-05
30944,2,2e-05
200930,2,2e-05
210691,2,2e-05
40988,2,2e-05
50201,2,2e-05
40515,2,2e-05
240585,2,2e-05
925281,2,2e-05
90134,2,2e-05
582015,2,2e-05
80332,2,2e-05
71229,2,2e-05
260849,2,2e-05
190684,2,2e-05
140929,2,2e-05
41157,2,2e-05
91177,2,2e-05
50381,2,2e-05
280253,2,2e-05
150263,2,2e-05
120715,2,2e-05
181058,2,2e-05
240539,2,2e-05
131028,2,2e-05
818949,2,2e-05
21175,2,2e-05
180981,2,2e-05
51163,2,2e-05
160235,2,2e-05
61225,2,2e-05
10338,2,2e-05
231113,2,2e-05
70371,2,2e-05
300402,2,2e-05
250687,2,2e-05
150979,2,2e-05
210140,2,2e-05
51054,2,2e-05
81279,2,2e-05
121210,2,2e-05
40450,2,2e-05
311079,2,2e-05
190597,2,2e-05
160565,2,2e-05
310157,2,2e-05
300890,2,2e-05
270460,2,2e-05
30493,2,2e-05
10789,2,2e-05
290244,2,2e-05
696418,2,2e-05
220457,2,2e-05
270904,2,2e-05
231173,2,2e-05
20153,2,2e-05
191284,2,2e-05
260143,2,2e-05
290391,2,2e-05
220250,2,2e-05
101173,2,2e-05
60571,2,2e-05
131160,2,2e-05
110510,2,2e-05
150291,2,2e-05
150147,2,2e-05
271013,2,2e-05
490945,2,2e-05
120491,2,2e-05
221055,2,2e-05
260570,2,2e-05
111196,2,2e-05
50984,2,2e-05
190130,2,2e-05
110548,2,2e-05
140708,2,2e-05
311099,2,2e-05
200879,2,2e-05
11076,2,2e-05
170113,2,2e-05
110412,2,2e-05
547418,2,2e-05
130842,2,2e-05
270498,2,2e-05
41237,2,2e-05
240931,2,2e-05
261152,2,2e-05
121199,2,2e-05
20905,2,2e-05
180215,2,2e-05
120516,2,2e-05
60613,2,2e-05
220370,2,2e-05
270194,2,2e-05
270783,2,2e-05
61061,2,2e-05
120557,2,2e-05
140720,2,2e-05
70872,2,2e-05
50691,2,2e-05
70851,2,2e-05
231052,2,2e-05
210149,2,2e-05
190481,2,2e-05
180640,2,2e-05
200512,2,2e-05
230296,2,2e-05
250516,2,2e-05
147349,2,2e-05
161251,2,2e-05
90707,2,2e-05
160346,2,2e-05
290840,2,2e-05
181101,2,2e-05
80314,2,2e-05
201192,2,2e-05
300971,2,2e-05
220603,2,2e-05
161261,2,2e-05
151160,2,2e-05
440360,2,2e-05
51007,2,2e-05
31250,2,2e-05
160593,2,2e-05
230633,2,2e-05
190408,2,2e-05
50108,2,2e-05
221020,2,2e-05
230799,2,2e-05
90653,2,2e-05
57584,2,2e-05
230310,2,2e-05
110932,2,2e-05
20894,2,2e-05
40760,2,2e-05
250437,2,2e-05
30510,2,2e-05
130130,2,2e-05
80220,2,2e-05
200548,2,2e-05
290341,2,2e-05
230193,2,2e-05
160369,2,2e-05
220843,2,2e-05
725048,2,2e-05
301244,2,2e-05
170709,2,2e-05
261097,2,2e-05
191006,2,2e-05
290529,2,2e-05
140893,2,2e-05
90100,2,2e-05
250646,2,2e-05
80201,2,2e-05
10647,2,2e-05
270533,2,2e-05
220562,2,2e-05
271023,2,2e-05
30204,2,2e-05
41258,2,2e-05
51205,2,2e-05
241054,2,2e-05
120460,2,2e-05
241141,2,2e-05
30456,2,2e-05
312509,2,2e-05
150438,2,2e-05
130836,2,2e-05
241196,2,2e-05
240536,2,2e-05
100928,2,2e-05
70333,2,2e-05
170764,2,2e-05
250124,2,2e-05
180266,2,2e-05
50175,2,2e-05
290412,2,2e-05
51061,2,2e-05
100338,2,2e-05
280470,2,2e-05
981446,2,2e-05
220566,2,2e-05
220974,2,2e-05
301167,2,2e-05
220496,2,2e-05
210583,2,2e-05
70269,2,2e-05
190716,2,2e-05
80304,2,2e-05
300937,2,2e-05
300561,2,2e-05
200724,2,2e-05
300920,2,2e-05
250339,2,2e-05
60192,2,2e-05
70833,2,2e-05
201140,2,2e-05
311158,2,2e-05
230187,2,2e-05
240639,2,2e-05
230516,2,2e-05
291230,2,2e-05
200384,2,2e-05
221204,2,2e-05
70444,2,2e-05
260356,2,2e-05
110215,2,2e-05
70986,2,2e-05
280231,2,2e-05
120207,2,2e-05
50562,2,2e-05
250978,2,2e-05
200208,2,2e-05
140759,2,2e-05
50786,2,2e-05
130621,2,2e-05
80169,2,2e-05
11101,2,2e-05
221275,2,2e-05
270601,2,2e-05
170361,2,2e-05
241238,2,2e-05
71162,2,2e-05
872395,2,2e-05
10110,2,2e-05
60550,2,2e-05
130244,2,2e-05
280724,2,2e-05
150666,2,2e-05
260695,2,2e-05
150727,2,2e-05
60369,2,2e-05
230933,2,2e-05
270217,2,2e-05
140560,2,2e-05
110135,2,2e-05
51168,2,2e-05
140767,2,2e-05
261146,2,2e-05
220921,2,2e-05
80766,2,2e-05
250493,2,2e-05
131241,2,2e-05
30360,2,2e-05
190522,2,2e-05
201246,2,2e-05
110546,2,2e-05
10806,2,2e-05
210624,2,2e-05
300177,2,2e-05
30162,2,2e-05
50139,2,2e-05
210190,2,2e-05
260659,2,2e-05
210505,2,2e-05
50299,2,2e-05
30336,2,2e-05
81181,2,2e-05
110853,2,2e-05
10691,2,2e-05
230215,2,2e-05
300128,2,2e-05
30769,2,2e-05
190863,2,2e-05
110428,2,2e-05
190270,2,2e-05
70693,2,2e-05
211186,2,2e-05
956837,2,2e-05
100559,2,2e-05
71029,2,2e-05
80606,2,2e-05
190496,2,2e-05
220961,2,2e-05
90208,2,2e-05
180232,2,2e-05
60791,2,2e-05
160138,2,2e-05
141118,2,2e-05
70308,2,2e-05
10117,2,2e-05
231012,2,2e-05
80149,2,2e-05
110833,2,2e-05
170645,2,2e-05
140553,2,2e-05
160286,2,2e-05
160960,2,2e-05
120709,2,2e-05
130175,2,2e-05
206546,2,2e-05
300809,2,2e-05
50777,2,2e-05
260152,2,2e-05
214349,2,2e-05
210450,2,2e-05
100848,2,2e-05
180254,2,2e-05
160747,2,2e-05
260155,2,2e-05
291009,2,2e-05
270282,2,2e-05
30399,2,2e-05
61187,2,2e-05
50951,2,2e-05
260539,2,2e-05
261066,2,2e-05
716130,2,2e-05
300397,2,2e-05
446106,2,2e-05
250640,2,2e-05
260841,2,2e-05
80925,2,2e-05
60668,2,2e-05
80696,2,2e-05
121160,2,2e-05
151157,2,2e-05
160556,2,2e-05
160166,2,2e-05
181125,2,2e-05
70537,2,2e-05
150741,2,2e-05
20292,2,2e-05
80526,2,2e-05
834338,2,2e-05
140524,2,2e-05
220322,2,2e-05
210817,2,2e-05
220837,2,2e-05
250877,2,2e-05
190387,2,2e-05
60456,2,2e-05
100171,2,2e-05
250426,2,2e-05
230668,2,2e-05
300622,2,2e-05
20541,2,2e-05
171260,2,2e-05
301143,2,2e-05
310165,2,2e-05
300592,2,2e-05
71092,2,2e-05
260871,2,2e-05
250794,2,2e-05
80251,2,2e-05
130900,2,2e-05
300639,2,2e-05
60880,2,2e-05
190956,2,2e-05
190468,2,2e-05
190144,2,2e-05
61206,2,2e-05
20717,2,2e-05
220424,2,2e-05
131220,2,2e-05
724131,2,2e-05
310125,2,2e-05
40575,2,2e-05
250883,2,2e-05
300624,2,2e-05
131248,2,2e-05
10154,2,2e-05
270697,2,2e-05
80373,2,2e-05
791498,2,2e-05
201295,2,2e-05
120500,2,2e-05
100921,2,2e-05
301193,2,2e-05
250852,2,2e-05
311161,2,2e-05
111297,2,2e-05
90564,2,2e-05
40155,2,2e-05
11206,2,2e-05
101268,2,2e-05
231217,2,2e-05
300608,2,2e-05
11286,2,2e-05
200292,2,2e-05
120188,2,2e-05
190910,2,2e-05
280472,2,2e-05
170702,2,2e-05
250182,2,2e-05
250464,2,2e-05
81193,2,2e-05
40164,2,2e-05
40551,2,2e-05
61003,2,2e-05
51098,2,2e-05
290388,2,2e-05
230995,2,2e-05
61224,2,2e-05
250870,2,2e-05
40360,2,2e-05
310536,2,2e-05
100929,2,2e-05
220401,2,2e-05
140691,2,2e-05
10485,2,2e-05
290432,2,2e-05
50147,2,2e-05
40552,2,2e-05
220104,2,2e-05
70623,2,2e-05
30873,2,2e-05
141056,2,2e-05
230231,2,2e-05
300288,2,2e-05
220960,2,2e-05
183622,2,2e-05
210996,2,2e-05
180308,2,2e-05
171086,2,2e-05
40286,2,2e-05
230306,2,2e-05
229433,2,2e-05
240933,2,2e-05
151212,2,2e-05
901862,2,2e-05
300627,2,2e-05
200598,2,2e-05
220183,2,2e-05
80347,2,2e-05
51281,2,2e-05
260162,2,2e-05
290446,2,2e-05
110478,2,2e-05
20168,2,2e-05
240455,2,2e-05
31203,2,2e-05
81291,2,2e-05
50507,2,2e-05
281238,2,2e-05
260447,2,2e-05
280608,2,2e-05
170111,2,2e-05
180218,2,2e-05
221295,2,2e-05
220795,2,2e-05
140494,2,2e-05
230602,2,2e-05
190815,2,2e-05
250448,2,2e-05
131093,2,2e-05
110131,2,2e-05
240661,2,2e-05
50376,2,2e-05
40116,2,2e-05
30607,2,2e-05
60617,2,2e-05
70283,2,2e-05
200753,2,2e-05
120748,2,2e-05
40488,2,2e-05
90522,2,2e-05
230213,2,2e-05
190840,2,2e-05
160684,2,2e-05
150573,2,2e-05
310792,2,2e-05
150315,2,2e-05
140608,2,2e-05
50391,2,2e-05
10695,2,2e-05
241237,2,2e-05
220154,2,2e-05
90802,2,2e-05
251041,2,2e-05
41179,2,2e-05
90334,2,2e-05
310235,2,2e-05
121279,2,2e-05
80436,2,2e-05
140320,2,2e-05
150126,2,2e-05
191080,2,2e-05
161176,2,2e-05
180617,2,2e-05
61265,2,2e-05
20352,2,2e-05
200458,2,2e-05
310462,2,2e-05
739087,2,2e-05
121248,2,2e-05
110727,2,2e-05
310394,2,2e-05
50565,2,2e-05
240376,2,2e-05
260375,2,2e-05
190513,2,2e-05
180889,2,2e-05
140600,2,2e-05
30798,2,2e-05
40520,2,2e-05
70130,2,2e-05
191280,2,2e-05
50775,2,2e-05
60561,2,2e-05
200268,2,2e-05
60846,2,2e-05
220559,2,2e-05
161177,2,2e-05
120474,2,2e-05
310128,2,2e-05
100330,2,2e-05
241296,2,2e-05
191212,2,2e-05
241077,2,2e-05
231024,2,2e-05
111057,2,2e-05
10104,2,2e-05
20542,2,2e-05
280730,2,2e-05
90350,2,2e-05
90807,2,2e-05
280935,2,2e-05
310255,2,2e-05
290984,2,2e-05
50389,2,2e-05
100268,2,2e-05
280299,2,2e-05
200168,2,2e-05
110798,2,2e-05
230793,2,2e-05
150946,2,2e-05
260205,2,2e-05
51259,2,2e-05
281944,2,2e-05
270835,2,2e-05
11220,2,2e-05
180888,2,2e-05
44810,2,2e-05
181160,2,2e-05
60755,2,2e-05
281283,2,2e-05
50308,2,2e-05
40558,2,2e-05
90966,2,2e-05
170131,2,2e-05
220983,2,2e-05
211060,2,2e-05
100541,2,2e-05
221299,2,2e-05
241103,2,2e-05
180566,2,2e-05
230349,2,2e-05
81224,2,2e-05
160783,2,2e-05
140599,2,2e-05
180741,2,2e-05
280499,2,2e-05
100265,2,2e-05
230239,2,2e-05
270807,2,2e-05
40241,2,2e-05
220505,2,2e-05
240705,2,2e-05
30158,2,2e-05
90404,2,2e-05
100521,2,2e-05
41286,2,2e-05
128708,2,2e-05
200367,2,2e-05
211183,2,2e-05
60695,2,2e-05
270123,2,2e-05
140986,2,2e-05
310644,2,2e-05
180778,2,2e-05
150780,2,2e-05
260191,2,2e-05
291166,2,2e-05
271175,2,2e-05
70903,2,2e-05
120138,2,2e-05
161034,2,2e-05
820802,2,2e-05
250843,2,2e-05
100857,2,2e-05
100121,2,2e-05
191266,2,2e-05
170331,2,2e-05
20843,2,2e-05
190486,2,2e-05
41091,2,2e-05
70450,2,2e-05
251019,2,2e-05
121244,2,2e-05
81065,2,2e-05
201281,2,2e-05
120603,2,2e-05
20579,2,2e-05
260702,2,2e-05
240106,2,2e-05
200385,2,2e-05
180152,2,2e-05
31139,2,2e-05
30657,2,2e-05
228925,2,2e-05
160103,2,2e-05
111256,2,2e-05
558035,2,2e-05
50930,2,2e-05
170806,2,2e-05
111079,2,2e-05
201039,2,2e-05
131214,2,2e-05
51154,2,2e-05
60219,2,2e-05
161070,2,2e-05
300108,2,2e-05
100778,2,2e-05
50217,2,2e-05
251010,2,2e-05
31298,2,2e-05
60492,2,2e-05
240790,2,2e-05
90933,2,2e-05
280233,2,2e-05
211228,2,2e-05
101195,2,2e-05
140359,2,2e-05
300973,2,2e-05
121109,2,2e-05
61012,2,2e-05
80159,2,2e-05
140760,2,2e-05
161051,2,2e-05
230112,2,2e-05
240335,2,2e-05
240991,2,2e-05
120859,2,2e-05
250939,2,2e-05
140662,2,2e-05
260538,2,2e-05
30169,2,2e-05
141097,2,2e-05
80905,2,2e-05
51060,2,2e-05
240740,2,2e-05
81112,2,2e-05
130326,2,2e-05
311141,2,2e-05
241147,2,2e-05
80632,2,2e-05
230140,2,2e-05
270580,2,2e-05
270969,2,2e-05
260418,2,2e-05
240540,2,2e-05
30925,2,2e-05
290411,2,2e-05
140675,2,2e-05
210264,2,2e-05
20318,2,2e-05
110170,2,2e-05
240351,2,2e-05
160878,2,2e-05
180388,2,2e-05
270853,2,2e-05
140508,2,2e-05
260904,2,2e-05
101242,2,2e-05
60716,2,2e-05
30596,2,2e-05
150561,2,2e-05
290968,2,2e-05
271129,2,2e-05
230769,2,2e-05
251156,2,2e-05
120693,2,2e-05
210123,2,2e-05
81053,2,2e-05
80749,2,2e-05
230753,2,2e-05
70778,2,2e-05
230790,2,2e-05
190411,2,2e-05
130928,2,2e-05
30597,2,2e-05
111141,2,2e-05
280875,2,2e-05
200449,2,2e-05
80643,2,2e-05
70935,2,2e-05
70660,2,2e-05
100674,2,2e-05
210738,2,2e-05
30147,2,2e-05
180654,2,2e-05
56740,2,2e-05
150700,2,2e-05
230405,2,2e-05
270279,2,2e-05
300845,2,2e-05
31297,2,2e-05
220852,2,2e-05
250707,2,2e-05
589098,2,2e-05
130254,2,2e-05
181110,2,2e-05
10853,2,2e-05
161107,2,2e-05
91137,2,2e-05
170176,2,2e-05
240438,2,2e-05
220659,2,2e-05
70459,2,2e-05
180444,2,2e-05
90915,2,2e-05
171056,2,2e-05
290118,2,2e-05
240390,2,2e-05
355523,2,2e-05
40479,2,2e-05
311259,2,2e-05
91214,2,2e-05
30193,2,2e-05
100198,2,2e-05
280351,2,2e-05
111188,2,2e-05
201212,2,2e-05
110501,2,2e-05
200938,2,2e-05
200281,2,2e-05
121101,2,2e-05
190799,2,2e-05
240287,2,2e-05
10662,2,2e-05
260449,2,2e-05
170920,2,2e-05
110691,2,2e-05
80681,2,2e-05
230899,2,2e-05
150898,2,2e-05
190575,2,2e-05
270238,2,2e-05
160404,2,2e-05
310281,2,2e-05
170777,2,2e-05
10771,2,2e-05
230491,2,2e-05
310628,2,2e-05
121089,2,2e-05
300225,2,2e-05
81025,2,2e-05
290734,2,2e-05
280983,2,2e-05
291115,2,2e-05
250398,2,2e-05
271062,2,2e-05
80478,2,2e-05
260174,2,2e-05
40680,2,2e-05
70476,2,2e-05
50242,2,2e-05
80781,2,2e-05
160990,2,2e-05
190727,2,2e-05
170961,2,2e-05
150119,2,2e-05
871209,2,2e-05
210894,2,2e-05
290134,2,2e-05
180991,2,2e-05
310550,2,2e-05
131265,2,2e-05
40267,2,2e-05
30264,2,2e-05
161295,2,2e-05
50485,2,2e-05
310543,2,2e-05
260683,2,2e-05
150999,2,2e-05
310392,2,2e-05
354965,2,2e-05
120834,2,2e-05
100952,2,2e-05
753768,2,2e-05
221070,2,2e-05
60148,2,2e-05
261034,2,2e-05
180447,2,2e-05
130231,2,2e-05
20703,2,2e-05
81101,2,2e-05
120666,2,2e-05
180860,2,2e-05
221138,2,2e-05
100711,2,2e-05
636937,2,2e-05
70994,2,2e-05
20745,2,2e-05
70539,2,2e-05
220497,2,2e-05
120985,2,2e-05
111282,2,2e-05
201109,2,2e-05
310337,2,2e-05
90794,2,2e-05
51299,2,2e-05
120822,2,2e-05
50971,2,2e-05
240548,2,2e-05
260556,2,2e-05
250205,2,2e-05
260602,2,2e-05
121277,2,2e-05
120895,2,2e-05
30359,2,2e-05
81243,2,2e-05
230256,2,2e-05
20709,2,2e-05
301258,2,2e-05
251238,2,2e-05
170324,2,2e-05
280660,2,2e-05
968249,2,2e-05
90552,2,2e-05
50354,2,2e-05
220265,2,2e-05
200613,2,2e-05
687878,2,2e-05
120305,2,2e-05
160422,2,2e-05
201291,2,2e-05
130776,2,2e-05
61249,2,2e-05
210464,2,2e-05
180749,2,2e-05
355859,2,2e-05
80415,2,2e-05
60801,2,2e-05
200380,2,2e-05
171115,2,2e-05
151102,2,2e-05
201228,2,2e-05
80356,2,2e-05
231256,2,2e-05
290669,2,2e-05
310355,2,2e-05
846215,2,2e-05
10682,2,2e-05
190565,2,2e-05
151281,2,2e-05
220600,2,2e-05
160279,2,2e-05
220928,2,2e-05
80387,2,2e-05
10978,2,2e-05
150657,2,2e-05
210347,2,2e-05
90946,2,2e-05
121012,2,2e-05
270829,2,2e-05
817591,2,2e-05
291206,2,2e-05
150864,2,2e-05
301180,2,2e-05
80859,2,2e-05
70603,2,2e-05
280330,2,2e-05
170496,2,2e-05
281040,2,2e-05
130539,2,2e-05
230169,2,2e-05
90304,2,2e-05
70101,2,2e-05
210311,2,2e-05
310459,2,2e-05
310991,2,2e-05
10867,2,2e-05
60405,2,2e-05
70981,2,2e-05
160112,2,2e-05
150268,2,2e-05
120656,2,2e-05
260239,2,2e-05
150404,2,2e-05
230887,2,2e-05
31290,2,2e-05
30143,2,2e-05
140106,2,2e-05
120856,2,2e-05
140278,2,2e-05
60860,2,2e-05
10230,2,2e-05
290111,2,2e-05
241281,2,2e-05
100614,2,2e-05
827588,2,2e-05
250813,2,2e-05
170819,2,2e-05
151195,2,2e-05
171279,2,2e-05
161160,2,2e-05
171210,2,2e-05
290724,2,2e-05
10251,2,2e-05
140551,2,2e-05
20692,2,2e-05
90298,2,2e-05
291095,2,2e-05
140191,2,2e-05
270119,2,2e-05
110613,2,2e-05
200196,2,2e-05
346679,2,2e-05
210410,2,2e-05
310982,2,2e-05
210499,2,2e-05
220335,2,2e-05
210402,2,2e-05
120353,2,2e-05
21026,2,2e-05
200554,2,2e-05
220435,2,2e-05
30695,2,2e-05
150652,2,2e-05
60969,2,2e-05
280245,2,2e-05
90391,2,2e-05
240271,2,2e-05
120560,2,2e-05
30124,2,2e-05
160641,2,2e-05
181240,2,2e-05
110491,2,2e-05
290845,2,2e-05
71011,2,2e-05
121052,2,2e-05
140438,2,2e-05
260137,2,2e-05
210657,2,2e-05
270154,2,2e-05
240513,2,2e-05
120815,2,2e-05
90589,2,2e-05
110408,2,2e-05
540024,2,2e-05
210392,2,2e-05
180571,2,2e-05
91049,2,2e-05
130324,2,2e-05
210449,2,2e-05
280790,2,2e-05
300655,2,2e-05
300182,2,2e-05
80559,2,2e-05
300708,2,2e-05
181171,2,2e-05
60323,2,2e-05
300374,2,2e-05
10716,2,2e-05
230117,2,2e-05
251112,2,2e-05
240448,2,2e-05
110513,2,2e-05
171178,2,2e-05
60235,2,2e-05
80481,2,2e-05
51148,2,2e-05
220445,2,2e-05
141037,2,2e-05
220733,2,2e-05
270204,2,2e-05
201191,2,2e-05
100655,2,2e-05
51254,2,2e-05
151167,2,2e-05
300423,2,2e-05
271076,2,2e-05
100429,2,2e-05
211118,2,2e-05
170799,2,2e-05
10446,2,2e-05
190229,2,2e-05
190550,2,2e-05
11288,2,2e-05
70419,2,2e-05
40611,2,2e-05
130387,2,2e-05
250131,2,2e-05
101079,2,2e-05
101065,2,2e-05
240161,2,2e-05
211124,2,2e-05
200910,2,2e-05
180848,2,2e-05
110591,2,2e-05
281025,2,2e-05
310855,2,2e-05
160568,2,2e-05
60729,2,2e-05
170257,2,2e-05
121040,2,2e-05
141114,2,2e-05
210255,2,2e-05
10735,2,2e-05
250433,2,2e-05
140969,2,2e-05
140684,2,2e-05
181199,2,2e-05
220680,2,2e-05
636773,2,2e-05
30728,2,2e-05
131053,2,2e-05
241076,2,2e-05
50690,2,2e-05
70231,2,2e-05
80150,2,2e-05
220773,2,2e-05
61216,2,2e-05
10509,2,2e-05
210409,2,2e-05
130823,2,2e-05
440329,2,2e-05
110908,2,2e-05
180591,2,2e-05
160928,2,2e-05
230807,2,2e-05
170443,2,2e-05
120713,2,2e-05
30502,2,2e-05
130283,2,2e-05
190894,2,2e-05
955012,2,2e-05
80168,2,2e-05
50478,2,2e-05
131040,2,2e-05
241036,2,2e-05
240914,2,2e-05
80496,2,2e-05
50588,2,2e-05
80554,2,2e-05
170175,2,2e-05
21243,2,2e-05
40881,2,2e-05
50369,2,2e-05
40202,2,2e-05
160555,2,2e-05
120293,2,2e-05
290978,2,2e-05
211117,2,2e-05
130555,2,2e-05
120127,2,2e-05
301075,2,2e-05
310483,2,2e-05
290827,2,2e-05
180435,2,2e-05
70805,2,2e-05
31034,2,2e-05
120166,2,2e-05
260898,2,2e-05
200811,2,2e-05
200783,2,2e-05
230746,2,2e-05
310423,2,2e-05
30438,2,2e-05
61256,2,2e-05
436920,2,2e-05
120285,2,2e-05
90296,2,2e-05
41207,2,2e-05
70990,2,2e-05
100564,2,2e-05
200114,2,2e-05
241244,2,2e-05
61016,2,2e-05
120115,2,2e-05
357050,2,2e-05
290500,2,2e-05
200549,2,2e-05
270736,2,2e-05
270619,2,2e-05
311014,2,2e-05
50279,2,2e-05
291190,2,2e-05
90770,2,2e-05
70959,2,2e-05
280449,2,2e-05
60734,2,2e-05
780940,2,2e-05
11139,2,2e-05
290397,2,2e-05
21167,2,2e-05
80919,2,2e-05
101282,2,2e-05
41244,2,2e-05
150172,2,2e-05
652004,2,2e-05
11216,2,2e-05
240388,2,2e-05
290348,2,2e-05
200343,2,2e-05
70485,2,2e-05
131193,2,2e-05
260732,2,2e-05
130203,2,2e-05
201033,2,2e-05
30155,2,2e-05
290148,2,2e-05
995012,2,2e-05
40403,2,2e-05
161013,2,2e-05
80775,2,2e-05
110143,2,2e-05
70715,2,2e-05
100591,2,2e-05
80927,2,2e-05
130724,2,2e-05
190102,2,2e-05
60368,2,2e-05
80180,2,2e-05
50804,2,2e-05
291292,2,2e-05
161152,2,2e-05
261106,2,2e-05
150450,2,2e-05
41202,2,2e-05
120876,2,2e-05
90313,2,2e-05
170232,2,2e-05
281171,2,2e-05
250153,2,2e-05
60306,2,2e-05
100783,2,2e-05
81055,2,2e-05
11270,2,2e-05
140650,2,2e-05
230309,2,2e-05
260437,2,2e-05
130679,2,2e-05
140163,2,2e-05
10200,2,2e-05
50558,2,2e-05
201260,2,2e-05
280426,2,2e-05
10665,2,2e-05
150309,2,2e-05
100775,2,2e-05
240575,2,2e-05
210720,2,2e-05
180502,2,2e-05
131291,2,2e-05
84502,2,2e-05
170115,2,2e-05
170867,2,2e-05
270901,2,2e-05
130907,2,2e-05
51190,2,2e-05
51203,2,2e-05
90136,2,2e-05
231236,2,2e-05
50910,2,2e-05
170742,2,2e-05
160210,2,2e-05
271127,2,2e-05
50208,2,2e-05
200836,2,2e-05
280816,2,2e-05
260957,2,2e-05
150670,2,2e-05
21244,2,2e-05
240436,2,2e-05
60349,2,2e-05
280367,2,2e-05
70854,2,2e-05
240311,2,2e-05
140595,2,2e-05
90253,2,2e-05
230268,2,2e-05
71161,2,2e-05
20755,2,2e-05
160150,2,2e-05
260352,2,2e-05
160458,2,2e-05
170366,2,2e-05
260750,2,2e-05
200599,2,2e-05
301115,2,2e-05
300430,2,2e-05
280535,2,2e-05
10549,2,2e-05
121200,2,2e-05
150104,2,2e-05
270561,2,2e-05
230246,2,2e-05
80565,2,2e-05
100992,2,2e-05
90357,2,2e-05
211152,2,2e-05
250236,2,2e-05
120394,2,2e-05
201237,2,2e-05
140125,2,2e-05
20272,2,2e-05
310384,2,2e-05
140364,2,2e-05
290581,2,2e-05
71167,2,2e-05
311250,2,2e-05
290409,2,2e-05
90609,2,2e-05
230481,2,2e-05
210205,2,2e-05
271074,2,2e-05
300416,2,2e-05
71191,2,2e-05
150842,2,2e-05
200897,2,2e-05
101186,2,2e-05
310367,2,2e-05
41211,2,2e-05
160152,2,2e-05
191106,2,2e-05
60666,2,2e-05
310508,2,2e-05
50997,2,2e-05
60856,2,2e-05
251286,2,2e-05
11044,2,2e-05
170731,2,2e-05
20519,2,2e-05
60490,2,2e-05
120948,2,2e-05
20311,2,2e-05
140634,2,2e-05
240998,2,2e-05
10784,2,2e-05
70727,2,2e-05
170384,2,2e-05
131289,2,2e-05
71141,2,2e-05
311033,2,2e-05
261131,2,2e-05
130134,2,2e-05
110449,2,2e-05
300103,2,2e-05
80761,2,2e-05
160947,2,2e-05
20662,2,2e-05
220194,2,2e-05
80552,2,2e-05
10331,2,2e-05
200581,2,2e-05
190274,2,2e-05
19422,2,2e-05
120147,2,2e-05
280289,2,2e-05
71182,2,2e-05
90903,2,2e-05
190642,2,2e-05
110273,2,2e-05
290834,2,2e-05
181263,2,2e-05
110965,2,2e-05
291101,2,2e-05
170119,2,2e-05
270290,2,2e-05
30731,2,2e-05
80784,2,2e-05
60270,2,2e-05
200901,2,2e-05
300510,2,2e-05
71230,2,2e-05
181177,2,2e-05
201087,2,2e-05
151036,2,2e-05
130692,2,2e-05
80262,2,2e-05
191257,2,2e-05
110103,2,2e-05
170231,2,2e-05
20382,2,2e-05
230130,2,2e-05
250653,2,2e-05
230743,2,2e-05
30192,2,2e-05
477447,2,2e-05
260212,2,2e-05
291007,2,2e-05
111260,2,2e-05
100179,2,2e-05
120809,2,2e-05
30515,2,2e-05
50699,2,2e-05
40509,2,2e-05
31234,2,2e-05
270422,2,2e-05
90191,2,2e-05
160639,2,2e-05
240642,2,2e-05
310443,2,2e-05
270738,2,2e-05
260244,2,2e-05
120347,2,2e-05
130531,2,2e-05
290158,2,2e-05
251085,2,2e-05
141149,2,2e-05
211039,2,2e-05
120728,2,2e-05
310904,2,2e-05
41086,2,2e-05
130271,2,2e-05
220269,2,2e-05
170594,2,2e-05
140890,2,2e-05
100586,2,2e-05
110771,2,2e-05
91102,2,2e-05
20831,2,2e-05
250538,2,2e-05
200563,2,2e-05
71242,2,2e-05
250664,2,2e-05
280524,2,2e-05
251262,2,2e-05
80186,2,2e-05
548790,2,2e-05
260426,2,2e-05
240278,2,2e-05
51064,2,2e-05
200349,2,2e-05
90853,2,2e-05
310797,2,2e-05
50968,2,2e-05
180759,2,2e-05
31236,2,2e-05
10307,2,2e-05
270609,2,2e-05
220741,2,2e-05
50846,2,2e-05
190551,2,2e-05
160308,2,2e-05
40653,2,2e-05
280176,2,2e-05
101288,2,2e-05
10985,2,2e-05
71005,2,2e-05
110961,2,2e-05
50323,2,2e-05
200345,2,2e-05
210712,2,2e-05
100642,2,2e-05
190108,2,2e-05
31108,2,2e-05
70819,2,2e-05
300146,2,2e-05
240561,2,2e-05
200765,2,2e-05
11188,2,2e-05
230801,2,2e-05
220864,2,2e-05
191190,2,2e-05
10137,2,2e-05
170739,2,2e-05
70425,2,2e-05
280599,2,2e-05
170982,2,2e-05
80698,2,2e-05
290347,2,2e-05
250375,2,2e-05
70414,2,2e-05
90303,2,2e-05
70835,2,2e-05
181064,2,2e-05
190848,2,2e-05
140892,2,2e-05
200283,2,2e-05
50559,2,2e-05
260663,2,2e-05
280732,2,2e-05
170705,2,2e-05
180367,2,2e-05
160130,2,2e-05
80630,2,2e-05
160642,2,2e-05
11061,2,2e-05
51220,2,2e-05
190912,2,2e-05
110526,2,2e-05
290185,2,2e-05
250195,2,2e-05
60798,2,2e-05
110784,2,2e-05
270431,2,2e-05
291262,2,2e-05
260560,2,2e-05
240877,2,2e-05
291181,2,2e-05
70339,2,2e-05
20390,2,2e-05
160940,2,2e-05
120344,2,2e-05
301179,2,2e-05
291098,2,2e-05
545363,2,2e-05
90372,2,2e-05
200279,2,2e-05
191052,2,2e-05
210508,2,2e-05
120769,2,2e-05
10496,2,2e-05
310451,2,2e-05
40323,2,2e-05
280553,2,2e-05
301139,2,2e-05
200410,2,2e-05
310497,2,2e-05
241119,2,2e-05
70869,2,2e-05
300188,2,2e-05
877383,2,2e-05
133061,2,2e-05
230254,2,2e-05
10800,2,2e-05
260797,2,2e-05
261235,2,2e-05
280856,2,2e-05
10908,2,2e-05
41051,2,2e-05
41098,2,2e-05
305233,2,2e-05
20285,2,2e-05
150465,2,2e-05
190197,2,2e-05
40766,2,2e-05
130190,2,2e-05
10769,2,2e-05
80412,2,2e-05
20208,2,2e-05
21037,2,2e-05
221024,2,2e-05
301001,2,2e-05
160336,2,2e-05
30579,2,2e-05
290516,2,2e-05
70284,2,2e-05
130605,2,2e-05
280580,2,2e-05
230829,2,2e-05
210291,2,2e-05
290499,2,2e-05
300909,2,2e-05
140757,2,2e-05
230227,2,2e-05
300770,2,2e-05
130813,2,2e-05
21242,2,2e-05
220514,2,2e-05
290326,2,2e-05
251171,2,2e-05
240562,2,2e-05
140366,2,2e-05
170204,2,2e-05
548261,2,2e-05
161227,2,2e-05
110761,2,2e-05
290772,2,2e-05
260462,2,2e-05
220862,2,2e-05
200508,2,2e-05
170915,2,2e-05
30350,2,2e-05
190259,2,2e-05
140633,2,2e-05
20420,2,2e-05
91180,2,2e-05
261071,2,2e-05
220927,2,2e-05
240202,2,2e-05
170448,2,2e-05
160516,2,2e-05
896991,2,2e-05
100813,2,2e-05
190535,2,2e-05
110980,2,2e-05
201028,2,2e-05
140485,2,2e-05
921832,2,2e-05
190654,2,2e-05
120971,2,2e-05
80480,2,2e-05
210362,2,2e-05
311006,2,2e-05
201019,2,2e-05
110429,2,2e-05
230764,2,2e-05
261218,2,2e-05
191073,2,2e-05
120223,2,2e-05
110912,2,2e-05
80742,2,2e-05
50453,2,2e-05
160984,2,2e-05
181210,2,2e-05
220817,2,2e-05
40307,2,2e-05
120817,2,2e-05
160314,2,2e-05
120943,2,2e-05
100515,2,2e-05
30178,2,2e-05
100692,2,2e-05
200162,2,2e-05
280604,2,2e-05
70586,2,2e-05
220685,2,2e-05
130887,2,2e-05
200477,2,2e-05
300438,2,2e-05
150296,2,2e-05
71075,2,2e-05
281276,2,2e-05
20882,2,2e-05
200539,2,2e-05
250381,2,2e-05
280141,2,2e-05
50248,2,2e-05
180831,2,2e-05
121145,2,2e-05
150280,2,2e-05
191184,2,2e-05
271269,2,2e-05
160743,2,2e-05
160934,2,2e-05
180660,2,2e-05
100579,2,2e-05
210198,2,2e-05
211175,2,2e-05
10426,2,2e-05
301270,2,2e-05
310732,2,2e-05
220145,2,2e-05
240977,2,2e-05
200925,2,2e-05
70146,2,2e-05
260703,2,2e-05
90888,2,2e-05
290692,2,2e-05
100157,2,2e-05
90478,2,2e-05
130415,2,2e-05
291077,2,2e-05
90975,2,2e-05
100189,2,2e-05
120687,2,2e-05
151182,2,2e-05
40621,2,2e-05
140240,2,2e-05
30422,2,2e-05
726039,2,2e-05
61114,2,2e-05
121133,2,2e-05
40748,2,2e-05
180235,2,2e-05
91022,2,2e-05
160462,2,2e-05
130640,2,2e-05
902088,2,2e-05
111215,2,2e-05
170567,2,2e-05
260928,2,2e-05
280512,2,2e-05
10443,2,2e-05
160584,2,2e-05
80322,2,2e-05
290312,2,2e-05
150939,2,2e-05
261144,2,2e-05
170684,2,2e-05
40142,2,2e-05
70181,2,2e-05
210128,2,2e-05
181193,2,2e-05
290396,2,2e-05
120576,2,2e-05
240566,2,2e-05
300454,2,2e-05
120390,2,2e-05
210432,2,2e-05
21248,2,2e-05
31137,2,2e-05
300488,2,2e-05
270761,2,2e-05
210943,2,2e-05
210203,2,2e-05
180279,2,2e-05
270648,2,2e-05
310336,2,2e-05
311244,2,2e-05
20956,2,2e-05
230692,2,2e-05
20910,2,2e-05
150992,2,2e-05
171109,2,2e-05
250985,2,2e-05
140648,2,2e-05
110324,2,2e-05
120847,2,2e-05
101122,2,2e-05
300300,2,2e-05
160521,2,2e-05
41266,2,2e-05
30646,2,2e-05
210266,2,2e-05
40123,2,2e-05
240105,2,2e-05
151233,2,2e-05
60870,2,2e-05
210799,2,2e-05
300534,2,2e-05
250298,2,2e-05
150980,2,2e-05
270210,2,2e-05
300157,2,2e-05
190794,2,2e-05
301070,2,2e-05
270624,2,2e-05
90602,2,2e-05
270126,2,2e-05
170872,2,2e-05
120707,2,2e-05
160202,2,2e-05
280555,2,2e-05
311016,2,2e-05
120258,2,2e-05
170744,2,2e-05
111287,2,2e-05
310381,2,2e-05
271100,2,2e-05
41269,2,2e-05
10499,2,2e-05
240736,2,2e-05
161086,2,2e-05
270374,2,2e-05
21194,2,2e-05
10841,2,2e-05
30460,2,2e-05
300179,2,2e-05
150495,2,2e-05
51283,2,2e-05
20350,2,2e-05
310473,2,2e-05
311236,2,2e-05
191244,2,2e-05
130391,2,2e-05
220729,2,2e-05
140751,2,2e-05
200733,2,2e-05
220611,2,2e-05
160714,2,2e-05
201060,2,2e-05
20426,2,2e-05
31219,2,2e-05
170262,2,2e-05
230925,2,2e-05
281165,2,2e-05
300908,2,2e-05
844916,2,2e-05
281047,2,2e-05
170756,2,2e-05
100652,2,2e-05
200298,2,2e-05
70920,2,2e-05
200743,2,2e-05
240808,2,2e-05
986812,2,2e-05
171285,2,2e-05
201111,2,2e-05
121137,2,2e-05
191124,2,2e-05
81204,2,2e-05
310239,2,2e-05
920753,2,2e-05
120597,2,2e-05
260320,2,2e-05
20336,2,2e-05
100832,2,2e-05
70555,2,2e-05
80507,2,2e-05
140165,2,2e-05
140492,2,2e-05
20428,2,2e-05
120177,2,2e-05
241019,2,2e-05
150531,2,2e-05
50417,2,2e-05
100942,2,2e-05
250523,2,2e-05
120888,2,2e-05
280567,2,2e-05
300869,2,2e-05
250211,2,2e-05
291210,2,2e-05
121282,2,2e-05
300548,2,2e-05
90331,2,2e-05
170685,2,2e-05
100130,2,2e-05
180730,2,2e-05
20142,2,2e-05
30369,2,2e-05
220740,2,2e-05
130221,2,2e-05
181229,2,2e-05
281257,2,2e-05
70104,2,2e-05
40862,2,2e-05
261287,2,2e-05
290103,2,2e-05
40458,2,2e-05
40953,2,2e-05
100304,2,2e-05
230898,2,2e-05
310653,2,2e-05
220772,2,2e-05
40879,2,2e-05
30313,2,2e-05
230192,2,2e-05
100986,2,2e-05
310648,2,2e-05
786966,2,2e-05
170659,2,2e-05
11296,2,2e-05
70810,2,2e-05
20259,2,2e-05
170619,2,2e-05
280124,2,2e-05
200251,2,2e-05
40608,2,2e-05
151287,2,2e-05
100982,2,2e-05
180394,2,2e-05
100801,2,2e-05
160280,2,2e-05
220146,2,2e-05
50338,2,2e-05
110322,2,2e-05
260894,2,2e-05
200885,2,2e-05
201022,2,2e-05
50626,2,2e-05
11087,2,2e-05
31233,2,2e-05
161193,2,2e-05
30737,2,2e-05
200476,2,2e-05
70984,2,2e-05
150117,2,2e-05
291145,2,2e-05
100155,2,2e-05
200522,2,2e-05
220705,2,2e-05
100785,2,2e-05
180175,2,2e-05
230271,2,2e-05
281245,2,2e-05
210363,2,2e-05
170994,2,2e-05
121153,2,2e-05
150526,2,2e-05
191044,2,2e-05
240377,2,2e-05
291137,2,2e-05
280216,2,2e-05
281273,2,2e-05
10942,2,2e-05
130158,2,2e-05
270352,2,2e-05
100411,2,2e-05
310485,2,2e-05
280482,2,2e-05
151027,2,2e-05
91208,2,2e-05
250503,2,2e-05
180973,2,2e-05
110532,2,2e-05
230469,2,2e-05
310406,2,2e-05
310707,2,2e-05
60523,2,2e-05
180892,2,2e-05
60177,2,2e-05
280818,2,2e-05
20947,2,2e-05
130916,2,2e-05
210323,2,2e-05
141231,2,2e-05
120546,2,2e-05
200108,2,2e-05
90791,2,2e-05
80805,2,2e-05
50158,2,2e-05
300303,2,2e-05
141263,2,2e-05
211245,2,2e-05
716443,2,2e-05
280251,2,2e-05
210260,2,2e-05
200967,2,2e-05
190302,2,2e-05
210786,2,2e-05
201100,2,2e-05
21182,2,2e-05
110285,2,2e-05
240950,2,2e-05
71074,2,2e-05
50793,2,2e-05
91134,2,2e-05
20470,2,2e-05
140948,2,2e-05
50706,2,2e-05
281240,2,2e-05
40295,2,2e-05
80410,2,2e-05
120280,2,2e-05
30373,2,2e-05
50712,2,2e-05
41287,2,2e-05
641279,2,2e-05
170397,2,2e-05
230657,2,2e-05
90680,2,2e-05
280374,2,2e-05
270130,2,2e-05
70494,2,2e-05
280568,2,2e-05
171241,2,2e-05
120646,2,2e-05
100473,2,2e-05
141127,2,2e-05
310302,2,2e-05
140636,2,2e-05
734375,2,2e-05
280393,2,2e-05
60203,2,2e-05
310170,2,2e-05
140188,2,2e-05
101127,2,2e-05
261204,2,2e-05
260589,2,2e-05
170745,2,2e-05
10288,2,2e-05
250554,2,2e-05
150959,2,2e-05
270930,2,2e-05
70941,2,2e-05
260988,2,2e-05
100819,2,2e-05
61050,2,2e-05
21180,2,2e-05
240776,2,2e-05
121091,2,2e-05
70408,2,2e-05
10374,2,2e-05
150228,2,2e-05
110300,2,2e-05
100723,2,2e-05
60461,2,2e-05
290359,2,2e-05
20330,2,2e-05
857222,2,2e-05
20328,2,2e-05
983235,2,2e-05
50902,2,2e-05
200936,2,2e-05
121276,2,2e-05
151235,2,2e-05
20555,2,2e-05
50215,2,2e-05
190900,2,2e-05
190483,2,2e-05
40502,2,2e-05
10309,2,2e-05
120498,2,2e-05
240608,2,2e-05
565541,2,2e-05
210540,2,2e-05
260643,2,2e-05
250351,2,2e-05
20465,2,2e-05
310915,2,2e-05
70393,2,2e-05
271005,2,2e-05
170621,2,2e-05
180875,2,2e-05
70511,2,2e-05
310822,2,2e-05
260742,2,2e-05
280152,2,2e-05
891606,2,2e-05
30594,2,2e-05
280269,2,2e-05
30498,2,2e-05
161285,2,2e-05
111157,2,2e-05
211268,2,2e-05
250117,2,2e-05
220711,2,2e-05
31059,2,2e-05
210473,2,2e-05
90473,2,2e-05
291034,2,2e-05
50159,2,2e-05
160349,2,2e-05
20848,2,2e-05
90496,2,2e-05
70225,2,2e-05
161230,2,2e-05
90741,2,2e-05
230164,2,2e-05
110775,2,2e-05
10229,2,2e-05
893827,2,2e-05
70677,2,2e-05
80569,2,2e-05
170483,2,2e-05
160931,2,2e-05
160809,2,2e-05
300165,2,2e-05
140334,2,2e-05
291107,2,2e-05
50694,2,2e-05
110466,2,2e-05
270796,2,2e-05
190423,2,2e-05
310304,2,2e-05
80264,2,2e-05
210244,2,2e-05
260946,2,2e-05
260720,2,2e-05
310662,2,2e-05
141067,2,2e-05
120810,2,2e-05
310344,2,2e-05
161283,2,2e-05
170477,2,2e-05
240281,2,2e-05
261140,2,2e-05
160533,2,2e-05
140931,2,2e-05
230827,2,2e-05
20293,2,2e-05
270560,2,2e-05
31082,2,2e-05
190404,2,2e-05
161081,2,2e-05
180880,2,2e-05
100989,2,2e-05
270709,2,2e-05
200241,2,2e-05
260440,2,2e-05
290195,2,2e-05
160473,2,2e-05
100590,2,2e-05
120446,2,2e-05
50390,2,2e-05
310919,2,2e-05
271037,2,2e-05
210795,2,2e-05
50734,2,2e-05
240301,2,2e-05
190314,2,2e-05
180798,2,2e-05
160269,2,2e-05
140640,2,2e-05
110465,2,2e-05
90278,2,2e-05
30408,2,2e-05
110366,2,2e-05
101056,2,2e-05
300207,2,2e-05
180663,2,2e-05
71290,2,2e-05
150281,2,2e-05
230939,2,2e-05
220673,2,2e-05
240769,2,2e-05
100580,2,2e-05
130346,2,2e-05
81134,2,2e-05
151256,2,2e-05
150136,2,2e-05
130151,2,2e-05
290870,2,2e-05
161188,2,2e-05
180963,2,2e-05
150484,2,2e-05
300783,2,2e-05
41161,2,2e-05
201227,2,2e-05
281265,2,2e-05
51272,2,2e-05
150592,2,2e-05
130310,2,2e-05
130828,2,2e-05
51035,2,2e-05
180123,2,2e-05
10946,2,2e-05
271155,2,2e-05
280878,2,2e-05
270864,2,2e-05
190219,2,2e-05
30874,2,2e-05
101104,2,2e-05
91128,2,2e-05
261030,2,2e-05
200479,2,2e-05
130959,2,2e-05
20306,2,2e-05
81084,2,2e-05
210195,2,2e-05
180792,2,2e-05
81037,2,2e-05
30964,2,2e-05
81241,2,2e-05
271211,2,2e-05
16770,2,2e-05
270356,2,2e-05
70695,2,2e-05
81046,2,2e-05
140102,2,2e-05
210224,2,2e-05
70374,2,2e-05
101146,2,2e-05
180786,2,2e-05
110492,2,2e-05
300556,2,2e-05
190438,2,2e-05
170900,2,2e-05
280444,2,2e-05
50027,2,2e-05
90579,2,2e-05
151252,2,2e-05
161110,2,2e-05
50357,2,2e-05
31225,2,2e-05
80445,2,2e-05
60693,2,2e-05
10997,2,2e-05
40204,2,2e-05
271001,2,2e-05
150847,2,2e-05
200963,2,2e-05
240875,2,2e-05
310768,2,2e-05
41057,2,2e-05
271257,2,2e-05
20273,2,2e-05
140154,2,2e-05
842180,2,2e-05
180971,2,2e-05
50247,2,2e-05
50953,2,2e-05
750971,2,2e-05
271287,2,2e-05
50419,2,2e-05
220538,2,2e-05
671979,2,2e-05
90636,2,2e-05
160177,2,2e-05
200379,2,2e-05
100372,2,2e-05
60757,2,2e-05
280691,2,2e-05
201283,2,2e-05
150720,2,2e-05
90960,2,2e-05
130129,2,2e-05
31178,2,2e-05
171052,2,2e-05
200695,2,2e-05
100460,2,2e-05
521769,2,2e-05
130789,2,2e-05
648180,2,2e-05
170815,2,2e-05
280571,2,2e-05
180803,2,2e-05
300825,2,2e-05
20137,2,2e-05
310487,2,2e-05
200577,2,2e-05
161106,2,2e-05
70122,2,2e-05
200499,2,2e-05
121238,2,2e-05
60821,2,2e-05
20338,2,2e-05
70350,2,2e-05
140112,2,2e-05
81255,2,2e-05
200405,2,2e-05
61170,2,2e-05
190416,2,2e-05
41118,2,2e-05
210119,2,2e-05
160615,2,2e-05
70417,2,2e-05
170373,2,2e-05
80849,2,2e-05
291033,2,2e-05
310484,2,2e-05
160678,2,2e-05
210177,2,2e-05
30671,2,2e-05
310396,2,2e-05
744553,2,2e-05
110760,2,2e-05
80418,2,2e-05
190324,2,2e-05
281299,2,2e-05
211211,2,2e-05
240215,2,2e-05
110774,2,2e-05
180691,2,2e-05
150585,2,2e-05
220111,2,2e-05
300690,2,2e-05
20587,2,2e-05
241132,2,2e-05
160292,2,2e-05
10380,2,2e-05
20274,2,2e-05
80937,2,2e-05
110282,2,2e-05
100365,2,2e-05
61020,2,2e-05
260740,2,2e-05
81271,2,2e-05
80437,2,2e-05
170252,2,2e-05
150498,2,2e-05
200169,2,2e-05
50127,2,2e-05
101038,2,2e-05
270962,2,2e-05
241178,2,2e-05
60245,2,2e-05
60941,2,2e-05
110463,2,2e-05
300338,2,2e-05
11074,2,2e-05
260428,2,2e-05
230693,2,2e-05
240588,2,2e-05
200785,2,2e-05
291226,2,2e-05
196506,2,2e-05
250842,2,2e-05
110271,2,2e-05
170858,2,2e-05
220414,2,2e-05
70925,2,2e-05
160174,2,2e-05
151213,2,2e-05
384609,2,2e-05
60646,2,2e-05
201288,2,2e-05
180993,2,2e-05
161080,2,2e-05
40220,2,2e-05
281034,2,2e-05
181284,2,2e-05
241271,2,2e-05
80556,2,2e-05
70369,2,2e-05
10512,2,2e-05
120134,2,2e-05
60143,2,2e-05
80470,2,2e-05
10152,2,2e-05
110178,2,2e-05
110208,2,2e-05
261200,2,2e-05
60354,2,2e-05
300819,2,2e-05
50903,2,2e-05
388651,2,2e-05
91096,2,2e-05
310348,2,2e-05
260204,2,2e-05
201229,2,2e-05
121258,2,2e-05
10232,2,2e-05
270278,2,2e-05
170805,2,2e-05
190461,2,2e-05
240653,2,2e-05
50125,2,2e-05
101102,2,2e-05
231041,2,2e-05
10501,2,2e-05
200633,2,2e-05
211054,2,2e-05
71125,2,2e-05
310104,2,2e-05
654127,2,2e-05
70909,2,2e-05
70602,2,2e-05
210371,2,2e-05
210992,2,2e-05
61157,2,2e-05
160734,2,2e-05
231045,2,2e-05
140674,2,2e-05
20341,2,2e-05
30310,2,2e-05
200321,2,2e-05
280221,2,2e-05
190775,2,2e-05
231143,2,2e-05
180949,2,2e-05
290159,2,2e-05
210306,2,2e-05
190453,2,2e-05
50907,2,2e-05
20989,2,2e-05
300201,2,2e-05
221263,2,2e-05
260457,2,2e-05
141230,2,2e-05
81280,2,2e-05
310138,2,2e-05
90164,2,2e-05
61127,2,2e-05
230858,2,2e-05
130316,2,2e-05
20241,2,2e-05
281051,2,2e-05
60842,2,2e-05
30988,2,2e-05
250603,2,2e-05
281733,2,2e-05
84538,2,2e-05
271000,2,2e-05
150874,2,2e-05
190419,2,2e-05
171208,2,2e-05
260341,2,2e-05
100784,2,2e-05
260396,2,2e-05
241057,2,2e-05
90944,2,2e-05
130449,2,2e-05
310715,2,2e-05
31228,2,2e-05
130530,2,2e-05
10725,2,2e-05
70150,2,2e-05
210452,2,2e-05
20111,2,2e-05
70455,2,2e-05
261231,2,2e-05
210856,2,2e-05
220110,2,2e-05
211056,2,2e-05
160581,2,2e-05
291003,2,2e-05
81067,2,2e-05
110204,2,2e-05
111016,2,2e-05
100894,2,2e-05
230142,2,2e-05
434409,2,2e-05
344213,2,2e-05
230499,2,2e-05
90219,2,2e-05
200293,2,2e-05
21028,2,2e-05
110809,2,2e-05
210400,2,2e-05
290288,2,2e-05
10761,2,2e-05
10544,2,2e-05
240268,2,2e-05
190321,2,2e-05
180790,2,2e-05
200470,2,2e-05
91247,2,2e-05
100295,2,2e-05
150765,2,2e-05
210378,2,2e-05
241171,2,2e-05
101096,2,2e-05
60154,2,2e-05
290221,2,2e-05
240449,2,2e-05
100671,2,2e-05
250590,2,2e-05
241105,2,2e-05
50131,2,2e-05
110505,2,2e-05
220598,2,2e-05
121203,2,2e-05
141068,2,2e-05
210593,2,2e-05
90686,2,2e-05
121113,2,2e-05
250320,2,2e-05
60389,2,2e-05
120114,2,2e-05
220610,2,2e-05
231250,2,2e-05
211254,2,2e-05
290104,2,2e-05
250856,2,2e-05
240130,2,2e-05
31018,2,2e-05
190287,2,2e-05
141197,2,2e-05
300875,2,2e-05
90860,2,2e-05
111279,2,2e-05
88813,2,2e-05
20173,2,2e-05
100754,2,2e-05
230669,2,2e-05
120575,2,2e-05
10629,2,2e-05
201271,2,2e-05
231241,2,2e-05
120843,2,2e-05
10366,2,2e-05
90153,2,2e-05
260472,2,2e-05
120644,2,2e-05
200424,2,2e-05
130287,2,2e-05
60807,2,2e-05
230608,2,2e-05
220448,2,2e-05
239800,2,2e-05
140912,2,2e-05
250972,2,2e-05
190682,2,2e-05
210169,2,2e-05
51229,2,2e-05
260193,2,2e-05
280461,2,2e-05
60565,2,2e-05
121231,2,2e-05
101252,2,2e-05
40726,2,2e-05
141185,2,2e-05
240953,2,2e-05
40376,2,2e-05
101223,2,2e-05
250696,2,2e-05
240277,2,2e-05
250723,2,2e-05
160795,2,2e-05
170577,2,2e-05
221122,2,2e-05
60484,2,2e-05
30504,2,2e-05
300644,2,2e-05
180270,2,2e-05
11077,2,2e-05
220871,2,2e-05
30473,2,2e-05
190760,2,2e-05
141260,2,2e-05
70817,2,2e-05
21063,2,2e-05
80917,2,2e-05
240853,2,2e-05
191118,2,2e-05
101162,2,2e-05
301017,2,2e-05
231268,2,2e-05
10156,2,2e-05
230733,2,2e-05
70937,2,2e-05
80945,2,2e-05
220275,2,2e-05
20194,2,2e-05
150545,2,2e-05
201279,2,2e-05
260578,2,2e-05
190880,2,2e-05
90662,2,2e-05
290895,2,2e-05
181298,2,2e-05
70711,2,2e-05
270513,2,2e-05
190651,2,2e-05
210220,2,2e-05
140405,2,2e-05
310959,2,2e-05
160467,2,2e-05
755966,2,2e-05
230834,2,2e-05
151138,2,2e-05
50955,2,2e-05
231214,2,2e-05
190202,2,2e-05
91184,2,2e-05
301250,2,2e-05
311114,2,2e-05
130974,2,2e-05
21000,2,2e-05
280558,2,2e-05
241292,2,2e-05
271103,2,2e-05
290472,2,2e-05
281011,2,2e-05
190110,2,2e-05
120675,2,2e-05
130548,2,2e-05
191241,2,2e-05
220841,2,2e-05
171014,2,2e-05
10277,2,2e-05
270401,2,2e-05
191180,2,2e-05
170699,2,2e-05
221128,2,2e-05
270136,2,2e-05
110849,2,2e-05
65054,2,2e-05
250779,2,2e-05
40678,2,2e-05
281187,2,2e-05
311084,2,2e-05
71127,2,2e-05
60353,2,2e-05
250362,2,2e-05
190525,2,2e-05
120236,2,2e-05
585582,2,2e-05
170721,2,2e-05
90512,2,2e-05
171198,2,2e-05
301274,2,2e-05
230486,2,2e-05
120214,2,2e-05
170429,2,2e-05
70513,2,2e-05
110653,2,2e-05
290613,2,2e-05
40256,2,2e-05
200464,2,2e-05
310404,2,2e-05
180542,2,2e-05
160392,2,2e-05
260588,2,2e-05
130109,2,2e-05
70306,2,2e-05
180959,2,2e-05
101244,2,2e-05
130285,2,2e-05
61120,2,2e-05
90310,2,2e-05
251007,2,2e-05
140823,2,2e-05
280923,2,2e-05
856308,2,2e-05
31188,2,2e-05
80889,2,2e-05
711529,2,2e-05
30986,2,2e-05
90344,2,2e-05
51280,2,2e-05
451196,2,2e-05
70297,2,2e-05
140196,2,2e-05
240302,2,2e-05
91299,2,2e-05
140895,2,2e-05
240607,2,2e-05
30789,2,2e-05
121092,2,2e-05
559488,2,2e-05
20629,2,2e-05
90170,2,2e-05
280249,2,2e-05
20143,2,2e-05
281298,2,2e-05
200402,2,2e-05
241190,2,2e-05
300313,2,2e-05
300102,2,2e-05
71209,2,2e-05
300867,2,2e-05
60216,2,2e-05
110951,2,2e-05
191210,2,2e-05
140877,2,2e-05
190914,2,2e-05
167241,2,2e-05
140392,2,2e-05
190406,2,2e-05
180621,2,2e-05
180632,2,2e-05
60888,2,2e-05
170238,2,2e-05
80442,2,2e-05
41093,2,2e-05
120321,2,2e-05
10661,2,2e-05
221252,2,2e-05
51056,2,2e-05
311197,2,2e-05
220678,2,2e-05
270583,2,2e-05
70577,2,2e-05
201122,2,2e-05
270921,2,2e-05
160494,2,2e-05
310871,2,2e-05
110816,2,2e-05
50441,2,2e-05
170755,2,2e-05
50200,2,2e-05
201043,2,2e-05
280941,2,2e-05
11162,2,2e-05
140755,2,2e-05
260633,2,2e-05
140479,2,2e-05
240956,2,2e-05
190455,2,2e-05
110268,2,2e-05
220702,2,2e-05
130751,2,2e-05
240171,2,2e-05
300934,2,2e-05
30530,2,2e-05
240753,2,2e-05
90288,2,2e-05
210901,2,2e-05
190553,2,2e-05
70929,2,2e-05
121146,2,2e-05
260674,2,2e-05
191223,2,2e-05
10524,2,2e-05
91110,2,2e-05
230813,2,2e-05
110218,2,2e-05
300629,2,2e-05
80984,2,2e-05
170171,2,2e-05
130160,2,2e-05
30543,2,2e-05
290763,2,2e-05
160775,2,2e-05
61005,2,2e-05
61078,2,2e-05
120704,2,2e-05
260706,2,2e-05
392098,2,2e-05
260217,2,2e-05
311047,2,2e-05
190861,2,2e-05
90185,2,2e-05
30329,2,2e-05
80316,2,2e-05
20680,2,2e-05
290142,2,2e-05
250461,2,2e-05
10999,2,2e-05
141001,2,2e-05
120492,2,2e-05
11073,2,2e-05
50289,2,2e-05
240883,2,2e-05
10913,2,2e-05
117859,2,2e-05
110186,2,2e-05
306164,2,2e-05
190175,2,2e-05
180558,2,2e-05
180427,2,2e-05
290105,2,2e-05
250749,2,2e-05
80720,2,2e-05
81256,2,2e-05
190138,2,2e-05
160813,2,2e-05
20688,2,2e-05
201137,2,2e-05
170460,2,2e-05
200886,2,2e-05
171093,2,2e-05
80752,2,2e-05
190825,2,2e-05
11237,2,2e-05
200801,2,2e-05
130410,2,2e-05
160526,2,2e-05
71203,2,2e-05
141081,2,2e-05
90506,2,2e-05
50732,2,2e-05
140123,2,2e-05
80613,2,2e-05
130106,2,2e-05
200918,2,2e-05
291035,2,2e-05
130710,2,2e-05
261298,2,2e-05
270981,2,2e-05
180545,2,2e-05
488037,2,2e-05
90612,2,2e-05
70965,2,2e-05
220917,2,2e-05
291156,2,2e-05
172767,2,2e-05
280987,2,2e-05
140836,2,2e-05
290954,2,2e-05
190596,2,2e-05
173218,2,2e-05
150250,2,2e-05
70148,2,2e-05
40331,2,2e-05
311193,2,2e-05
221028,2,2e-05
60211,2,2e-05
10573,2,2e-05
239720,2,2e-05
130572,2,2e-05
100116,2,2e-05
70853,2,2e-05
141057,2,2e-05
300242,2,2e-05
270286,2,2e-05
101153,2,2e-05
301294,2,2e-05
230382,2,2e-05
11269,2,2e-05
210246,2,2e-05
150148,2,2e-05
130979,2,2e-05
70155,2,2e-05
201152,2,2e-05
290833,2,2e-05
200773,2,2e-05
50405,2,2e-05
51248,2,2e-05
130362,2,2e-05
271147,2,2e-05
170278,2,2e-05
81033,2,2e-05
110684,2,2e-05
31072,2,2e-05
180655,2,2e-05
150956,2,2e-05
121290,2,2e-05
291041,2,2e-05
170417,2,2e-05
50253,2,2e-05
120493,2,2e-05
141147,2,2e-05
310661,2,2e-05
250643,2,2e-05
140210,2,2e-05
250305,2,2e-05
270542,2,2e-05
200702,2,2e-05
220700,2,2e-05
181076,2,2e-05
120994,2,2e-05
20106,2,2e-05
250191,2,2e-05
170174,2,2e-05
40640,2,2e-05
355535,2,2e-05
140803,2,2e-05
141089,2,2e-05
21207,2,2e-05
200709,2,2e-05
40185,2,2e-05
40989,2,2e-05
110469,2,2e-05
240517,2,2e-05
201278,2,2e-05
170139,2,2e-05
60901,2,2e-05
20150,2,2e-05
593161,2,2e-05
161255,2,2e-05
310163,2,2e-05
60656,2,2e-05
100459,2,2e-05
280777,2,2e-05
160153,2,2e-05
80808,2,2e-05
100418,2,2e-05
40833,2,2e-05
148619,2,2e-05
170945,2,2e-05
150882,2,2e-05
250946,2,2e-05
10935,2,2e-05
60465,2,2e-05
140841,2,2e-05
40674,2,2e-05
261122,2,2e-05
30235,2,2e-05
311213,2,2e-05
270189,2,2e-05
160402,2,2e-05
230144,2,2e-05
111107,2,2e-05
180977,2,2e-05
230197,2,2e-05
171268,2,2e-05
30393,2,2e-05
30539,2,2e-05
220805,2,2e-05
51104,2,2e-05
150806,2,2e-05
170296,2,2e-05
190333,2,2e-05
60715,2,2e-05
250217,2,2e-05
31176,2,2e-05
271069,2,2e-05
261051,2,2e-05
31127,2,2e-05
220976,2,2e-05
51193,2,2e-05
80375,2,2e-05
170643,2,2e-05
241116,2,2e-05
231067,2,2e-05
180907,2,2e-05
180284,2,2e-05
80888,2,2e-05
271200,2,2e-05
80486,2,2e-05
311025,2,2e-05
270375,2,2e-05
261029,2,2e-05
30499,2,2e-05
271133,2,2e-05
81173,2,2e-05
250566,2,2e-05
240225,2,2e-05
10489,2,2e-05
290708,2,2e-05
11141,2,2e-05
280728,2,2e-05
290190,2,2e-05
110638,2,2e-05
291272,2,2e-05
240861,2,2e-05
170784,2,2e-05
101190,2,2e-05
170874,2,2e-05
130848,2,2e-05
61143,2,2e-05
170886,2,2e-05
10505,2,2e-05
120154,2,2e-05
10915,2,2e-05
170746,2,2e-05
220252,2,2e-05
271101,2,2e-05
30237,2,2e-05
140637,2,2e-05
271077,2,2e-05
120216,2,2e-05
80655,2,2e-05
210723,2,2e-05
281048,2,2e-05
324862,2,2e-05
250293,2,2e-05
30450,2,2e-05
270162,2,2e-05
300305,2,2e-05
150179,2,2e-05
280370,2,2e-05
70644,2,2e-05
261032,2,2e-05
160681,2,2e-05
81030,2,2e-05
130685,2,2e-05
300509,2,2e-05
240703,2,2e-05
270641,2,2e-05
30787,2,2e-05
41243,2,2e-05
111060,2,2e-05
100194,2,2e-05
160676,2,2e-05
290370,2,2e-05
130385,2,2e-05
140861,2,2e-05
180745,2,2e-05
60384,2,2e-05
270240,2,2e-05
81171,2,2e-05
101263,2,2e-05
70311,2,2e-05
270259,2,2e-05
170865,2,2e-05
220800,2,2e-05
240635,2,2e-05
240468,2,2e-05
280463,2,2e-05
20213,2,2e-05
241024,2,2e-05
220903,2,2e-05
290544,2,2e-05
220408,2,2e-05
190925,2,2e-05
171132,2,2e-05
310116,2,2e-05
60943,2,2e-05
210777,2,2e-05
160892,2,2e-05
241208,2,2e-05
20968,2,2e-05
91200,2,2e-05
250825,2,2e-05
310848,2,2e-05
150130,2,2e-05
251107,2,2e-05
30919,2,2e-05
140429,2,2e-05
280778,2,2e-05
221230,2,2e-05
50891,2,2e-05
180339,2,2e-05
90955,2,2e-05
20833,2,2e-05
91129,2,2e-05
250425,2,2e-05
280109,2,2e-05
161180,2,2e-05
140813,2,2e-05
221180,2,2e-05
90259,2,2e-05
40759,2,2e-05
160994,2,2e-05
130687,2,2e-05
51095,2,2e-05
310636,2,2e-05
210296,2,2e-05
230916,2,2e-05
50309,2,2e-05
280234,2,2e-05
20154,2,2e-05
20466,2,2e-05
120411,2,2e-05
250680,2,2e-05
200823,2,2e-05
60754,2,2e-05
40657,2,2e-05
10968,2,2e-05
101276,2,2e-05
250156,2,2e-05
230336,2,2e-05
90784,2,2e-05
210937,2,2e-05
110118,2,2e-05
240874,2,2e-05
30807,2,2e-05
743315,2,2e-05
180503,2,2e-05
300891,2,2e-05
70820,2,2e-05
100479,2,2e-05
120521,2,2e-05
100979,2,2e-05
301247,2,2e-05
90250,2,2e-05
300824,2,2e-05
300547,2,2e-05
281288,2,2e-05
200290,2,2e-05
90913,2,2e-05
80601,2,2e-05
220117,2,2e-05
150614,2,2e-05
90949,2,2e-05
190295,2,2e-05
30992,2,2e-05
130620,2,2e-05
250319,2,2e-05
170254,2,2e-05
11078,2,2e-05
250748,2,2e-05
230996,2,2e-05
91195,2,2e-05
181247,2,2e-05
240484,2,2e-05
50109,2,2e-05
150222,2,2e-05
301129,2,2e-05
50470,2,2e-05
231114,2,2e-05
250720,2,2e-05
270586,2,2e-05
290962,2,2e-05
121081,2,2e-05
80714,2,2e-05
310934,2,2e-05
230266,2,2e-05
120609,2,2e-05
150378,2,2e-05
181143,2,2e-05
280271,2,2e-05
190382,2,2e-05
280257,2,2e-05
180652,2,2e-05
170771,2,2e-05
141274,2,2e-05
61058,2,2e-05
91023,2,2e-05
250880,2,2e-05
200775,2,2e-05
141103,2,2e-05
291268,2,2e-05
181042,2,2e-05
200383,2,2e-05
270897,2,2e-05
609673,2,2e-05
170701,2,2e-05
50617,2,2e-05
160752,2,2e-05
310643,2,2e-05
280944,2,2e-05
110631,2,2e-05
270716,2,2e-05
210211,2,2e-05
300898,2,2e-05
190777,2,2e-05
220504,2,2e-05
80131,2,2e-05
190822,2,2e-05
290182,2,2e-05
50340,2,2e-05
251208,2,2e-05
90453,2,2e-05
230375,2,2e-05
241262,2,2e-05
61268,2,2e-05
30223,2,2e-05
10470,2,2e-05
211242,2,2e-05
290722,2,2e-05
30278,2,2e-05
61037,2,2e-05
190930,2,2e-05
240757,2,2e-05
40363,2,2e-05
231158,2,2e-05
200895,2,2e-05
240150,2,2e-05
141288,2,2e-05
150837,2,2e-05
51124,2,2e-05
100757,2,2e-05
150362,2,2e-05
160388,2,2e-05
90325,2,2e-05
270322,2,2e-05
10932,2,2e-05
20159,2,2e-05
270997,2,2e-05
351104,2,2e-05
100804,2,2e-05
90870,2,2e-05
270674,2,2e-05
426651,2,2e-05
111266,2,2e-05
30627,2,2e-05
80323,2,2e-05
80448,2,2e-05
10389,2,2e-05
231116,2,2e-05
290927,2,2e-05
100851,2,2e-05
301173,2,2e-05
201275,2,2e-05
300183,2,2e-05
367187,2,2e-05
230686,2,2e-05
260932,2,2e-05
31276,2,2e-05
300964,2,2e-05
813267,2,2e-05
300363,2,2e-05
344738,2,2e-05
150651,2,2e-05
90619,2,2e-05
20759,2,2e-05
250944,2,2e-05
30698,2,2e-05
281212,2,2e-05
200772,2,2e-05
291255,2,2e-05
11164,2,2e-05
210841,2,2e-05
240873,2,2e-05
20491,2,2e-05
30472,2,2e-05
131262,2,2e-05
70587,2,2e-05
170408,2,2e-05
90991,2,2e-05
20114,2,2e-05
261069,2,2e-05
180221,2,2e-05
110625,2,2e-05
230331,2,2e-05
141046,2,2e-05
241202,2,2e-05
51075,2,2e-05
71236,2,2e-05
160870,2,2e-05
130988,2,2e-05
200483,2,2e-05
290198,2,2e-05
90242,2,2e-05
160261,2,2e-05
50667,2,2e-05
90642,2,2e-05
70368,2,2e-05
130651,2,2e-05
80718,2,2e-05
70579,2,2e-05
40330,2,2e-05
10299,2,2e-05
140726,2,2e-05
151024,2,2e-05
220676,2,2e-05
261083,2,2e-05
190114,2,2e-05
210874,2,2e-05
210674,2,2e-05
120717,2,2e-05
70831,2,2e-05
50765,2,2e-05
60511,2,2e-05
170306,2,2e-05
250912,2,2e-05
91290,2,2e-05
150868,2,2e-05
160382,2,2e-05
757499,2,2e-05
250267,2,2e-05
51053,2,2e-05
280950,2,2e-05
60196,2,2e-05
280829,2,2e-05
10317,2,2e-05
280213,2,2e-05
180153,2,2e-05
80536,2,2e-05
140348,2,2e-05
280129,2,2e-05
20483,2,2e-05
200230,2,2e-05
120933,2,2e-05
70201,2,2e-05
290232,2,2e-05
70942,2,2e-05
392467,2,2e-05
240141,2,2e-05
260671,2,2e-05
300340,2,2e-05
310627,2,2e-05
220565,2,2e-05
140590,2,2e-05
230366,2,2e-05
251160,2,2e-05
270568,2,2e-05
110420,2,2e-05
50364,2,2e-05
60266,2,2e-05
160856,2,2e-05
60293,2,2e-05
110348,2,2e-05
180975,2,2e-05
20278,2,2e-05
240802,2,2e-05
10884,2,2e-05
230655,2,2e-05
210726,2,2e-05
290932,2,2e-05
151248,2,2e-05
211196,2,2e-05
70573,2,2e-05
30187,2,2e-05
889908,2,2e-05
210312,2,2e-05
280971,2,2e-05
30413,2,2e-05
20661,2,2e-05
290454,2,2e-05
290666,2,2e-05
240735,2,2e-05
71012,2,2e-05
210839,2,2e-05
110418,2,2e-05
90442,2,2e-05
100771,2,2e-05
20359,2,2e-05
211279,2,2e-05
180268,2,2e-05
221193,2,2e-05
250280,2,2e-05
90392,2,2e-05
80405,2,2e-05
281029,2,2e-05
210498,2,2e-05
71268,2,2e-05
221206,2,2e-05
180213,2,2e-05
191176,2,2e-05
110435,2,2e-05
241104,2,2e-05
161098,2,2e-05
220980,2,2e-05
280383,2,2e-05
80421,2,2e-05
140730,2,2e-05
100825,2,2e-05
190779,2,2e-05
240296,2,2e-05
120669,2,2e-05
20926,2,2e-05
190388,2,2e-05
160771,2,2e-05
270425,2,2e-05
735325,2,2e-05
181094,2,2e-05
310717,2,2e-05
311289,2,2e-05
271224,2,2e-05
150981,2,2e-05
291153,2,2e-05
10974,2,2e-05
80296,2,2e-05
171098,2,2e-05
20127,2,2e-05
230446,2,2e-05
81251,2,2e-05
130634,2,2e-05
20586,2,2e-05
140837,2,2e-05
270794,2,2e-05
311103,2,2e-05
310439,2,2e-05
191247,2,2e-05
110530,2,2e-05
251002,2,2e-05
90592,2,2e-05
260684,2,2e-05
60999,2,2e-05
90156,2,2e-05
331208,2,2e-05
141188,2,2e-05
210700,2,2e-05
150218,2,2e-05
50949,2,2e-05
70793,2,2e-05
81150,2,2e-05
160980,2,2e-05
170356,2,2e-05
30664,2,2e-05
20678,2,2e-05
180140,2,2e-05
61108,2,2e-05
40350,2,2e-05
60381,2,2e-05
141055,2,2e-05
120397,2,2e-05
21057,2,2e-05
151178,2,2e-05
60152,2,2e-05
180861,2,2e-05
130582,2,2e-05
71200,2,2e-05
230217,2,2e-05
140259,2,2e-05
310298,2,2e-05
130288,2,2e-05
270237,2,2e-05
200273,2,2e-05
190718,2,2e-05
300910,2,2e-05
270922,2,2e-05
301288,2,2e-05
10992,2,2e-05
170423,2,2e-05
190316,2,2e-05
50715,2,2e-05
310155,2,2e-05
100415,2,2e-05
270141,2,2e-05
90675,2,2e-05
51273,2,2e-05
280526,2,2e-05
131181,2,2e-05
160412,2,2e-05
30480,2,2e-05
60398,2,2e-05
191072,2,2e-05
120696,2,2e-05
130662,2,2e-05
101248,2,2e-05
221093,2,2e-05
40706,2,2e-05
50486,2,2e-05
150974,2,2e-05
260473,2,2e-05
533734,2,2e-05
230354,2,2e-05
171026,2,2e-05
280417,2,2e-05
31057,2,2e-05
11215,2,2e-05
110949,2,2e-05
150201,2,2e-05
160221,2,2e-05
240792,2,2e-05
241044,2,2e-05
310625,2,2e-05
160930,2,2e-05
161060,2,2e-05
311095,2,2e-05
80738,2,2e-05
90827,2,2e-05
301210,2,2e-05
90501,2,2e-05
60909,2,2e-05
50227,2,2e-05
220284,2,2e-05
70437,2,2e-05
170305,2,2e-05
221009,2,2e-05
80386,2,2e-05
230883,2,2e-05
730240,2,2e-05
90270,2,2e-05
130289,2,2e-05
190106,2,2e-05
270893,2,2e-05
150656,2,2e-05
30884,2,2e-05
51042,2,2e-05
190512,2,2e-05
180938,2,2e-05
251147,2,2e-05
20772,2,2e-05
281178,2,2e-05
160996,2,2e-05
221264,2,2e-05
80200,2,2e-05
70178,2,2e-05
210582,2,2e-05
181205,2,2e-05
240152,2,2e-05
20986,2,2e-05
310323,2,2e-05
210872,2,2e-05
290375,2,2e-05
260459,2,2e-05
81264,2,2e-05
310889,2,2e-05
270466,2,2e-05
50186,2,2e-05
280813,2,2e-05
131232,2,2e-05
210186,2,2e-05
10983,2,2e-05
310383,2,2e-05
310985,2,2e-05
120260,2,2e-05
270213,2,2e-05
310836,2,2e-05
200822,2,2e-05
200382,2,2e-05
250530,2,2e-05
150265,2,2e-05
110699,2,2e-05
50635,2,2e-05
90902,2,2e-05
261105,2,2e-05
40358,2,2e-05
200846,2,2e-05
30786,2,2e-05
40587,2,2e-05
80566,2,2e-05
10669,2,2e-05
231287,2,2e-05
81269,2,2e-05
260966,2,2e-05
90576,2,2e-05
291144,2,2e-05
150254,2,2e-05
80591,2,2e-05
281254,2,2e-05
100596,2,2e-05
150729,2,2e-05
110361,2,2e-05
230824,2,2e-05
270491,2,2e-05
30826,2,2e-05
290718,2,2e-05
310388,2,2e-05
80778,2,2e-05
190954,2,2e-05
260721,2,2e-05
93836,2,2e-05
130440,2,2e-05
130278,2,2e-05
10743,2,2e-05
619509,2,2e-05
120980,2,2e-05
140557,2,2e-05
211120,2,2e-05
230699,2,2e-05
20911,2,2e-05
110101,2,2e-05
110541,2,2e-05
160512,2,2e-05
271111,2,2e-05
260207,2,2e-05
260486,2,2e-05
240129,2,2e-05
90668,2,2e-05
211282,2,2e-05
10737,2,2e-05
290762,2,2e-05
140765,2,2e-05
31109,2,2e-05
80970,2,2e-05
300284,2,2e-05
211153,2,2e-05
40145,2,2e-05
181194,2,2e-05
170563,2,2e-05
211237,2,2e-05
189114,2,2e-05
100510,2,2e-05
260699,2,2e-05
300472,2,2e-05
140799,2,2e-05
100806,2,2e-05
120103,2,2e-05
151258,2,2e-05
101054,2,2e-05
310315,2,2e-05
290942,2,2e-05
160968,2,2e-05
11157,2,2e-05
251289,2,2e-05
290455,2,2e-05
180396,2,2e-05
261011,2,2e-05
310334,2,2e-05
263223,2,2e-05
240251,2,2e-05
190547,2,2e-05
90462,2,2e-05
260632,2,2e-05
120995,2,2e-05
221067,2,2e-05
240441,2,2e-05
241210,2,2e-05
30338,2,2e-05
120902,2,2e-05
311096,2,2e-05
230689,2,2e-05
171125,2,2e-05
10685,2,2e-05
180476,2,2e-05
220543,2,2e-05
310475,2,2e-05
130274,2,2e-05
310834,2,2e-05
230126,2,2e-05
210941,2,2e-05
645245,2,2e-05
11174,2,2e-05
121100,2,2e-05
230951,2,2e-05
160614,2,2e-05
10668,2,2e-05
80903,2,2e-05
70809,2,2e-05
141096,2,2e-05
180878,2,2e-05
180682,2,2e-05
171137,2,2e-05
101037,2,2e-05
300171,2,2e-05
191139,2,2e-05
100470,2,2e-05
10244,2,2e-05
100258,2,2e-05
150823,2,2e-05
281039,2,2e-05
40684,2,2e-05
100540,2,2e-05
180519,2,2e-05
60812,2,2e-05
170318,2,2e-05
250604,2,2e-05
11068,2,2e-05
70921,2,2e-05
280714,2,2e-05
221139,2,2e-05
428017,2,2e-05
20410,2,2e-05
281156,2,2e-05
281193,2,2e-05
260805,2,2e-05
240848,2,2e-05
30426,2,2e-05
60628,2,2e-05
200980,2,2e-05
290478,2,2e-05
40423,2,2e-05
50476,2,2e-05
110531,2,2e-05
140404,2,2e-05
151109,2,2e-05
141050,2,2e-05
251110,2,2e-05
300156,2,2e-05
10212,2,2e-05
100420,2,2e-05
251027,2,2e-05
90461,2,2e-05
90766,2,2e-05
20546,2,2e-05
191234,2,2e-05
310850,2,2e-05
310529,2,2e-05
252971,2,2e-05
170827,2,2e-05
270881,2,2e-05
61031,2,2e-05
310530,2,2e-05
270831,2,2e-05
291179,2,2e-05
171043,2,2e-05
261123,2,2e-05
21124,2,2e-05
160399,2,2e-05
120972,2,2e-05
200945,2,2e-05
111128,2,2e-05
41063,2,2e-05
121168,2,2e-05
250121,2,2e-05
41171,2,2e-05
40526,2,2e-05
190279,2,2e-05
130586,2,2e-05
21202,2,2e-05
100235,2,2e-05
120323,2,2e-05
230906,2,2e-05
543961,2,2e-05
40382,2,2e-05
121108,2,2e-05
100333,2,2e-05
180509,2,2e-05
290431,2,2e-05
140782,2,2e-05
50264,2,2e-05
290854,2,2e-05
91082,2,2e-05
210529,2,2e-05
200892,2,2e-05
10395,2,2e-05
151211,2,2e-05
71058,2,2e-05
221035,2,2e-05
210972,2,2e-05
240615,2,2e-05
100494,2,2e-05
40342,2,2e-05
200802,2,2e-05
131152,2,2e-05
100318,2,2e-05
161220,2,2e-05
250577,2,2e-05
131130,2,2e-05
180998,2,2e-05
211048,2,2e-05
160595,2,2e-05
280797,2,2e-05
120958,2,2e-05
280582,2,2e-05
220192,2,2e-05
30525,2,2e-05
161125,2,2e-05
10327,2,2e-05
80283,2,2e-05
280967,2,2e-05
170560,2,2e-05
140512,2,2e-05
180315,2,2e-05
30792,2,2e-05
80377,2,2e-05
280784,2,2e-05
90568,2,2e-05
606297,2,2e-05
30462,2,2e-05
70886,2,2e-05
31111,2,2e-05
60422,2,2e-05
211032,2,2e-05
70411,2,2e-05
220397,2,2e-05
451915,2,2e-05
100971,2,2e-05
70294,2,2e-05
80390,2,2e-05
60236,2,2e-05
150229,2,2e-05
260327,2,2e-05
60793,2,2e-05
311089,2,2e-05
230397,2,2e-05
300694,2,2e-05
220336,2,2e-05
30739,2,2e-05
120273,2,2e-05
290950,2,2e-05
50177,2,2e-05
240962,2,2e-05
61090,2,2e-05
91126,2,2e-05
200154,2,2e-05
220872,2,2e-05
70354,2,2e-05
160663,2,2e-05
20614,2,2e-05
261250,2,2e-05
20580,2,2e-05
290637,2,2e-05
121220,2,2e-05
280896,2,2e-05
131069,2,2e-05
240220,2,2e-05
160534,2,2e-05
20937,2,2e-05
70432,2,2e-05
290316,2,2e-05
61293,2,2e-05
20195,2,2e-05
220657,2,2e-05
240420,2,2e-05
300768,2,2e-05
150449,2,2e-05
140274,2,2e-05
160970,2,2e-05
200494,2,2e-05
40829,2,2e-05
41187,2,2e-05
311048,2,2e-05
220521,2,2e-05
280942,2,2e-05
51257,2,2e-05
301214,2,2e-05
280243,2,2e-05
869430,2,2e-05
150284,2,2e-05
177896,2,2e-05
101251,2,2e-05
290723,2,2e-05
261124,2,2e-05
680051,2,2e-05
300715,2,2e-05
270148,2,2e-05
210160,2,2e-05
81089,2,2e-05
90126,2,2e-05
60568,2,2e-05
131215,2,2e-05
31168,2,2e-05
250447,2,2e-05
81116,2,2e-05
210580,2,2e-05
250501,2,2e-05
60434,2,2e-05
170566,2,2e-05
200195,2,2e-05
290890,2,2e-05
150967,2,2e-05
31000,2,2e-05
80976,2,2e-05
210899,2,2e-05
230431,2,2e-05
220277,2,2e-05
702299,2,2e-05
632767,2,2e-05
90993,2,2e-05
150586,2,2e-05
100663,2,2e-05
180664,2,2e-05
733617,2,2e-05
140160,2,2e-05
120168,2,2e-05
200160,2,2e-05
160347,2,2e-05
30121,2,2e-05
71240,2,2e-05
80815,2,2e-05
140961,2,2e-05
90906,2,2e-05
50233,2,2e-05
180483,2,2e-05
220170,2,2e-05
141208,2,2e-05
30810,2,2e-05
50411,2,2e-05
220476,2,2e-05
211077,2,2e-05
220801,2,2e-05
310263,2,2e-05
20456,2,2e-05
170556,2,2e-05
91085,2,2e-05
290830,2,2e-05
290173,2,2e-05
140293,2,2e-05
230886,2,2e-05
101013,2,2e-05
310984,2,2e-05
130631,2,2e-05
40882,2,2e-05
150416,2,2e-05
121048,2,2e-05
160425,2,2e-05
200974,2,2e-05
41231,2,2e-05
200869,2,2e-05
80658,2,2e-05
80835,2,2e-05
100114,2,2e-05
261189,2,2e-05
181129,2,2e-05
70213,2,2e-05
120458,2,2e-05
90327,2,2e-05
300246,2,2e-05
170890,2,2e-05
211102,2,2e-05
150848,2,2e-05
220326,2,2e-05
21186,2,2e-05
41029,2,2e-05
270227,2,2e-05
211274,2,2e-05
240947,2,2e-05
30549,2,2e-05
50714,2,2e-05
200749,2,2e-05
300187,2,2e-05
30160,2,2e-05
61287,2,2e-05
170624,2,2e-05
160324,2,2e-05
100575,2,2e-05
110964,2,2e-05
240433,2,2e-05
20730,2,2e-05
140389,2,2e-05
220544,2,2e-05
30638,2,2e-05
260862,2,2e-05
250254,2,2e-05
40982,2,2e-05
220698,2,2e-05
70896,2,2e-05
60930,2,2e-05
100105,2,2e-05
191271,2,2e-05
90764,2,2e-05
181081,2,2e-05
291299,2,2e-05
200400,2,2e-05
230526,2,2e-05
160438,2,2e-05
180119,2,2e-05
101189,2,2e-05
80666,2,2e-05
180680,2,2e-05
221157,2,2e-05
70803,2,2e-05
290711,2,2e-05
300159,2,2e-05
180366,2,2e-05
220656,2,2e-05
60830,2,2e-05
110934,2,2e-05
261202,2,2e-05
71096,2,2e-05
10355,2,2e-05
240744,2,2e-05
786507,2,2e-05
30503,2,2e-05
210578,2,2e-05
270208,2,2e-05
101111,2,2e-05
200249,2,2e-05
81155,2,2e-05
120712,2,2e-05
200301,2,2e-05
270998,2,2e-05
310217,2,2e-05
60572,2,2e-05
110721,2,2e-05
290867,2,2e-05
160967,2,2e-05
280913,2,2e-05
110786,2,2e-05
270413,2,2e-05
191277,2,2e-05
110480,2,2e-05
120844,2,2e-05
170649,2,2e-05
70507,2,2e-05
280990,2,2e-05
240863,2,2e-05
40521,2,2e-05
239355,2,2e-05
130845,2,2e-05
280224,2,2e-05
20492,2,2e-05
110402,2,2e-05
210261,2,2e-05
290528,2,2e-05
250625,2,2e-05
290926,2,2e-05
200641,2,2e-05
301145,2,2e-05
50194,2,2e-05
120784,2,2e-05
110688,2,2e-05
100927,2,2e-05
11193,2,2e-05
60301,2,2e-05
336962,2,2e-05
150698,2,2e-05
120361,2,2e-05
271261,2,2e-05
310705,2,2e-05
270883,2,2e-05
210819,2,2e-05
90430,2,2e-05
241098,2,2e-05
90632,2,2e-05
120530,2,2e-05
70214,2,2e-05
110570,2,2e-05
230861,2,2e-05
191281,2,2e-05
160455,2,2e-05
20554,2,2e-05
181027,2,2e-05
40513,2,2e-05
40334,2,2e-05
130336,2,2e-05
151062,2,2e-05
211095,2,2e-05
280244,2,2e-05
300748,2,2e-05
200200,2,2e-05
220525,2,2e-05
60415,2,2e-05
260896,2,2e-05
630592,2,2e-05
241134,2,2e-05
110762,2,2e-05
150989,2,2e-05
141248,2,2e-05
100733,2,2e-05
161221,2,2e-05
90734,2,2e-05
200182,2,2e-05
250728,2,2e-05
170207,2,2e-05
231008,2,2e-05
130656,2,2e-05
130366,2,2e-05
91267,2,2e-05
60824,2,2e-05
231186,2,2e-05
270167,2,2e-05
230923,2,2e-05
260413,2,2e-05
211155,2,2e-05
10588,2,2e-05
20675,2,2e-05
101023,2,2e-05
110184,2,2e-05
200507,2,2e-05
110265,2,2e-05
230751,2,2e-05
70375,2,2e-05
221150,2,2e-05
110736,2,2e-05
200669,2,2e-05
141223,2,2e-05
577503,2,2e-05
300249,2,2e-05
290353,2,2e-05
91086,2,2e-05
458990,2,2e-05
130962,2,2e-05
290755,2,2e-05
120332,2,2e-05
150475,2,2e-05
190172,2,2e-05
210297,2,2e-05
190963,2,2e-05
200348,2,2e-05
270475,2,2e-05
151052,2,2e-05
91076,2,2e-05
221173,2,2e-05
51077,2,2e-05
230480,2,2e-05
250586,2,2e-05
230449,2,2e-05
160963,2,2e-05
10242,2,2e-05
221078,2,2e-05
260280,2,2e-05
130747,2,2e-05
180619,2,2e-05
290315,2,2e-05
270127,2,2e-05
311283,2,2e-05
60694,2,2e-05
140260,2,2e-05
90182,2,2e-05
260377,2,2e-05
260918,2,2e-05
100445,2,2e-05
50488,2,2e-05
260208,2,2e-05
110910,2,2e-05
220910,2,2e-05
280454,2,2e-05
41297,2,2e-05
260796,2,2e-05
90212,2,2e-05
91291,2,2e-05
150163,2,2e-05
240160,2,2e-05
160837,2,2e-05
60302,2,2e-05
70951,2,2e-05
311075,2,2e-05
310560,2,2e-05
50246,2,2e-05
210997,2,2e-05
20405,2,2e-05
210339,2,2e-05
60162,2,2e-05
200173,2,2e-05
170520,2,2e-05
301160,2,2e-05
170557,2,2e-05
240988,2,2e-05
140115,2,2e-05
311174,2,2e-05
30296,2,2e-05
110394,2,2e-05
60542,2,2e-05
150612,2,2e-05
180173,2,2e-05
90106,2,2e-05
310579,2,2e-05
200354,2,2e-05
250214,2,2e-05
51204,2,2e-05
140463,2,2e-05
30129,2,2e-05
150596,2,2e-05
231081,2,2e-05
150821,2,2e-05
150266,2,2e-05
120210,2,2e-05
130880,2,2e-05
190749,2,2e-05
21082,2,2e-05
60724,2,2e-05
60358,2,2e-05
90758,2,2e-05
300675,2,2e-05
200467,2,2e-05
90694,2,2e-05
181068,2,2e-05
71073,2,2e-05
311092,2,2e-05
90525,2,2e-05
110321,2,2e-05
240324,2,2e-05
170389,2,2e-05
51173,2,2e-05
90534,2,2e-05
141134,2,2e-05
90815,2,2e-05
250452,2,2e-05
310945,2,2e-05
191208,2,2e-05
41299,2,2e-05
191140,2,2e-05
90581,2,2e-05
80933,2,2e-05
90845,2,2e-05
100850,2,2e-05
270838,2,2e-05
100846,2,2e-05
141124,2,2e-05
170212,2,2e-05
271284,2,2e-05
160871,2,2e-05
260340,2,2e-05
110952,2,2e-05
250584,2,2e-05
270612,2,2e-05
180781,2,2e-05
161021,2,2e-05
170157,2,2e-05
240632,2,2e-05
280344,2,2e-05
220136,2,2e-05
300761,2,2e-05
70605,2,2e-05
110415,2,2e-05
160129,2,2e-05
130990,2,2e-05
50710,2,2e-05
311241,2,2e-05
270939,2,2e-05
300564,2,2e-05
529184,2,2e-05
200727,2,2e-05
310365,2,2e-05
300200,2,2e-05
10488,2,2e-05
230826,2,2e-05
71142,2,2e-05
190332,2,2e-05
10824,2,2e-05
71015,2,2e-05
160969,2,2e-05
120999,2,2e-05
261274,2,2e-05
121037,2,2e-05
160923,2,2e-05
170528,2,2e-05
250500,2,2e-05
140959,2,2e-05
300205,2,2e-05
281070,2,2e-05
150721,2,2e-05
230222,2,2e-05
120311,2,2e-05
250479,2,2e-05
60882,2,2e-05
180764,2,2e-05
40950,2,2e-05
140711,2,2e-05
260104,2,2e-05
181016,2,2e-05
111281,2,2e-05
310196,2,2e-05
230352,2,2e-05
180684,2,2e-05
211098,2,2e-05
190495,2,2e-05
170779,2,2e-05
250821,2,2e-05
240198,2,2e-05
150102,2,2e-05
240846,2,2e-05
30674,2,2e-05
190289,2,2e-05
51047,2,2e-05
161105,2,2e-05
300808,2,2e-05
210309,2,2e-05
181216,2,2e-05
201208,2,2e-05
60339,2,2e-05
180103,2,2e-05
50534,2,2e-05
311073,2,2e-05
130142,2,2e-05
71222,2,2e-05
161238,2,2e-05
140930,2,2e-05
301025,2,2e-05
100274,2,2e-05
231259,2,2e-05
70160,2,2e-05
211219,2,2e-05
310324,2,2e-05
170167,2,2e-05
91224,2,2e-05
290977,2,2e-05
101051,2,2e-05
231010,2,2e-05
50181,2,2e-05
10898,2,2e-05
81080,2,2e-05
190222,2,2e-05
310210,2,2e-05
110553,2,2e-05
230523,2,2e-05
220799,2,2e-05
180518,2,2e-05
131104,2,2e-05
250183,2,2e-05
60697,2,2e-05
181275,2,2e-05
180820,2,2e-05
230589,2,2e-05
271282,2,2e-05
200394,2,2e-05
100395,2,2e-05
141095,2,2e-05
100695,2,2e-05
10220,2,2e-05
10900,2,2e-05
50407,2,2e-05
260915,2,2e-05
241204,2,2e-05
160410,2,2e-05
160857,2,2e-05
101168,2,2e-05
200950,2,2e-05
281286,2,2e-05
50469,2,2e-05
160362,2,2e-05
140615,2,2e-05
301205,2,2e-05
270170,2,2e-05
160728,2,2e-05
220100,2,2e-05
161280,2,2e-05
261165,2,2e-05
10430,2,2e-05
170146,2,2e-05
90167,2,2e-05
230678,2,2e-05
90690,2,2e-05
130602,2,2e-05
210385,2,2e-05
150414,2,2e-05
110764,2,2e-05
300110,2,2e-05
170154,2,2e-05
120792,2,2e-05
220419,2,2e-05
201266,2,2e-05
230687,2,2e-05
30362,2,2e-05
100855,2,2e-05
240565,2,2e-05
10384,2,2e-05
40824,2,2e-05
80125,2,2e-05
60853,2,2e-05
21271,2,2e-05
220118,2,2e-05
60387,2,2e-05
40692,2,2e-05
170937,2,2e-05
190341,2,2e-05
60395,2,2e-05
270546,2,2e-05
100180,2,2e-05
171253,2,2e-05
310989,2,2e-05
100845,2,2e-05
20533,2,2e-05
271153,2,2e-05
300778,2,2e-05
60516,2,2e-05
30895,2,2e-05
170843,2,2e-05
220207,2,2e-05
270109,2,2e-05
20677,2,2e-05
71047,2,2e-05
150160,2,2e-05
260865,2,2e-05
210612,2,2e-05
171040,2,2e-05
300617,2,2e-05
260142,2,2e-05
231234,2,2e-05
270223,2,2e-05
160708,2,2e-05
280122,2,2e-05
70688,2,2e-05
40737,2,2e-05
60998,2,2e-05
181220,2,2e-05
141255,2,2e-05
250518,2,2e-05
80408,2,2e-05
181092,2,2e-05
160983,2,2e-05
270221,2,2e-05
80814,2,2e-05
150434,2,2e-05
180577,2,2e-05
250438,2,2e-05
130696,2,2e-05
220893,2,2e-05
41134,2,2e-05
250286,2,2e-05
20211,2,2e-05
261241,2,2e-05
201075,2,2e-05
290816,2,2e-05
110508,2,2e-05
210234,2,2e-05
160484,2,2e-05
180501,2,2e-05
150277,2,2e-05
31156,2,2e-05
100903,2,2e-05
220590,2,2e-05
110927,2,2e-05
290453,2,2e-05
180148,2,2e-05
70133,2,2e-05
251066,2,2e-05
60382,2,2e-05
170101,2,2e-05
20652,2,2e-05
140819,2,2e-05
179799,2,2e-05
210806,2,2e-05
220447,2,2e-05
171144,2,2e-05
280534,2,2e-05
240799,2,2e-05
41000,2,2e-05
310433,2,2e-05
300474,2,2e-05
251051,2,2e-05
60592,2,2e-05
50487,2,2e-05
161278,2,2e-05
260662,2,2e-05
190818,2,2e-05
161198,2,2e-05
300566,2,2e-05
120423,2,2e-05
70433,2,2e-05
250338,2,2e-05
190450,2,2e-05
270515,2,2e-05
10165,2,2e-05
240920,2,2e-05
100613,2,2e-05
200707,2,2e-05
210102,2,2e-05
181162,2,2e-05
311194,2,2e-05
81014,2,2e-05
40230,2,2e-05
784510,2,2e-05
160656,2,2e-05
130402,2,2e-05
30839,2,2e-05
300169,2,2e-05
40848,2,2e-05
121077,2,2e-05
310669,2,2e-05
151009,2,2e-05
60834,2,2e-05
100603,2,2e-05
53163,2,2e-05
180321,2,2e-05
30876,2,2e-05
180233,2,2e-05
170718,2,2e-05
250844,2,2e-05
280936,2,2e-05
251154,2,2e-05
90227,2,2e-05
260654,2,2e-05
300893,2,2e-05
10297,2,2e-05
20131,2,2e-05
210823,2,2e-05
261186,2,2e-05
240741,2,2e-05
300844,2,2e-05
300153,2,2e-05
100969,2,2e-05
40956,2,2e-05
40500,2,2e-05
260959,2,2e-05
280194,2,2e-05
180389,2,2e-05
10640,2,2e-05
110935,2,2e-05
280643,2,2e-05
40668,2,2e-05
80990,2,2e-05
11202,2,2e-05
91149,2,2e-05
80549,2,2e-05
251111,2,2e-05
220398,2,2e-05
300415,2,2e-05
111192,2,2e-05
100233,2,2e-05
310877,2,2e-05
300787,2,2e-05
10684,2,2e-05
290107,2,2e-05
10833,2,2e-05
837095,2,2e-05
81015,2,2e-05
140182,2,2e-05
230823,2,2e-05
240550,2,2e-05
110685,2,2e-05
291086,2,2e-05
310222,2,2e-05
90308,2,2e-05
80942,2,2e-05
40503,2,2e-05
50350,2,2e-05
181188,2,2e-05
210599,2,2e-05
131222,2,2e-05
61167,2,2e-05
190420,2,2e-05
71274,2,2e-05
20238,2,2e-05
240502,2,2e-05
260461,2,2e-05
301252,2,2e-05
100691,2,2e-05
80848,2,2e-05
241295,2,2e-05
90980,2,2e-05
300480,2,2e-05
41228,2,2e-05
221202,2,2e-05
180426,2,2e-05
150645,2,2e-05
240307,2,2e-05
280313,2,2e-05
210688,2,2e-05
21027,2,2e-05
30845,2,2e-05
50348,2,2e-05
160945,2,2e-05
147384,2,2e-05
100842,2,2e-05
250482,2,2e-05
271146,2,2e-05
11159,2,2e-05
270680,2,2e-05
190435,2,2e-05
110632,2,2e-05
110609,2,2e-05
220624,2,2e-05
190142,2,2e-05
40738,2,2e-05
40791,2,2e-05
100246,2,2e-05
91056,2,2e-05
201069,2,2e-05
101289,2,2e-05
60989,2,2e-05
240378,2,2e-05
180997,2,2e-05
90590,2,2e-05
60956,2,2e-05
140818,2,2e-05
271190,2,2e-05
20839,2,2e-05
140700,2,2e-05
130857,2,2e-05
30854,2,2e-05
211036,2,2e-05
121291,2,2e-05
161049,2,2e-05
301027,2,2e-05
61194,2,2e-05
30772,2,2e-05
280719,2,2e-05
271244,2,2e-05
230795,2,2e-05
41190,2,2e-05
91166,2,2e-05
210912,2,2e-05
190568,2,2e-05
240210,2,2e-05
300119,2,2e-05
60106,2,2e-05
40902,2,2e-05
50258,2,2e-05
190415,2,2e-05
160464,2,2e-05
280962,2,2e-05
200418,2,2e-05
140940,2,2e-05
80449,2,2e-05
241170,2,2e-05
281221,2,2e-05
50985,2,2e-05
100702,2,2e-05
50277,2,2e-05
250884,2,2e-05
140515,2,2e-05
170882,2,2e-05
130523,2,2e-05
160450,2,2e-05
60449,2,2e-05
10612,2,2e-05
130659,2,2e-05
180816,2,2e-05
100549,2,2e-05
81090,2,2e-05
270350,2,2e-05
40659,2,2e-05
220599,2,2e-05
130938,2,2e-05
280440,2,2e-05
100389,2,2e-05
260886,2,2e-05
40568,2,2e-05
70798,2,2e-05
161158,2,2e-05
271185,2,2e-05
140665,2,2e-05
290521,2,2e-05
160902,2,2e-05
10433,2,2e-05
10868,2,2e-05
50676,2,2e-05
190137,2,2e-05
290821,2,2e-05
300616,2,2e-05
230505,2,2e-05
141033,2,2e-05
170473,2,2e-05
221156,2,2e-05
310495,2,2e-05
905973,2,2e-05
180995,2,2e-05
20418,2,2e-05
10767,2,2e-05
221111,2,2e-05
41133,2,2e-05
760156,2,2e-05
260153,2,2e-05
190828,2,2e-05
61196,2,2e-05
50798,2,2e-05
290573,2,2e-05
281211,2,2e-05
200875,2,2e-05
260199,2,2e-05
130513,2,2e-05
90712,2,2e-05
597366,2,2e-05
190125,2,2e-05
280748,2,2e-05
111171,2,2e-05
200303,2,2e-05
160776,2,2e-05
280386,2,2e-05
120661,2,2e-05
211255,2,2e-05
210651,2,2e-05
100199,2,2e-05
270914,2,2e-05
10797,2,2e-05
191131,2,2e-05
220640,2,2e-05
10859,2,2e-05
100111,2,2e-05
180849,2,2e-05
240369,2,2e-05
50834,2,2e-05
190598,2,2e-05
191117,2,2e-05
160434,2,2e-05
270174,2,2e-05
101063,2,2e-05
270970,2,2e-05
40285,2,2e-05
50480,2,2e-05
130478,2,2e-05
120123,2,2e-05
100225,2,2e-05
220404,2,2e-05
40218,2,2e-05
290166,2,2e-05
220226,2,2e-05
141072,2,2e-05
90790,2,2e-05
201171,2,2e-05
190228,2,2e-05
270398,2,2e-05
110112,2,2e-05
81004,2,2e-05
221191,2,2e-05
40700,2,2e-05
110678,2,2e-05
80419,2,2e-05
300880,2,2e-05
201814,2,2e-05
70141,2,2e-05
110781,2,2e-05
160513,2,2e-05
281190,2,2e-05
130699,2,2e-05
230497,2,2e-05
210902,2,2e-05
280761,2,2e-05
281185,2,2e-05
151196,2,2e-05
195001,2,2e-05
30973,2,2e-05
290872,2,2e-05
300820,2,2e-05
210227,2,2e-05
270566,2,2e-05
90817,2,2e-05
160883,2,2e-05
271151,2,2e-05
10458,2,2e-05
221137,2,2e-05
160423,2,2e-05
180904,2,2e-05
61042,2,2e-05
201029,2,2e-05
11219,2,2e-05
50877,2,2e-05
100912,2,2e-05
91169,2,2e-05
81056,2,2e-05
90429,2,2e-05
70463,2,2e-05
70106,2,2e-05
180141,2,2e-05
50828,2,2e-05
40437,2,2e-05
291079,2,2e-05
10361,2,2e-05
60960,2,2e-05
150285,2,2e-05
70712,2,2e-05
71287,2,2e-05
100513,2,2e-05
61101,2,2e-05
130669,2,2e-05
221053,2,2e-05
90835,2,2e-05
210765,2,2e-05
190426,2,2e-05
180817,2,2e-05
291004,2,2e-05
271096,2,2e-05
160668,2,2e-05
160644,2,2e-05
80343,2,2e-05
90146,2,2e-05
301040,2,2e-05
50833,2,2e-05
295444,2,2e-05
121209,2,2e-05
230171,2,2e-05
141174,2,2e-05
170294,2,2e-05
170885,2,2e-05
310582,2,2e-05
280957,2,2e-05
221240,2,2e-05
260561,2,2e-05
270444,2,2e-05
100904,2,2e-05
416414,2,2e-05
160393,2,2e-05
141158,2,2e-05
170729,2,2e-05
240111,2,2e-05
240718,2,2e-05
90516,2,2e-05
270698,2,2e-05
30639,2,2e-05
130501,2,2e-05
311008,2,2e-05
240542,2,2e-05
310668,2,2e-05
241120,2,2e-05
271205,2,2e-05
335334,2,2e-05
111100,2,2e-05
240249,2,2e-05
190669,2,2e-05
90524,2,2e-05
151098,2,2e-05
90348,2,2e-05
270741,2,2e-05
887509,2,2e-05
91047,2,2e-05
71122,2,2e-05
10715,2,2e-05
31224,2,2e-05
363362,2,2e-05
60749,2,2e-05
60401,2,2e-05
180983,2,2e-05
40541,2,2e-05
31241,2,2e-05
130913,2,2e-05
120875,2,2e-05
30406,2,2e-05
99811,2,2e-05
170147,2,2e-05
221021,2,2e-05
270948,2,2e-05
291073,2,2e-05
311020,2,2e-05
281120,2,2e-05
130730,2,2e-05
270600,2,2e-05
10206,2,2e-05
311192,2,2e-05
120544,2,2e-05
31017,2,2e-05
60915,2,2e-05
311199,2,2e-05
300140,2,2e-05
280191,2,2e-05
161200,2,2e-05
220229,2,2e-05
280656,2,2e-05
160882,2,2e-05
250392,2,2e-05
300769,2,2e-05
100766,2,2e-05
301202,2,2e-05
60227,2,2e-05
40151,2,2e-05
161226,2,2e-05
80657,2,2e-05
290123,2,2e-05
150293,2,2e-05
121096,2,2e-05
170190,2,2e-05
180809,2,2e-05
70415,2,2e-05
260790,2,2e-05
170169,2,2e-05
90582,2,2e-05
200306,2,2e-05
200274,2,2e-05
230908,2,2e-05
110144,2,2e-05
270599,2,2e-05
260121,2,2e-05
91218,2,2e-05
110689,2,2e-05
281058,2,2e-05
260867,2,2e-05
141130,2,2e-05
20861,2,2e-05
210178,2,2e-05
90872,2,2e-05
110897,2,2e-05
181165,2,2e-05
300714,2,2e-05
60336,2,2e-05
244514,2,2e-05
211291,2,2e-05
270436,2,2e-05
240602,2,2e-05
735826,2,2e-05
50473,2,2e-05
261036,2,2e-05
20231,2,2e-05
211047,2,2e-05
160259,2,2e-05
190939,2,2e-05
170385,2,2e-05
201065,2,2e-05
160801,2,2e-05
311281,2,2e-05
240961,2,2e-05
70578,2,2e-05
300915,2,2e-05
70950,2,2e-05
551137,2,2e-05
60318,2,2e-05
290548,2,2e-05
100266,2,2e-05
261156,2,2e-05
140701,2,2e-05
290233,2,2e-05
21134,2,2e-05
30427,2,2e-05
300432,2,2e-05
250427,2,2e-05
10698,2,2e-05
290398,2,2e-05
231074,2,2e-05
20520,2,2e-05
311159,2,2e-05
260469,2,2e-05
150239,2,2e-05
290298,2,2e-05
260423,2,2e-05
28919,2,2e-05
170875,2,2e-05
271053,2,2e-05
200198,2,2e-05
310515,2,2e-05
270745,2,2e-05
161099,2,2e-05
130492,2,2e-05
170221,2,2e-05
270147,2,2e-05
231061,2,2e-05
171159,2,2e-05
180214,2,2e-05
820297,2,2e-05
210549,2,2e-05
140870,2,2e-05
151283,2,2e-05
80687,2,2e-05
220991,2,2e-05
150458,2,2e-05
200689,2,2e-05
240247,2,2e-05
140834,2,2e-05
150825,2,2e-05
10755,2,2e-05
230202,2,2e-05
210281,2,2e-05
161201,2,2e-05
301293,2,2e-05
240435,2,2e-05
271137,2,2e-05
150537,2,2e-05
141025,2,2e-05
827152,2,2e-05
250960,2,2e-05
121124,2,2e-05
100699,2,2e-05
310971,2,2e-05
81110,2,2e-05
70813,2,2e-05
90328,2,2e-05
250163,2,2e-05
50164,2,2e-05
141148,2,2e-05
110104,2,2e-05
70719,2,2e-05
90559,2,2e-05
280783,2,2e-05
250393,2,2e-05
71147,2,2e-05
180727,2,2e-05
120677,2,2e-05
210987,2,2e-05
310565,2,2e-05
90660,2,2e-05
160992,2,2e-05
21095,2,2e-05
131273,2,2e-05
526242,2,2e-05
40251,2,2e-05
262427,2,2e-05
170822,2,2e-05
310929,2,2e-05
300209,2,2e-05
201211,2,2e-05
51129,2,2e-05
150820,2,2e-05
290578,2,2e-05
140233,2,2e-05
11019,2,2e-05
120259,2,2e-05
290695,2,2e-05
140216,2,2e-05
181267,2,2e-05
180485,2,2e-05
60488,2,2e-05
31162,2,2e-05
151186,2,2e-05
121167,2,2e-05
230186,2,2e-05
80498,2,2e-05
41031,2,2e-05
200590,2,2e-05
150624,2,2e-05
181038,2,2e-05
70844,2,2e-05
80707,2,2e-05
180220,2,2e-05
190253,2,2e-05
230984,2,2e-05
240567,2,2e-05
70250,2,2e-05
230457,2,2e-05
120190,2,2e-05
300460,2,2e-05
11110,2,2e-05
110857,2,2e-05
41248,2,2e-05
120763,2,2e-05
220161,2,2e-05
40505,2,2e-05
300344,2,2e-05
41160,2,2e-05
290565,2,2e-05
130872,2,2e-05
110668,2,2e-05
150611,2,2e-05
240478,2,2e-05
190494,2,2e-05
290250,2,2e-05
300817,2,2e-05
280309,2,2e-05
141018,2,2e-05
70977,2,2e-05
130329,2,2e-05
280762,2,2e-05
210740,2,2e-05
170840,2,2e-05
270593,2,2e-05
251206,2,2e-05
120789,2,2e-05
60962,2,2e-05
90866,2,2e-05
110490,2,2e-05
70749,2,2e-05
130334,2,2e-05
170906,2,2e-05
170976,2,2e-05
40897,2,2e-05
280927,2,2e-05
416930,2,2e-05
200926,2,2e-05
180870,2,2e-05
10525,2,2e-05
261219,2,2e-05
10676,2,2e-05
120113,2,2e-05
30380,2,2e-05
41039,2,2e-05
130607,2,2e-05
290361,2,2e-05
310275,2,2e-05
170570,2,2e-05
150918,2,2e-05
395829,2,2e-05
241206,2,2e-05
141091,2,2e-05
728182,2,2e-05
200322,2,2e-05
220763,2,2e-05
71078,2,2e-05
31026,2,2e-05
180325,2,2e-05
90291,2,2e-05
280310,2,2e-05
110574,2,2e-05
230632,2,2e-05
170461,2,2e-05
271230,2,2e-05
290421,2,2e-05
40420,2,2e-05
280238,2,2e-05
110677,2,2e-05
170625,2,2e-05
90984,2,2e-05
190686,2,2e-05
210589,2,2e-05
261145,2,2e-05
130105,2,2e-05
110225,2,2e-05
80592,2,2e-05
110244,2,2e-05
30580,2,2e-05
300540,2,2e-05
150824,2,2e-05
131026,2,2e-05
100228,2,2e-05
210836,2,2e-05
11048,2,2e-05
170983,2,2e-05
61210,2,2e-05
310754,2,2e-05
161123,2,2e-05
160471,2,2e-05
210112,2,2e-05
230559,2,2e-05
100997,2,2e-05
261085,2,2e-05
170824,2,2e-05
200393,2,2e-05
120671,2,2e-05
180354,2,2e-05
906938,2,2e-05
211231,2,2e-05
40326,2,2e-05
260547,2,2e-05
150122,2,2e-05
250228,2,2e-05
290152,2,2e-05
270810,2,2e-05
61102,2,2e-05
70757,2,2e-05
290189,2,2e-05
240155,2,2e-05
300215,2,2e-05
70438,2,2e-05
80376,2,2e-05
300948,2,2e-05
290495,2,2e-05
281143,2,2e-05
180789,2,2e-05
21018,2,2e-05
111219,2,2e-05
20281,2,2e-05
70931,2,2e-05
290324,2,2e-05
271145,2,2e-05
81000,2,2e-05
271229,2,2e-05
21096,2,2e-05
40430,2,2e-05
210904,2,2e-05
111131,2,2e-05
60817,2,2e-05
280182,2,2e-05
180492,2,2e-05
270589,2,2e-05
270556,2,2e-05
40456,2,2e-05
10667,2,2e-05
201142,2,2e-05
240194,2,2e-05
311225,2,2e-05
100621,2,2e-05
290983,2,2e-05
200325,2,2e-05
310228,2,2e-05
240497,2,2e-05
200172,2,2e-05
160321,2,2e-05
80675,2,2e-05
161269,2,2e-05
20234,2,2e-05
271039,2,2e-05
131187,2,2e-05
131148,2,2e-05
100964,2,2e-05
70652,2,2e-05
141066,2,2e-05
141262,2,2e-05
270933,2,2e-05
80281,2,2e-05
291281,2,2e-05
270319,2,2e-05
80625,2,2e-05
40960,2,2e-05
230214,2,2e-05
250916,2,2e-05
300350,2,2e-05
31145,2,2e-05
311066,2,2e-05
11049,2,2e-05
185932,2,2e-05
140605,2,2e-05
310898,2,2e-05
290605,2,2e-05
281028,2,2e-05
261252,2,2e-05
270949,2,2e-05
60102,2,2e-05
240649,2,2e-05
10986,2,2e-05
51033,2,2e-05
231054,2,2e-05
170944,2,2e-05
221200,2,2e-05
190842,2,2e-05
230821,2,2e-05
161281,2,2e-05
151056,2,2e-05
190572,2,2e-05
591481,2,2e-05
102505,2,2e-05
30248,2,2e-05
91138,2,2e-05
100630,2,2e-05
130639,2,2e-05
80996,2,2e-05
310213,2,2e-05
70765,2,2e-05
230179,2,2e-05
30419,2,2e-05
140624,2,2e-05
210729,2,2e-05
260845,2,2e-05
614902,2,2e-05
21265,2,2e-05
201048,2,2e-05
60560,2,2e-05
90200,2,2e-05
210522,2,2e-05
81149,2,2e-05
31289,2,2e-05
141157,2,2e-05
130797,2,2e-05
70169,2,2e-05
190823,2,2e-05
301107,2,2e-05
70221,2,2e-05
80973,2,2e-05
90762,2,2e-05
220987,2,2e-05
130524,2,2e-05
41194,2,2e-05
21062,2,2e-05
230252,2,2e-05
180528,2,2e-05
220889,2,2e-05
310779,2,2e-05
260176,2,2e-05
250989,2,2e-05
111270,2,2e-05
121055,2,2e-05
170539,2,2e-05
280385,2,2e-05
240724,2,2e-05
51000,2,2e-05
250929,2,2e-05
10548,2,2e-05
111229,2,2e-05
120232,2,2e-05
80331,2,2e-05
271288,2,2e-05
120266,2,2e-05
100163,2,2e-05
250201,2,2e-05
190364,2,2e-05
496659,2,2e-05
231299,2,2e-05
280372,2,2e-05
150124,2,2e-05
240173,2,2e-05
111018,2,2e-05
70823,2,2e-05
271293,2,2e-05
130364,2,2e-05
310286,2,2e-05
300584,2,2e-05
91131,2,2e-05
200427,2,2e-05
91010,2,2e-05
80692,2,2e-05
130896,2,2e-05
111063,2,2e-05
120690,2,2e-05
251075,2,2e-05
90499,2,2e-05
70894,2,2e-05
181180,2,2e-05
180516,2,2e-05
200788,2,2e-05
271004,2,2e-05
231131,2,2e-05
210852,2,2e-05
280377,2,2e-05
995935,2,2e-05
80803,2,2e-05
101239,2,2e-05
11033,2,2e-05
10591,2,2e-05
281014,2,2e-05
151080,2,2e-05
448281,2,2e-05
80963,2,2e-05
90606,2,2e-05
211090,2,2e-05
120855,2,2e-05
20391,2,2e-05
31199,2,2e-05
90523,2,2e-05
111026,2,2e-05
60366,2,2e-05
180540,2,2e-05
150409,2,2e-05
10556,2,2e-05
130981,2,2e-05
190154,2,2e-05
29731,2,2e-05
51150,2,2e-05
300729,2,2e-05
30578,2,2e-05
230860,2,2e-05
280265,2,2e-05
250704,2,2e-05
300574,2,2e-05
180434,2,2e-05
20451,2,2e-05
30366,2,2e-05
311072,2,2e-05
10727,2,2e-05
200849,2,2e-05
41284,2,2e-05
61219,2,2e-05
301090,2,2e-05
161207,2,2e-05
40616,2,2e-05
180626,2,2e-05
90526,2,2e-05
160104,2,2e-05
100617,2,2e-05
211232,2,2e-05
10620,2,2e-05
300654,2,2e-05
200564,2,2e-05
310973,2,2e-05
310635,2,2e-05
20191,2,2e-05
10720,2,2e-05
50987,2,2e-05
80757,2,2e-05
20826,2,2e-05
20609,2,2e-05
281071,2,2e-05
141203,2,2e-05
70726,2,2e-05
160315,2,2e-05
565934,2,2e-05
120759,2,2e-05
218090,2,2e-05
230155,2,2e-05
200782,2,2e-05
180914,2,2e-05
270366,2,2e-05
120991,2,2e-05
200486,2,2e-05
490172,2,2e-05
121254,2,2e-05
21081,2,2e-05
70372,2,2e-05
200269,2,2e-05
170897,2,2e-05
191025,2,2e-05
300952,2,2e-05
80228,2,2e-05
290994,2,2e-05
50429,2,2e-05
280503,2,2e-05
100525,2,2e-05
61119,2,2e-05
111183,2,2e-05
151242,2,2e-05
130110,2,2e-05
180504,2,2e-05
111052,2,2e-05
280232,2,2e-05
50743,2,2e-05
20686,2,2e-05
10285,2,2e-05
181146,2,2e-05
310321,2,2e-05
260102,2,2e-05
160468,2,2e-05
230679,2,2e-05
20929,2,2e-05
250137,2,2e-05
40626,2,2e-05
240896,2,2e-05
100276,2,2e-05
250360,2,2e-05
101067,2,2e-05
121019,2,2e-05
220153,2,2e-05
20733,2,2e-05
30610,2,2e-05
290749,2,2e-05
211140,2,2e-05
190265,2,2e-05
270727,2,2e-05
241277,2,2e-05
160244,2,2e-05
301206,2,2e-05
10557,2,2e-05
60133,2,2e-05
150469,2,2e-05
30623,2,2e-05
41123,2,2e-05
110862,2,2e-05
110350,2,2e-05
141284,2,2e-05
200409,2,2e-05
281256,2,2e-05
126079,2,2e-05
10143,2,2e-05
250203,2,2e-05
260838,2,2e-05
121120,2,2e-05
280970,2,2e-05
230471,2,2e-05
21159,2,2e-05
31019,2,2e-05
111163,2,2e-05
20499,2,2e-05
290595,2,2e-05
30544,2,2e-05
70565,2,2e-05
70328,2,2e-05
190484,2,2e-05
300773,2,2e-05
140495,2,2e-05
120679,2,2e-05
140657,2,2e-05
181167,2,2e-05
260107,2,2e-05
250308,2,2e-05
944426,2,2e-05
220374,2,2e-05
90695,2,2e-05
21206,2,2e-05
110621,2,2e-05
241246,2,2e-05
281119,2,2e-05
30803,2,2e-05
51164,2,2e-05
60365,2,2e-05
120237,2,2e-05
140428,2,2e-05
110859,2,2e-05
31076,2,2e-05
281146,2,2e-05
130369,2,2e-05
896969,2,2e-05
160815,2,2e-05
220116,2,2e-05
281093,2,2e-05
190335,2,2e-05
111014,2,2e-05
251084,2,2e-05
120542,2,2e-05
200814,2,2e-05
40349,2,2e-05
80102,2,2e-05
70107,2,2e-05
280525,2,2e-05
290643,2,2e-05
150439,2,2e-05
40828,2,2e-05
200378,2,2e-05
300436,2,2e-05
100726,2,2e-05
171255,2,2e-05
280116,2,2e-05
210158,2,2e-05
151084,2,2e-05
130942,2,2e-05
170260,2,2e-05
190398,2,2e-05
211037,2,2e-05
260343,2,2e-05
200333,2,2e-05
210301,2,2e-05
140942,2,2e-05
40140,2,2e-05
71206,2,2e-05
111140,2,2e-05
190357,2,2e-05
170669,2,2e-05
962593,2,2e-05
240759,2,2e-05
210974,2,2e-05
10320,2,2e-05
70373,2,2e-05
180142,2,2e-05
272309,2,2e-05
300260,2,2e-05
310518,2,2e-05
231188,2,2e-05
141090,2,2e-05
280959,2,2e-05
130892,2,2e-05
180155,2,2e-05
230600,2,2e-05
61227,2,2e-05
191066,2,2e-05
260548,2,2e-05
211001,2,2e-05
290704,2,2e-05
140562,2,2e-05
21179,2,2e-05
50610,2,2e-05
190184,2,2e-05
394168,2,2e-05
150840,2,2e-05
151045,2,2e-05
40480,2,2e-05
101016,2,2e-05
211271,2,2e-05
80621,2,2e-05
891742,2,2e-05
130814,2,2e-05
60630,2,2e-05
210911,2,2e-05
140284,2,2e-05
270574,2,2e-05
100960,2,2e-05
200790,2,2e-05
20522,2,2e-05
130862,2,2e-05
71137,2,2e-05
30757,2,2e-05
50445,2,2e-05
61057,2,2e-05
60691,2,2e-05
90240,2,2e-05
10204,2,2e-05
270739,2,2e-05
170632,2,2e-05
171136,2,2e-05
10722,2,2e-05
90132,2,2e-05
130425,2,2e-05
280189,2,2e-05
81143,2,2e-05
160985,2,2e-05
180627,2,2e-05
120781,2,2e-05
240921,2,2e-05
251216,2,2e-05
310371,2,2e-05
210274,2,2e-05
131060,2,2e-05
81235,2,2e-05
180460,2,2e-05
161291,2,2e-05
21196,2,2e-05
40454,2,2e-05
181245,2,2e-05
200817,2,2e-05
171153,2,2e-05
210791,2,2e-05
250446,2,2e-05
21252,2,2e-05
141035,2,2e-05
60311,2,2e-05
80400,2,2e-05
10346,2,2e-05
120618,2,2e-05
80284,2,2e-05
190881,2,2e-05
10773,2,2e-05
60913,2,2e-05
160557,2,2e-05
210542,2,2e-05
16644,2,2e-05
51100,2,2e-05
310673,2,2e-05
150903,2,2e-05
21145,2,2e-05
130681,2,2e-05
210623,2,2e-05
51180,2,2e-05
310680,2,2e-05
190164,2,2e-05
300168,2,2e-05
221027,2,2e-05
181070,2,2e-05
291130,2,2e-05
310773,2,2e-05
240628,2,2e-05
260948,2,2e-05
240595,2,2e-05
130811,2,2e-05
21103,2,2e-05
21099,2,2e-05
151012,2,2e-05
61126,2,2e-05
280745,2,2e-05
200751,2,2e-05
150971,2,2e-05
50931,2,2e-05
200756,2,2e-05
270749,2,2e-05
310748,2,2e-05
261180,2,2e-05
211270,2,2e-05
71153,2,2e-05
160504,2,2e-05
61081,2,2e-05
140916,2,2e-05
171282,2,2e-05
270628,2,2e-05
120816,2,2e-05
240743,2,2e-05
300993,2,2e-05
230963,2,2e-05
210711,2,2e-05
40573,2,2e-05
91268,2,2e-05
221174,2,2e-05
260425,2,2e-05
140772,2,2e-05
190911,2,2e-05
270878,2,2e-05
20808,2,2e-05
68978,2,2e-05
40535,2,2e-05
211042,2,2e-05
240407,2,2e-05
301227,2,2e-05
221245,2,2e-05
200623,2,2e-05
110206,2,2e-05
220395,2,2e-05
21629,2,2e-05
101269,2,2e-05
250179,2,2e-05
161061,2,2e-05
231136,2,2e-05
290381,2,2e-05
11127,2,2e-05
51015,2,2e-05
151055,2,2e-05
120773,2,2e-05
260369,2,2e-05
230644,2,2e-05
20959,2,2e-05
181114,2,2e-05
261239,2,2e-05
300379,2,2e-05
280810,2,2e-05
20797,2,2e-05
180291,2,2e-05
160605,2,2e-05
280153,2,2e-05
181061,2,2e-05
280123,2,2e-05
131000,2,2e-05
140409,2,2e-05
260144,2,2e-05
300335,2,2e-05
100624,2,2e-05
140804,2,2e-05
200651,2,2e-05
548372,2,2e-05
140692,2,2e-05
40158,2,2e-05
170868,2,2e-05
20230,2,2e-05
190646,2,2e-05
120892,2,2e-05
180437,2,2e-05
70324,2,2e-05
230573,2,2e-05
190609,2,2e-05
131179,2,2e-05
310718,2,2e-05
31058,2,2e-05
20197,2,2e-05
110926,2,2e-05
311129,2,2e-05
280999,2,2e-05
270847,2,2e-05
300419,2,2e-05
271157,2,2e-05
131230,2,2e-05
170236,2,2e-05
240688,2,2e-05
270553,2,2e-05
101253,2,2e-05
50504,2,2e-05
280835,2,2e-05
80573,2,2e-05
191189,2,2e-05
220896,2,2e-05
131198,2,2e-05
81073,2,2e-05
250451,2,2e-05
170707,2,2e-05
211069,2,2e-05
280296,2,2e-05
151288,2,2e-05
160867,2,2e-05
60126,2,2e-05
50225,2,2e-05
70979,2,2e-05
300895,2,2e-05
368984,2,2e-05
90919,2,2e-05
131127,2,2e-05
100905,2,2e-05
111231,2,2e-05
250288,2,2e-05
200754,2,2e-05
30725,2,2e-05
210182,2,2e-05
221166,2,2e-05
260540,2,2e-05
50982,2,2e-05
240959,2,2e-05
180694,2,2e-05
140161,2,2e-05
180300,2,2e-05
90301,2,2e-05
250763,2,2e-05
291291,2,2e-05
170610,2,2e-05
250811,2,2e-05
190254,2,2e-05
130961,2,2e-05
301201,2,2e-05
10826,2,2e-05
50149,2,2e-05
71163,2,2e-05
231245,2,2e-05
220495,2,2e-05
60636,2,2e-05
260156,2,2e-05
310111,2,2e-05
221132,2,2e-05
250139,2,2e-05
793781,2,2e-05
230662,2,2e-05
180386,2,2e-05
90169,2,2e-05
160220,2,2e-05
231248,2,2e-05
140265,2,2e-05
60981,2,2e-05
230432,2,2e-05
91219,2,2e-05
120965,2,2e-05
120606,2,2e-05
120417,2,2e-05
220452,2,2e-05
40304,2,2e-05
11145,2,2e-05
140276,2,2e-05
140120,2,2e-05
989744,2,2e-05
71249,2,2e-05
250571,2,2e-05
180832,2,2e-05
40981,2,2e-05
20982,2,2e-05
423536,2,2e-05
241194,2,2e-05
20912,2,2e-05
110183,2,2e-05
290920,2,2e-05
310844,2,2e-05
250686,2,2e-05
160101,2,2e-05
141216,2,2e-05
50119,2,2e-05
20635,2,2e-05
60156,2,2e-05
311258,2,2e-05
81250,2,2e-05
280548,2,2e-05
10182,2,2e-05
160578,2,2e-05
220524,2,2e-05
20742,2,2e-05
190854,2,2e-05
181043,2,2e-05
20630,2,2e-05
291108,2,2e-05
270863,2,2e-05
220303,2,2e-05
70698,2,2e-05
110578,2,2e-05
161288,2,2e-05
50608,2,2e-05
40477,2,2e-05
220163,2,2e-05
161206,2,2e-05
301237,2,2e-05
90224,2,2e-05
280108,2,2e-05
41167,2,2e-05
201092,2,2e-05
623776,2,2e-05
120574,2,2e-05
211024,2,2e-05
160443,2,2e-05
230539,2,2e-05
280960,2,2e-05
31007,2,2e-05
251033,2,2e-05
81135,2,2e-05
240578,2,2e-05
230780,2,2e-05
290276,2,2e-05
190964,2,2e-05
61255,2,2e-05
110766,2,2e-05
300633,2,2e-05
290838,2,2e-05
101148,2,2e-05
210843,2,2e-05
140299,2,2e-05
230454,2,2e-05
80708,2,2e-05
894035,2,2e-05
90858,2,2e-05
60213,2,2e-05
230226,2,2e-05
71227,2,2e-05
11003,2,2e-05
70998,2,2e-05
150333,2,2e-05
150575,2,2e-05
100477,2,2e-05
251001,2,2e-05
190213,2,2e-05
10342,2,2e-05
290277,2,2e-05
180114,2,2e-05
120434,2,2e-05
141165,2,2e-05
221248,2,2e-05
51067,2,2e-05
80183,2,2e-05
180237,2,2e-05
120427,2,2e-05
100511,2,2e-05
160869,2,2e-05
300457,2,2e-05
40825,2,2e-05
240882,2,2e-05
10218,2,2e-05
20427,2,2e-05
230563,2,2e-05
221272,2,2e-05
110283,2,2e-05
260308,2,2e-05
190105,2,2e-05
100269,2,2e-05
250688,2,2e-05
21123,2,2e-05
100475,2,2e-05
80843,2,2e-05
270311,2,2e-05
161209,2,2e-05
191248,2,2e-05
61168,2,2e-05
241114,2,2e-05
181022,2,2e-05
90599,2,2e-05
110315,2,2e-05
270732,2,2e-05
231059,2,2e-05
170534,2,2e-05
140681,2,2e-05
251145,2,2e-05
160986,2,2e-05
80672,2,2e-05
60379,2,2e-05
70678,2,2e-05
280744,2,2e-05
170242,2,2e-05
111182,2,2e-05
220130,2,2e-05
161159,2,2e-05
310142,2,2e-05
30451,2,2e-05
240426,2,2e-05
20337,2,2e-05
241031,2,2e-05
171104,2,2e-05
170628,2,2e-05
241211,2,2e-05
170351,2,2e-05
170251,2,2e-05
40903,2,2e-05
776764,2,2e-05
200725,2,2e-05
955576,2,2e-05
221104,2,2e-05
300612,2,2e-05
240199,2,2e-05
51213,2,2e-05
210265,2,2e-05
180449,2,2e-05
220323,2,2e-05
160120,2,2e-05
251020,2,2e-05
80452,2,2e-05
220605,2,2e-05
10759,2,2e-05
60411,2,2e-05
131041,2,2e-05
362387,2,2e-05
211180,2,2e-05
130429,2,2e-05
31217,2,2e-05
30752,2,2e-05
200670,2,2e-05
40191,2,2e-05
151257,2,2e-05
10963,2,2e-05
160924,2,2e-05
160116,2,2e-05
171267,2,2e-05
150886,2,2e-05
91029,2,2e-05
261190,2,2e-05
290771,2,2e-05
70187,2,2e-05
220728,2,2e-05
150636,2,2e-05
200961,2,2e-05
240763,2,2e-05
121112,2,2e-05
20282,2,2e-05
210735,2,2e-05
200224,2,2e-05
21041,2,2e-05
355724,2,2e-05
150653,2,2e-05
61280,2,2e-05
10520,2,2e-05
190658,2,2e-05
310675,2,2e-05
220916,2,2e-05
70649,2,2e-05
110920,2,2e-05
70634,2,2e-05
231213,2,2e-05
40679,2,2e-05
200614,2,2e-05
81275,2,2e-05
91028,2,2e-05
281290,2,2e-05
130833,2,2e-05
378724,2,2e-05
131009,2,2e-05
120550,2,2e-05
100302,2,2e-05
290680,2,2e-05
80355,2,2e-05
50911,2,2e-05
90828,2,2e-05
21205,2,2e-05
280206,2,2e-05
260868,2,2e-05
301122,2,2e-05
261094,2,2e-05
151041,2,2e-05
10461,2,2e-05
50607,2,2e-05
160982,2,2e-05
230313,2,2e-05
100872,2,2e-05
41065,2,2e-05
290737,2,2e-05
211011,2,2e-05
160452,2,2e-05
90650,2,2e-05
251168,2,2e-05
150472,2,2e-05
10597,2,2e-05
150883,2,2e-05
11211,2,2e-05
110566,2,2e-05
160622,2,2e-05
300657,2,2e-05
310350,2,2e-05
110126,2,2e-05
151020,2,2e-05
120383,2,2e-05
90482,2,2e-05
51176,2,2e-05
270337,2,2e-05
150530,2,2e-05
291076,2,2e-05
30550,2,2e-05
180312,2,2e-05
180169,2,2e-05
61043,2,2e-05
131275,2,2e-05
10260,2,2e-05
200698,2,2e-05
851939,2,2e-05
110559,2,2e-05
190312,2,2e-05
181202,2,2e-05
101185,2,2e-05
192918,2,2e-05
290747,2,2e-05
231171,2,2e-05
50371,2,2e-05
270907,2,2e-05
150904,2,2e-05
40344,2,2e-05
161029,2,2e-05
557556,2,2e-05
251013,2,2e-05
211234,2,2e-05
280529,2,2e-05
110345,2,2e-05
290311,2,2e-05
310349,2,2e-05
270815,2,2e-05
120721,2,2e-05
60975,2,2e-05
80139,2,2e-05
240868,2,2e-05
81070,2,2e-05
140179,2,2e-05
61163,2,2e-05
150973,2,2e-05
150673,2,2e-05
220257,2,2e-05
130944,2,2e-05
161129,2,2e-05
50569,2,2e-05
160732,2,2e-05
70546,2,2e-05
181048,2,2e-05
280628,2,2e-05
160921,2,2e-05
300373,2,2e-05
231185,2,2e-05
241261,2,2e-05
51037,2,2e-05
161210,2,2e-05
180356,2,2e-05
230261,2,2e-05
201219,2,2e-05
30871,2,2e-05
251230,2,2e-05
60477,2,2e-05
10269,2,2e-05
180929,2,2e-05
131255,2,2e-05
140344,2,2e-05
180520,2,2e-05
176827,2,2e-05
191293,2,2e-05
80929,2,2e-05
300851,2,2e-05
230844,2,2e-05
81027,2,2e-05
190195,2,2e-05
170836,2,2e-05
201209,2,2e-05
290832,2,2e-05
240570,2,2e-05
250141,2,2e-05
10508,2,2e-05
491016,2,2e-05
41117,2,2e-05
300977,2,2e-05
30476,2,2e-05
200605,2,2e-05
30713,2,2e-05
141298,2,2e-05
50153,2,2e-05
310734,2,2e-05
20822,2,2e-05
300678,2,2e-05
300597,2,2e-05
261277,2,2e-05
141253,2,2e-05
300849,2,2e-05
290928,2,2e-05
100817,2,2e-05
280863,2,2e-05
160134,2,2e-05
180505,2,2e-05
40888,2,2e-05
250772,2,2e-05
290125,2,2e-05
80362,2,2e-05
71194,2,2e-05
250487,2,2e-05
261073,2,2e-05
81051,2,2e-05
211110,2,2e-05
220859,2,2e-05
200793,2,2e-05
240537,2,2e-05
100356,2,2e-05
260241,2,2e-05
141126,2,2e-05
210397,2,2e-05
250168,2,2e-05
251133,2,2e-05
270639,2,2e-05
51298,2,2e-05
150901,2,2e-05
310129,2,2e-05
270389,2,2e-05
280940,2,2e-05
30670,2,2e-05
60605,2,2e-05
290988,2,2e-05
251098,2,2e-05
200755,2,2e-05
140493,2,2e-05
90274,2,2e-05
60234,2,2e-05
231176,2,2e-05
140835,2,2e-05
190121,2,2e-05
120233,2,2e-05
291134,2,2e-05
996068,2,2e-05
50160,2,2e-05
280132,2,2e-05
990181,2,2e-05
170646,2,2e-05
251074,2,2e-05
110975,2,2e-05
60806,2,2e-05
200338,2,2e-05
30882,2,2e-05
250678,2,2e-05
81220,2,2e-05
210762,2,2e-05
110728,2,2e-05
110432,2,2e-05
291053,2,2e-05
200764,2,2e-05
41048,2,2e-05
30320,2,2e-05
271002,2,2e-05
250547,2,2e-05
80641,2,2e-05
40927,2,2e-05
240312,2,2e-05
290473,2,2e-05
60482,2,2e-05
61034,2,2e-05
91119,2,2e-05
40806,2,2e-05
180662,2,2e-05
250160,2,2e-05
311171,2,2e-05
140333,2,2e-05
41265,2,2e-05
30939,2,2e-05
121272,2,2e-05
220990,2,2e-05
230383,2,2e-05
220704,2,2e-05
170339,2,2e-05
111093,2,2e-05
10989,2,2e-05
310272,2,2e-05
181144,2,2e-05
61115,2,2e-05
220533,2,2e-05
20479,2,2e-05
290597,2,2e-05
220262,2,2e-05
280346,2,2e-05
60687,2,2e-05
251266,2,2e-05
120731,2,2e-05
80063,2,2e-05
90457,2,2e-05
141281,2,2e-05
120568,2,2e-05
141079,2,2e-05
130181,2,2e-05
130588,2,2e-05
10214,2,2e-05
50928,2,2e-05
150436,2,2e-05
241163,2,2e-05
140407,2,2e-05
51040,2,2e-05
270235,2,2e-05
101112,2,2e-05
271235,2,2e-05
270404,2,2e-05
180532,2,2e-05
200867,2,2e-05
10246,2,2e-05
210236,2,2e-05
24742,2,2e-05
50772,2,2e-05
161191,2,2e-05
211019,2,2e-05
240460,2,2e-05
191107,2,2e-05
349092,2,2e-05
50424,2,2e-05
50443,2,2e-05
160654,2,2e-05
51094,2,2e-05
170601,2,2e-05
191088,2,2e-05
71151,2,2e-05
51087,2,2e-05
140246,2,2e-05
61074,2,2e-05
200452,2,2e-05
190163,2,2e-05
250841,2,2e-05
40814,2,2e-05
260535,2,2e-05
250522,2,2e-05
210838,2,2e-05
90836,2,2e-05
291064,2,2e-05
310453,2,2e-05
120342,2,2e-05
200496,2,2e-05
120436,2,2e-05
180839,2,2e-05
100303,2,2e-05
140146,2,2e-05
200184,2,2e-05
100792,2,2e-05
250995,2,2e-05
10878,2,2e-05
270786,2,2e-05
251014,2,2e-05
241138,2,2e-05
240867,2,2e-05
101233,2,2e-05
180703,2,2e-05
261224,2,2e-05
120159,2,2e-05
300619,2,2e-05
170634,2,2e-05
81263,2,2e-05
11232,2,2e-05
20878,2,2e-05
60942,2,2e-05
10102,2,2e-05
230548,2,2e-05
141111,2,2e-05
181200,2,2e-05
110928,2,2e-05
110293,2,2e-05
230531,2,2e-05
120879,2,2e-05
220281,2,2e-05
290789,2,2e-05
20271,2,2e-05
130808,2,2e-05
40553,2,2e-05
180189,2,2e-05
50623,2,2e-05
210405,2,2e-05
220873,2,2e-05
80865,2,2e-05
291245,2,2e-05
100676,2,2e-05
300216,2,2e-05
51117,2,2e-05
200228,2,2e-05
310300,2,2e-05
140580,2,2e-05
60397,2,2e-05
291203,2,2e-05
30644,2,2e-05
269164,1,1e-05
365088,1,1e-05
160515,1,1e-05
365773,1,1e-05
968077,1,1e-05
50180,1,1e-05
554866,1,1e-05
923229,1,1e-05
349963,1,1e-05
144474,1,1e-05
181779,1,1e-05
346852,1,1e-05
261181,1,1e-05
90469,1,1e-05
160395,1,1e-05
945066,1,1e-05
745930,1,1e-05
183954,1,1e-05
141140,1,1e-05
132124,1,1e-05
70477,1,1e-05
248165,1,1e-05
182881,1,1e-05
634915,1,1e-05
542380,1,1e-05
829191,1,1e-05
682773,1,1e-05
363433,1,1e-05
559523,1,1e-05
74570,1,1e-05
305095,1,1e-05
50934,1,1e-05
500868,1,1e-05
905417,1,1e-05
568356,1,1e-05
870516,1,1e-05
267811,1,1e-05
957361,1,1e-05
90495,1,1e-05
70784,1,1e-05
615773,1,1e-05
720203,1,1e-05
31005,1,1e-05
395430,1,1e-05
955639,1,1e-05
240218,1,1e-05
647048,1,1e-05
522923,1,1e-05
550573,1,1e-05
896086,1,1e-05
746646,1,1e-05
633266,1,1e-05
930410,1,1e-05
786695,1,1e-05
999771,1,1e-05
221296,1,1e-05
652189,1,1e-05
140374,1,1e-05
576268,1,1e-05
151076,1,1e-05
50585,1,1e-05
91048,1,1e-05
230468,1,1e-05
53256,1,1e-05
70668,1,1e-05
394595,1,1e-05
540236,1,1e-05
669243,1,1e-05
679245,1,1e-05
16261,1,1e-05
983860,1,1e-05
104064,1,1e-05
150691,1,1e-05
61086,1,1e-05
709265,1,1e-05
190352,1,1e-05
333999,1,1e-05
918317,1,1e-05
109213,1,1e-05
200324,1,1e-05
80349,1,1e-05
80506,1,1e-05
111043,1,1e-05
160865,1,1e-05
84907,1,1e-05
10671,1,1e-05
40875,1,1e-05
790542,1,1e-05
28096,1,1e-05
584054,1,1e-05
141207,1,1e-05
150594,1,1e-05
61270,1,1e-05
27956,1,1e-05
253307,1,1e-05
10656,1,1e-05
170597,1,1e-05
481489,1,1e-05
359098,1,1e-05
46075,1,1e-05
60654,1,1e-05
270837,1,1e-05
130321,1,1e-05
978091,1,1e-05
777864,1,1e-05
310490,1,1e-05
369633,1,1e-05
60424,1,1e-05
223517,1,1e-05
735603,1,1e-05
71260,1,1e-05
776407,1,1e-05
212084,1,1e-05
755753,1,1e-05
463967,1,1e-05
180131,1,1e-05
20518,1,1e-05
682804,1,1e-05
170953,1,1e-05
40290,1,1e-05
160624,1,1e-05
620003,1,1e-05
234680,1,1e-05
509559,1,1e-05
292247,1,1e-05
251247,1,1e-05
979832,1,1e-05
477073,1,1e-05
538268,1,1e-05
953985,1,1e-05
368539,1,1e-05
180313,1,1e-05
57779,1,1e-05
446492,1,1e-05
960885,1,1e-05
835693,1,1e-05
281066,1,1e-05
10116,1,1e-05
221066,1,1e-05
440269,1,1e-05
336821,1,1e-05
620411,1,1e-05
10516,1,1e-05
177595,1,1e-05
210639,1,1e-05
741804,1,1e-05
180646,1,1e-05
238539,1,1e-05
567220,1,1e-05
351086,1,1e-05
984397,1,1e-05
466528,1,1e-05
220857,1,1e-05
811050,1,1e-05
995246,1,1e-05
184699,1,1e-05
792692,1,1e-05
79507,1,1e-05
30370,1,1e-05
190261,1,1e-05
702763,1,1e-05
654067,1,1e-05
171154,1,1e-05
241060,1,1e-05
994475,1,1e-05
231264,1,1e-05
249627,1,1e-05
131188,1,1e-05
141206,1,1e-05
776785,1,1e-05
160570,1,1e-05
312210,1,1e-05
881488,1,1e-05
70112,1,1e-05
920416,1,1e-05
851563,1,1e-05
861268,1,1e-05
332250,1,1e-05
200921,1,1e-05
41233,1,1e-05
300697,1,1e-05
818962,1,1e-05
639899,1,1e-05
181261,1,1e-05
719658,1,1e-05
68949,1,1e-05
478867,1,1e-05
210893,1,1e-05
220812,1,1e-05
206559,1,1e-05
181243,1,1e-05
397207,1,1e-05
452593,1,1e-05
275774,1,1e-05
597626,1,1e-05
89789,1,1e-05
80346,1,1e-05
318886,1,1e-05
263587,1,1e-05
191230,1,1e-05
21187,1,1e-05
626035,1,1e-05
300589,1,1e-05
337166,1,1e-05
150860,1,1e-05
269410,1,1e-05
190188,1,1e-05
11083,1,1e-05
140853,1,1e-05
110229,1,1e-05
398146,1,1e-05
70736,1,1e-05
11560,1,1e-05
273481,1,1e-05
901494,1,1e-05
233472,1,1e-05
80999,1,1e-05
210290,1,1e-05
271277,1,1e-05
210586,1,1e-05
600994,1,1e-05
316121,1,1e-05
290479,1,1e-05
117672,1,1e-05
900756,1,1e-05
369491,1,1e-05
753579,1,1e-05
999607,1,1e-05
10931,1,1e-05
285654,1,1e-05
678856,1,1e-05
809871,1,1e-05
232740,1,1e-05
448045,1,1e-05
368166,1,1e-05
40019,1,1e-05
10196,1,1e-05
164741,1,1e-05
169312,1,1e-05
57078,1,1e-05
302604,1,1e-05
713485,1,1e-05
406984,1,1e-05
403135,1,1e-05
11235,1,1e-05
100683,1,1e-05
101172,1,1e-05
766732,1,1e-05
342263,1,1e-05
642157,1,1e-05
93051,1,1e-05
195703,1,1e-05
154780,1,1e-05
251209,1,1e-05
80147,1,1e-05
754545,1,1e-05
30782,1,1e-05
429572,1,1e-05
470821,1,1e-05
150440,1,1e-05
101243,1,1e-05
753384,1,1e-05
150510,1,1e-05
120178,1,1e-05
688047,1,1e-05
771491,1,1e-05
812355,1,1e-05
28644,1,1e-05
499602,1,1e-05
61290,1,1e-05
730195,1,1e-05
163774,1,1e-05
607004,1,1e-05
110754,1,1e-05
71170,1,1e-05
300830,1,1e-05
536906,1,1e-05
246759,1,1e-05
325115,1,1e-05
583093,1,1e-05
75682,1,1e-05
366512,1,1e-05
250697,1,1e-05
305181,1,1e-05
91832,1,1e-05
587657,1,1e-05
457697,1,1e-05
10518,1,1e-05
443943,1,1e-05
310838,1,1e-05
479785,1,1e-05
929934,1,1e-05
568509,1,1e-05
811232,1,1e-05
240444,1,1e-05
260667,1,1e-05
739365,1,1e-05
180495,1,1e-05
836944,1,1e-05
240559,1,1e-05
735056,1,1e-05
664856,1,1e-05
10352,1,1e-05
569632,1,1e-05
20898,1,1e-05
20531,1,1e-05
105748,1,1e-05
160713,1,1e-05
586368,1,1e-05
540691,1,1e-05
459676,1,1e-05
302577,1,1e-05
236298,1,1e-05
241140,1,1e-05
568358,1,1e-05
683453,1,1e-05
270465,1,1e-05
619215,1,1e-05
40177,1,1e-05
61221,1,1e-05
120838,1,1e-05
94640,1,1e-05
10107,1,1e-05
787876,1,1e-05
403516,1,1e-05
637647,1,1e-05
520269,1,1e-05
628277,1,1e-05
231028,1,1e-05
346544,1,1e-05
373633,1,1e-05
911762,1,1e-05
564417,1,1e-05
900108,1,1e-05
322019,1,1e-05
595828,1,1e-05
733645,1,1e-05
140329,1,1e-05
782097,1,1e-05
210147,1,1e-05
509765,1,1e-05
221115,1,1e-05
120403,1,1e-05
627336,1,1e-05
70811,1,1e-05
721080,1,1e-05
228050,1,1e-05
147949,1,1e-05
171080,1,1e-05
97833,1,1e-05
252658,1,1e-05
11759,1,1e-05
397456,1,1e-05
220422,1,1e-05
271228,1,1e-05
120204,1,1e-05
21220,1,1e-05
843347,1,1e-05
872651,1,1e-05
959141,1,1e-05
684505,1,1e-05
843048,1,1e-05
120736,1,1e-05
511769,1,1e-05
559531,1,1e-05
991131,1,1e-05
459111,1,1e-05
170773,1,1e-05
11149,1,1e-05
141032,1,1e-05
910361,1,1e-05
213695,1,1e-05
607794,1,1e-05
230448,1,1e-05
110291,1,1e-05
387398,1,1e-05
455875,1,1e-05
240904,1,1e-05
169345,1,1e-05
695868,1,1e-05
131048,1,1e-05
230814,1,1e-05
854254,1,1e-05
550589,1,1e-05
997073,1,1e-05
61195,1,1e-05
835665,1,1e-05
732884,1,1e-05
19839,1,1e-05
90739,1,1e-05
240344,1,1e-05
160332,1,1e-05
40622,1,1e-05
205332,1,1e-05
151177,1,1e-05
231037,1,1e-05
411724,1,1e-05
100419,1,1e-05
955299,1,1e-05
191004,1,1e-05
983801,1,1e-05
731303,1,1e-05
432987,1,1e-05
230274,1,1e-05
539048,1,1e-05
24390,1,1e-05
181059,1,1e-05
860945,1,1e-05
31222,1,1e-05
933765,1,1e-05
936561,1,1e-05
804173,1,1e-05
35477,1,1e-05
133045,1,1e-05
823899,1,1e-05
56265,1,1e-05
211177,1,1e-05
180895,1,1e-05
488086,1,1e-05
499181,1,1e-05
120150,1,1e-05
140314,1,1e-05
60638,1,1e-05
874294,1,1e-05
726043,1,1e-05
261269,1,1e-05
593466,1,1e-05
655664,1,1e-05
110426,1,1e-05
760600,1,1e-05
280532,1,1e-05
41322,1,1e-05
521800,1,1e-05
900888,1,1e-05
270458,1,1e-05
130976,1,1e-05
130300,1,1e-05
313157,1,1e-05
181010,1,1e-05
41001,1,1e-05
659063,1,1e-05
320408,1,1e-05
589826,1,1e-05
601782,1,1e-05
918412,1,1e-05
220749,1,1e-05
648675,1,1e-05
441312,1,1e-05
171081,1,1e-05
60579,1,1e-05
697276,1,1e-05
342815,1,1e-05
160514,1,1e-05
161579,1,1e-05
848936,1,1e-05
874965,1,1e-05
889883,1,1e-05
231085,1,1e-05
90914,1,1e-05
838370,1,1e-05
260738,1,1e-05
498004,1,1e-05
270133,1,1e-05
671437,1,1e-05
150274,1,1e-05
279941,1,1e-05
231079,1,1e-05
922275,1,1e-05
54582,1,1e-05
56948,1,1e-05
22343,1,1e-05
598874,1,1e-05
978015,1,1e-05
170596,1,1e-05
265287,1,1e-05
240343,1,1e-05
306930,1,1e-05
458564,1,1e-05
205548,1,1e-05
260276,1,1e-05
90990,1,1e-05
970459,1,1e-05
584381,1,1e-05
150856,1,1e-05
217968,1,1e-05
500752,1,1e-05
922975,1,1e-05
110557,1,1e-05
838381,1,1e-05
702424,1,1e-05
97564,1,1e-05
679716,1,1e-05
50238,1,1e-05
91093,1,1e-05
752376,1,1e-05
597188,1,1e-05
848474,1,1e-05
697215,1,1e-05
693165,1,1e-05
190372,1,1e-05
110475,1,1e-05
240147,1,1e-05
201020,1,1e-05
72580,1,1e-05
128852,1,1e-05
504414,1,1e-05
512636,1,1e-05
544386,1,1e-05
345632,1,1e-05
140695,1,1e-05
750027,1,1e-05
703639,1,1e-05
863676,1,1e-05
130952,1,1e-05
260218,1,1e-05
92854,1,1e-05
464949,1,1e-05
382982,1,1e-05
556642,1,1e-05
923315,1,1e-05
703290,1,1e-05
159269,1,1e-05
297600,1,1e-05
67576,1,1e-05
153992,1,1e-05
455240,1,1e-05
375660,1,1e-05
122559,1,1e-05
103966,1,1e-05
300263,1,1e-05
860873,1,1e-05
140687,1,1e-05
768424,1,1e-05
882799,1,1e-05
639920,1,1e-05
235893,1,1e-05
341998,1,1e-05
80515,1,1e-05
190652,1,1e-05
744213,1,1e-05
61235,1,1e-05
845211,1,1e-05
290203,1,1e-05
962513,1,1e-05
210816,1,1e-05
260764,1,1e-05
10160,1,1e-05
598162,1,1e-05
802429,1,1e-05
120716,1,1e-05
786313,1,1e-05
203552,1,1e-05
200673,1,1e-05
941621,1,1e-05
344500,1,1e-05
290971,1,1e-05
140805,1,1e-05
150803,1,1e-05
168827,1,1e-05
916734,1,1e-05
41122,1,1e-05
714058,1,1e-05
180625,1,1e-05
379149,1,1e-05
639898,1,1e-05
613771,1,1e-05
866022,1,1e-05
947422,1,1e-05
30448,1,1e-05
625401,1,1e-05
210388,1,1e-05
556852,1,1e-05
642458,1,1e-05
310307,1,1e-05
70936,1,1e-05
131001,1,1e-05
220715,1,1e-05
120413,1,1e-05
26357,1,1e-05
568446,1,1e-05
180599,1,1e-05
191233,1,1e-05
670233,1,1e-05
549949,1,1e-05
60500,1,1e-05
49415,1,1e-05
250729,1,1e-05
200882,1,1e-05
577716,1,1e-05
759486,1,1e-05
230543,1,1e-05
140413,1,1e-05
234774,1,1e-05
70288,1,1e-05
220114,1,1e-05
765748,1,1e-05
100453,1,1e-05
231149,1,1e-05
36403,1,1e-05
965397,1,1e-05
855173,1,1e-05
160616,1,1e-05
172182,1,1e-05
300842,1,1e-05
160949,1,1e-05
596281,1,1e-05
79666,1,1e-05
163986,1,1e-05
181289,1,1e-05
210654,1,1e-05
710897,1,1e-05
539105,1,1e-05
150084,1,1e-05
40967,1,1e-05
207562,1,1e-05
828856,1,1e-05
226864,1,1e-05
551345,1,1e-05
65663,1,1e-05
61175,1,1e-05
869288,1,1e-05
270488,1,1e-05
394327,1,1e-05
440693,1,1e-05
785878,1,1e-05
408354,1,1e-05
213500,1,1e-05
121239,1,1e-05
998344,1,1e-05
140197,1,1e-05
522012,1,1e-05
6690,1,1e-05
70298,1,1e-05
182918,1,1e-05
180674,1,1e-05
917048,1,1e-05
31214,1,1e-05
250196,1,1e-05
298012,1,1e-05
140728,1,1e-05
195919,1,1e-05
358742,1,1e-05
506120,1,1e-05
40455,1,1e-05
508383,1,1e-05
733548,1,1e-05
40838,1,1e-05
610129,1,1e-05
564131,1,1e-05
487349,1,1e-05
7041,1,1e-05
262294,1,1e-05
129150,1,1e-05
721983,1,1e-05
449313,1,1e-05
703459,1,1e-05
394700,1,1e-05
40958,1,1e-05
320218,1,1e-05
211078,1,1e-05
130127,1,1e-05
967003,1,1e-05
130498,1,1e-05
270354,1,1e-05
613723,1,1e-05
514761,1,1e-05
598116,1,1e-05
59213,1,1e-05
753077,1,1e-05
48543,1,1e-05
460046,1,1e-05
649099,1,1e-05
805863,1,1e-05
295105,1,1e-05
17642,1,1e-05
291349,1,1e-05
741789,1,1e-05
68215,1,1e-05
124812,1,1e-05
849954,1,1e-05
131005,1,1e-05
863728,1,1e-05
472171,1,1e-05
499119,1,1e-05
373257,1,1e-05
124072,1,1e-05
285693,1,1e-05
30240,1,1e-05
614779,1,1e-05
290439,1,1e-05
302010,1,1e-05
241402,1,1e-05
240406,1,1e-05
90513,1,1e-05
690580,1,1e-05
90672,1,1e-05
201157,1,1e-05
90982,1,1e-05
391346,1,1e-05
140951,1,1e-05
971946,1,1e-05
892900,1,1e-05
336070,1,1e-05
428247,1,1e-05
12468,1,1e-05
593520,1,1e-05
180181,1,1e-05
560023,1,1e-05
120194,1,1e-05
521334,1,1e-05
500049,1,1e-05
197903,1,1e-05
292196,1,1e-05
778094,1,1e-05
631908,1,1e-05
80126,1,1e-05
396456,1,1e-05
269287,1,1e-05
781256,1,1e-05
319093,1,1e-05
384798,1,1e-05
158579,1,1e-05
647701,1,1e-05
120243,1,1e-05
60263,1,1e-05
71747,1,1e-05
147840,1,1e-05
897168,1,1e-05
402638,1,1e-05
10571,1,1e-05
20383,1,1e-05
130615,1,1e-05
860138,1,1e-05
646588,1,1e-05
614856,1,1e-05
735305,1,1e-05
221233,1,1e-05
220124,1,1e-05
180319,1,1e-05
552835,1,1e-05
91254,1,1e-05
230584,1,1e-05
529354,1,1e-05
881846,1,1e-05
341465,1,1e-05
121056,1,1e-05
180678,1,1e-05
261339,1,1e-05
142859,1,1e-05
140550,1,1e-05
733407,1,1e-05
248337,1,1e-05
672448,1,1e-05
474682,1,1e-05
302289,1,1e-05
269954,1,1e-05
310986,1,1e-05
658155,1,1e-05
46283,1,1e-05
926801,1,1e-05
300526,1,1e-05
634310,1,1e-05
995918,1,1e-05
219551,1,1e-05
926434,1,1e-05
517521,1,1e-05
574466,1,1e-05
605025,1,1e-05
270673,1,1e-05
979075,1,1e-05
760319,1,1e-05
290299,1,1e-05
574309,1,1e-05
543009,1,1e-05
445754,1,1e-05
60828,1,1e-05
270110,1,1e-05
640150,1,1e-05
796422,1,1e-05
748229,1,1e-05
281264,1,1e-05
154403,1,1e-05
101362,1,1e-05
10808,1,1e-05
674289,1,1e-05
180419,1,1e-05
401933,1,1e-05
227721,1,1e-05
498385,1,1e-05
597252,1,1e-05
690990,1,1e-05
401618,1,1e-05
180858,1,1e-05
180521,1,1e-05
170664,1,1e-05
27973,1,1e-05
10530,1,1e-05
672385,1,1e-05
251000,1,1e-05
110592,1,1e-05
160106,1,1e-05
305532,1,1e-05
787092,1,1e-05
781107,1,1e-05
161063,1,1e-05
24645,1,1e-05
537298,1,1e-05
951717,1,1e-05
268180,1,1e-05
261110,1,1e-05
181286,1,1e-05
820598,1,1e-05
448449,1,1e-05
54963,1,1e-05
811222,1,1e-05
70449,1,1e-05
14991,1,1e-05
39926,1,1e-05
376074,1,1e-05
496802,1,1e-05
731354,1,1e-05
595934,1,1e-05
90797,1,1e-05
986873,1,1e-05
942270,1,1e-05
515485,1,1e-05
16982,1,1e-05
121287,1,1e-05
778700,1,1e-05
867084,1,1e-05
190667,1,1e-05
353606,1,1e-05
763912,1,1e-05
211142,1,1e-05
374251,1,1e-05
248308,1,1e-05
191288,1,1e-05
96159,1,1e-05
90317,1,1e-05
180247,1,1e-05
664399,1,1e-05
563035,1,1e-05
556273,1,1e-05
240425,1,1e-05
623656,1,1e-05
141280,1,1e-05
230659,1,1e-05
121136,1,1e-05
120330,1,1e-05
44179,1,1e-05
341399,1,1e-05
240395,1,1e-05
377009,1,1e-05
799793,1,1e-05
340635,1,1e-05
510697,1,1e-05
890734,1,1e-05
140466,1,1e-05
31293,1,1e-05
300384,1,1e-05
307026,1,1e-05
64911,1,1e-05
150933,1,1e-05
763260,1,1e-05
20121,1,1e-05
376372,1,1e-05
60583,1,1e-05
608592,1,1e-05
241014,1,1e-05
71220,1,1e-05
260529,1,1e-05
226411,1,1e-05
61266,1,1e-05
63905,1,1e-05
190618,1,1e-05
221105,1,1e-05
21291,1,1e-05
51137,1,1e-05
56106,1,1e-05
703614,1,1e-05
312266,1,1e-05
306704,1,1e-05
160877,1,1e-05
50250,1,1e-05
120349,1,1e-05
702535,1,1e-05
649778,1,1e-05
130549,1,1e-05
951013,1,1e-05
100750,1,1e-05
280325,1,1e-05
280256,1,1e-05
288031,1,1e-05
877199,1,1e-05
160377,1,1e-05
10248,1,1e-05
867586,1,1e-05
804211,1,1e-05
410042,1,1e-05
392319,1,1e-05
750177,1,1e-05
287401,1,1e-05
85575,1,1e-05
952689,1,1e-05
419835,1,1e-05
300446,1,1e-05
209112,1,1e-05
681002,1,1e-05
180915,1,1e-05
390036,1,1e-05
300955,1,1e-05
309928,1,1e-05
240292,1,1e-05
802359,1,1e-05
140281,1,1e-05
308761,1,1e-05
308120,1,1e-05
281223,1,1e-05
743214,1,1e-05
823825,1,1e-05
10619,1,1e-05
251106,1,1e-05
141200,1,1e-05
563245,1,1e-05
37961,1,1e-05
501759,1,1e-05
231297,1,1e-05
94225,1,1e-05
788744,1,1e-05
203174,1,1e-05
411648,1,1e-05
76050,1,1e-05
276068,1,1e-05
123632,1,1e-05
150764,1,1e-05
120732,1,1e-05
261025,1,1e-05
658310,1,1e-05
464418,1,1e-05
869941,1,1e-05
403999,1,1e-05
245620,1,1e-05
34111,1,1e-05
310504,1,1e-05
620385,1,1e-05
851986,1,1e-05
240624,1,1e-05
280889,1,1e-05
994654,1,1e-05
300812,1,1e-05
421093,1,1e-05
40914,1,1e-05
30993,1,1e-05
964106,1,1e-05
230422,1,1e-05
368046,1,1e-05
994567,1,1e-05
584985,1,1e-05
51073,1,1e-05
908719,1,1e-05
412543,1,1e-05
111029,1,1e-05
603884,1,1e-05
90161,1,1e-05
707043,1,1e-05
376359,1,1e-05
270678,1,1e-05
170388,1,1e-05
669553,1,1e-05
880812,1,1e-05
23779,1,1e-05
210510,1,1e-05
689642,1,1e-05
494314,1,1e-05
90385,1,1e-05
383862,1,1e-05
531284,1,1e-05
221213,1,1e-05
280235,1,1e-05
31149,1,1e-05
898638,1,1e-05
113432,1,1e-05
789586,1,1e-05
351650,1,1e-05
40793,1,1e-05
531089,1,1e-05
80770,1,1e-05
311131,1,1e-05
975977,1,1e-05
160250,1,1e-05
50103,1,1e-05
131153,1,1e-05
844813,1,1e-05
771853,1,1e-05
320830,1,1e-05
270654,1,1e-05
260573,1,1e-05
200789,1,1e-05
819723,1,1e-05
61085,1,1e-05
180526,1,1e-05
290608,1,1e-05
333653,1,1e-05
543885,1,1e-05
589750,1,1e-05
270874,1,1e-05
100462,1,1e-05
110127,1,1e-05
474637,1,1e-05
80170,1,1e-05
189692,1,1e-05
100032,1,1e-05
419897,1,1e-05
754955,1,1e-05
87908,1,1e-05
250273,1,1e-05
281225,1,1e-05
240266,1,1e-05
120132,1,1e-05
918605,1,1e-05
131357,1,1e-05
220791,1,1e-05
862653,1,1e-05
186410,1,1e-05
180972,1,1e-05
286331,1,1e-05
867020,1,1e-05
240560,1,1e-05
140683,1,1e-05
769723,1,1e-05
61051,1,1e-05
643717,1,1e-05
11104,1,1e-05
240405,1,1e-05
90387,1,1e-05
32561,1,1e-05
591704,1,1e-05
70510,1,1e-05
230598,1,1e-05
823291,1,1e-05
80855,1,1e-05
782327,1,1e-05
131159,1,1e-05
652559,1,1e-05
533956,1,1e-05
310811,1,1e-05
810036,1,1e-05
220380,1,1e-05
91285,1,1e-05
210718,1,1e-05
129219,1,1e-05
90831,1,1e-05
467556,1,1e-05
591093,1,1e-05
110551,1,1e-05
474758,1,1e-05
221207,1,1e-05
290936,1,1e-05
161069,1,1e-05
296377,1,1e-05
150773,1,1e-05
133666,1,1e-05
60267,1,1e-05
111119,1,1e-05
160745,1,1e-05
90989,1,1e-05
957875,1,1e-05
806140,1,1e-05
239336,1,1e-05
20187,1,1e-05
478940,1,1e-05
822948,1,1e-05
251159,1,1e-05
891839,1,1e-05
37161,1,1e-05
171236,1,1e-05
838858,1,1e-05
698315,1,1e-05
761773,1,1e-05
263261,1,1e-05
172383,1,1e-05
199506,1,1e-05
811974,1,1e-05
260165,1,1e-05
261130,1,1e-05
281528,1,1e-05
140862,1,1e-05
609326,1,1e-05
300318,1,1e-05
884661,1,1e-05
70779,1,1e-05
260777,1,1e-05
241197,1,1e-05
291012,1,1e-05
249480,1,1e-05
10637,1,1e-05
491682,1,1e-05
538493,1,1e-05
240288,1,1e-05
10570,1,1e-05
45420,1,1e-05
992249,1,1e-05
156725,1,1e-05
581637,1,1e-05
110162,1,1e-05
785196,1,1e-05
291250,1,1e-05
998735,1,1e-05
60420,1,1e-05
10574,1,1e-05
511479,1,1e-05
50418,1,1e-05
390675,1,1e-05
150866,1,1e-05
515847,1,1e-05
210437,1,1e-05
191246,1,1e-05
980377,1,1e-05
729985,1,1e-05
276722,1,1e-05
291026,1,1e-05
460840,1,1e-05
80729,1,1e-05
230986,1,1e-05
270254,1,1e-05
486971,1,1e-05
187239,1,1e-05
936597,1,1e-05
532816,1,1e-05
9443,1,1e-05
517051,1,1e-05
72544,1,1e-05
6442,1,1e-05
511364,1,1e-05
27046,1,1e-05
130597,1,1e-05
180534,1,1e-05
10487,1,1e-05
795255,1,1e-05
170225,1,1e-05
122865,1,1e-05
986721,1,1e-05
440452,1,1e-05
10195,1,1e-05
698091,1,1e-05
844341,1,1e-05
110633,1,1e-05
190127,1,1e-05
190280,1,1e-05
923284,1,1e-05
50137,1,1e-05
278607,1,1e-05
776015,1,1e-05
706219,1,1e-05
367642,1,1e-05
808607,1,1e-05
273678,1,1e-05
228523,1,1e-05
570505,1,1e-05
31087,1,1e-05
210672,1,1e-05
156376,1,1e-05
883385,1,1e-05
235360,1,1e-05
370197,1,1e-05
959022,1,1e-05
99414,1,1e-05
281149,1,1e-05
20357,1,1e-05
90648,1,1e-05
792441,1,1e-05
716158,1,1e-05
718326,1,1e-05
316188,1,1e-05
814814,1,1e-05
705144,1,1e-05
281449,1,1e-05
261293,1,1e-05
958418,1,1e-05
121116,1,1e-05
181077,1,1e-05
998558,1,1e-05
869143,1,1e-05
272992,1,1e-05
771942,1,1e-05
280897,1,1e-05
836117,1,1e-05
160170,1,1e-05
758810,1,1e-05
591268,1,1e-05
111083,1,1e-05
844323,1,1e-05
294876,1,1e-05
449955,1,1e-05
424390,1,1e-05
979772,1,1e-05
100747,1,1e-05
440364,1,1e-05
130381,1,1e-05
280860,1,1e-05
397722,1,1e-05
144546,1,1e-05
982184,1,1e-05
147602,1,1e-05
535164,1,1e-05
301175,1,1e-05
20349,1,1e-05
630184,1,1e-05
183151,1,1e-05
156422,1,1e-05
940777,1,1e-05
199782,1,1e-05
250356,1,1e-05
646599,1,1e-05
974753,1,1e-05
311003,1,1e-05
286003,1,1e-05
371508,1,1e-05
344447,1,1e-05
179522,1,1e-05
989075,1,1e-05
453746,1,1e-05
17207,1,1e-05
230514,1,1e-05
167659,1,1e-05
286018,1,1e-05
247617,1,1e-05
300757,1,1e-05
300506,1,1e-05
345045,1,1e-05
304286,1,1e-05
455750,1,1e-05
190282,1,1e-05
853696,1,1e-05
389833,1,1e-05
234485,1,1e-05
80997,1,1e-05
943495,1,1e-05
171192,1,1e-05
100449,1,1e-05
948211,1,1e-05
47551,1,1e-05
171215,1,1e-05
270882,1,1e-05
691521,1,1e-05
684075,1,1e-05
60394,1,1e-05
365099,1,1e-05
90881,1,1e-05
80746,1,1e-05
209053,1,1e-05
300181,1,1e-05
290786,1,1e-05
547377,1,1e-05
120131,1,1e-05
741435,1,1e-05
476421,1,1e-05
11103,1,1e-05
132065,1,1e-05
40990,1,1e-05
482407,1,1e-05
458247,1,1e-05
72507,1,1e-05
804388,1,1e-05
888134,1,1e-05
150905,1,1e-05
570544,1,1e-05
397708,1,1e-05
393363,1,1e-05
672470,1,1e-05
80971,1,1e-05
270547,1,1e-05
300727,1,1e-05
261196,1,1e-05
168577,1,1e-05
631766,1,1e-05
542505,1,1e-05
260485,1,1e-05
220645,1,1e-05
260300,1,1e-05
170490,1,1e-05
161167,1,1e-05
181054,1,1e-05
231225,1,1e-05
109615,1,1e-05
666217,1,1e-05
591403,1,1e-05
100720,1,1e-05
80299,1,1e-05
300911,1,1e-05
483259,1,1e-05
585386,1,1e-05
465182,1,1e-05
497380,1,1e-05
642618,1,1e-05
803547,1,1e-05
398877,1,1e-05
280917,1,1e-05
987559,1,1e-05
447684,1,1e-05
475160,1,1e-05
615500,1,1e-05
523685,1,1e-05
621837,1,1e-05
606613,1,1e-05
152910,1,1e-05
572294,1,1e-05
223267,1,1e-05
132160,1,1e-05
290598,1,1e-05
856471,1,1e-05
50842,1,1e-05
290805,1,1e-05
952184,1,1e-05
136334,1,1e-05
160171,1,1e-05
40734,1,1e-05
579032,1,1e-05
120401,1,1e-05
979401,1,1e-05
320684,1,1e-05
15162,1,1e-05
280979,1,1e-05
852949,1,1e-05
535009,1,1e-05
271975,1,1e-05
50796,1,1e-05
438590,1,1e-05
589712,1,1e-05
970171,1,1e-05
776261,1,1e-05
690067,1,1e-05
559913,1,1e-05
824175,1,1e-05
133255,1,1e-05
762568,1,1e-05
90155,1,1e-05
439268,1,1e-05
59884,1,1e-05
27541,1,1e-05
423942,1,1e-05
110499,1,1e-05
924063,1,1e-05
20440,1,1e-05
889297,1,1e-05
38345,1,1e-05
628248,1,1e-05
130428,1,1e-05
150755,1,1e-05
309505,1,1e-05
260976,1,1e-05
3526,1,1e-05
881272,1,1e-05
251297,1,1e-05
887257,1,1e-05
291188,1,1e-05
265237,1,1e-05
379969,1,1e-05
436990,1,1e-05
348399,1,1e-05
645417,1,1e-05
310284,1,1e-05
509865,1,1e-05
60436,1,1e-05
270477,1,1e-05
46441,1,1e-05
170985,1,1e-05
468949,1,1e-05
20615,1,1e-05
289405,1,1e-05
500768,1,1e-05
150649,1,1e-05
38027,1,1e-05
234793,1,1e-05
762086,1,1e-05
133151,1,1e-05
58177,1,1e-05
220947,1,1e-05
122710,1,1e-05
120874,1,1e-05
330610,1,1e-05
310159,1,1e-05
370856,1,1e-05
180845,1,1e-05
425536,1,1e-05
785968,1,1e-05
24834,1,1e-05
130563,1,1e-05
230579,1,1e-05
531766,1,1e-05
240483,1,1e-05
290184,1,1e-05
258902,1,1e-05
200433,1,1e-05
662580,1,1e-05
649512,1,1e-05
290892,1,1e-05
71026,1,1e-05
169340,1,1e-05
150599,1,1e-05
116821,1,1e-05
848586,1,1e-05
435060,1,1e-05
299417,1,1e-05
310703,1,1e-05
7798,1,1e-05
150295,1,1e-05
40797,1,1e-05
484020,1,1e-05
707674,1,1e-05
909260,1,1e-05
71256,1,1e-05
123136,1,1e-05
73790,1,1e-05
452967,1,1e-05
161282,1,1e-05
8536,1,1e-05
861104,1,1e-05
290652,1,1e-05
859231,1,1e-05
517617,1,1e-05
558733,1,1e-05
170387,1,1e-05
220503,1,1e-05
58863,1,1e-05
250352,1,1e-05
300122,1,1e-05
300611,1,1e-05
151017,1,1e-05
2023,1,1e-05
853242,1,1e-05
140441,1,1e-05
90992,1,1e-05
799326,1,1e-05
150738,1,1e-05
240394,1,1e-05
90894,1,1e-05
250348,1,1e-05
70128,1,1e-05
732814,1,1e-05
120537,1,1e-05
676433,1,1e-05
230896,1,1e-05
686448,1,1e-05
220358,1,1e-05
240580,1,1e-05
629652,1,1e-05
551039,1,1e-05
295899,1,1e-05
230135,1,1e-05
927776,1,1e-05
50101,1,1e-05
204776,1,1e-05
698845,1,1e-05
303742,1,1e-05
649498,1,1e-05
608328,1,1e-05
670769,1,1e-05
945071,1,1e-05
526739,1,1e-05
903729,1,1e-05
290700,1,1e-05
250543,1,1e-05
115789,1,1e-05
101132,1,1e-05
241205,1,1e-05
140446,1,1e-05
70764,1,1e-05
929306,1,1e-05
277225,1,1e-05
610205,1,1e-05
343812,1,1e-05
30253,1,1e-05
606757,1,1e-05
592829,1,1e-05
850196,1,1e-05
726506,1,1e-05
319401,1,1e-05
487526,1,1e-05
20366,1,1e-05
526264,1,1e-05
230369,1,1e-05
586981,1,1e-05
283906,1,1e-05
898946,1,1e-05
290901,1,1e-05
229573,1,1e-05
755328,1,1e-05
190464,1,1e-05
758755,1,1e-05
100288,1,1e-05
43256,1,1e-05
240739,1,1e-05
71176,1,1e-05
615109,1,1e-05
417685,1,1e-05
816550,1,1e-05
300621,1,1e-05
240621,1,1e-05
327086,1,1e-05
88888,1,1e-05
60478,1,1e-05
422497,1,1e-05
758074,1,1e-05
39928,1,1e-05
30824,1,1e-05
71025,1,1e-05
238887,1,1e-05
310327,1,1e-05
50313,1,1e-05
783878,1,1e-05
974779,1,1e-05
283525,1,1e-05
40987,1,1e-05
130885,1,1e-05
899294,1,1e-05
70745,1,1e-05
240822,1,1e-05
632126,1,1e-05
10937,1,1e-05
201220,1,1e-05
27338,1,1e-05
580118,1,1e-05
270131,1,1e-05
642510,1,1e-05
562079,1,1e-05
190752,1,1e-05
300130,1,1e-05
773268,1,1e-05
11189,1,1e-05
386784,1,1e-05
573246,1,1e-05
41060,1,1e-05
271999,1,1e-05
990673,1,1e-05
451225,1,1e-05
97013,1,1e-05
580103,1,1e-05
270660,1,1e-05
240353,1,1e-05
632065,1,1e-05
867565,1,1e-05
250776,1,1e-05
75551,1,1e-05
542983,1,1e-05
176858,1,1e-05
35038,1,1e-05
360925,1,1e-05
160162,1,1e-05
260305,1,1e-05
777193,1,1e-05
171188,1,1e-05
230456,1,1e-05
11054,1,1e-05
61059,1,1e-05
301117,1,1e-05
765560,1,1e-05
120620,1,1e-05
40325,1,1e-05
435986,1,1e-05
677864,1,1e-05
20478,1,1e-05
20668,1,1e-05
234135,1,1e-05
370742,1,1e-05
151092,1,1e-05
150306,1,1e-05
290807,1,1e-05
270830,1,1e-05
60086,1,1e-05
241083,1,1e-05
440627,1,1e-05
140984,1,1e-05
843735,1,1e-05
140224,1,1e-05
520221,1,1e-05
584752,1,1e-05
200929,1,1e-05
217614,1,1e-05
151218,1,1e-05
833857,1,1e-05
185392,1,1e-05
270650,1,1e-05
110752,1,1e-05
534716,1,1e-05
50904,1,1e-05
11241,1,1e-05
708918,1,1e-05
378074,1,1e-05
560650,1,1e-05
150554,1,1e-05
309253,1,1e-05
988715,1,1e-05
120410,1,1e-05
221247,1,1e-05
289932,1,1e-05
982362,1,1e-05
567025,1,1e-05
993339,1,1e-05
408588,1,1e-05
275779,1,1e-05
671007,1,1e-05
80227,1,1e-05
880504,1,1e-05
829641,1,1e-05
90752,1,1e-05
721353,1,1e-05
251072,1,1e-05
806422,1,1e-05
190819,1,1e-05
362478,1,1e-05
366875,1,1e-05
795287,1,1e-05
721455,1,1e-05
658716,1,1e-05
160833,1,1e-05
173692,1,1e-05
710031,1,1e-05
190367,1,1e-05
31126,1,1e-05
110411,1,1e-05
261211,1,1e-05
818730,1,1e-05
778297,1,1e-05
324413,1,1e-05
260474,1,1e-05
250389,1,1e-05
827726,1,1e-05
132604,1,1e-05
926958,1,1e-05
150196,1,1e-05
200576,1,1e-05
546098,1,1e-05
664029,1,1e-05
90783,1,1e-05
201058,1,1e-05
897248,1,1e-05
991932,1,1e-05
20163,1,1e-05
722859,1,1e-05
676047,1,1e-05
633939,1,1e-05
274417,1,1e-05
297807,1,1e-05
703159,1,1e-05
80145,1,1e-05
311215,1,1e-05
70740,1,1e-05
280933,1,1e-05
911082,1,1e-05
80604,1,1e-05
240677,1,1e-05
923994,1,1e-05
750618,1,1e-05
349146,1,1e-05
702546,1,1e-05
762687,1,1e-05
146122,1,1e-05
319821,1,1e-05
230828,1,1e-05
333540,1,1e-05
130834,1,1e-05
206107,1,1e-05
10100,1,1e-05
415326,1,1e-05
245805,1,1e-05
828732,1,1e-05
51018,1,1e-05
442049,1,1e-05
300081,1,1e-05
64547,1,1e-05
802367,1,1e-05
240474,1,1e-05
63746,1,1e-05
130217,1,1e-05
237447,1,1e-05
448869,1,1e-05
133724,1,1e-05
676938,1,1e-05
801765,1,1e-05
270180,1,1e-05
342330,1,1e-05
60993,1,1e-05
210778,1,1e-05
235350,1,1e-05
544939,1,1e-05
81190,1,1e-05
181057,1,1e-05
152008,1,1e-05
856437,1,1e-05
100862,1,1e-05
188938,1,1e-05
51002,1,1e-05
813477,1,1e-05
87983,1,1e-05
150877,1,1e-05
481834,1,1e-05
30507,1,1e-05
621348,1,1e-05
753188,1,1e-05
270792,1,1e-05
634608,1,1e-05
923091,1,1e-05
125170,1,1e-05
526184,1,1e-05
215431,1,1e-05
211007,1,1e-05
277493,1,1e-05
190152,1,1e-05
244468,1,1e-05
241161,1,1e-05
100178,1,1e-05
200824,1,1e-05
338089,1,1e-05
101570,1,1e-05
280675,1,1e-05
170839,1,1e-05
127331,1,1e-05
200143,1,1e-05
11080,1,1e-05
340256,1,1e-05
529239,1,1e-05
290619,1,1e-05
330297,1,1e-05
203172,1,1e-05
217267,1,1e-05
159930,1,1e-05
653087,1,1e-05
250344,1,1e-05
140506,1,1e-05
306546,1,1e-05
968880,1,1e-05
360162,1,1e-05
947743,1,1e-05
11264,1,1e-05
777063,1,1e-05
408280,1,1e-05
150855,1,1e-05
240613,1,1e-05
121013,1,1e-05
948957,1,1e-05
281204,1,1e-05
954222,1,1e-05
280853,1,1e-05
150754,1,1e-05
60260,1,1e-05
170124,1,1e-05
475906,1,1e-05
313789,1,1e-05
622263,1,1e-05
937407,1,1e-05
338148,1,1e-05
848165,1,1e-05
335529,1,1e-05
542614,1,1e-05
477226,1,1e-05
290681,1,1e-05
928139,1,1e-05
311642,1,1e-05
504694,1,1e-05
873912,1,1e-05
121182,1,1e-05
110878,1,1e-05
925331,1,1e-05
35401,1,1e-05
81156,1,1e-05
261280,1,1e-05
991031,1,1e-05
291119,1,1e-05
829883,1,1e-05
135391,1,1e-05
109413,1,1e-05
536374,1,1e-05
491749,1,1e-05
300756,1,1e-05
578090,1,1e-05
733725,1,1e-05
592926,1,1e-05
682146,1,1e-05
999648,1,1e-05
990157,1,1e-05
3293,1,1e-05
386707,1,1e-05
982234,1,1e-05
210991,1,1e-05
974003,1,1e-05
462023,1,1e-05
268526,1,1e-05
152786,1,1e-05
230279,1,1e-05
467364,1,1e-05
306513,1,1e-05
193261,1,1e-05
604108,1,1e-05
100790,1,1e-05
220664,1,1e-05
40727,1,1e-05
250371,1,1e-05
51231,1,1e-05
956237,1,1e-05
270205,1,1e-05
92635,1,1e-05
170309,1,1e-05
230664,1,1e-05
201123,1,1e-05
70816,1,1e-05
448297,1,1e-05
638593,1,1e-05
501858,1,1e-05
349395,1,1e-05
963861,1,1e-05
150522,1,1e-05
648798,1,1e-05
166161,1,1e-05
30375,1,1e-05
300827,1,1e-05
383641,1,1e-05
219554,1,1e-05
310795,1,1e-05
201225,1,1e-05
220996,1,1e-05
402333,1,1e-05
908884,1,1e-05
130472,1,1e-05
561310,1,1e-05
680291,1,1e-05
723460,1,1e-05
270571,1,1e-05
110241,1,1e-05
542514,1,1e-05
966078,1,1e-05
554771,1,1e-05
29470,1,1e-05
455796,1,1e-05
574468,1,1e-05
835225,1,1e-05
160273,1,1e-05
230511,1,1e-05
201180,1,1e-05
258173,1,1e-05
186884,1,1e-05
933383,1,1e-05
269408,1,1e-05
80751,1,1e-05
40566,1,1e-05
330807,1,1e-05
31202,1,1e-05
200223,1,1e-05
237536,1,1e-05
445115,1,1e-05
313369,1,1e-05
310033,1,1e-05
958043,1,1e-05
20904,1,1e-05
862695,1,1e-05
281261,1,1e-05
478832,1,1e-05
691036,1,1e-05
917700,1,1e-05
847822,1,1e-05
25235,1,1e-05
305338,1,1e-05
358303,1,1e-05
952894,1,1e-05
65062,1,1e-05
105459,1,1e-05
580041,1,1e-05
121172,1,1e-05
349432,1,1e-05
10572,1,1e-05
222407,1,1e-05
13045,1,1e-05
270526,1,1e-05
816420,1,1e-05
260961,1,1e-05
674916,1,1e-05
841064,1,1e-05
160943,1,1e-05
172614,1,1e-05
170887,1,1e-05
254217,1,1e-05
769185,1,1e-05
328320,1,1e-05
637709,1,1e-05
708486,1,1e-05
227716,1,1e-05
79300,1,1e-05
553330,1,1e-05
197510,1,1e-05
209862,1,1e-05
580434,1,1e-05
140597,1,1e-05
239947,1,1e-05
503339,1,1e-05
577684,1,1e-05
280624,1,1e-05
328170,1,1e-05
181124,1,1e-05
71113,1,1e-05
157067,1,1e-05
31260,1,1e-05
417016,1,1e-05
649581,1,1e-05
863428,1,1e-05
82386,1,1e-05
72540,1,1e-05
869064,1,1e-05
462516,1,1e-05
432723,1,1e-05
198860,1,1e-05
190107,1,1e-05
508254,1,1e-05
870699,1,1e-05
70689,1,1e-05
150595,1,1e-05
116365,1,1e-05
17261,1,1e-05
544737,1,1e-05
130320,1,1e-05
753839,1,1e-05
396886,1,1e-05
311269,1,1e-05
300315,1,1e-05
161024,1,1e-05
152527,1,1e-05
241043,1,1e-05
347361,1,1e-05
10121,1,1e-05
170428,1,1e-05
523032,1,1e-05
4699,1,1e-05
494325,1,1e-05
864549,1,1e-05
381926,1,1e-05
976523,1,1e-05
40638,1,1e-05
996712,1,1e-05
735085,1,1e-05
386684,1,1e-05
110387,1,1e-05
215033,1,1e-05
651907,1,1e-05
425306,1,1e-05
728920,1,1e-05
228536,1,1e-05
662539,1,1e-05
251222,1,1e-05
191136,1,1e-05
933721,1,1e-05
120175,1,1e-05
611037,1,1e-05
69190,1,1e-05
159230,1,1e-05
56514,1,1e-05
572513,1,1e-05
855630,1,1e-05
868570,1,1e-05
954956,1,1e-05
190104,1,1e-05
609322,1,1e-05
60446,1,1e-05
971907,1,1e-05
101241,1,1e-05
250595,1,1e-05
877580,1,1e-05
746149,1,1e-05
50810,1,1e-05
271067,1,1e-05
719566,1,1e-05
301208,1,1e-05
280150,1,1e-05
244762,1,1e-05
10546,1,1e-05
510051,1,1e-05
81213,1,1e-05
62817,1,1e-05
271253,1,1e-05
760896,1,1e-05
909352,1,1e-05
859193,1,1e-05
81258,1,1e-05
191308,1,1e-05
422833,1,1e-05
81245,1,1e-05
40757,1,1e-05
975825,1,1e-05
21295,1,1e-05
922927,1,1e-05
290415,1,1e-05
582313,1,1e-05
18862,1,1e-05
70834,1,1e-05
432266,1,1e-05
250104,1,1e-05
251517,1,1e-05
335793,1,1e-05
895658,1,1e-05
761712,1,1e-05
940962,1,1e-05
231121,1,1e-05
564395,1,1e-05
300428,1,1e-05
130299,1,1e-05
346100,1,1e-05
573103,1,1e-05
344426,1,1e-05
195572,1,1e-05
271016,1,1e-05
153214,1,1e-05
307751,1,1e-05
394793,1,1e-05
487707,1,1e-05
662241,1,1e-05
90494,1,1e-05
159261,1,1e-05
140878,1,1e-05
263875,1,1e-05
333724,1,1e-05
712219,1,1e-05
211241,1,1e-05
499026,1,1e-05
10468,1,1e-05
52457,1,1e-05
974661,1,1e-05
374761,1,1e-05
19686,1,1e-05
80191,1,1e-05
358186,1,1e-05
375394,1,1e-05
10112,1,1e-05
802489,1,1e-05
110377,1,1e-05
300227,1,1e-05
150494,1,1e-05
490430,1,1e-05
70191,1,1e-05
845611,1,1e-05
831362,1,1e-05
241177,1,1e-05
75433,1,1e-05
116001,1,1e-05
280668,1,1e-05
41089,1,1e-05
790624,1,1e-05
843387,1,1e-05
530288,1,1e-05
680225,1,1e-05
250572,1,1e-05
93790,1,1e-05
116630,1,1e-05
781672,1,1e-05
74759,1,1e-05
371013,1,1e-05
628032,1,1e-05
973133,1,1e-05
310649,1,1e-05
30921,1,1e-05
571947,1,1e-05
60480,1,1e-05
166104,1,1e-05
410280,1,1e-05
241255,1,1e-05
936834,1,1e-05
202068,1,1e-05
811861,1,1e-05
100514,1,1e-05
224497,1,1e-05
200795,1,1e-05
310745,1,1e-05
817749,1,1e-05
440039,1,1e-05
775330,1,1e-05
190241,1,1e-05
270113,1,1e-05
157881,1,1e-05
86641,1,1e-05
290170,1,1e-05
230419,1,1e-05
9836,1,1e-05
442525,1,1e-05
151154,1,1e-05
175052,1,1e-05
910007,1,1e-05
8101,1,1e-05
820939,1,1e-05
120291,1,1e-05
868718,1,1e-05
383678,1,1e-05
123507,1,1e-05
892178,1,1e-05
90923,1,1e-05
319455,1,1e-05
244870,1,1e-05
771278,1,1e-05
734017,1,1e-05
935654,1,1e-05
919379,1,1e-05
111268,1,1e-05
230370,1,1e-05
296795,1,1e-05
313364,1,1e-05
110740,1,1e-05
353436,1,1e-05
30330,1,1e-05
506437,1,1e-05
923560,1,1e-05
211194,1,1e-05
310436,1,1e-05
921863,1,1e-05
1335,1,1e-05
827225,1,1e-05
214756,1,1e-05
678802,1,1e-05
849050,1,1e-05
171206,1,1e-05
884717,1,1e-05
456630,1,1e-05
290296,1,1e-05
939424,1,1e-05
585479,1,1e-05
169915,1,1e-05
250585,1,1e-05
604598,1,1e-05
932260,1,1e-05
308658,1,1e-05
130303,1,1e-05
706632,1,1e-05
386416,1,1e-05
90198,1,1e-05
625278,1,1e-05
734415,1,1e-05
770874,1,1e-05
30285,1,1e-05
10402,1,1e-05
310980,1,1e-05
733691,1,1e-05
957721,1,1e-05
130451,1,1e-05
508088,1,1e-05
708885,1,1e-05
361861,1,1e-05
151122,1,1e-05
738282,1,1e-05
210748,1,1e-05
389843,1,1e-05
220848,1,1e-05
250439,1,1e-05
160284,1,1e-05
331720,1,1e-05
298653,1,1e-05
51201,1,1e-05
868798,1,1e-05
345323,1,1e-05
625830,1,1e-05
894347,1,1e-05
429197,1,1e-05
21195,1,1e-05
150577,1,1e-05
336586,1,1e-05
700969,1,1e-05
583370,1,1e-05
100650,1,1e-05
658179,1,1e-05
913498,1,1e-05
130864,1,1e-05
270543,1,1e-05
220783,1,1e-05
150392,1,1e-05
78401,1,1e-05
910944,1,1e-05
736011,1,1e-05
464529,1,1e-05
70848,1,1e-05
674744,1,1e-05
897936,1,1e-05
189757,1,1e-05
726796,1,1e-05
51989,1,1e-05
191009,1,1e-05
180851,1,1e-05
997842,1,1e-05
181086,1,1e-05
251094,1,1e-05
347614,1,1e-05
425106,1,1e-05
102558,1,1e-05
225337,1,1e-05
200112,1,1e-05
160406,1,1e-05
293523,1,1e-05
836670,1,1e-05
236334,1,1e-05
387727,1,1e-05
374851,1,1e-05
260441,1,1e-05
199039,1,1e-05
271029,1,1e-05
726500,1,1e-05
855139,1,1e-05
124915,1,1e-05
561642,1,1e-05
618788,1,1e-05
891628,1,1e-05
211166,1,1e-05
47256,1,1e-05
190232,1,1e-05
180785,1,1e-05
300563,1,1e-05
110136,1,1e-05
793341,1,1e-05
772694,1,1e-05
433523,1,1e-05
847738,1,1e-05
120611,1,1e-05
251520,1,1e-05
240373,1,1e-05
583818,1,1e-05
72401,1,1e-05
80447,1,1e-05
395992,1,1e-05
729088,1,1e-05
137838,1,1e-05
928826,1,1e-05
31021,1,1e-05
635491,1,1e-05
625397,1,1e-05
271195,1,1e-05
342178,1,1e-05
589315,1,1e-05
309951,1,1e-05
100643,1,1e-05
954745,1,1e-05
854216,1,1e-05
987810,1,1e-05
190033,1,1e-05
571441,1,1e-05
170334,1,1e-05
60530,1,1e-05
275348,1,1e-05
783365,1,1e-05
100867,1,1e-05
230063,1,1e-05
779720,1,1e-05
134960,1,1e-05
273838,1,1e-05
562406,1,1e-05
30465,1,1e-05
792905,1,1e-05
508303,1,1e-05
120125,1,1e-05
290483,1,1e-05
122372,1,1e-05
20526,1,1e-05
905282,1,1e-05
912154,1,1e-05
925802,1,1e-05
130768,1,1e-05
502196,1,1e-05
171140,1,1e-05
81183,1,1e-05
161178,1,1e-05
56321,1,1e-05
548232,1,1e-05
490280,1,1e-05
291209,1,1e-05
141044,1,1e-05
547987,1,1e-05
240681,1,1e-05
808488,1,1e-05
973143,1,1e-05
599876,1,1e-05
51178,1,1e-05
130977,1,1e-05
346404,1,1e-05
30917,1,1e-05
81085,1,1e-05
975814,1,1e-05
270400,1,1e-05
85007,1,1e-05
427223,1,1e-05
775048,1,1e-05
130116,1,1e-05
219448,1,1e-05
979157,1,1e-05
110598,1,1e-05
450786,1,1e-05
211074,1,1e-05
60232,1,1e-05
688637,1,1e-05
241041,1,1e-05
311155,1,1e-05
11593,1,1e-05
160196,1,1e-05
286457,1,1e-05
915095,1,1e-05
908991,1,1e-05
61244,1,1e-05
250801,1,1e-05
199239,1,1e-05
419671,1,1e-05
181979,1,1e-05
50572,1,1e-05
1877,1,1e-05
216538,1,1e-05
340221,1,1e-05
10925,1,1e-05
809476,1,1e-05
219234,1,1e-05
31165,1,1e-05
40916,1,1e-05
587326,1,1e-05
955557,1,1e-05
881373,1,1e-05
140714,1,1e-05
347267,1,1e-05
310535,1,1e-05
299836,1,1e-05
224924,1,1e-05
71093,1,1e-05
512658,1,1e-05
4694,1,1e-05
270493,1,1e-05
97854,1,1e-05
61614,1,1e-05
871633,1,1e-05
973340,1,1e-05
249428,1,1e-05
160453,1,1e-05
61140,1,1e-05
50957,1,1e-05
530804,1,1e-05
650406,1,1e-05
89927,1,1e-05
71263,1,1e-05
603067,1,1e-05
792204,1,1e-05
185513,1,1e-05
140245,1,1e-05
310114,1,1e-05
90939,1,1e-05
140263,1,1e-05
160889,1,1e-05
234207,1,1e-05
694466,1,1e-05
290187,1,1e-05
701947,1,1e-05
40823,1,1e-05
10565,1,1e-05
290966,1,1e-05
954828,1,1e-05
492478,1,1e-05
70566,1,1e-05
449240,1,1e-05
326360,1,1e-05
288414,1,1e-05
7161,1,1e-05
200815,1,1e-05
120599,1,1e-05
941677,1,1e-05
190337,1,1e-05
8046,1,1e-05
151164,1,1e-05
222578,1,1e-05
120714,1,1e-05
878969,1,1e-05
916979,1,1e-05
966694,1,1e-05
240880,1,1e-05
360458,1,1e-05
541717,1,1e-05
582575,1,1e-05
310559,1,1e-05
455779,1,1e-05
632992,1,1e-05
374343,1,1e-05
117829,1,1e-05
703264,1,1e-05
173403,1,1e-05
845705,1,1e-05
990670,1,1e-05
133532,1,1e-05
683052,1,1e-05
140109,1,1e-05
28128,1,1e-05
190980,1,1e-05
102510,1,1e-05
365636,1,1e-05
679655,1,1e-05
883875,1,1e-05
130906,1,1e-05
280148,1,1e-05
281087,1,1e-05
14959,1,1e-05
271176,1,1e-05
150603,1,1e-05
240463,1,1e-05
442500,1,1e-05
50668,1,1e-05
529003,1,1e-05
240315,1,1e-05
302713,1,1e-05
220750,1,1e-05
20698,1,1e-05
371740,1,1e-05
310467,1,1e-05
750877,1,1e-05
27876,1,1e-05
598533,1,1e-05
100486,1,1e-05
250647,1,1e-05
180578,1,1e-05
449351,1,1e-05
271159,1,1e-05
636166,1,1e-05
686449,1,1e-05
272856,1,1e-05
144907,1,1e-05
151239,1,1e-05
90137,1,1e-05
693809,1,1e-05
648746,1,1e-05
190510,1,1e-05
307210,1,1e-05
100741,1,1e-05
389082,1,1e-05
959093,1,1e-05
752394,1,1e-05
180133,1,1e-05
120662,1,1e-05
632097,1,1e-05
70996,1,1e-05
300710,1,1e-05
220732,1,1e-05
290407,1,1e-05
261052,1,1e-05
378645,1,1e-05
849172,1,1e-05
151073,1,1e-05
260574,1,1e-05
999687,1,1e-05
893950,1,1e-05
513182,1,1e-05
110185,1,1e-05
213761,1,1e-05
170618,1,1e-05
828671,1,1e-05
695946,1,1e-05
150897,1,1e-05
231033,1,1e-05
241183,1,1e-05
773986,1,1e-05
30795,1,1e-05
141047,1,1e-05
495094,1,1e-05
632413,1,1e-05
300591,1,1e-05
90256,1,1e-05
455041,1,1e-05
859144,1,1e-05
129063,1,1e-05
106661,1,1e-05
251331,1,1e-05
672173,1,1e-05
240760,1,1e-05
917187,1,1e-05
770735,1,1e-05
956452,1,1e-05
160791,1,1e-05
40821,1,1e-05
140174,1,1e-05
71829,1,1e-05
190112,1,1e-05
962709,1,1e-05
3023,1,1e-05
660213,1,1e-05
431778,1,1e-05
899635,1,1e-05
497474,1,1e-05
280276,1,1e-05
260542,1,1e-05
156301,1,1e-05
965028,1,1e-05
100932,1,1e-05
471674,1,1e-05
100405,1,1e-05
264073,1,1e-05
917541,1,1e-05
460123,1,1e-05
60899,1,1e-05
230603,1,1e-05
732244,1,1e-05
171185,1,1e-05
581732,1,1e-05
745395,1,1e-05
230233,1,1e-05
300449,1,1e-05
454570,1,1e-05
280533,1,1e-05
61006,1,1e-05
280091,1,1e-05
255737,1,1e-05
120863,1,1e-05
122270,1,1e-05
779118,1,1e-05
50167,1,1e-05
20393,1,1e-05
518797,1,1e-05
136499,1,1e-05
119374,1,1e-05
230624,1,1e-05
9675,1,1e-05
130514,1,1e-05
122735,1,1e-05
221464,1,1e-05
100431,1,1e-05
760663,1,1e-05
385858,1,1e-05
367943,1,1e-05
101095,1,1e-05
80503,1,1e-05
252527,1,1e-05
907604,1,1e-05
177054,1,1e-05
494440,1,1e-05
347842,1,1e-05
777266,1,1e-05
365420,1,1e-05
679019,1,1e-05
458309,1,1e-05
324722,1,1e-05
41197,1,1e-05
840174,1,1e-05
538809,1,1e-05
918081,1,1e-05
139338,1,1e-05
73524,1,1e-05
75438,1,1e-05
162443,1,1e-05
559603,1,1e-05
110683,1,1e-05
204201,1,1e-05
150244,1,1e-05
347590,1,1e-05
211043,1,1e-05
261031,1,1e-05
210116,1,1e-05
836652,1,1e-05
109188,1,1e-05
10837,1,1e-05
170788,1,1e-05
11165,1,1e-05
903445,1,1e-05
334942,1,1e-05
51481,1,1e-05
982856,1,1e-05
320670,1,1e-05
967740,1,1e-05
801484,1,1e-05
830852,1,1e-05
10217,1,1e-05
668691,1,1e-05
443624,1,1e-05
241139,1,1e-05
263990,1,1e-05
751647,1,1e-05
772109,1,1e-05
180925,1,1e-05
260873,1,1e-05
270369,1,1e-05
140897,1,1e-05
538411,1,1e-05
380576,1,1e-05
260710,1,1e-05
120398,1,1e-05
70686,1,1e-05
210690,1,1e-05
101184,1,1e-05
670738,1,1e-05
201082,1,1e-05
120335,1,1e-05
818743,1,1e-05
671675,1,1e-05
150471,1,1e-05
395126,1,1e-05
609707,1,1e-05
235343,1,1e-05
201053,1,1e-05
310619,1,1e-05
342411,1,1e-05
710369,1,1e-05
482336,1,1e-05
263539,1,1e-05
270675,1,1e-05
11919,1,1e-05
169239,1,1e-05
447142,1,1e-05
78034,1,1e-05
469701,1,1e-05
270445,1,1e-05
133265,1,1e-05
146275,1,1e-05
832516,1,1e-05
954748,1,1e-05
96893,1,1e-05
701542,1,1e-05
832919,1,1e-05
200166,1,1e-05
565558,1,1e-05
215591,1,1e-05
201080,1,1e-05
585228,1,1e-05
323308,1,1e-05
81119,1,1e-05
122707,1,1e-05
250210,1,1e-05
270243,1,1e-05
526732,1,1e-05
978123,1,1e-05
270737,1,1e-05
189385,1,1e-05
768052,1,1e-05
43657,1,1e-05
80940,1,1e-05
435021,1,1e-05
305283,1,1e-05
280729,1,1e-05
190355,1,1e-05
264089,1,1e-05
260163,1,1e-05
405017,1,1e-05
126658,1,1e-05
948425,1,1e-05
301567,1,1e-05
415005,1,1e-05
311002,1,1e-05
393623,1,1e-05
718547,1,1e-05
80244,1,1e-05
831542,1,1e-05
783723,1,1e-05
283466,1,1e-05
151269,1,1e-05
428591,1,1e-05
372263,1,1e-05
680420,1,1e-05
256273,1,1e-05
334404,1,1e-05
936571,1,1e-05
280286,1,1e-05
170529,1,1e-05
171739,1,1e-05
170182,1,1e-05
137992,1,1e-05
575229,1,1e-05
50643,1,1e-05
140745,1,1e-05
818103,1,1e-05
591599,1,1e-05
111142,1,1e-05
265338,1,1e-05
489703,1,1e-05
240187,1,1e-05
130226,1,1e-05
572938,1,1e-05
616530,1,1e-05
451985,1,1e-05
429897,1,1e-05
505176,1,1e-05
512849,1,1e-05
130518,1,1e-05
355659,1,1e-05
30764,1,1e-05
71371,1,1e-05
362766,1,1e-05
160884,1,1e-05
113882,1,1e-05
631976,1,1e-05
291296,1,1e-05
68016,1,1e-05
761558,1,1e-05
618779,1,1e-05
91264,1,1e-05
343657,1,1e-05
41095,1,1e-05
138022,1,1e-05
229664,1,1e-05
690784,1,1e-05
77857,1,1e-05
50372,1,1e-05
300648,1,1e-05
698120,1,1e-05
111008,1,1e-05
596825,1,1e-05
281099,1,1e-05
531073,1,1e-05
535442,1,1e-05
174836,1,1e-05
464893,1,1e-05
874554,1,1e-05
1902,1,1e-05
730529,1,1e-05
200248,1,1e-05
111158,1,1e-05
889750,1,1e-05
900646,1,1e-05
300961,1,1e-05
929522,1,1e-05
585573,1,1e-05
184943,1,1e-05
91255,1,1e-05
76881,1,1e-05
510579,1,1e-05
91135,1,1e-05
243389,1,1e-05
230759,1,1e-05
61136,1,1e-05
681901,1,1e-05
110815,1,1e-05
310253,1,1e-05
740949,1,1e-05
130322,1,1e-05
684479,1,1e-05
605188,1,1e-05
323824,1,1e-05
140436,1,1e-05
926403,1,1e-05
937170,1,1e-05
174004,1,1e-05
10472,1,1e-05
329653,1,1e-05
117522,1,1e-05
194772,1,1e-05
184074,1,1e-05
260998,1,1e-05
220410,1,1e-05
171287,1,1e-05
673456,1,1e-05
550940,1,1e-05
142197,1,1e-05
580259,1,1e-05
304859,1,1e-05
220489,1,1e-05
110373,1,1e-05
141489,1,1e-05
70746,1,1e-05
50162,1,1e-05
559046,1,1e-05
333168,1,1e-05
192787,1,1e-05
765119,1,1e-05
990202,1,1e-05
82788,1,1e-05
220375,1,1e-05
180747,1,1e-05
214929,1,1e-05
736496,1,1e-05
230645,1,1e-05
51242,1,1e-05
258253,1,1e-05
288882,1,1e-05
70223,1,1e-05
78293,1,1e-05
343291,1,1e-05
566443,1,1e-05
896037,1,1e-05
270132,1,1e-05
260866,1,1e-05
220128,1,1e-05
62154,1,1e-05
658309,1,1e-05
850529,1,1e-05
61100,1,1e-05
161065,1,1e-05
92960,1,1e-05
51277,1,1e-05
173402,1,1e-05
111277,1,1e-05
635582,1,1e-05
120918,1,1e-05
310502,1,1e-05
962812,1,1e-05
30936,1,1e-05
251102,1,1e-05
151068,1,1e-05
151755,1,1e-05
100329,1,1e-05
372412,1,1e-05
60871,1,1e-05
153129,1,1e-05
714796,1,1e-05
200347,1,1e-05
310415,1,1e-05
981932,1,1e-05
300775,1,1e-05
158954,1,1e-05
89680,1,1e-05
855938,1,1e-05
56508,1,1e-05
626016,1,1e-05
667339,1,1e-05
404983,1,1e-05
115995,1,1e-05
140346,1,1e-05
528746,1,1e-05
30281,1,1e-05
910653,1,1e-05
31934,1,1e-05
120920,1,1e-05
154238,1,1e-05
609474,1,1e-05
61152,1,1e-05
712055,1,1e-05
998643,1,1e-05
553913,1,1e-05
239821,1,1e-05
150709,1,1e-05
261053,1,1e-05
321062,1,1e-05
876145,1,1e-05
241201,1,1e-05
279231,1,1e-05
441855,1,1e-05
625037,1,1e-05
831581,1,1e-05
230950,1,1e-05
110122,1,1e-05
41409,1,1e-05
269785,1,1e-05
110292,1,1e-05
342697,1,1e-05
918612,1,1e-05
100607,1,1e-05
810952,1,1e-05
579728,1,1e-05
141170,1,1e-05
200309,1,1e-05
818990,1,1e-05
681857,1,1e-05
377107,1,1e-05
388539,1,1e-05
240224,1,1e-05
894632,1,1e-05
270707,1,1e-05
151150,1,1e-05
837681,1,1e-05
230931,1,1e-05
310464,1,1e-05
121247,1,1e-05
431016,1,1e-05
412952,1,1e-05
251190,1,1e-05
280776,1,1e-05
494386,1,1e-05
159438,1,1e-05
166885,1,1e-05
203649,1,1e-05
242240,1,1e-05
339750,1,1e-05
616025,1,1e-05
195749,1,1e-05
699143,1,1e-05
772849,1,1e-05
639418,1,1e-05
281136,1,1e-05
101816,1,1e-05
220462,1,1e-05
60333,1,1e-05
70387,1,1e-05
75948,1,1e-05
581495,1,1e-05
11113,1,1e-05
880021,1,1e-05
10256,1,1e-05
120478,1,1e-05
800699,1,1e-05
832097,1,1e-05
497173,1,1e-05
301170,1,1e-05
934722,1,1e-05
758986,1,1e-05
140946,1,1e-05
939716,1,1e-05
652603,1,1e-05
679398,1,1e-05
566055,1,1e-05
578837,1,1e-05
101225,1,1e-05
476799,1,1e-05
250612,1,1e-05
286526,1,1e-05
767689,1,1e-05
639832,1,1e-05
337189,1,1e-05
109271,1,1e-05
899337,1,1e-05
200630,1,1e-05
472754,1,1e-05
757228,1,1e-05
480322,1,1e-05
120825,1,1e-05
294393,1,1e-05
80306,1,1e-05
748647,1,1e-05
757702,1,1e-05
241179,1,1e-05
978399,1,1e-05
150194,1,1e-05
878369,1,1e-05
292473,1,1e-05
270299,1,1e-05
219887,1,1e-05
91002,1,1e-05
596409,1,1e-05
153960,1,1e-05
138781,1,1e-05
143585,1,1e-05
176615,1,1e-05
786835,1,1e-05
240510,1,1e-05
150977,1,1e-05
968582,1,1e-05
120502,1,1e-05
588301,1,1e-05
310290,1,1e-05
364468,1,1e-05
160257,1,1e-05
203920,1,1e-05
30749,1,1e-05
80455,1,1e-05
236140,1,1e-05
274544,1,1e-05
819380,1,1e-05
740384,1,1e-05
253706,1,1e-05
257679,1,1e-05
211214,1,1e-05
852265,1,1e-05
555144,1,1e-05
770485,1,1e-05
36534,1,1e-05
130176,1,1e-05
71219,1,1e-05
374885,1,1e-05
352873,1,1e-05
484900,1,1e-05
61129,1,1e-05
598236,1,1e-05
125749,1,1e-05
191155,1,1e-05
227282,1,1e-05
775843,1,1e-05
34006,1,1e-05
150316,1,1e-05
56943,1,1e-05
261050,1,1e-05
250895,1,1e-05
797242,1,1e-05
485367,1,1e-05
210845,1,1e-05
214235,1,1e-05
240300,1,1e-05
230462,1,1e-05
202972,1,1e-05
41752,1,1e-05
220332,1,1e-05
252567,1,1e-05
781980,1,1e-05
732996,1,1e-05
850723,1,1e-05
573631,1,1e-05
649273,1,1e-05
220845,1,1e-05
240254,1,1e-05
563479,1,1e-05
721990,1,1e-05
795446,1,1e-05
90289,1,1e-05
120928,1,1e-05
100615,1,1e-05
523980,1,1e-05
50107,1,1e-05
348296,1,1e-05
918029,1,1e-05
34685,1,1e-05
969128,1,1e-05
172343,1,1e-05
504113,1,1e-05
758275,1,1e-05
94457,1,1e-05
918902,1,1e-05
14021,1,1e-05
250383,1,1e-05
241230,1,1e-05
10424,1,1e-05
417170,1,1e-05
171002,1,1e-05
351406,1,1e-05
100343,1,1e-05
404163,1,1e-05
120416,1,1e-05
81008,1,1e-05
806139,1,1e-05
80809,1,1e-05
90211,1,1e-05
230782,1,1e-05
987318,1,1e-05
537564,1,1e-05
200619,1,1e-05
120196,1,1e-05
220911,1,1e-05
10324,1,1e-05
125552,1,1e-05
234897,1,1e-05
21907,1,1e-05
130787,1,1e-05
150772,1,1e-05
310809,1,1e-05
241124,1,1e-05
356316,1,1e-05
709706,1,1e-05
200138,1,1e-05
339316,1,1e-05
290301,1,1e-05
519165,1,1e-05
210779,1,1e-05
287638,1,1e-05
232722,1,1e-05
469246,1,1e-05
281116,1,1e-05
787055,1,1e-05
192512,1,1e-05
20473,1,1e-05
210531,1,1e-05
310656,1,1e-05
467216,1,1e-05
776063,1,1e-05
127626,1,1e-05
20279,1,1e-05
860097,1,1e-05
61217,1,1e-05
904007,1,1e-05
565276,1,1e-05
666203,1,1e-05
963064,1,1e-05
292586,1,1e-05
432982,1,1e-05
181179,1,1e-05
186418,1,1e-05
210800,1,1e-05
484559,1,1e-05
230316,1,1e-05
30508,1,1e-05
60582,1,1e-05
700357,1,1e-05
368033,1,1e-05
270510,1,1e-05
280866,1,1e-05
254970,1,1e-05
375628,1,1e-05
261223,1,1e-05
271010,1,1e-05
847255,1,1e-05
571555,1,1e-05
850805,1,1e-05
81168,1,1e-05
674448,1,1e-05
270143,1,1e-05
70858,1,1e-05
190150,1,1e-05
766113,1,1e-05
708430,1,1e-05
409546,1,1e-05
949210,1,1e-05
91163,1,1e-05
294693,1,1e-05
140950,1,1e-05
30355,1,1e-05
336207,1,1e-05
30239,1,1e-05
40000,1,1e-05
30134,1,1e-05
505675,1,1e-05
698711,1,1e-05
180302,1,1e-05
32991,1,1e-05
179871,1,1e-05
573754,1,1e-05
100604,1,1e-05
531663,1,1e-05
427356,1,1e-05
166481,1,1e-05
200844,1,1e-05
187190,1,1e-05
210395,1,1e-05
110437,1,1e-05
766867,1,1e-05
301136,1,1e-05
90159,1,1e-05
456462,1,1e-05
22755,1,1e-05
217310,1,1e-05
90778,1,1e-05
100924,1,1e-05
224691,1,1e-05
997697,1,1e-05
629818,1,1e-05
353576,1,1e-05
200681,1,1e-05
395004,1,1e-05
416581,1,1e-05
263622,1,1e-05
138455,1,1e-05
831795,1,1e-05
822527,1,1e-05
40270,1,1e-05
280749,1,1e-05
167723,1,1e-05
66657,1,1e-05
958556,1,1e-05
240663,1,1e-05
786309,1,1e-05
140607,1,1e-05
280832,1,1e-05
218196,1,1e-05
288951,1,1e-05
150477,1,1e-05
180992,1,1e-05
180329,1,1e-05
136871,1,1e-05
846644,1,1e-05
130668,1,1e-05
21191,1,1e-05
291116,1,1e-05
140974,1,1e-05
30708,1,1e-05
311021,1,1e-05
420668,1,1e-05
698643,1,1e-05
147552,1,1e-05
867304,1,1e-05
659133,1,1e-05
640187,1,1e-05
717252,1,1e-05
570050,1,1e-05
847471,1,1e-05
78877,1,1e-05
240486,1,1e-05
180743,1,1e-05
927819,1,1e-05
138008,1,1e-05
325780,1,1e-05
290952,1,1e-05
909258,1,1e-05
100439,1,1e-05
61760,1,1e-05
118297,1,1e-05
211218,1,1e-05
890571,1,1e-05
199924,1,1e-05
335614,1,1e-05
387839,1,1e-05
161079,1,1e-05
601368,1,1e-05
331689,1,1e-05
850232,1,1e-05
612372,1,1e-05
959932,1,1e-05
501518,1,1e-05
246185,1,1e-05
174898,1,1e-05
842511,1,1e-05
632181,1,1e-05
201096,1,1e-05
167350,1,1e-05
808149,1,1e-05
251059,1,1e-05
190331,1,1e-05
537087,1,1e-05
890584,1,1e-05
20167,1,1e-05
508161,1,1e-05
39627,1,1e-05
851483,1,1e-05
396953,1,1e-05
695553,1,1e-05
212041,1,1e-05
91038,1,1e-05
831870,1,1e-05
905405,1,1e-05
96283,1,1e-05
597276,1,1e-05
897933,1,1e-05
250690,1,1e-05
626343,1,1e-05
634994,1,1e-05
125017,1,1e-05
152177,1,1e-05
895881,1,1e-05
216554,1,1e-05
157119,1,1e-05
134565,1,1e-05
703702,1,1e-05
280931,1,1e-05
171259,1,1e-05
99589,1,1e-05
151276,1,1e-05
110216,1,1e-05
829794,1,1e-05
430519,1,1e-05
90362,1,1e-05
200556,1,1e-05
160245,1,1e-05
223511,1,1e-05
964812,1,1e-05
738988,1,1e-05
10608,1,1e-05
241881,1,1e-05
431130,1,1e-05
438454,1,1e-05
93227,1,1e-05
948932,1,1e-05
275196,1,1e-05
725434,1,1e-05
290136,1,1e-05
190827,1,1e-05
759940,1,1e-05
124507,1,1e-05
649142,1,1e-05
140481,1,1e-05
211163,1,1e-05
210761,1,1e-05
933394,1,1e-05
518054,1,1e-05
356558,1,1e-05
270525,1,1e-05
831951,1,1e-05
925372,1,1e-05
170774,1,1e-05
651684,1,1e-05
462721,1,1e-05
879157,1,1e-05
40813,1,1e-05
135452,1,1e-05
216434,1,1e-05
201003,1,1e-05
925048,1,1e-05
177364,1,1e-05
391198,1,1e-05
693740,1,1e-05
230150,1,1e-05
161279,1,1e-05
267611,1,1e-05
746534,1,1e-05
10337,1,1e-05
411334,1,1e-05
140396,1,1e-05
970068,1,1e-05
306156,1,1e-05
504299,1,1e-05
887107,1,1e-05
200735,1,1e-05
49845,1,1e-05
76164,1,1e-05
847070,1,1e-05
81088,1,1e-05
891955,1,1e-05
21246,1,1e-05
895080,1,1e-05
270461,1,1e-05
775825,1,1e-05
615540,1,1e-05
663779,1,1e-05
70877,1,1e-05
602982,1,1e-05
164371,1,1e-05
30732,1,1e-05
634052,1,1e-05
160552,1,1e-05
501835,1,1e-05
300853,1,1e-05
161165,1,1e-05
621379,1,1e-05
51089,1,1e-05
260183,1,1e-05
827281,1,1e-05
860958,1,1e-05
270598,1,1e-05
814117,1,1e-05
413070,1,1e-05
530593,1,1e-05
281215,1,1e-05
171204,1,1e-05
100736,1,1e-05
709573,1,1e-05
340797,1,1e-05
270768,1,1e-05
303355,1,1e-05
141058,1,1e-05
480107,1,1e-05
60101,1,1e-05
287327,1,1e-05
315057,1,1e-05
644267,1,1e-05
771578,1,1e-05
745232,1,1e-05
837651,1,1e-05
219306,1,1e-05
855854,1,1e-05
270372,1,1e-05
842700,1,1e-05
819405,1,1e-05
108174,1,1e-05
699965,1,1e-05
270974,1,1e-05
90639,1,1e-05
567153,1,1e-05
895930,1,1e-05
64070,1,1e-05
290877,1,1e-05
658094,1,1e-05
880847,1,1e-05
379375,1,1e-05
280623,1,1e-05
257992,1,1e-05
516169,1,1e-05
901139,1,1e-05
90663,1,1e-05
160835,1,1e-05
367910,1,1e-05
200786,1,1e-05
130319,1,1e-05
170333,1,1e-05
334041,1,1e-05
50920,1,1e-05
271019,1,1e-05
568784,1,1e-05
160437,1,1e-05
96792,1,1e-05
126334,1,1e-05
310421,1,1e-05
431737,1,1e-05
61056,1,1e-05
729481,1,1e-05
100737,1,1e-05
222051,1,1e-05
201891,1,1e-05
608268,1,1e-05
341309,1,1e-05
649203,1,1e-05
125407,1,1e-05
151031,1,1e-05
975044,1,1e-05
11297,1,1e-05
290349,1,1e-05
703807,1,1e-05
91242,1,1e-05
847172,1,1e-05
831458,1,1e-05
319794,1,1e-05
30414,1,1e-05
773281,1,1e-05
166681,1,1e-05
50311,1,1e-05
300351,1,1e-05
84063,1,1e-05
104427,1,1e-05
311172,1,1e-05
213725,1,1e-05
660414,1,1e-05
361296,1,1e-05
669343,1,1e-05
630395,1,1e-05
195473,1,1e-05
651736,1,1e-05
186837,1,1e-05
140382,1,1e-05
508354,1,1e-05
297447,1,1e-05
31112,1,1e-05
210908,1,1e-05
290354,1,1e-05
907433,1,1e-05
160447,1,1e-05
559768,1,1e-05
247827,1,1e-05
264171,1,1e-05
466701,1,1e-05
270544,1,1e-05
20598,1,1e-05
494333,1,1e-05
91277,1,1e-05
210468,1,1e-05
506456,1,1e-05
42292,1,1e-05
905894,1,1e-05
286835,1,1e-05
386883,1,1e-05
624814,1,1e-05
885539,1,1e-05
141292,1,1e-05
170354,1,1e-05
221072,1,1e-05
17095,1,1e-05
407831,1,1e-05
291068,1,1e-05
394427,1,1e-05
36235,1,1e-05
681260,1,1e-05
873773,1,1e-05
40357,1,1e-05
105299,1,1e-05
164645,1,1e-05
190585,1,1e-05
170249,1,1e-05
10517,1,1e-05
737613,1,1e-05
40198,1,1e-05
704923,1,1e-05
250994,1,1e-05
711100,1,1e-05
140402,1,1e-05
887758,1,1e-05
170144,1,1e-05
885175,1,1e-05
354425,1,1e-05
762425,1,1e-05
70824,1,1e-05
190531,1,1e-05
39855,1,1e-05
438636,1,1e-05
477863,1,1e-05
362182,1,1e-05
499444,1,1e-05
154290,1,1e-05
250101,1,1e-05
121241,1,1e-05
373743,1,1e-05
436937,1,1e-05
270041,1,1e-05
93758,1,1e-05
110249,1,1e-05
650984,1,1e-05
211053,1,1e-05
111013,1,1e-05
785417,1,1e-05
808664,1,1e-05
552371,1,1e-05
865274,1,1e-05
111789,1,1e-05
786251,1,1e-05
723284,1,1e-05
589334,1,1e-05
80674,1,1e-05
352273,1,1e-05
132759,1,1e-05
553408,1,1e-05
80359,1,1e-05
368852,1,1e-05
562737,1,1e-05
170337,1,1e-05
140507,1,1e-05
240232,1,1e-05
210233,1,1e-05
70501,1,1e-05
63961,1,1e-05
967821,1,1e-05
210330,1,1e-05
261263,1,1e-05
733323,1,1e-05
979090,1,1e-05
11562,1,1e-05
150245,1,1e-05
691117,1,1e-05
290925,1,1e-05
426523,1,1e-05
211543,1,1e-05
941305,1,1e-05
580646,1,1e-05
90514,1,1e-05
448724,1,1e-05
110221,1,1e-05
141258,1,1e-05
21118,1,1e-05
509771,1,1e-05
429581,1,1e-05
190118,1,1e-05
120659,1,1e-05
290327,1,1e-05
574310,1,1e-05
192714,1,1e-05
300420,1,1e-05
291084,1,1e-05
643651,1,1e-05
251200,1,1e-05
120735,1,1e-05
92938,1,1e-05
190146,1,1e-05
802180,1,1e-05
887732,1,1e-05
447607,1,1e-05
837051,1,1e-05
11112,1,1e-05
180872,1,1e-05
20664,1,1e-05
722045,1,1e-05
272051,1,1e-05
251849,1,1e-05
638465,1,1e-05
290567,1,1e-05
80350,1,1e-05
869231,1,1e-05
967142,1,1e-05
130683,1,1e-05
718357,1,1e-05
736108,1,1e-05
20948,1,1e-05
487157,1,1e-05
512957,1,1e-05
281053,1,1e-05
593316,1,1e-05
529118,1,1e-05
247423,1,1e-05
363766,1,1e-05
211165,1,1e-05
109692,1,1e-05
160363,1,1e-05
125339,1,1e-05
170220,1,1e-05
130676,1,1e-05
403739,1,1e-05
645915,1,1e-05
88557,1,1e-05
425854,1,1e-05
187452,1,1e-05
90160,1,1e-05
121355,1,1e-05
311168,1,1e-05
375680,1,1e-05
210470,1,1e-05
748072,1,1e-05
220386,1,1e-05
700817,1,1e-05
300800,1,1e-05
741315,1,1e-05
240342,1,1e-05
702834,1,1e-05
747981,1,1e-05
744079,1,1e-05
20975,1,1e-05
260368,1,1e-05
240204,1,1e-05
510539,1,1e-05
422389,1,1e-05
736250,1,1e-05
810432,1,1e-05
221160,1,1e-05
902621,1,1e-05
304918,1,1e-05
744869,1,1e-05
564595,1,1e-05
572872,1,1e-05
814877,1,1e-05
925943,1,1e-05
210670,1,1e-05
161943,1,1e-05
200371,1,1e-05
109815,1,1e-05
240115,1,1e-05
61110,1,1e-05
629197,1,1e-05
90856,1,1e-05
120854,1,1e-05
332032,1,1e-05
70730,1,1e-05
90114,1,1e-05
29868,1,1e-05
60158,1,1e-05
414230,1,1e-05
380362,1,1e-05
50703,1,1e-05
972582,1,1e-05
735034,1,1e-05
60971,1,1e-05
520873,1,1e-05
615777,1,1e-05
954786,1,1e-05
156630,1,1e-05
703095,1,1e-05
321295,1,1e-05
379051,1,1e-05
70690,1,1e-05
321987,1,1e-05
529116,1,1e-05
738779,1,1e-05
971276,1,1e-05
156230,1,1e-05
994785,1,1e-05
676073,1,1e-05
816445,1,1e-05
211073,1,1e-05
44673,1,1e-05
110149,1,1e-05
587274,1,1e-05
1731,1,1e-05
984096,1,1e-05
10674,1,1e-05
33287,1,1e-05
552526,1,1e-05
111127,1,1e-05
898043,1,1e-05
910027,1,1e-05
353497,1,1e-05
471190,1,1e-05
561331,1,1e-05
160661,1,1e-05
626257,1,1e-05
180400,1,1e-05
353213,1,1e-05
170638,1,1e-05
334396,1,1e-05
481478,1,1e-05
11260,1,1e-05
51114,1,1e-05
21048,1,1e-05
200377,1,1e-05
168321,1,1e-05
829659,1,1e-05
20378,1,1e-05
703842,1,1e-05
983435,1,1e-05
878467,1,1e-05
217190,1,1e-05
66229,1,1e-05
9664,1,1e-05
100654,1,1e-05
609594,1,1e-05
843154,1,1e-05
320836,1,1e-05
397737,1,1e-05
338163,1,1e-05
121237,1,1e-05
115670,1,1e-05
462869,1,1e-05
106954,1,1e-05
321734,1,1e-05
250532,1,1e-05
592195,1,1e-05
589596,1,1e-05
870375,1,1e-05
81277,1,1e-05
243790,1,1e-05
833081,1,1e-05
885971,1,1e-05
669391,1,1e-05
462886,1,1e-05
435968,1,1e-05
324650,1,1e-05
403975,1,1e-05
619795,1,1e-05
80797,1,1e-05
181002,1,1e-05
291010,1,1e-05
354333,1,1e-05
60756,1,1e-05
121095,1,1e-05
50645,1,1e-05
811156,1,1e-05
982150,1,1e-05
664348,1,1e-05
72077,1,1e-05
479205,1,1e-05
310458,1,1e-05
807021,1,1e-05
699341,1,1e-05
60191,1,1e-05
275616,1,1e-05
382961,1,1e-05
51145,1,1e-05
801442,1,1e-05
181136,1,1e-05
280342,1,1e-05
300245,1,1e-05
877786,1,1e-05
756769,1,1e-05
728907,1,1e-05
160604,1,1e-05
199948,1,1e-05
290237,1,1e-05
494925,1,1e-05
414899,1,1e-05
180588,1,1e-05
282668,1,1e-05
171131,1,1e-05
60508,1,1e-05
200981,1,1e-05
88632,1,1e-05
865467,1,1e-05
11037,1,1e-05
888496,1,1e-05
90184,1,1e-05
39729,1,1e-05
50410,1,1e-05
501343,1,1e-05
301178,1,1e-05
944795,1,1e-05
684796,1,1e-05
742785,1,1e-05
558418,1,1e-05
543368,1,1e-05
960348,1,1e-05
100262,1,1e-05
238794,1,1e-05
884009,1,1e-05
406868,1,1e-05
261188,1,1e-05
190700,1,1e-05
847440,1,1e-05
419019,1,1e-05
131085,1,1e-05
489119,1,1e-05
500795,1,1e-05
288122,1,1e-05
914330,1,1e-05
474192,1,1e-05
868568,1,1e-05
260478,1,1e-05
329747,1,1e-05
616983,1,1e-05
638798,1,1e-05
736710,1,1e-05
235971,1,1e-05
962782,1,1e-05
963081,1,1e-05
282070,1,1e-05
852367,1,1e-05
754287,1,1e-05
831382,1,1e-05
253976,1,1e-05
160340,1,1e-05
261163,1,1e-05
571042,1,1e-05
280981,1,1e-05
146173,1,1e-05
10456,1,1e-05
61233,1,1e-05
260303,1,1e-05
812942,1,1e-05
730034,1,1e-05
130898,1,1e-05
485556,1,1e-05
150138,1,1e-05
529401,1,1e-05
198640,1,1e-05
875348,1,1e-05
99045,1,1e-05
116816,1,1e-05
832135,1,1e-05
310770,1,1e-05
231030,1,1e-05
564965,1,1e-05
401607,1,1e-05
426724,1,1e-05
461363,1,1e-05
231118,1,1e-05
240306,1,1e-05
220630,1,1e-05
618023,1,1e-05
668523,1,1e-05
631397,1,1e-05
617716,1,1e-05
581858,1,1e-05
40507,1,1e-05
39891,1,1e-05
580352,1,1e-05
281224,1,1e-05
945796,1,1e-05
883511,1,1e-05
568840,1,1e-05
180417,1,1e-05
39163,1,1e-05
236929,1,1e-05
732267,1,1e-05
587790,1,1e-05
999208,1,1e-05
786532,1,1e-05
210787,1,1e-05
281300,1,1e-05
220208,1,1e-05
91123,1,1e-05
426079,1,1e-05
170390,1,1e-05
517573,1,1e-05
403130,1,1e-05
696079,1,1e-05
103743,1,1e-05
993354,1,1e-05
685444,1,1e-05
71007,1,1e-05
191226,1,1e-05
909436,1,1e-05
587176,1,1e-05
724695,1,1e-05
210318,1,1e-05
280839,1,1e-05
945572,1,1e-05
120350,1,1e-05
40101,1,1e-05
385501,1,1e-05
281232,1,1e-05
919877,1,1e-05
423041,1,1e-05
806779,1,1e-05
299257,1,1e-05
308468,1,1e-05
270706,1,1e-05
812866,1,1e-05
130453,1,1e-05
997592,1,1e-05
394887,1,1e-05
444671,1,1e-05
90978,1,1e-05
332259,1,1e-05
630647,1,1e-05
190637,1,1e-05
189440,1,1e-05
1023,1,1e-05
660113,1,1e-05
81297,1,1e-05
862649,1,1e-05
239776,1,1e-05
350769,1,1e-05
131150,1,1e-05
591399,1,1e-05
180411,1,1e-05
499316,1,1e-05
791300,1,1e-05
251259,1,1e-05
844668,1,1e-05
428113,1,1e-05
180226,1,1e-05
744951,1,1e-05
390502,1,1e-05
83776,1,1e-05
893281,1,1e-05
14265,1,1e-05
170250,1,1e-05
777690,1,1e-05
170233,1,1e-05
311112,1,1e-05
706334,1,1e-05
181264,1,1e-05
595695,1,1e-05
40338,1,1e-05
332607,1,1e-05
254785,1,1e-05
975564,1,1e-05
10323,1,1e-05
78613,1,1e-05
150927,1,1e-05
945198,1,1e-05
6607,1,1e-05
60759,1,1e-05
769716,1,1e-05
863761,1,1e-05
180681,1,1e-05
300698,1,1e-05
141182,1,1e-05
525053,1,1e-05
832743,1,1e-05
965777,1,1e-05
366418,1,1e-05
787651,1,1e-05
170781,1,1e-05
695306,1,1e-05
578087,1,1e-05
797291,1,1e-05
290262,1,1e-05
848522,1,1e-05
657335,1,1e-05
453257,1,1e-05
822856,1,1e-05
31131,1,1e-05
281157,1,1e-05
529878,1,1e-05
167038,1,1e-05
824040,1,1e-05
200391,1,1e-05
210135,1,1e-05
230967,1,1e-05
191126,1,1e-05
271248,1,1e-05
397891,1,1e-05
384719,1,1e-05
801786,1,1e-05
90968,1,1e-05
190323,1,1e-05
6427,1,1e-05
315088,1,1e-05
80557,1,1e-05
40184,1,1e-05
20404,1,1e-05
541523,1,1e-05
300381,1,1e-05
230138,1,1e-05
9533,1,1e-05
251038,1,1e-05
315653,1,1e-05
539472,1,1e-05
659100,1,1e-05
253138,1,1e-05
701236,1,1e-05
846489,1,1e-05
355727,1,1e-05
537159,1,1e-05
962745,1,1e-05
260198,1,1e-05
671939,1,1e-05
144351,1,1e-05
579626,1,1e-05
488575,1,1e-05
280986,1,1e-05
957062,1,1e-05
126560,1,1e-05
150457,1,1e-05
146390,1,1e-05
270703,1,1e-05
391492,1,1e-05
100635,1,1e-05
374070,1,1e-05
316612,1,1e-05
870005,1,1e-05
270871,1,1e-05
984121,1,1e-05
200123,1,1e-05
932117,1,1e-05
927048,1,1e-05
651937,1,1e-05
161032,1,1e-05
278571,1,1e-05
91193,1,1e-05
396043,1,1e-05
260456,1,1e-05
311057,1,1e-05
898620,1,1e-05
81186,1,1e-05
498243,1,1e-05
110550,1,1e-05
321354,1,1e-05
150431,1,1e-05
524396,1,1e-05
841510,1,1e-05
371462,1,1e-05
312502,1,1e-05
424903,1,1e-05
170785,1,1e-05
705670,1,1e-05
744521,1,1e-05
160675,1,1e-05
20998,1,1e-05
771738,1,1e-05
185809,1,1e-05
557941,1,1e-05
201174,1,1e-05
826411,1,1e-05
1778,1,1e-05
190759,1,1e-05
901202,1,1e-05
415817,1,1e-05
825584,1,1e-05
220807,1,1e-05
286517,1,1e-05
50368,1,1e-05
310526,1,1e-05
261407,1,1e-05
20214,1,1e-05
160566,1,1e-05
811009,1,1e-05
556463,1,1e-05
629024,1,1e-05
107024,1,1e-05
170880,1,1e-05
445317,1,1e-05
644692,1,1e-05
811221,1,1e-05
622446,1,1e-05
210210,1,1e-05
131200,1,1e-05
99625,1,1e-05
120951,1,1e-05
193516,1,1e-05
865964,1,1e-05
704165,1,1e-05
280934,1,1e-05
21151,1,1e-05
191058,1,1e-05
290410,1,1e-05
367793,1,1e-05
789522,1,1e-05
276770,1,1e-05
220328,1,1e-05
815903,1,1e-05
241155,1,1e-05
50118,1,1e-05
240723,1,1e-05
898424,1,1e-05
140462,1,1e-05
50783,1,1e-05
574064,1,1e-05
250945,1,1e-05
430690,1,1e-05
271143,1,1e-05
457077,1,1e-05
20738,1,1e-05
413249,1,1e-05
891266,1,1e-05
654441,1,1e-05
841283,1,1e-05
30092,1,1e-05
840048,1,1e-05
748918,1,1e-05
300868,1,1e-05
640905,1,1e-05
124964,1,1e-05
405729,1,1e-05
270296,1,1e-05
200954,1,1e-05
281222,1,1e-05
563448,1,1e-05
481859,1,1e-05
444159,1,1e-05
211097,1,1e-05
233414,1,1e-05
442090,1,1e-05
240162,1,1e-05
23676,1,1e-05
483203,1,1e-05
670680,1,1e-05
230284,1,1e-05
250311,1,1e-05
45695,1,1e-05
584355,1,1e-05
40637,1,1e-05
184127,1,1e-05
965203,1,1e-05
161219,1,1e-05
160122,1,1e-05
20365,1,1e-05
425396,1,1e-05
341566,1,1e-05
270403,1,1e-05
240233,1,1e-05
182861,1,1e-05
732199,1,1e-05
607719,1,1e-05
826738,1,1e-05
596509,1,1e-05
842930,1,1e-05
42140,1,1e-05
210558,1,1e-05
592336,1,1e-05
961059,1,1e-05
150643,1,1e-05
123267,1,1e-05
60088,1,1e-05
16333,1,1e-05
945370,1,1e-05
131175,1,1e-05
311242,1,1e-05
260430,1,1e-05
347508,1,1e-05
260184,1,1e-05
81209,1,1e-05
251137,1,1e-05
140403,1,1e-05
211945,1,1e-05
258695,1,1e-05
188479,1,1e-05
270900,1,1e-05
858178,1,1e-05
850155,1,1e-05
90999,1,1e-05
181055,1,1e-05
805165,1,1e-05
643269,1,1e-05
70704,1,1e-05
237268,1,1e-05
121165,1,1e-05
343628,1,1e-05
508781,1,1e-05
264413,1,1e-05
497823,1,1e-05
696442,1,1e-05
50240,1,1e-05
376036,1,1e-05
274199,1,1e-05
179907,1,1e-05
36285,1,1e-05
372422,1,1e-05
40675,1,1e-05
90366,1,1e-05
547831,1,1e-05
792483,1,1e-05
498117,1,1e-05
616914,1,1e-05
100254,1,1e-05
562850,1,1e-05
310340,1,1e-05
270696,1,1e-05
71294,1,1e-05
160715,1,1e-05
181071,1,1e-05
626044,1,1e-05
423213,1,1e-05
652547,1,1e-05
40857,1,1e-05
130718,1,1e-05
565304,1,1e-05
179100,1,1e-05
170312,1,1e-05
402098,1,1e-05
934125,1,1e-05
151290,1,1e-05
520378,1,1e-05
130987,1,1e-05
140785,1,1e-05
701108,1,1e-05
806319,1,1e-05
244869,1,1e-05
603668,1,1e-05
321229,1,1e-05
406303,1,1e-05
918805,1,1e-05
578613,1,1e-05
117033,1,1e-05
224125,1,1e-05
139216,1,1e-05
840289,1,1e-05
290768,1,1e-05
421747,1,1e-05
855678,1,1e-05
250265,1,1e-05
482411,1,1e-05
846655,1,1e-05
772910,1,1e-05
718061,1,1e-05
270139,1,1e-05
952590,1,1e-05
347507,1,1e-05
505622,1,1e-05
218175,1,1e-05
490244,1,1e-05
246258,1,1e-05
699511,1,1e-05
20754,1,1e-05
110639,1,1e-05
120996,1,1e-05
14782,1,1e-05
31253,1,1e-05
785133,1,1e-05
630445,1,1e-05
552403,1,1e-05
822604,1,1e-05
596118,1,1e-05
213420,1,1e-05
60004,1,1e-05
961213,1,1e-05
595245,1,1e-05
538618,1,1e-05
50446,1,1e-05
301259,1,1e-05
477510,1,1e-05
31101,1,1e-05
57587,1,1e-05
766940,1,1e-05
131121,1,1e-05
168065,1,1e-05
614636,1,1e-05
310800,1,1e-05
545489,1,1e-05
912738,1,1e-05
141161,1,1e-05
250890,1,1e-05
27895,1,1e-05
40110,1,1e-05
971931,1,1e-05
761250,1,1e-05
987003,1,1e-05
80789,1,1e-05
230723,1,1e-05
244676,1,1e-05
200360,1,1e-05
766633,1,1e-05
150314,1,1e-05
832488,1,1e-05
746878,1,1e-05
59737,1,1e-05
200350,1,1e-05
355904,1,1e-05
68923,1,1e-05
46173,1,1e-05
51101,1,1e-05
71223,1,1e-05
975998,1,1e-05
790534,1,1e-05
307654,1,1e-05
418041,1,1e-05
708509,1,1e-05
606809,1,1e-05
50992,1,1e-05
43744,1,1e-05
151173,1,1e-05
598624,1,1e-05
844203,1,1e-05
279513,1,1e-05
310363,1,1e-05
823978,1,1e-05
590806,1,1e-05
98172,1,1e-05
711333,1,1e-05
722011,1,1e-05
440890,1,1e-05
260270,1,1e-05
981438,1,1e-05
60292,1,1e-05
297449,1,1e-05
35380,1,1e-05
759822,1,1e-05
65892,1,1e-05
83546,1,1e-05
168171,1,1e-05
260387,1,1e-05
439372,1,1e-05
623636,1,1e-05
884171,1,1e-05
339860,1,1e-05
70694,1,1e-05
190207,1,1e-05
448410,1,1e-05
243868,1,1e-05
396094,1,1e-05
171083,1,1e-05
37478,1,1e-05
748425,1,1e-05
150443,1,1e-05
865834,1,1e-05
60175,1,1e-05
45463,1,1e-05
966512,1,1e-05
368220,1,1e-05
311055,1,1e-05
175307,1,1e-05
754436,1,1e-05
352702,1,1e-05
10864,1,1e-05
796231,1,1e-05
60502,1,1e-05
878184,1,1e-05
81273,1,1e-05
130276,1,1e-05
40133,1,1e-05
290385,1,1e-05
517723,1,1e-05
271034,1,1e-05
485985,1,1e-05
40171,1,1e-05
278580,1,1e-05
271120,1,1e-05
140449,1,1e-05
200616,1,1e-05
50218,1,1e-05
80516,1,1e-05
110732,1,1e-05
71053,1,1e-05
513737,1,1e-05
110479,1,1e-05
757579,1,1e-05
611555,1,1e-05
140829,1,1e-05
836411,1,1e-05
80511,1,1e-05
767578,1,1e-05
18589,1,1e-05
314296,1,1e-05
284489,1,1e-05
943291,1,1e-05
944077,1,1e-05
502156,1,1e-05
161236,1,1e-05
500809,1,1e-05
241249,1,1e-05
314839,1,1e-05
70230,1,1e-05
960173,1,1e-05
424101,1,1e-05
438881,1,1e-05
303994,1,1e-05
123494,1,1e-05
331984,1,1e-05
712795,1,1e-05
120511,1,1e-05
946575,1,1e-05
553150,1,1e-05
631906,1,1e-05
30398,1,1e-05
568848,1,1e-05
179865,1,1e-05
828013,1,1e-05
221135,1,1e-05
973839,1,1e-05
805110,1,1e-05
308224,1,1e-05
110669,1,1e-05
110577,1,1e-05
290469,1,1e-05
50269,1,1e-05
180246,1,1e-05
935347,1,1e-05
120896,1,1e-05
40346,1,1e-05
238737,1,1e-05
150781,1,1e-05
138688,1,1e-05
556847,1,1e-05
270861,1,1e-05
150702,1,1e-05
607659,1,1e-05
91213,1,1e-05
415328,1,1e-05
969453,1,1e-05
241186,1,1e-05
461661,1,1e-05
20594,1,1e-05
802933,1,1e-05
100272,1,1e-05
227344,1,1e-05
805109,1,1e-05
11097,1,1e-05
260808,1,1e-05
130113,1,1e-05
20280,1,1e-05
916371,1,1e-05
95726,1,1e-05
379904,1,1e-05
535755,1,1e-05
220644,1,1e-05
366043,1,1e-05
861330,1,1e-05
90121,1,1e-05
211246,1,1e-05
84289,1,1e-05
797382,1,1e-05
240885,1,1e-05
270378,1,1e-05
566358,1,1e-05
250750,1,1e-05
973852,1,1e-05
190704,1,1e-05
60161,1,1e-05
796486,1,1e-05
116918,1,1e-05
230051,1,1e-05
90221,1,1e-05
630073,1,1e-05
200987,1,1e-05
981255,1,1e-05
290503,1,1e-05
74873,1,1e-05
479175,1,1e-05
80458,1,1e-05
301519,1,1e-05
15783,1,1e-05
290183,1,1e-05
353667,1,1e-05
222338,1,1e-05
647426,1,1e-05
228651,1,1e-05
573236,1,1e-05
40697,1,1e-05
621621,1,1e-05
258608,1,1e-05
140337,1,1e-05
190361,1,1e-05
273600,1,1e-05
801185,1,1e-05
7513,1,1e-05
436997,1,1e-05
140820,1,1e-05
550241,1,1e-05
241023,1,1e-05
173745,1,1e-05
290147,1,1e-05
879023,1,1e-05
110374,1,1e-05
191259,1,1e-05
307938,1,1e-05
240600,1,1e-05
755888,1,1e-05
716405,1,1e-05
900675,1,1e-05
783531,1,1e-05
251192,1,1e-05
641649,1,1e-05
203038,1,1e-05
267023,1,1e-05
179720,1,1e-05
276911,1,1e-05
285026,1,1e-05
640143,1,1e-05
119581,1,1e-05
172550,1,1e-05
551399,1,1e-05
750395,1,1e-05
626679,1,1e-05
780050,1,1e-05
851000,1,1e-05
542976,1,1e-05
528269,1,1e-05
187813,1,1e-05
100277,1,1e-05
787278,1,1e-05
300356,1,1e-05
444844,1,1e-05
836663,1,1e-05
756394,1,1e-05
716572,1,1e-05
387008,1,1e-05
936995,1,1e-05
290386,1,1e-05
593532,1,1e-05
721535,1,1e-05
100291,1,1e-05
932725,1,1e-05
777015,1,1e-05
710298,1,1e-05
767646,1,1e-05
786931,1,1e-05
706494,1,1e-05
756220,1,1e-05
934629,1,1e-05
10399,1,1e-05
43754,1,1e-05
60919,1,1e-05
225580,1,1e-05
308323,1,1e-05
320778,1,1e-05
480630,1,1e-05
799554,1,1e-05
291742,1,1e-05
160509,1,1e-05
489636,1,1e-05
815500,1,1e-05
220736,1,1e-05
291139,1,1e-05
140270,1,1e-05
893867,1,1e-05
601748,1,1e-05
703321,1,1e-05
70529,1,1e-05
160329,1,1e-05
10636,1,1e-05
140696,1,1e-05
692081,1,1e-05
300807,1,1e-05
261210,1,1e-05
211182,1,1e-05
310329,1,1e-05
375426,1,1e-05
928648,1,1e-05
80885,1,1e-05
46510,1,1e-05
519279,1,1e-05
260618,1,1e-05
269137,1,1e-05
944315,1,1e-05
243807,1,1e-05
22566,1,1e-05
658336,1,1e-05
334708,1,1e-05
141189,1,1e-05
738213,1,1e-05
915837,1,1e-05
932011,1,1e-05
516831,1,1e-05
914649,1,1e-05
359750,1,1e-05
61131,1,1e-05
190763,1,1e-05
110153,1,1e-05
32690,1,1e-05
69487,1,1e-05
230582,1,1e-05
200747,1,1e-05
60390,1,1e-05
352295,1,1e-05
306812,1,1e-05
420172,1,1e-05
688333,1,1e-05
107607,1,1e-05
542046,1,1e-05
788606,1,1e-05
852646,1,1e-05
584709,1,1e-05
60624,1,1e-05
160844,1,1e-05
658402,1,1e-05
398950,1,1e-05
110888,1,1e-05
234636,1,1e-05
150969,1,1e-05
330567,1,1e-05
423142,1,1e-05
209640,1,1e-05
750148,1,1e-05
260549,1,1e-05
300386,1,1e-05
254567,1,1e-05
208455,1,1e-05
134240,1,1e-05
154250,1,1e-05
958321,1,1e-05
651487,1,1e-05
917702,1,1e-05
10392,1,1e-05
221014,1,1e-05
444381,1,1e-05
230170,1,1e-05
696192,1,1e-05
220627,1,1e-05
190153,1,1e-05
245487,1,1e-05
398928,1,1e-05
458606,1,1e-05
151297,1,1e-05
296398,1,1e-05
111203,1,1e-05
638067,1,1e-05
917053,1,1e-05
240682,1,1e-05
256185,1,1e-05
914690,1,1e-05
260751,1,1e-05
310570,1,1e-05
105164,1,1e-05
131111,1,1e-05
133540,1,1e-05
130667,1,1e-05
310821,1,1e-05
450744,1,1e-05
837155,1,1e-05
671911,1,1e-05
283216,1,1e-05
482859,1,1e-05
282759,1,1e-05
168892,1,1e-05
495913,1,1e-05
90287,1,1e-05
110487,1,1e-05
70248,1,1e-05
559143,1,1e-05
31220,1,1e-05
101273,1,1e-05
919641,1,1e-05
200927,1,1e-05
290705,1,1e-05
90909,1,1e-05
10880,1,1e-05
292673,1,1e-05
999951,1,1e-05
45153,1,1e-05
50427,1,1e-05
552450,1,1e-05
478441,1,1e-05
180750,1,1e-05
39296,1,1e-05
291138,1,1e-05
110456,1,1e-05
739641,1,1e-05
632202,1,1e-05
120278,1,1e-05
60485,1,1e-05
202727,1,1e-05
433687,1,1e-05
60291,1,1e-05
588937,1,1e-05
984382,1,1e-05
889500,1,1e-05
980943,1,1e-05
566364,1,1e-05
705263,1,1e-05
150341,1,1e-05
444183,1,1e-05
533507,1,1e-05
73778,1,1e-05
917590,1,1e-05
131087,1,1e-05
934595,1,1e-05
231097,1,1e-05
270309,1,1e-05
191121,1,1e-05
951994,1,1e-05
680995,1,1e-05
303313,1,1e-05
171082,1,1e-05
98685,1,1e-05
902894,1,1e-05
853573,1,1e-05
210267,1,1e-05
124184,1,1e-05
672081,1,1e-05
515728,1,1e-05
300620,1,1e-05
40935,1,1e-05
261288,1,1e-05
240544,1,1e-05
50813,1,1e-05
190922,1,1e-05
345271,1,1e-05
311285,1,1e-05
754,1,1e-05
203542,1,1e-05
363967,1,1e-05
97332,1,1e-05
189915,1,1e-05
300755,1,1e-05
38767,1,1e-05
355015,1,1e-05
926025,1,1e-05
599338,1,1e-05
10202,1,1e-05
646466,1,1e-05
402573,1,1e-05
813432,1,1e-05
83829,1,1e-05
953615,1,1e-05
364269,1,1e-05
251920,1,1e-05
140377,1,1e-05
722209,1,1e-05
728867,1,1e-05
911792,1,1e-05
171395,1,1e-05
349660,1,1e-05
630502,1,1e-05
560778,1,1e-05
537246,1,1e-05
211290,1,1e-05
60855,1,1e-05
314866,1,1e-05
131108,1,1e-05
51165,1,1e-05
50328,1,1e-05
12894,1,1e-05
526875,1,1e-05
644458,1,1e-05
170512,1,1e-05
280591,1,1e-05
231272,1,1e-05
270234,1,1e-05
145132,1,1e-05
967898,1,1e-05
210684,1,1e-05
231711,1,1e-05
543492,1,1e-05
201210,1,1e-05
442589,1,1e-05
250185,1,1e-05
38257,1,1e-05
811883,1,1e-05
180299,1,1e-05
230869,1,1e-05
240678,1,1e-05
857869,1,1e-05
140690,1,1e-05
139869,1,1e-05
21213,1,1e-05
71112,1,1e-05
239792,1,1e-05
231086,1,1e-05
70451,1,1e-05
136658,1,1e-05
618465,1,1e-05
271260,1,1e-05
270752,1,1e-05
90104,1,1e-05
172735,1,1e-05
21188,1,1e-05
150115,1,1e-05
21116,1,1e-05
210635,1,1e-05
586555,1,1e-05
63651,1,1e-05
174851,1,1e-05
372651,1,1e-05
60881,1,1e-05
869577,1,1e-05
210811,1,1e-05
120296,1,1e-05
571320,1,1e-05
748046,1,1e-05
560119,1,1e-05
131138,1,1e-05
160164,1,1e-05
287890,1,1e-05
754267,1,1e-05
260287,1,1e-05
200664,1,1e-05
288996,1,1e-05
601762,1,1e-05
965588,1,1e-05
21038,1,1e-05
30712,1,1e-05
411637,1,1e-05
857151,1,1e-05
586441,1,1e-05
60883,1,1e-05
150364,1,1e-05
838802,1,1e-05
211113,1,1e-05
697367,1,1e-05
50392,1,1e-05
519691,1,1e-05
127673,1,1e-05
20812,1,1e-05
529010,1,1e-05
492245,1,1e-05
702054,1,1e-05
399643,1,1e-05
347235,1,1e-05
135523,1,1e-05
20798,1,1e-05
150817,1,1e-05
886627,1,1e-05
897538,1,1e-05
555014,1,1e-05
55354,1,1e-05
786305,1,1e-05
245485,1,1e-05
310199,1,1e-05
455002,1,1e-05
699696,1,1e-05
568486,1,1e-05
814120,1,1e-05
747499,1,1e-05
180644,1,1e-05
214086,1,1e-05
421060,1,1e-05
160352,1,1e-05
793783,1,1e-05
232419,1,1e-05
955812,1,1e-05
214459,1,1e-05
955489,1,1e-05
11462,1,1e-05
779757,1,1e-05
849293,1,1e-05
357557,1,1e-05
50244,1,1e-05
537151,1,1e-05
741945,1,1e-05
100909,1,1e-05
170248,1,1e-05
170853,1,1e-05
154,1,1e-05
917668,1,1e-05
572253,1,1e-05
260939,1,1e-05
723363,1,1e-05
100852,1,1e-05
852503,1,1e-05
270659,1,1e-05
396542,1,1e-05
345052,1,1e-05
447356,1,1e-05
121014,1,1e-05
998925,1,1e-05
712302,1,1e-05
895557,1,1e-05
20626,1,1e-05
624311,1,1e-05
241267,1,1e-05
90260,1,1e-05
190306,1,1e-05
60710,1,1e-05
496214,1,1e-05
589251,1,1e-05
230529,1,1e-05
691454,1,1e-05
708619,1,1e-05
504849,1,1e-05
103953,1,1e-05
100404,1,1e-05
893388,1,1e-05
480261,1,1e-05
578883,1,1e-05
830354,1,1e-05
220469,1,1e-05
755814,1,1e-05
240457,1,1e-05
300135,1,1e-05
267621,1,1e-05
271050,1,1e-05
649974,1,1e-05
948700,1,1e-05
893557,1,1e-05
2409,1,1e-05
180499,1,1e-05
939314,1,1e-05
261004,1,1e-05
665938,1,1e-05
871866,1,1e-05
576626,1,1e-05
763586,1,1e-05
21140,1,1e-05
615782,1,1e-05
518069,1,1e-05
59164,1,1e-05
190849,1,1e-05
336983,1,1e-05
230895,1,1e-05
979476,1,1e-05
68446,1,1e-05
60083,1,1e-05
231161,1,1e-05
302157,1,1e-05
286458,1,1e-05
310244,1,1e-05
196068,1,1e-05
80958,1,1e-05
80922,1,1e-05
683346,1,1e-05
699724,1,1e-05
221217,1,1e-05
824648,1,1e-05
727847,1,1e-05
145065,1,1e-05
30923,1,1e-05
284376,1,1e-05
60789,1,1e-05
20922,1,1e-05
30773,1,1e-05
170812,1,1e-05
368456,1,1e-05
46330,1,1e-05
170671,1,1e-05
253335,1,1e-05
110339,1,1e-05
545212,1,1e-05
100638,1,1e-05
61107,1,1e-05
599738,1,1e-05
85047,1,1e-05
90679,1,1e-05
885861,1,1e-05
455334,1,1e-05
959933,1,1e-05
116264,1,1e-05
110959,1,1e-05
384819,1,1e-05
5013,1,1e-05
826159,1,1e-05
773547,1,1e-05
140738,1,1e-05
240793,1,1e-05
212099,1,1e-05
843817,1,1e-05
140589,1,1e-05
202107,1,1e-05
380202,1,1e-05
337842,1,1e-05
110692,1,1e-05
261205,1,1e-05
646219,1,1e-05
211128,1,1e-05
184991,1,1e-05
583652,1,1e-05
190563,1,1e-05
357297,1,1e-05
21070,1,1e-05
180127,1,1e-05
599590,1,1e-05
496106,1,1e-05
160278,1,1e-05
734201,1,1e-05
9182,1,1e-05
10832,1,1e-05
161187,1,1e-05
324346,1,1e-05
661883,1,1e-05
299774,1,1e-05
451713,1,1e-05
916611,1,1e-05
359714,1,1e-05
414778,1,1e-05
200568,1,1e-05
961376,1,1e-05
192082,1,1e-05
818221,1,1e-05
434419,1,1e-05
262072,1,1e-05
354497,1,1e-05
82747,1,1e-05
220468,1,1e-05
211579,1,1e-05
10875,1,1e-05
251388,1,1e-05
939506,1,1e-05
70596,1,1e-05
367216,1,1e-05
167785,1,1e-05
73267,1,1e-05
606156,1,1e-05
568024,1,1e-05
80567,1,1e-05
230195,1,1e-05
31274,1,1e-05
301656,1,1e-05
30194,1,1e-05
11026,1,1e-05
553635,1,1e-05
101149,1,1e-05
30185,1,1e-05
829830,1,1e-05
554203,1,1e-05
537356,1,1e-05
491353,1,1e-05
240326,1,1e-05
160508,1,1e-05
930811,1,1e-05
211215,1,1e-05
203047,1,1e-05
230880,1,1e-05
220908,1,1e-05
280149,1,1e-05
508196,1,1e-05
990524,1,1e-05
994700,1,1e-05
120727,1,1e-05
909424,1,1e-05
523802,1,1e-05
864309,1,1e-05
40780,1,1e-05
70478,1,1e-05
79038,1,1e-05
576996,1,1e-05
280615,1,1e-05
880777,1,1e-05
599045,1,1e-05
521092,1,1e-05
883294,1,1e-05
603312,1,1e-05
417319,1,1e-05
590710,1,1e-05
672421,1,1e-05
137229,1,1e-05
988583,1,1e-05
983871,1,1e-05
100545,1,1e-05
40224,1,1e-05
171299,1,1e-05
300196,1,1e-05
248,1,1e-05
612419,1,1e-05
456730,1,1e-05
280179,1,1e-05
300738,1,1e-05
535473,1,1e-05
519545,1,1e-05
160371,1,1e-05
708405,1,1e-05
752493,1,1e-05
300484,1,1e-05
270603,1,1e-05
648668,1,1e-05
746763,1,1e-05
30835,1,1e-05
241670,1,1e-05
209061,1,1e-05
580073,1,1e-05
70192,1,1e-05
90157,1,1e-05
278022,1,1e-05
433475,1,1e-05
384622,1,1e-05
862075,1,1e-05
210891,1,1e-05
190595,1,1e-05
203813,1,1e-05
817434,1,1e-05
455025,1,1e-05
665501,1,1e-05
616145,1,1e-05
173688,1,1e-05
307901,1,1e-05
630649,1,1e-05
553576,1,1e-05
290949,1,1e-05
654030,1,1e-05
385183,1,1e-05
191232,1,1e-05
511282,1,1e-05
80944,1,1e-05
80895,1,1e-05
715859,1,1e-05
555184,1,1e-05
311228,1,1e-05
94872,1,1e-05
694568,1,1e-05
993061,1,1e-05
226749,1,1e-05
158385,1,1e-05
821306,1,1e-05
71427,1,1e-05
110953,1,1e-05
151303,1,1e-05
621050,1,1e-05
815100,1,1e-05
970209,1,1e-05
115124,1,1e-05
794731,1,1e-05
141193,1,1e-05
201154,1,1e-05
524914,1,1e-05
104618,1,1e-05
213530,1,1e-05
360885,1,1e-05
200809,1,1e-05
180836,1,1e-05
635965,1,1e-05
40414,1,1e-05
271196,1,1e-05
572191,1,1e-05
874516,1,1e-05
170497,1,1e-05
615015,1,1e-05
261175,1,1e-05
976795,1,1e-05
230100,1,1e-05
461287,1,1e-05
400208,1,1e-05
314807,1,1e-05
351557,1,1e-05
768134,1,1e-05
262453,1,1e-05
572848,1,1e-05
251143,1,1e-05
200562,1,1e-05
251155,1,1e-05
522136,1,1e-05
760490,1,1e-05
391784,1,1e-05
461002,1,1e-05
880142,1,1e-05
914268,1,1e-05
168217,1,1e-05
429822,1,1e-05
727592,1,1e-05
8332,1,1e-05
50787,1,1e-05
151266,1,1e-05
180404,1,1e-05
612953,1,1e-05
182019,1,1e-05
211256,1,1e-05
459351,1,1e-05
857587,1,1e-05
433403,1,1e-05
523855,1,1e-05
993097,1,1e-05
41147,1,1e-05
290934,1,1e-05
482721,1,1e-05
210883,1,1e-05
991991,1,1e-05
280873,1,1e-05
388408,1,1e-05
776000,1,1e-05
183995,1,1e-05
60328,1,1e-05
614654,1,1e-05
142436,1,1e-05
226553,1,1e-05
521174,1,1e-05
369578,1,1e-05
211266,1,1e-05
251078,1,1e-05
70289,1,1e-05
300722,1,1e-05
110672,1,1e-05
522679,1,1e-05
215381,1,1e-05
492714,1,1e-05
220345,1,1e-05
981791,1,1e-05
750450,1,1e-05
110325,1,1e-05
104264,1,1e-05
128271,1,1e-05
619743,1,1e-05
781886,1,1e-05
568037,1,1e-05
61203,1,1e-05
77772,1,1e-05
511638,1,1e-05
300916,1,1e-05
854873,1,1e-05
260736,1,1e-05
280239,1,1e-05
277363,1,1e-05
290358,1,1e-05
10687,1,1e-05
262516,1,1e-05
835562,1,1e-05
222579,1,1e-05
716677,1,1e-05
633016,1,1e-05
45708,1,1e-05
107226,1,1e-05
980419,1,1e-05
61404,1,1e-05
140148,1,1e-05
527644,1,1e-05
271080,1,1e-05
445999,1,1e-05
702459,1,1e-05
554087,1,1e-05
71140,1,1e-05
962598,1,1e-05
180523,1,1e-05
20502,1,1e-05
832760,1,1e-05
80572,1,1e-05
140945,1,1e-05
873397,1,1e-05
90356,1,1e-05
111117,1,1e-05
541358,1,1e-05
538347,1,1e-05
120915,1,1e-05
51186,1,1e-05
270388,1,1e-05
250422,1,1e-05
155231,1,1e-05
30975,1,1e-05
85435,1,1e-05
140970,1,1e-05
926741,1,1e-05
70204,1,1e-05
634530,1,1e-05
104770,1,1e-05
424677,1,1e-05
310567,1,1e-05
441826,1,1e-05
849089,1,1e-05
590267,1,1e-05
803181,1,1e-05
777100,1,1e-05
962030,1,1e-05
155630,1,1e-05
91211,1,1e-05
617732,1,1e-05
180732,1,1e-05
933644,1,1e-05
281173,1,1e-05
162396,1,1e-05
233559,1,1e-05
5060,1,1e-05
740298,1,1e-05
96238,1,1e-05
120883,1,1e-05
626146,1,1e-05
419420,1,1e-05
200142,1,1e-05
427930,1,1e-05
61099,1,1e-05
774115,1,1e-05
90488,1,1e-05
377290,1,1e-05
282000,1,1e-05
63532,1,1e-05
751023,1,1e-05
697953,1,1e-05
190430,1,1e-05
930314,1,1e-05
650563,1,1e-05
94070,1,1e-05
84787,1,1e-05
651196,1,1e-05
20439,1,1e-05
870327,1,1e-05
130930,1,1e-05
250832,1,1e-05
355031,1,1e-05
213928,1,1e-05
27881,1,1e-05
172327,1,1e-05
40108,1,1e-05
941846,1,1e-05
708955,1,1e-05
190421,1,1e-05
649945,1,1e-05
666749,1,1e-05
629932,1,1e-05
51195,1,1e-05
869211,1,1e-05
70535,1,1e-05
684985,1,1e-05
742531,1,1e-05
323924,1,1e-05
72175,1,1e-05
874769,1,1e-05
120101,1,1e-05
241477,1,1e-05
881188,1,1e-05
768056,1,1e-05
713936,1,1e-05
407611,1,1e-05
688378,1,1e-05
160619,1,1e-05
700583,1,1e-05
488389,1,1e-05
556537,1,1e-05
716054,1,1e-05
100520,1,1e-05
290958,1,1e-05
598023,1,1e-05
50995,1,1e-05
458836,1,1e-05
38244,1,1e-05
380635,1,1e-05
20622,1,1e-05
210951,1,1e-05
483806,1,1e-05
342122,1,1e-05
221408,1,1e-05
80669,1,1e-05
160853,1,1e-05
808509,1,1e-05
13492,1,1e-05
100681,1,1e-05
450586,1,1e-05
425579,1,1e-05
130717,1,1e-05
50593,1,1e-05
562271,1,1e-05
837934,1,1e-05
329557,1,1e-05
240314,1,1e-05
387019,1,1e-05
10235,1,1e-05
971904,1,1e-05
230961,1,1e-05
240966,1,1e-05
50639,1,1e-05
191035,1,1e-05
436843,1,1e-05
548299,1,1e-05
308953,1,1e-05
220510,1,1e-05
886979,1,1e-05
623922,1,1e-05
200451,1,1e-05
390041,1,1e-05
114209,1,1e-05
698390,1,1e-05
984843,1,1e-05
200839,1,1e-05
568313,1,1e-05
78007,1,1e-05
230460,1,1e-05
355269,1,1e-05
70550,1,1e-05
100484,1,1e-05
328009,1,1e-05
270499,1,1e-05
101144,1,1e-05
829184,1,1e-05
929404,1,1e-05
70271,1,1e-05
363641,1,1e-05
24648,1,1e-05
50609,1,1e-05
783435,1,1e-05
504913,1,1e-05
543684,1,1e-05
33153,1,1e-05
7126,1,1e-05
598916,1,1e-05
635513,1,1e-05
20497,1,1e-05
916797,1,1e-05
300838,1,1e-05
814415,1,1e-05
290133,1,1e-05
178724,1,1e-05
467960,1,1e-05
70642,1,1e-05
33922,1,1e-05
289332,1,1e-05
195137,1,1e-05
500080,1,1e-05
796236,1,1e-05
590024,1,1e-05
432118,1,1e-05
619418,1,1e-05
738045,1,1e-05
141116,1,1e-05
660572,1,1e-05
564261,1,1e-05
510938,1,1e-05
231271,1,1e-05
159830,1,1e-05
645941,1,1e-05
404565,1,1e-05
80801,1,1e-05
914776,1,1e-05
285061,1,1e-05
771951,1,1e-05
883238,1,1e-05
84895,1,1e-05
199186,1,1e-05
836714,1,1e-05
271033,1,1e-05
60735,1,1e-05
433569,1,1e-05
270627,1,1e-05
389508,1,1e-05
933715,1,1e-05
95269,1,1e-05
955441,1,1e-05
184789,1,1e-05
804910,1,1e-05
819403,1,1e-05
890895,1,1e-05
201262,1,1e-05
150625,1,1e-05
986675,1,1e-05
491512,1,1e-05
30191,1,1e-05
281234,1,1e-05
130470,1,1e-05
30606,1,1e-05
110276,1,1e-05
170033,1,1e-05
170971,1,1e-05
257403,1,1e-05
106744,1,1e-05
174630,1,1e-05
254683,1,1e-05
161022,1,1e-05
80211,1,1e-05
90896,1,1e-05
964970,1,1e-05
229828,1,1e-05
535645,1,1e-05
50370,1,1e-05
60142,1,1e-05
484896,1,1e-05
626945,1,1e-05
66420,1,1e-05
769124,1,1e-05
141306,1,1e-05
320594,1,1e-05
872255,1,1e-05
260405,1,1e-05
602655,1,1e-05
121259,1,1e-05
10621,1,1e-05
430782,1,1e-05
111041,1,1e-05
90187,1,1e-05
191037,1,1e-05
947656,1,1e-05
150279,1,1e-05
585321,1,1e-05
50388,1,1e-05
445623,1,1e-05
230121,1,1e-05
919898,1,1e-05
210830,1,1e-05
170708,1,1e-05
291074,1,1e-05
50768,1,1e-05
250259,1,1e-05
648743,1,1e-05
30753,1,1e-05
390167,1,1e-05
311087,1,1e-05
993420,1,1e-05
101280,1,1e-05
176657,1,1e-05
965599,1,1e-05
230568,1,1e-05
210193,1,1e-05
191203,1,1e-05
160591,1,1e-05
469852,1,1e-05
10377,1,1e-05
103081,1,1e-05
83529,1,1e-05
230789,1,1e-05
21157,1,1e-05
144425,1,1e-05
743770,1,1e-05
70967,1,1e-05
258234,1,1e-05
961591,1,1e-05
665813,1,1e-05
251138,1,1e-05
673390,1,1e-05
41277,1,1e-05
80677,1,1e-05
604679,1,1e-05
671970,1,1e-05
351947,1,1e-05
33665,1,1e-05
111198,1,1e-05
478964,1,1e-05
346588,1,1e-05
851492,1,1e-05
852317,1,1e-05
498644,1,1e-05
171231,1,1e-05
268632,1,1e-05
857375,1,1e-05
672165,1,1e-05
328665,1,1e-05
446077,1,1e-05
613796,1,1e-05
190296,1,1e-05
255951,1,1e-05
150106,1,1e-05
957993,1,1e-05
956730,1,1e-05
240355,1,1e-05
243485,1,1e-05
235447,1,1e-05
310697,1,1e-05
300163,1,1e-05
162091,1,1e-05
92469,1,1e-05
725377,1,1e-05
588839,1,1e-05
140471,1,1e-05
949642,1,1e-05
356976,1,1e-05
905843,1,1e-05
240126,1,1e-05
39436,1,1e-05
972865,1,1e-05
510342,1,1e-05
660764,1,1e-05
830440,1,1e-05
978771,1,1e-05
402091,1,1e-05
70059,1,1e-05
160806,1,1e-05
81069,1,1e-05
43975,1,1e-05
190696,1,1e-05
121274,1,1e-05
773176,1,1e-05
310853,1,1e-05
205817,1,1e-05
42116,1,1e-05
100567,1,1e-05
472163,1,1e-05
290512,1,1e-05
454765,1,1e-05
290946,1,1e-05
586271,1,1e-05
517851,1,1e-05
280910,1,1e-05
489669,1,1e-05
310360,1,1e-05
151083,1,1e-05
200642,1,1e-05
191125,1,1e-05
165932,1,1e-05
131027,1,1e-05
170761,1,1e-05
80158,1,1e-05
538302,1,1e-05
180616,1,1e-05
187816,1,1e-05
280731,1,1e-05
374198,1,1e-05
994874,1,1e-05
739775,1,1e-05
460184,1,1e-05
281115,1,1e-05
465168,1,1e-05
170841,1,1e-05
301188,1,1e-05
180353,1,1e-05
40835,1,1e-05
234601,1,1e-05
207818,1,1e-05
838843,1,1e-05
473229,1,1e-05
70314,1,1e-05
992345,1,1e-05
845496,1,1e-05
466060,1,1e-05
436654,1,1e-05
211000,1,1e-05
130744,1,1e-05
909037,1,1e-05
330585,1,1e-05
927853,1,1e-05
160631,1,1e-05
217317,1,1e-05
731642,1,1e-05
210936,1,1e-05
780008,1,1e-05
607217,1,1e-05
211678,1,1e-05
480047,1,1e-05
223780,1,1e-05
250990,1,1e-05
130909,1,1e-05
880543,1,1e-05
204461,1,1e-05
861369,1,1e-05
416117,1,1e-05
100970,1,1e-05
160421,1,1e-05
466762,1,1e-05
892873,1,1e-05
91143,1,1e-05
60314,1,1e-05
476497,1,1e-05
21189,1,1e-05
71742,1,1e-05
290403,1,1e-05
280627,1,1e-05
603105,1,1e-05
227392,1,1e-05
449976,1,1e-05
14979,1,1e-05
366044,1,1e-05
210238,1,1e-05
220690,1,1e-05
463969,1,1e-05
682678,1,1e-05
540088,1,1e-05
60953,1,1e-05
270909,1,1e-05
691068,1,1e-05
51199,1,1e-05
221507,1,1e-05
570028,1,1e-05
158163,1,1e-05
201168,1,1e-05
105056,1,1e-05
60861,1,1e-05
658440,1,1e-05
160688,1,1e-05
704230,1,1e-05
130455,1,1e-05
284678,1,1e-05
822335,1,1e-05
50773,1,1e-05
836958,1,1e-05
971702,1,1e-05
663884,1,1e-05
543496,1,1e-05
231243,1,1e-05
292357,1,1e-05
621040,1,1e-05
170178,1,1e-05
665347,1,1e-05
562290,1,1e-05
497679,1,1e-05
80420,1,1e-05
680575,1,1e-05
190757,1,1e-05
140881,1,1e-05
122711,1,1e-05
317281,1,1e-05
90749,1,1e-05
811753,1,1e-05
337559,1,1e-05
747133,1,1e-05
703986,1,1e-05
822345,1,1e-05
115522,1,1e-05
121229,1,1e-05
197087,1,1e-05
340526,1,1e-05
40169,1,1e-05
763012,1,1e-05
156940,1,1e-05
579551,1,1e-05
220821,1,1e-05
373862,1,1e-05
664818,1,1e-05
30232,1,1e-05
764193,1,1e-05
397139,1,1e-05
99179,1,1e-05
148977,1,1e-05
270524,1,1e-05
150944,1,1e-05
780995,1,1e-05
618521,1,1e-05
392910,1,1e-05
591597,1,1e-05
60476,1,1e-05
30222,1,1e-05
260766,1,1e-05
477726,1,1e-05
130600,1,1e-05
410639,1,1e-05
270551,1,1e-05
863175,1,1e-05
373672,1,1e-05
190778,1,1e-05
635854,1,1e-05
713664,1,1e-05
260443,1,1e-05
810826,1,1e-05
525209,1,1e-05
621835,1,1e-05
337584,1,1e-05
605148,1,1e-05
915920,1,1e-05
20185,1,1e-05
258041,1,1e-05
270137,1,1e-05
231191,1,1e-05
135581,1,1e-05
326826,1,1e-05
602087,1,1e-05
241020,1,1e-05
878974,1,1e-05
753318,1,1e-05
225821,1,1e-05
556627,1,1e-05
562215,1,1e-05
89055,1,1e-05
231275,1,1e-05
710929,1,1e-05
250526,1,1e-05
421098,1,1e-05
316410,1,1e-05
518988,1,1e-05
91051,1,1e-05
859618,1,1e-05
100666,1,1e-05
90209,1,1e-05
180335,1,1e-05
744856,1,1e-05
250597,1,1e-05
91226,1,1e-05
140336,1,1e-05
51028,1,1e-05
301222,1,1e-05
511182,1,1e-05
916526,1,1e-05
241410,1,1e-05
762468,1,1e-05
132794,1,1e-05
60566,1,1e-05
103541,1,1e-05
155412,1,1e-05
31265,1,1e-05
191081,1,1e-05
991354,1,1e-05
626624,1,1e-05
871185,1,1e-05
284923,1,1e-05
198148,1,1e-05
974134,1,1e-05
63072,1,1e-05
130071,1,1e-05
260228,1,1e-05
221082,1,1e-05
336642,1,1e-05
263507,1,1e-05
920216,1,1e-05
841554,1,1e-05
256621,1,1e-05
20287,1,1e-05
885752,1,1e-05
255738,1,1e-05
210601,1,1e-05
10923,1,1e-05
769530,1,1e-05
210590,1,1e-05
290940,1,1e-05
661174,1,1e-05
642183,1,1e-05
215818,1,1e-05
138611,1,1e-05
201093,1,1e-05
120242,1,1e-05
10128,1,1e-05
908192,1,1e-05
70436,1,1e-05
190771,1,1e-05
110724,1,1e-05
109230,1,1e-05
125150,1,1e-05
130951,1,1e-05
721609,1,1e-05
453187,1,1e-05
604681,1,1e-05
664731,1,1e-05
516690,1,1e-05
758360,1,1e-05
160885,1,1e-05
70180,1,1e-05
868037,1,1e-05
390981,1,1e-05
540503,1,1e-05
274881,1,1e-05
730233,1,1e-05
300942,1,1e-05
342959,1,1e-05
526565,1,1e-05
110173,1,1e-05
370278,1,1e-05
160561,1,1e-05
310756,1,1e-05
185476,1,1e-05
211212,1,1e-05
260262,1,1e-05
60129,1,1e-05
427790,1,1e-05
60816,1,1e-05
3167,1,1e-05
50271,1,1e-05
230565,1,1e-05
950762,1,1e-05
310305,1,1e-05
688272,1,1e-05
133969,1,1e-05
355382,1,1e-05
578331,1,1e-05
26890,1,1e-05
91101,1,1e-05
291232,1,1e-05
537271,1,1e-05
140517,1,1e-05
598156,1,1e-05
636410,1,1e-05
141209,1,1e-05
100935,1,1e-05
10741,1,1e-05
684669,1,1e-05
376055,1,1e-05
725668,1,1e-05
110386,1,1e-05
298778,1,1e-05
40957,1,1e-05
637342,1,1e-05
837150,1,1e-05
439434,1,1e-05
271241,1,1e-05
903257,1,1e-05
270539,1,1e-05
486543,1,1e-05
46490,1,1e-05
270975,1,1e-05
795355,1,1e-05
867441,1,1e-05
93250,1,1e-05
290540,1,1e-05
30751,1,1e-05
30344,1,1e-05
317232,1,1e-05
398348,1,1e-05
120108,1,1e-05
915686,1,1e-05
783533,1,1e-05
387965,1,1e-05
280953,1,1e-05
160254,1,1e-05
451585,1,1e-05
640494,1,1e-05
160172,1,1e-05
200308,1,1e-05
91791,1,1e-05
205156,1,1e-05
975743,1,1e-05
100468,1,1e-05
110867,1,1e-05
200217,1,1e-05
171176,1,1e-05
619978,1,1e-05
411131,1,1e-05
130207,1,1e-05
280725,1,1e-05
971406,1,1e-05
14056,1,1e-05
378362,1,1e-05
141214,1,1e-05
143759,1,1e-05
517876,1,1e-05
175011,1,1e-05
300649,1,1e-05
804729,1,1e-05
450681,1,1e-05
566643,1,1e-05
588306,1,1e-05
220385,1,1e-05
50662,1,1e-05
251073,1,1e-05
456126,1,1e-05
310354,1,1e-05
585330,1,1e-05
150892,1,1e-05
335642,1,1e-05
521287,1,1e-05
51287,1,1e-05
280774,1,1e-05
2062,1,1e-05
150129,1,1e-05
20316,1,1e-05
527063,1,1e-05
64025,1,1e-05
370585,1,1e-05
40141,1,1e-05
242804,1,1e-05
608846,1,1e-05
100879,1,1e-05
135880,1,1e-05
515291,1,1e-05
280487,1,1e-05
323128,1,1e-05
120431,1,1e-05
269797,1,1e-05
884753,1,1e-05
722354,1,1e-05
170769,1,1e-05
123563,1,1e-05
131764,1,1e-05
81284,1,1e-05
130743,1,1e-05
148639,1,1e-05
80499,1,1e-05
110124,1,1e-05
314520,1,1e-05
576519,1,1e-05
762465,1,1e-05
444282,1,1e-05
755771,1,1e-05
155373,1,1e-05
263370,1,1e-05
357025,1,1e-05
259270,1,1e-05
130367,1,1e-05
141113,1,1e-05
50198,1,1e-05
501473,1,1e-05
23991,1,1e-05
81253,1,1e-05
488885,1,1e-05
180690,1,1e-05
151299,1,1e-05
130863,1,1e-05
918547,1,1e-05
121005,1,1e-05
754718,1,1e-05
670909,1,1e-05
185929,1,1e-05
271064,1,1e-05
40963,1,1e-05
755703,1,1e-05
333965,1,1e-05
80695,1,1e-05
290413,1,1e-05
70882,1,1e-05
518072,1,1e-05
824082,1,1e-05
35758,1,1e-05
77869,1,1e-05
60650,1,1e-05
300406,1,1e-05
260806,1,1e-05
150734,1,1e-05
90408,1,1e-05
640181,1,1e-05
60744,1,1e-05
898031,1,1e-05
210191,1,1e-05
638929,1,1e-05
550885,1,1e-05
583010,1,1e-05
121107,1,1e-05
856543,1,1e-05
794964,1,1e-05
823125,1,1e-05
301021,1,1e-05
111098,1,1e-05
21127,1,1e-05
281092,1,1e-05
88075,1,1e-05
211501,1,1e-05
126611,1,1e-05
428172,1,1e-05
587743,1,1e-05
10126,1,1e-05
106199,1,1e-05
370413,1,1e-05
50538,1,1e-05
60124,1,1e-05
591628,1,1e-05
342602,1,1e-05
40527,1,1e-05
339630,1,1e-05
959381,1,1e-05
618140,1,1e-05
260936,1,1e-05
124339,1,1e-05
563782,1,1e-05
40576,1,1e-05
295953,1,1e-05
903849,1,1e-05
403081,1,1e-05
186112,1,1e-05
190313,1,1e-05
623511,1,1e-05
766350,1,1e-05
153059,1,1e-05
120374,1,1e-05
290287,1,1e-05
162695,1,1e-05
668054,1,1e-05
386762,1,1e-05
170285,1,1e-05
805641,1,1e-05
260619,1,1e-05
170435,1,1e-05
74169,1,1e-05
827647,1,1e-05
73332,1,1e-05
210366,1,1e-05
749870,1,1e-05
555197,1,1e-05
160962,1,1e-05
241288,1,1e-05
54787,1,1e-05
562345,1,1e-05
237093,1,1e-05
250499,1,1e-05
240625,1,1e-05
705132,1,1e-05
260438,1,1e-05
415858,1,1e-05
91204,1,1e-05
40742,1,1e-05
401149,1,1e-05
100722,1,1e-05
70943,1,1e-05
594211,1,1e-05
134067,1,1e-05
240654,1,1e-05
30660,1,1e-05
91234,1,1e-05
992502,1,1e-05
101033,1,1e-05
320611,1,1e-05
971813,1,1e-05
240508,1,1e-05
247276,1,1e-05
833745,1,1e-05
265516,1,1e-05
240100,1,1e-05
298691,1,1e-05
713769,1,1e-05
451761,1,1e-05
347981,1,1e-05
701120,1,1e-05
561318,1,1e-05
590620,1,1e-05
749153,1,1e-05
852486,1,1e-05
250753,1,1e-05
674583,1,1e-05
799813,1,1e-05
213942,1,1e-05
464030,1,1e-05
54880,1,1e-05
749497,1,1e-05
702138,1,1e-05
151282,1,1e-05
996243,1,1e-05
368891,1,1e-05
489555,1,1e-05
533741,1,1e-05
70802,1,1e-05
11228,1,1e-05
719746,1,1e-05
190844,1,1e-05
180873,1,1e-05
454082,1,1e-05
84198,1,1e-05
270226,1,1e-05
170136,1,1e-05
300219,1,1e-05
270457,1,1e-05
31151,1,1e-05
859351,1,1e-05
501005,1,1e-05
445554,1,1e-05
954641,1,1e-05
901324,1,1e-05
758878,1,1e-05
181006,1,1e-05
304584,1,1e-05
362898,1,1e-05
170215,1,1e-05
530812,1,1e-05
281018,1,1e-05
887315,1,1e-05
20152,1,1e-05
462762,1,1e-05
40905,1,1e-05
749289,1,1e-05
810962,1,1e-05
190940,1,1e-05
517795,1,1e-05
310979,1,1e-05
455319,1,1e-05
183827,1,1e-05
41280,1,1e-05
606169,1,1e-05
868428,1,1e-05
31040,1,1e-05
200908,1,1e-05
314050,1,1e-05
140231,1,1e-05
215446,1,1e-05
280946,1,1e-05
240547,1,1e-05
578274,1,1e-05
194723,1,1e-05
151127,1,1e-05
100168,1,1e-05
141195,1,1e-05
210284,1,1e-05
814583,1,1e-05
549752,1,1e-05
100146,1,1e-05
121340,1,1e-05
51252,1,1e-05
240391,1,1e-05
341542,1,1e-05
842757,1,1e-05
627886,1,1e-05
230189,1,1e-05
902366,1,1e-05
803434,1,1e-05
742295,1,1e-05
577372,1,1e-05
20987,1,1e-05
130494,1,1e-05
260524,1,1e-05
331705,1,1e-05
119812,1,1e-05
121148,1,1e-05
78147,1,1e-05
547882,1,1e-05
150463,1,1e-05
51072,1,1e-05
904436,1,1e-05
80509,1,1e-05
271313,1,1e-05
251239,1,1e-05
386402,1,1e-05
281094,1,1e-05
553569,1,1e-05
517297,1,1e-05
990603,1,1e-05
265940,1,1e-05
284753,1,1e-05
445684,1,1e-05
918136,1,1e-05
754576,1,1e-05
567864,1,1e-05
453855,1,1e-05
646979,1,1e-05
80946,1,1e-05
180267,1,1e-05
200106,1,1e-05
118051,1,1e-05
944986,1,1e-05
828699,1,1e-05
150231,1,1e-05
210491,1,1e-05
412554,1,1e-05
141024,1,1e-05
848149,1,1e-05
485211,1,1e-05
400407,1,1e-05
609489,1,1e-05
130232,1,1e-05
120650,1,1e-05
220760,1,1e-05
604884,1,1e-05
80157,1,1e-05
825686,1,1e-05
260250,1,1e-05
869035,1,1e-05
18631,1,1e-05
805263,1,1e-05
176859,1,1e-05
530638,1,1e-05
555587,1,1e-05
161244,1,1e-05
290384,1,1e-05
235174,1,1e-05
188345,1,1e-05
324029,1,1e-05
608396,1,1e-05
210221,1,1e-05
231077,1,1e-05
736164,1,1e-05
133736,1,1e-05
556135,1,1e-05
982966,1,1e-05
933558,1,1e-05
150630,1,1e-05
804361,1,1e-05
140908,1,1e-05
166417,1,1e-05
320608,1,1e-05
90879,1,1e-05
992374,1,1e-05
300468,1,1e-05
310130,1,1e-05
300733,1,1e-05
61499,1,1e-05
50319,1,1e-05
190807,1,1e-05
300841,1,1e-05
596374,1,1e-05
769705,1,1e-05
230323,1,1e-05
663771,1,1e-05
200105,1,1e-05
181650,1,1e-05
180342,1,1e-05
281722,1,1e-05
89644,1,1e-05
172413,1,1e-05
534732,1,1e-05
960919,1,1e-05
663069,1,1e-05
765730,1,1e-05
225442,1,1e-05
304206,1,1e-05
675137,1,1e-05
160574,1,1e-05
698416,1,1e-05
855351,1,1e-05
539518,1,1e-05
190384,1,1e-05
942914,1,1e-05
46536,1,1e-05
281192,1,1e-05
394743,1,1e-05
531036,1,1e-05
127275,1,1e-05
496188,1,1e-05
111264,1,1e-05
525607,1,1e-05
726741,1,1e-05
251207,1,1e-05
230622,1,1e-05
160183,1,1e-05
864811,1,1e-05
191032,1,1e-05
110222,1,1e-05
210348,1,1e-05
830021,1,1e-05
111238,1,1e-05
568635,1,1e-05
586023,1,1e-05
301165,1,1e-05
140601,1,1e-05
481772,1,1e-05
616529,1,1e-05
291295,1,1e-05
94537,1,1e-05
524888,1,1e-05
910714,1,1e-05
782812,1,1e-05
685808,1,1e-05
53608,1,1e-05
399509,1,1e-05
499883,1,1e-05
247987,1,1e-05
820217,1,1e-05
809924,1,1e-05
196945,1,1e-05
41124,1,1e-05
200693,1,1e-05
120145,1,1e-05
90670,1,1e-05
868659,1,1e-05
758372,1,1e-05
393045,1,1e-05
473565,1,1e-05
439246,1,1e-05
310139,1,1e-05
631929,1,1e-05
260249,1,1e-05
283641,1,1e-05
725735,1,1e-05
385732,1,1e-05
121039,1,1e-05
47227,1,1e-05
20235,1,1e-05
140976,1,1e-05
329920,1,1e-05
38233,1,1e-05
142212,1,1e-05
845879,1,1e-05
928545,1,1e-05
748110,1,1e-05
42225,1,1e-05
728236,1,1e-05
632310,1,1e-05
857015,1,1e-05
80537,1,1e-05
50816,1,1e-05
126589,1,1e-05
311284,1,1e-05
682941,1,1e-05
681450,1,1e-05
190957,1,1e-05
78282,1,1e-05
585059,1,1e-05
147730,1,1e-05
455803,1,1e-05
706248,1,1e-05
132183,1,1e-05
190816,1,1e-05
131096,1,1e-05
898936,1,1e-05
559474,1,1e-05
515631,1,1e-05
130552,1,1e-05
100544,1,1e-05
796828,1,1e-05
961733,1,1e-05
220233,1,1e-05
566071,1,1e-05
280376,1,1e-05
221194,1,1e-05
40374,1,1e-05
300517,1,1e-05
530246,1,1e-05
181150,1,1e-05
662464,1,1e-05
160718,1,1e-05
206584,1,1e-05
40666,1,1e-05
200621,1,1e-05
163194,1,1e-05
962297,1,1e-05
331973,1,1e-05
120523,1,1e-05
321858,1,1e-05
857660,1,1e-05
646330,1,1e-05
91175,1,1e-05
290230,1,1e-05
30209,1,1e-05
291151,1,1e-05
90254,1,1e-05
866467,1,1e-05
375635,1,1e-05
140902,1,1e-05
842399,1,1e-05
20351,1,1e-05
151294,1,1e-05
221169,1,1e-05
737577,1,1e-05
847240,1,1e-05
115508,1,1e-05
527362,1,1e-05
944534,1,1e-05
760378,1,1e-05
244809,1,1e-05
137991,1,1e-05
343207,1,1e-05
797310,1,1e-05
942122,1,1e-05
850169,1,1e-05
210150,1,1e-05
438995,1,1e-05
20981,1,1e-05
864109,1,1e-05
101234,1,1e-05
280101,1,1e-05
670582,1,1e-05
301245,1,1e-05
119945,1,1e-05
249770,1,1e-05
502601,1,1e-05
97736,1,1e-05
987679,1,1e-05
559957,1,1e-05
10594,1,1e-05
100174,1,1e-05
765875,1,1e-05
250419,1,1e-05
195826,1,1e-05
110174,1,1e-05
170430,1,1e-05
432812,1,1e-05
260741,1,1e-05
271054,1,1e-05
306998,1,1e-05
971487,1,1e-05
855306,1,1e-05
150418,1,1e-05
988356,1,1e-05
310740,1,1e-05
541845,1,1e-05
604216,1,1e-05
623594,1,1e-05
90702,1,1e-05
705738,1,1e-05
170842,1,1e-05
965195,1,1e-05
67539,1,1e-05
80980,1,1e-05
240131,1,1e-05
90342,1,1e-05
968591,1,1e-05
92154,1,1e-05
124,1,1e-05
910517,1,1e-05
90233,1,1e-05
469803,1,1e-05
392669,1,1e-05
61041,1,1e-05
85009,1,1e-05
281289,1,1e-05
240532,1,1e-05
170243,1,1e-05
965698,1,1e-05
855715,1,1e-05
88447,1,1e-05
538822,1,1e-05
369193,1,1e-05
30335,1,1e-05
180219,1,1e-05
859089,1,1e-05
688661,1,1e-05
782982,1,1e-05
50273,1,1e-05
717345,1,1e-05
510220,1,1e-05
121129,1,1e-05
160643,1,1e-05
327742,1,1e-05
31006,1,1e-05
978933,1,1e-05
190996,1,1e-05
35251,1,1e-05
39938,1,1e-05
886159,1,1e-05
378733,1,1e-05
854367,1,1e-05
373016,1,1e-05
121206,1,1e-05
270983,1,1e-05
568519,1,1e-05
210137,1,1e-05
70598,1,1e-05
220906,1,1e-05
90976,1,1e-05
488994,1,1e-05
150032,1,1e-05
161059,1,1e-05
732101,1,1e-05
71066,1,1e-05
711008,1,1e-05
40893,1,1e-05
310722,1,1e-05
372054,1,1e-05
181230,1,1e-05
70263,1,1e-05
327972,1,1e-05
528369,1,1e-05
185789,1,1e-05
715483,1,1e-05
60298,1,1e-05
130826,1,1e-05
427036,1,1e-05
515417,1,1e-05
529000,1,1e-05
24957,1,1e-05
301292,1,1e-05
40798,1,1e-05
130849,1,1e-05
698324,1,1e-05
355028,1,1e-05
736025,1,1e-05
703287,1,1e-05
897219,1,1e-05
29448,1,1e-05
829593,1,1e-05
140442,1,1e-05
80965,1,1e-05
240384,1,1e-05
378117,1,1e-05
241143,1,1e-05
230968,1,1e-05
900487,1,1e-05
600607,1,1e-05
290265,1,1e-05
600935,1,1e-05
666661,1,1e-05
290875,1,1e-05
260291,1,1e-05
463387,1,1e-05
359567,1,1e-05
190171,1,1e-05
201181,1,1e-05
74608,1,1e-05
133099,1,1e-05
190315,1,1e-05
270484,1,1e-05
180443,1,1e-05
115757,1,1e-05
765529,1,1e-05
531311,1,1e-05
795113,1,1e-05
29899,1,1e-05
11002,1,1e-05
425708,1,1e-05
300692,1,1e-05
388938,1,1e-05
311265,1,1e-05
300866,1,1e-05
63450,1,1e-05
711988,1,1e-05
604634,1,1e-05
321932,1,1e-05
150953,1,1e-05
10431,1,1e-05
300666,1,1e-05
166546,1,1e-05
50811,1,1e-05
953619,1,1e-05
91233,1,1e-05
158726,1,1e-05
10699,1,1e-05
863782,1,1e-05
646063,1,1e-05
58661,1,1e-05
455454,1,1e-05
918369,1,1e-05
507837,1,1e-05
651214,1,1e-05
386507,1,1e-05
220203,1,1e-05
156067,1,1e-05
914213,1,1e-05
895394,1,1e-05
22050,1,1e-05
158530,1,1e-05
289408,1,1e-05
327489,1,1e-05
260214,1,1e-05
230839,1,1e-05
684150,1,1e-05
542188,1,1e-05
140716,1,1e-05
456708,1,1e-05
90479,1,1e-05
963981,1,1e-05
386853,1,1e-05
629836,1,1e-05
30436,1,1e-05
160157,1,1e-05
568697,1,1e-05
101058,1,1e-05
967460,1,1e-05
240928,1,1e-05
336112,1,1e-05
348979,1,1e-05
463341,1,1e-05
195552,1,1e-05
685927,1,1e-05
90814,1,1e-05
215815,1,1e-05
70380,1,1e-05
853452,1,1e-05
926044,1,1e-05
87830,1,1e-05
18824,1,1e-05
382031,1,1e-05
914562,1,1e-05
150413,1,1e-05
90323,1,1e-05
696679,1,1e-05
169053,1,1e-05
876949,1,1e-05
120156,1,1e-05
474109,1,1e-05
40891,1,1e-05
110427,1,1e-05
674998,1,1e-05
199614,1,1e-05
231511,1,1e-05
68526,1,1e-05
922767,1,1e-05
70814,1,1e-05
868644,1,1e-05
631922,1,1e-05
588815,1,1e-05
90557,1,1e-05
265826,1,1e-05
375235,1,1e-05
955455,1,1e-05
20582,1,1e-05
117388,1,1e-05
20728,1,1e-05
392881,1,1e-05
484121,1,1e-05
965495,1,1e-05
450621,1,1e-05
130895,1,1e-05
731179,1,1e-05
141271,1,1e-05
768145,1,1e-05
18891,1,1e-05
498445,1,1e-05
676109,1,1e-05
299427,1,1e-05
30896,1,1e-05
290258,1,1e-05
158976,1,1e-05
270562,1,1e-05
998736,1,1e-05
170468,1,1e-05
290757,1,1e-05
27837,1,1e-05
548108,1,1e-05
30540,1,1e-05
130370,1,1e-05
250355,1,1e-05
250708,1,1e-05
730607,1,1e-05
789264,1,1e-05
280520,1,1e-05
873661,1,1e-05
270631,1,1e-05
120922,1,1e-05
152858,1,1e-05
295766,1,1e-05
956869,1,1e-05
41816,1,1e-05
903380,1,1e-05
851064,1,1e-05
112699,1,1e-05
60123,1,1e-05
784828,1,1e-05
310525,1,1e-05
561686,1,1e-05
54237,1,1e-05
912299,1,1e-05
30918,1,1e-05
809444,1,1e-05
474187,1,1e-05
932366,1,1e-05
291634,1,1e-05
155146,1,1e-05
8450,1,1e-05
570572,1,1e-05
213000,1,1e-05
974110,1,1e-05
688302,1,1e-05
574692,1,1e-05
50474,1,1e-05
290656,1,1e-05
20834,1,1e-05
271082,1,1e-05
895094,1,1e-05
107529,1,1e-05
170295,1,1e-05
310229,1,1e-05
619698,1,1e-05
475536,1,1e-05
743936,1,1e-05
106176,1,1e-05
500720,1,1e-05
110558,1,1e-05
436112,1,1e-05
260729,1,1e-05
495121,1,1e-05
452171,1,1e-05
119929,1,1e-05
81100,1,1e-05
842242,1,1e-05
858668,1,1e-05
315909,1,1e-05
260787,1,1e-05
210703,1,1e-05
413427,1,1e-05
293346,1,1e-05
160842,1,1e-05
30856,1,1e-05
280619,1,1e-05
167503,1,1e-05
290770,1,1e-05
691370,1,1e-05
280396,1,1e-05
271107,1,1e-05
121157,1,1e-05
582218,1,1e-05
177578,1,1e-05
210855,1,1e-05
240637,1,1e-05
250238,1,1e-05
557326,1,1e-05
994242,1,1e-05
723671,1,1e-05
10881,1,1e-05
4439,1,1e-05
90900,1,1e-05
74280,1,1e-05
111449,1,1e-05
300508,1,1e-05
60752,1,1e-05
447072,1,1e-05
151240,1,1e-05
15143,1,1e-05
131245,1,1e-05
20566,1,1e-05
41081,1,1e-05
415108,1,1e-05
308632,1,1e-05
989076,1,1e-05
581250,1,1e-05
198222,1,1e-05
105998,1,1e-05
153316,1,1e-05
171003,1,1e-05
522309,1,1e-05
802735,1,1e-05
278502,1,1e-05
20646,1,1e-05
28127,1,1e-05
533071,1,1e-05
136196,1,1e-05
40284,1,1e-05
811054,1,1e-05
785362,1,1e-05
633196,1,1e-05
93402,1,1e-05
413005,1,1e-05
81188,1,1e-05
986993,1,1e-05
868114,1,1e-05
248282,1,1e-05
712223,1,1e-05
586726,1,1e-05
300762,1,1e-05
204373,1,1e-05
408922,1,1e-05
875399,1,1e-05
160832,1,1e-05
950327,1,1e-05
66491,1,1e-05
270594,1,1e-05
221208,1,1e-05
604338,1,1e-05
128848,1,1e-05
210964,1,1e-05
25557,1,1e-05
980259,1,1e-05
154040,1,1e-05
438952,1,1e-05
291122,1,1e-05
376457,1,1e-05
60454,1,1e-05
50130,1,1e-05
797545,1,1e-05
955204,1,1e-05
81323,1,1e-05
240752,1,1e-05
644972,1,1e-05
270464,1,1e-05
781381,1,1e-05
413729,1,1e-05
517635,1,1e-05
489056,1,1e-05
728447,1,1e-05
983043,1,1e-05
371399,1,1e-05
60247,1,1e-05
170600,1,1e-05
608162,1,1e-05
183700,1,1e-05
290290,1,1e-05
450723,1,1e-05
192796,1,1e-05
513863,1,1e-05
423330,1,1e-05
10328,1,1e-05
310361,1,1e-05
217803,1,1e-05
334490,1,1e-05
550334,1,1e-05
41291,1,1e-05
210484,1,1e-05
59128,1,1e-05
511428,1,1e-05
940575,1,1e-05
250370,1,1e-05
425074,1,1e-05
660548,1,1e-05
941543,1,1e-05
144631,1,1e-05
231872,1,1e-05
674174,1,1e-05
526389,1,1e-05
210453,1,1e-05
250891,1,1e-05
220854,1,1e-05
100203,1,1e-05
404232,1,1e-05
130339,1,1e-05
430025,1,1e-05
23636,1,1e-05
300193,1,1e-05
253918,1,1e-05
505081,1,1e-05
657305,1,1e-05
270798,1,1e-05
270767,1,1e-05
703610,1,1e-05
760790,1,1e-05
767638,1,1e-05
628712,1,1e-05
184454,1,1e-05
595135,1,1e-05
343123,1,1e-05
342957,1,1e-05
260202,1,1e-05
307724,1,1e-05
795635,1,1e-05
231064,1,1e-05
14491,1,1e-05
92982,1,1e-05
220366,1,1e-05
684995,1,1e-05
311093,1,1e-05
538259,1,1e-05
426014,1,1e-05
930709,1,1e-05
372890,1,1e-05
610087,1,1e-05
290553,1,1e-05
702556,1,1e-05
767649,1,1e-05
799323,1,1e-05
705335,1,1e-05
774550,1,1e-05
80430,1,1e-05
206958,1,1e-05
21109,1,1e-05
207736,1,1e-05
61461,1,1e-05
285827,1,1e-05
886705,1,1e-05
727497,1,1e-05
663828,1,1e-05
251270,1,1e-05
628895,1,1e-05
150543,1,1e-05
230847,1,1e-05
643673,1,1e-05
467951,1,1e-05
333680,1,1e-05
251083,1,1e-05
552696,1,1e-05
791661,1,1e-05
110304,1,1e-05
906870,1,1e-05
57772,1,1e-05
131133,1,1e-05
550244,1,1e-05
971860,1,1e-05
347557,1,1e-05
31089,1,1e-05
100219,1,1e-05
378264,1,1e-05
250315,1,1e-05
683779,1,1e-05
334439,1,1e-05
310730,1,1e-05
398938,1,1e-05
120265,1,1e-05
102703,1,1e-05
149234,1,1e-05
447717,1,1e-05
124048,1,1e-05
255329,1,1e-05
205641,1,1e-05
722861,1,1e-05
104058,1,1e-05
188430,1,1e-05
684252,1,1e-05
802867,1,1e-05
321545,1,1e-05
86041,1,1e-05
631827,1,1e-05
651762,1,1e-05
121164,1,1e-05
565942,1,1e-05
303015,1,1e-05
743391,1,1e-05
30858,1,1e-05
60141,1,1e-05
280215,1,1e-05
260100,1,1e-05
879155,1,1e-05
339713,1,1e-05
281279,1,1e-05
164942,1,1e-05
237877,1,1e-05
962303,1,1e-05
942905,1,1e-05
786509,1,1e-05
943497,1,1e-05
290113,1,1e-05
81043,1,1e-05
30511,1,1e-05
40310,1,1e-05
558874,1,1e-05
101219,1,1e-05
868433,1,1e-05
455268,1,1e-05
70217,1,1e-05
578290,1,1e-05
845868,1,1e-05
240485,1,1e-05
865332,1,1e-05
675683,1,1e-05
741634,1,1e-05
453917,1,1e-05
527989,1,1e-05
230389,1,1e-05
33621,1,1e-05
250871,1,1e-05
368238,1,1e-05
50574,1,1e-05
100592,1,1e-05
228481,1,1e-05
60171,1,1e-05
862980,1,1e-05
60937,1,1e-05
316192,1,1e-05
250913,1,1e-05
437254,1,1e-05
2560,1,1e-05
220802,1,1e-05
220241,1,1e-05
163037,1,1e-05
966653,1,1e-05
52627,1,1e-05
46856,1,1e-05
778021,1,1e-05
878963,1,1e-05
624882,1,1e-05
260347,1,1e-05
200501,1,1e-05
150217,1,1e-05
200155,1,1e-05
10237,1,1e-05
526437,1,1e-05
26678,1,1e-05
21125,1,1e-05
146837,1,1e-05
527294,1,1e-05
170766,1,1e-05
871566,1,1e-05
171250,1,1e-05
460808,1,1e-05
210648,1,1e-05
271395,1,1e-05
141073,1,1e-05
922674,1,1e-05
154994,1,1e-05
230846,1,1e-05
875765,1,1e-05
903880,1,1e-05
128480,1,1e-05
80226,1,1e-05
622436,1,1e-05
250718,1,1e-05
444808,1,1e-05
40889,1,1e-05
311684,1,1e-05
140113,1,1e-05
110430,1,1e-05
214311,1,1e-05
180554,1,1e-05
61040,1,1e-05
753173,1,1e-05
673998,1,1e-05
218017,1,1e-05
240534,1,1e-05
741003,1,1e-05
107317,1,1e-05
100134,1,1e-05
396246,1,1e-05
100339,1,1e-05
160262,1,1e-05
489652,1,1e-05
160339,1,1e-05
287790,1,1e-05
91024,1,1e-05
275934,1,1e-05
40367,1,1e-05
525334,1,1e-05
120021,1,1e-05
20800,1,1e-05
280909,1,1e-05
758183,1,1e-05
541047,1,1e-05
225114,1,1e-05
310182,1,1e-05
31056,1,1e-05
912789,1,1e-05
30122,1,1e-05
590686,1,1e-05
262221,1,1e-05
290812,1,1e-05
50704,1,1e-05
780349,1,1e-05
351480,1,1e-05
905424,1,1e-05
160019,1,1e-05
552176,1,1e-05
635392,1,1e-05
291237,1,1e-05
71292,1,1e-05
50988,1,1e-05
141242,1,1e-05
896500,1,1e-05
806564,1,1e-05
945785,1,1e-05
997928,1,1e-05
150519,1,1e-05
110697,1,1e-05
60903,1,1e-05
343054,1,1e-05
874058,1,1e-05
290706,1,1e-05
190975,1,1e-05
40464,1,1e-05
969710,1,1e-05
380420,1,1e-05
174941,1,1e-05
50452,1,1e-05
795492,1,1e-05
999640,1,1e-05
10543,1,1e-05
70504,1,1e-05
361226,1,1e-05
191101,1,1e-05
17967,1,1e-05
644537,1,1e-05
528655,1,1e-05
30244,1,1e-05
911828,1,1e-05
60374,1,1e-05
650835,1,1e-05
60421,1,1e-05
98576,1,1e-05
238554,1,1e-05
49106,1,1e-05
776534,1,1e-05
894121,1,1e-05
200318,1,1e-05
210434,1,1e-05
79032,1,1e-05
394817,1,1e-05
257052,1,1e-05
270332,1,1e-05
190220,1,1e-05
90597,1,1e-05
170620,1,1e-05
456679,1,1e-05
60885,1,1e-05
300391,1,1e-05
180409,1,1e-05
864303,1,1e-05
632648,1,1e-05
100558,1,1e-05
260240,1,1e-05
393543,1,1e-05
784334,1,1e-05
80909,1,1e-05
776603,1,1e-05
289083,1,1e-05
329347,1,1e-05
181069,1,1e-05
532343,1,1e-05
280248,1,1e-05
373419,1,1e-05
730759,1,1e-05
852588,1,1e-05
718934,1,1e-05
182480,1,1e-05
915923,1,1e-05
781647,1,1e-05
70144,1,1e-05
100609,1,1e-05
25783,1,1e-05
914184,1,1e-05
32144,1,1e-05
327080,1,1e-05
91292,1,1e-05
188538,1,1e-05
868915,1,1e-05
311111,1,1e-05
241027,1,1e-05
110970,1,1e-05
610911,1,1e-05
571397,1,1e-05
769804,1,1e-05
290474,1,1e-05
261033,1,1e-05
411403,1,1e-05
140277,1,1e-05
31160,1,1e-05
271275,1,1e-05
131323,1,1e-05
240886,1,1e-05
428822,1,1e-05
180592,1,1e-05
7724,1,1e-05
60604,1,1e-05
423426,1,1e-05
339720,1,1e-05
40315,1,1e-05
532736,1,1e-05
70559,1,1e-05
838830,1,1e-05
709369,1,1e-05
544053,1,1e-05
310234,1,1e-05
522770,1,1e-05
310704,1,1e-05
158528,1,1e-05
150220,1,1e-05
56985,1,1e-05
964617,1,1e-05
130627,1,1e-05
477315,1,1e-05
739152,1,1e-05
20477,1,1e-05
933476,1,1e-05
812725,1,1e-05
950932,1,1e-05
647088,1,1e-05
319745,1,1e-05
886888,1,1e-05
616581,1,1e-05
864105,1,1e-05
977058,1,1e-05
57520,1,1e-05
171068,1,1e-05
31103,1,1e-05
465327,1,1e-05
200238,1,1e-05
41112,1,1e-05
100355,1,1e-05
170931,1,1e-05
876261,1,1e-05
978698,1,1e-05
120345,1,1e-05
904160,1,1e-05
553602,1,1e-05
767796,1,1e-05
221068,1,1e-05
280293,1,1e-05
31035,1,1e-05
190728,1,1e-05
60445,1,1e-05
548596,1,1e-05
386544,1,1e-05
261249,1,1e-05
387761,1,1e-05
60776,1,1e-05
115944,1,1e-05
194039,1,1e-05
215922,1,1e-05
270396,1,1e-05
372544,1,1e-05
199503,1,1e-05
572319,1,1e-05
61277,1,1e-05
210097,1,1e-05
272186,1,1e-05
604436,1,1e-05
379315,1,1e-05
141272,1,1e-05
110712,1,1e-05
231128,1,1e-05
683377,1,1e-05
490238,1,1e-05
440347,1,1e-05
543233,1,1e-05
291049,1,1e-05
820060,1,1e-05
689769,1,1e-05
230190,1,1e-05
789946,1,1e-05
90697,1,1e-05
8417,1,1e-05
230158,1,1e-05
3535,1,1e-05
290650,1,1e-05
414210,1,1e-05
233993,1,1e-05
191488,1,1e-05
289603,1,1e-05
140935,1,1e-05
222728,1,1e-05
170301,1,1e-05
120368,1,1e-05
80986,1,1e-05
841455,1,1e-05
255045,1,1e-05
388960,1,1e-05
563821,1,1e-05
29545,1,1e-05
220223,1,1e-05
307735,1,1e-05
410752,1,1e-05
720480,1,1e-05
70127,1,1e-05
300167,1,1e-05
686753,1,1e-05
861421,1,1e-05
850593,1,1e-05
50679,1,1e-05
923138,1,1e-05
473137,1,1e-05
21787,1,1e-05
171515,1,1e-05
446781,1,1e-05
537936,1,1e-05
541276,1,1e-05
811771,1,1e-05
999574,1,1e-05
77506,1,1e-05
835704,1,1e-05
740455,1,1e-05
261234,1,1e-05
111233,1,1e-05
111966,1,1e-05
200263,1,1e-05
260712,1,1e-05
31600,1,1e-05
181181,1,1e-05
478091,1,1e-05
689621,1,1e-05
768488,1,1e-05
13385,1,1e-05
17272,1,1e-05
756118,1,1e-05
118304,1,1e-05
867661,1,1e-05
49926,1,1e-05
335493,1,1e-05
10736,1,1e-05
100896,1,1e-05
419875,1,1e-05
820104,1,1e-05
777065,1,1e-05
130245,1,1e-05
319035,1,1e-05
270506,1,1e-05
171145,1,1e-05
439253,1,1e-05
295310,1,1e-05
190169,1,1e-05
482540,1,1e-05
960132,1,1e-05
213259,1,1e-05
189965,1,1e-05
496830,1,1e-05
375764,1,1e-05
374057,1,1e-05
90622,1,1e-05
269158,1,1e-05
20778,1,1e-05
230960,1,1e-05
233702,1,1e-05
469687,1,1e-05
9727,1,1e-05
220788,1,1e-05
941860,1,1e-05
104696,1,1e-05
355008,1,1e-05
717978,1,1e-05
771737,1,1e-05
140152,1,1e-05
111354,1,1e-05
190400,1,1e-05
45110,1,1e-05
504888,1,1e-05
80402,1,1e-05
21147,1,1e-05
898000,1,1e-05
72208,1,1e-05
421964,1,1e-05
130443,1,1e-05
699726,1,1e-05
258312,1,1e-05
60940,1,1e-05
10729,1,1e-05
620503,1,1e-05
51003,1,1e-05
200583,1,1e-05
947571,1,1e-05
700979,1,1e-05
127301,1,1e-05
852278,1,1e-05
30226,1,1e-05
188455,1,1e-05
119749,1,1e-05
602242,1,1e-05
794823,1,1e-05
782397,1,1e-05
55738,1,1e-05
429446,1,1e-05
250395,1,1e-05
190218,1,1e-05
399972,1,1e-05
310147,1,1e-05
796123,1,1e-05
670889,1,1e-05
219493,1,1e-05
191056,1,1e-05
61248,1,1e-05
170283,1,1e-05
210940,1,1e-05
301760,1,1e-05
931657,1,1e-05
567764,1,1e-05
634322,1,1e-05
300806,1,1e-05
560303,1,1e-05
748579,1,1e-05
100815,1,1e-05
100818,1,1e-05
110797,1,1e-05
283419,1,1e-05
50946,1,1e-05
591431,1,1e-05
145171,1,1e-05
742205,1,1e-05
20961,1,1e-05
271156,1,1e-05
171088,1,1e-05
652372,1,1e-05
267082,1,1e-05
21058,1,1e-05
464627,1,1e-05
181346,1,1e-05
1740,1,1e-05
572932,1,1e-05
110168,1,1e-05
765706,1,1e-05
77332,1,1e-05
851310,1,1e-05
971501,1,1e-05
480666,1,1e-05
90333,1,1e-05
501386,1,1e-05
703204,1,1e-05
593429,1,1e-05
320719,1,1e-05
141043,1,1e-05
646377,1,1e-05
188264,1,1e-05
628756,1,1e-05
96823,1,1e-05
252380,1,1e-05
505634,1,1e-05
78661,1,1e-05
370551,1,1e-05
13660,1,1e-05
887976,1,1e-05
40111,1,1e-05
220813,1,1e-05
150960,1,1e-05
874959,1,1e-05
577677,1,1e-05
662888,1,1e-05
121049,1,1e-05
260232,1,1e-05
702503,1,1e-05
368656,1,1e-05
344275,1,1e-05
755613,1,1e-05
920842,1,1e-05
90285,1,1e-05
978626,1,1e-05
70401,1,1e-05
151060,1,1e-05
576415,1,1e-05
485596,1,1e-05
347345,1,1e-05
808273,1,1e-05
143741,1,1e-05
80955,1,1e-05
622835,1,1e-05
772015,1,1e-05
80164,1,1e-05
959613,1,1e-05
419124,1,1e-05
760275,1,1e-05
310256,1,1e-05
361382,1,1e-05
615862,1,1e-05
30252,1,1e-05
743946,1,1e-05
982711,1,1e-05
250335,1,1e-05
91241,1,1e-05
415207,1,1e-05
260990,1,1e-05
534003,1,1e-05
678998,1,1e-05
732084,1,1e-05
993681,1,1e-05
191215,1,1e-05
81234,1,1e-05
233197,1,1e-05
707168,1,1e-05
91230,1,1e-05
10272,1,1e-05
24258,1,1e-05
577120,1,1e-05
747271,1,1e-05
602413,1,1e-05
811582,1,1e-05
486523,1,1e-05
220792,1,1e-05
684557,1,1e-05
51170,1,1e-05
729866,1,1e-05
652873,1,1e-05
598668,1,1e-05
80153,1,1e-05
881338,1,1e-05
280205,1,1e-05
796177,1,1e-05
144571,1,1e-05
241987,1,1e-05
257980,1,1e-05
320718,1,1e-05
384046,1,1e-05
620913,1,1e-05
141115,1,1e-05
45370,1,1e-05
66671,1,1e-05
260612,1,1e-05
190616,1,1e-05
605162,1,1e-05
232094,1,1e-05
231104,1,1e-05
230127,1,1e-05
72105,1,1e-05
311182,1,1e-05
310428,1,1e-05
529848,1,1e-05
781380,1,1e-05
547662,1,1e-05
258510,1,1e-05
634192,1,1e-05
221237,1,1e-05
643587,1,1e-05
485299,1,1e-05
45293,1,1e-05
139883,1,1e-05
603561,1,1e-05
170647,1,1e-05
101646,1,1e-05
551186,1,1e-05
711251,1,1e-05
307929,1,1e-05
401356,1,1e-05
159440,1,1e-05
632362,1,1e-05
220271,1,1e-05
144700,1,1e-05
569827,1,1e-05
810376,1,1e-05
111199,1,1e-05
206933,1,1e-05
741643,1,1e-05
160117,1,1e-05
80966,1,1e-05
30931,1,1e-05
80110,1,1e-05
926422,1,1e-05
150480,1,1e-05
923743,1,1e-05
70947,1,1e-05
280914,1,1e-05
280163,1,1e-05
464943,1,1e-05
150118,1,1e-05
635404,1,1e-05
485781,1,1e-05
20632,1,1e-05
246119,1,1e-05
240690,1,1e-05
565982,1,1e-05
852517,1,1e-05
992123,1,1e-05
108924,1,1e-05
37380,1,1e-05
313688,1,1e-05
452441,1,1e-05
90135,1,1e-05
482023,1,1e-05
724310,1,1e-05
992494,1,1e-05
240498,1,1e-05
261328,1,1e-05
80607,1,1e-05
210701,1,1e-05
110500,1,1e-05
477936,1,1e-05
189565,1,1e-05
151192,1,1e-05
422166,1,1e-05
308122,1,1e-05
406588,1,1e-05
362712,1,1e-05
120328,1,1e-05
85621,1,1e-05
970378,1,1e-05
384741,1,1e-05
335337,1,1e-05
505155,1,1e-05
494992,1,1e-05
546852,1,1e-05
303026,1,1e-05
247731,1,1e-05
110476,1,1e-05
495987,1,1e-05
20190,1,1e-05
211288,1,1e-05
624842,1,1e-05
807330,1,1e-05
756486,1,1e-05
851871,1,1e-05
40441,1,1e-05
300865,1,1e-05
301628,1,1e-05
50669,1,1e-05
7398,1,1e-05
650649,1,1e-05
231280,1,1e-05
528011,1,1e-05
231238,1,1e-05
543533,1,1e-05
120336,1,1e-05
20667,1,1e-05
195767,1,1e-05
150361,1,1e-05
435852,1,1e-05
788191,1,1e-05
560089,1,1e-05
705896,1,1e-05
311216,1,1e-05
369,1,1e-05
20660,1,1e-05
331662,1,1e-05
110814,1,1e-05
91265,1,1e-05
730415,1,1e-05
581266,1,1e-05
191183,1,1e-05
663685,1,1e-05
656054,1,1e-05
101055,1,1e-05
254237,1,1e-05
50760,1,1e-05
526336,1,1e-05
563642,1,1e-05
238802,1,1e-05
10303,1,1e-05
240768,1,1e-05
651596,1,1e-05
108016,1,1e-05
529644,1,1e-05
195704,1,1e-05
835920,1,1e-05
279792,1,1e-05
300541,1,1e-05
350837,1,1e-05
969004,1,1e-05
267458,1,1e-05
6939,1,1e-05
85160,1,1e-05
629449,1,1e-05
941836,1,1e-05
82633,1,1e-05
105022,1,1e-05
90431,1,1e-05
412165,1,1e-05
1765,1,1e-05
180612,1,1e-05
130393,1,1e-05
180668,1,1e-05
548513,1,1e-05
21065,1,1e-05
315853,1,1e-05
191812,1,1e-05
916642,1,1e-05
220368,1,1e-05
894782,1,1e-05
884828,1,1e-05
240943,1,1e-05
231231,1,1e-05
419800,1,1e-05
80385,1,1e-05
70125,1,1e-05
63596,1,1e-05
288218,1,1e-05
60839,1,1e-05
429369,1,1e-05
617832,1,1e-05
100532,1,1e-05
317071,1,1e-05
892103,1,1e-05
854474,1,1e-05
851914,1,1e-05
161286,1,1e-05
291331,1,1e-05
88481,1,1e-05
355884,1,1e-05
547472,1,1e-05
60700,1,1e-05
510052,1,1e-05
536415,1,1e-05
290661,1,1e-05
310620,1,1e-05
180387,1,1e-05
516777,1,1e-05
545579,1,1e-05
151317,1,1e-05
851973,1,1e-05
280766,1,1e-05
633245,1,1e-05
933590,1,1e-05
290338,1,1e-05
232085,1,1e-05
343007,1,1e-05
91016,1,1e-05
210730,1,1e-05
387718,1,1e-05
4796,1,1e-05
221051,1,1e-05
659623,1,1e-05
30139,1,1e-05
170630,1,1e-05
875925,1,1e-05
201008,1,1e-05
120200,1,1e-05
25910,1,1e-05
211004,1,1e-05
221007,1,1e-05
200559,1,1e-05
506539,1,1e-05
892437,1,1e-05
151205,1,1e-05
870850,1,1e-05
722338,1,1e-05
736357,1,1e-05
882796,1,1e-05
917932,1,1e-05
398286,1,1e-05
250154,1,1e-05
80899,1,1e-05
798720,1,1e-05
726643,1,1e-05
790978,1,1e-05
850040,1,1e-05
517748,1,1e-05
586809,1,1e-05
567686,1,1e-05
825672,1,1e-05
680607,1,1e-05
767784,1,1e-05
179706,1,1e-05
891269,1,1e-05
180865,1,1e-05
100637,1,1e-05
120270,1,1e-05
616953,1,1e-05
230388,1,1e-05
840083,1,1e-05
522053,1,1e-05
645842,1,1e-05
270433,1,1e-05
221183,1,1e-05
258322,1,1e-05
805697,1,1e-05
208820,1,1e-05
562603,1,1e-05
783104,1,1e-05
82595,1,1e-05
568465,1,1e-05
550469,1,1e-05
251063,1,1e-05
518941,1,1e-05
220546,1,1e-05
992685,1,1e-05
221279,1,1e-05
372411,1,1e-05
580098,1,1e-05
62395,1,1e-05
160687,1,1e-05
898737,1,1e-05
30679,1,1e-05
31122,1,1e-05
162915,1,1e-05
37876,1,1e-05
290306,1,1e-05
567817,1,1e-05
211081,1,1e-05
211275,1,1e-05
10584,1,1e-05
708191,1,1e-05
935598,1,1e-05
541157,1,1e-05
80389,1,1e-05
41382,1,1e-05
22620,1,1e-05
41159,1,1e-05
290461,1,1e-05
220488,1,1e-05
224318,1,1e-05
154418,1,1e-05
210666,1,1e-05
930387,1,1e-05
280640,1,1e-05
271152,1,1e-05
231110,1,1e-05
229669,1,1e-05
212421,1,1e-05
51068,1,1e-05
200977,1,1e-05
100693,1,1e-05
150748,1,1e-05
163555,1,1e-05
80679,1,1e-05
821166,1,1e-05
985912,1,1e-05
170653,1,1e-05
220745,1,1e-05
210351,1,1e-05
290458,1,1e-05
464858,1,1e-05
132182,1,1e-05
862834,1,1e-05
48080,1,1e-05
281142,1,1e-05
679344,1,1e-05
874809,1,1e-05
377531,1,1e-05
441105,1,1e-05
568452,1,1e-05
119030,1,1e-05
117544,1,1e-05
70198,1,1e-05
231092,1,1e-05
863402,1,1e-05
533375,1,1e-05
391272,1,1e-05
949789,1,1e-05
534794,1,1e-05
605380,1,1e-05
369636,1,1e-05
140761,1,1e-05
207304,1,1e-05
374987,1,1e-05
300445,1,1e-05
258558,1,1e-05
361700,1,1e-05
20823,1,1e-05
642619,1,1e-05
702385,1,1e-05
571989,1,1e-05
70473,1,1e-05
210146,1,1e-05
578272,1,1e-05
70571,1,1e-05
596250,1,1e-05
111187,1,1e-05
323286,1,1e-05
280819,1,1e-05
190301,1,1e-05
150917,1,1e-05
565948,1,1e-05
613803,1,1e-05
232219,1,1e-05
580506,1,1e-05
221284,1,1e-05
51157,1,1e-05
629662,1,1e-05
254500,1,1e-05
550248,1,1e-05
136587,1,1e-05
566576,1,1e-05
988093,1,1e-05
621094,1,1e-05
534813,1,1e-05
50589,1,1e-05
280341,1,1e-05
345098,1,1e-05
161131,1,1e-05
615489,1,1e-05
250598,1,1e-05
231138,1,1e-05
448154,1,1e-05
852783,1,1e-05
241242,1,1e-05
999294,1,1e-05
91174,1,1e-05
846400,1,1e-05
60287,1,1e-05
687700,1,1e-05
55872,1,1e-05
985278,1,1e-05
423103,1,1e-05
300570,1,1e-05
60255,1,1e-05
939889,1,1e-05
966590,1,1e-05
340518,1,1e-05
668737,1,1e-05
191045,1,1e-05
811911,1,1e-05
445448,1,1e-05
131881,1,1e-05
332937,1,1e-05
443044,1,1e-05
437794,1,1e-05
189796,1,1e-05
160113,1,1e-05
28629,1,1e-05
120632,1,1e-05
615267,1,1e-05
51021,1,1e-05
677987,1,1e-05
232713,1,1e-05
282069,1,1e-05
709584,1,1e-05
832831,1,1e-05
191387,1,1e-05
370612,1,1e-05
679877,1,1e-05
912406,1,1e-05
240332,1,1e-05
158106,1,1e-05
970772,1,1e-05
348971,1,1e-05
104398,1,1e-05
72972,1,1e-05
779254,1,1e-05
310377,1,1e-05
587032,1,1e-05
130541,1,1e-05
502686,1,1e-05
181250,1,1e-05
150869,1,1e-05
420153,1,1e-05
189024,1,1e-05
50745,1,1e-05
636746,1,1e-05
160446,1,1e-05
157590,1,1e-05
664035,1,1e-05
526406,1,1e-05
72170,1,1e-05
332920,1,1e-05
152870,1,1e-05
491052,1,1e-05
40248,1,1e-05
238981,1,1e-05
630382,1,1e-05
930744,1,1e-05
853722,1,1e-05
130108,1,1e-05
684,1,1e-05
291199,1,1e-05
293221,1,1e-05
896443,1,1e-05
201044,1,1e-05
140565,1,1e-05
362586,1,1e-05
131176,1,1e-05
168037,1,1e-05
798305,1,1e-05
474181,1,1e-05
897392,1,1e-05
271124,1,1e-05
358585,1,1e-05
695677,1,1e-05
196921,1,1e-05
628803,1,1e-05
472289,1,1e-05
203494,1,1e-05
604924,1,1e-05
50780,1,1e-05
291173,1,1e-05
240350,1,1e-05
242798,1,1e-05
220652,1,1e-05
10180,1,1e-05
230983,1,1e-05
418768,1,1e-05
762531,1,1e-05
300693,1,1e-05
11266,1,1e-05
616266,1,1e-05
240471,1,1e-05
693931,1,1e-05
40701,1,1e-05
131162,1,1e-05
232623,1,1e-05
417307,1,1e-05
180799,1,1e-05
818345,1,1e-05
391300,1,1e-05
230165,1,1e-05
315204,1,1e-05
928846,1,1e-05
554011,1,1e-05
140790,1,1e-05
459787,1,1e-05
437374,1,1e-05
47036,1,1e-05
797350,1,1e-05
985320,1,1e-05
771613,1,1e-05
42782,1,1e-05
170140,1,1e-05
938120,1,1e-05
610552,1,1e-05
701647,1,1e-05
600953,1,1e-05
861748,1,1e-05
230635,1,1e-05
327355,1,1e-05
270315,1,1e-05
82413,1,1e-05
64498,1,1e-05
479668,1,1e-05
379052,1,1e-05
854043,1,1e-05
191029,1,1e-05
20240,1,1e-05
860020,1,1e-05
540467,1,1e-05
877771,1,1e-05
499555,1,1e-05
691776,1,1e-05
547423,1,1e-05
677565,1,1e-05
66230,1,1e-05
130235,1,1e-05
60600,1,1e-05
31147,1,1e-05
74853,1,1e-05
30577,1,1e-05
646587,1,1e-05
111033,1,1e-05
240298,1,1e-05
197212,1,1e-05
40489,1,1e-05
60713,1,1e-05
449979,1,1e-05
60651,1,1e-05
220650,1,1e-05
324764,1,1e-05
144257,1,1e-05
181108,1,1e-05
59033,1,1e-05
151111,1,1e-05
284976,1,1e-05
290683,1,1e-05
211012,1,1e-05
163570,1,1e-05
19989,1,1e-05
187803,1,1e-05
498801,1,1e-05
74997,1,1e-05
211086,1,1e-05
686425,1,1e-05
221510,1,1e-05
106285,1,1e-05
925117,1,1e-05
270989,1,1e-05
280793,1,1e-05
160946,1,1e-05
497621,1,1e-05
545381,1,1e-05
179756,1,1e-05
98350,1,1e-05
912733,1,1e-05
442256,1,1e-05
988136,1,1e-05
228969,1,1e-05
130748,1,1e-05
133918,1,1e-05
764451,1,1e-05
150730,1,1e-05
231017,1,1e-05
139157,1,1e-05
221099,1,1e-05
450685,1,1e-05
100673,1,1e-05
101135,1,1e-05
788960,1,1e-05
358339,1,1e-05
241383,1,1e-05
101141,1,1e-05
653463,1,1e-05
130844,1,1e-05
147229,1,1e-05
803583,1,1e-05
220354,1,1e-05
51793,1,1e-05
686649,1,1e-05
190288,1,1e-05
118598,1,1e-05
716002,1,1e-05
569541,1,1e-05
210200,1,1e-05
50115,1,1e-05
933771,1,1e-05
986122,1,1e-05
291259,1,1e-05
41165,1,1e-05
280557,1,1e-05
4297,1,1e-05
181842,1,1e-05
20232,1,1e-05
501638,1,1e-05
761594,1,1e-05
50803,1,1e-05
140256,1,1e-05
230711,1,1e-05
180205,1,1e-05
290131,1,1e-05
60785,1,1e-05
313431,1,1e-05
140535,1,1e-05
825845,1,1e-05
412930,1,1e-05
640028,1,1e-05
170201,1,1e-05
640462,1,1e-05
110279,1,1e-05
609770,1,1e-05
310939,1,1e-05
40327,1,1e-05
21209,1,1e-05
210546,1,1e-05
170930,1,1e-05
310385,1,1e-05
191289,1,1e-05
67335,1,1e-05
280689,1,1e-05
16242,1,1e-05
738388,1,1e-05
206658,1,1e-05
251226,1,1e-05
99702,1,1e-05
184839,1,1e-05
327394,1,1e-05
310902,1,1e-05
210208,1,1e-05
253115,1,1e-05
140586,1,1e-05
931953,1,1e-05
209946,1,1e-05
555433,1,1e-05
854265,1,1e-05
360649,1,1e-05
130378,1,1e-05
181273,1,1e-05
142418,1,1e-05
571448,1,1e-05
166286,1,1e-05
882790,1,1e-05
310926,1,1e-05
130233,1,1e-05
557728,1,1e-05
231108,1,1e-05
35344,1,1e-05
120835,1,1e-05
220171,1,1e-05
110498,1,1e-05
885414,1,1e-05
407159,1,1e-05
290263,1,1e-05
20846,1,1e-05
335228,1,1e-05
760727,1,1e-05
465053,1,1e-05
140223,1,1e-05
28451,1,1e-05
486056,1,1e-05
106469,1,1e-05
425813,1,1e-05
82520,1,1e-05
328100,1,1e-05
989682,1,1e-05
180757,1,1e-05
11268,1,1e-05
131269,1,1e-05
817397,1,1e-05
170291,1,1e-05
150648,1,1e-05
601528,1,1e-05
10964,1,1e-05
20422,1,1e-05
30117,1,1e-05
335217,1,1e-05
121221,1,1e-05
643803,1,1e-05
151010,1,1e-05
180618,1,1e-05
160799,1,1e-05
483300,1,1e-05
886393,1,1e-05
376426,1,1e-05
111027,1,1e-05
871349,1,1e-05
869646,1,1e-05
127549,1,1e-05
604447,1,1e-05
101134,1,1e-05
61197,1,1e-05
240492,1,1e-05
313103,1,1e-05
210952,1,1e-05
150437,1,1e-05
20333,1,1e-05
140498,1,1e-05
360961,1,1e-05
935821,1,1e-05
478649,1,1e-05
3578,1,1e-05
120893,1,1e-05
664114,1,1e-05
827463,1,1e-05
90605,1,1e-05
290493,1,1e-05
771313,1,1e-05
466266,1,1e-05
835624,1,1e-05
265604,1,1e-05
100694,1,1e-05
90873,1,1e-05
661368,1,1e-05
369961,1,1e-05
200565,1,1e-05
190433,1,1e-05
958600,1,1e-05
973800,1,1e-05
130628,1,1e-05
705282,1,1e-05
60276,1,1e-05
797731,1,1e-05
584954,1,1e-05
71289,1,1e-05
366295,1,1e-05
270179,1,1e-05
240157,1,1e-05
273647,1,1e-05
130964,1,1e-05
229590,1,1e-05
53000,1,1e-05
750751,1,1e-05
683408,1,1e-05
140460,1,1e-05
61158,1,1e-05
170247,1,1e-05
260399,1,1e-05
447622,1,1e-05
290639,1,1e-05
80365,1,1e-05
443046,1,1e-05
260544,1,1e-05
191268,1,1e-05
290853,1,1e-05
776391,1,1e-05
730862,1,1e-05
320014,1,1e-05
310181,1,1e-05
309196,1,1e-05
259725,1,1e-05
919676,1,1e-05
563827,1,1e-05
280166,1,1e-05
291015,1,1e-05
71105,1,1e-05
270932,1,1e-05
602616,1,1e-05
467,1,1e-05
190720,1,1e-05
201136,1,1e-05
957124,1,1e-05
87746,1,1e-05
430851,1,1e-05
625880,1,1e-05
538742,1,1e-05
634641,1,1e-05
152726,1,1e-05
301018,1,1e-05
734549,1,1e-05
270623,1,1e-05
201641,1,1e-05
352909,1,1e-05
965171,1,1e-05
88356,1,1e-05
884492,1,1e-05
998864,1,1e-05
558088,1,1e-05
230976,1,1e-05
22863,1,1e-05
627127,1,1e-05
980579,1,1e-05
536351,1,1e-05
828424,1,1e-05
45096,1,1e-05
145861,1,1e-05
410219,1,1e-05
724640,1,1e-05
200808,1,1e-05
713461,1,1e-05
911163,1,1e-05
918064,1,1e-05
235032,1,1e-05
743267,1,1e-05
719040,1,1e-05
771496,1,1e-05
473312,1,1e-05
799981,1,1e-05
33531,1,1e-05
203123,1,1e-05
62189,1,1e-05
245353,1,1e-05
181559,1,1e-05
407575,1,1e-05
586099,1,1e-05
747480,1,1e-05
993864,1,1e-05
260913,1,1e-05
140649,1,1e-05
308609,1,1e-05
250822,1,1e-05
208854,1,1e-05
561880,1,1e-05
31099,1,1e-05
191166,1,1e-05
141250,1,1e-05
890741,1,1e-05
230148,1,1e-05
36695,1,1e-05
150238,1,1e-05
91252,1,1e-05
160185,1,1e-05
520286,1,1e-05
112084,1,1e-05
10463,1,1e-05
151046,1,1e-05
545881,1,1e-05
797637,1,1e-05
250197,1,1e-05
10238,1,1e-05
71152,1,1e-05
931911,1,1e-05
240170,1,1e-05
10967,1,1e-05
150482,1,1e-05
10133,1,1e-05
424039,1,1e-05
236919,1,1e-05
797429,1,1e-05
918298,1,1e-05
295063,1,1e-05
261257,1,1e-05
230298,1,1e-05
100902,1,1e-05
52330,1,1e-05
805290,1,1e-05
818154,1,1e-05
271690,1,1e-05
353931,1,1e-05
240704,1,1e-05
533210,1,1e-05
662330,1,1e-05
788713,1,1e-05
280616,1,1e-05
989045,1,1e-05
20175,1,1e-05
63453,1,1e-05
760176,1,1e-05
51372,1,1e-05
840333,1,1e-05
870133,1,1e-05
782680,1,1e-05
936113,1,1e-05
395576,1,1e-05
221958,1,1e-05
722671,1,1e-05
869725,1,1e-05
466243,1,1e-05
751925,1,1e-05
21021,1,1e-05
523820,1,1e-05
870728,1,1e-05
605490,1,1e-05
220108,1,1e-05
800240,1,1e-05
217333,1,1e-05
48539,1,1e-05
596537,1,1e-05
140625,1,1e-05
232909,1,1e-05
656820,1,1e-05
240397,1,1e-05
34287,1,1e-05
847959,1,1e-05
270523,1,1e-05
447451,1,1e-05
129488,1,1e-05
380183,1,1e-05
480399,1,1e-05
20786,1,1e-05
130714,1,1e-05
160457,1,1e-05
518293,1,1e-05
841469,1,1e-05
120505,1,1e-05
110167,1,1e-05
606930,1,1e-05
847875,1,1e-05
321256,1,1e-05
633446,1,1e-05
735783,1,1e-05
572064,1,1e-05
488527,1,1e-05
110900,1,1e-05
20988,1,1e-05
368076,1,1e-05
530935,1,1e-05
995973,1,1e-05
258092,1,1e-05
300294,1,1e-05
30135,1,1e-05
242494,1,1e-05
733450,1,1e-05
14741,1,1e-05
270160,1,1e-05
257651,1,1e-05
869070,1,1e-05
491225,1,1e-05
551781,1,1e-05
260498,1,1e-05
280334,1,1e-05
140587,1,1e-05
845782,1,1e-05
410457,1,1e-05
214430,1,1e-05
497835,1,1e-05
69968,1,1e-05
160207,1,1e-05
270440,1,1e-05
547682,1,1e-05
151264,1,1e-05
533847,1,1e-05
731283,1,1e-05
404429,1,1e-05
310568,1,1e-05
101240,1,1e-05
240721,1,1e-05
250128,1,1e-05
698082,1,1e-05
416809,1,1e-05
681222,1,1e-05
85445,1,1e-05
410053,1,1e-05
310287,1,1e-05
90958,1,1e-05
968333,1,1e-05
667837,1,1e-05
120636,1,1e-05
280203,1,1e-05
110977,1,1e-05
927887,1,1e-05
552940,1,1e-05
284794,1,1e-05
294697,1,1e-05
295504,1,1e-05
755090,1,1e-05
209426,1,1e-05
82900,1,1e-05
887293,1,1e-05
507594,1,1e-05
367700,1,1e-05
131144,1,1e-05
100713,1,1e-05
804645,1,1e-05
431631,1,1e-05
714605,1,1e-05
260883,1,1e-05
260737,1,1e-05
171292,1,1e-05
141433,1,1e-05
657219,1,1e-05
881930,1,1e-05
170697,1,1e-05
100840,1,1e-05
990939,1,1e-05
718796,1,1e-05
30802,1,1e-05
490711,1,1e-05
647720,1,1e-05
150504,1,1e-05
512470,1,1e-05
295391,1,1e-05
220929,1,1e-05
441094,1,1e-05
724908,1,1e-05
301369,1,1e-05
240453,1,1e-05
181836,1,1e-05
929230,1,1e-05
40459,1,1e-05
749838,1,1e-05
79853,1,1e-05
752745,1,1e-05
110539,1,1e-05
753485,1,1e-05
567855,1,1e-05
251043,1,1e-05
729051,1,1e-05
729402,1,1e-05
30598,1,1e-05
605367,1,1e-05
210592,1,1e-05
160953,1,1e-05
280781,1,1e-05
220942,1,1e-05
380040,1,1e-05
786804,1,1e-05
140516,1,1e-05
41135,1,1e-05
849806,1,1e-05
161276,1,1e-05
890807,1,1e-05
160318,1,1e-05
512292,1,1e-05
812535,1,1e-05
240828,1,1e-05
858580,1,1e-05
30133,1,1e-05
70707,1,1e-05
761336,1,1e-05
160271,1,1e-05
247170,1,1e-05
699796,1,1e-05
649281,1,1e-05
832533,1,1e-05
969817,1,1e-05
629045,1,1e-05
120445,1,1e-05
30590,1,1e-05
281183,1,1e-05
60273,1,1e-05
26441,1,1e-05
930421,1,1e-05
655588,1,1e-05
731708,1,1e-05
435479,1,1e-05
523873,1,1e-05
773952,1,1e-05
71100,1,1e-05
179400,1,1e-05
132868,1,1e-05
184569,1,1e-05
961458,1,1e-05
71111,1,1e-05
57851,1,1e-05
131173,1,1e-05
757596,1,1e-05
110593,1,1e-05
111280,1,1e-05
649717,1,1e-05
228882,1,1e-05
391101,1,1e-05
557030,1,1e-05
606010,1,1e-05
435172,1,1e-05
375177,1,1e-05
411953,1,1e-05
310614,1,1e-05
193417,1,1e-05
250926,1,1e-05
753206,1,1e-05
280130,1,1e-05
210750,1,1e-05
686823,1,1e-05
795394,1,1e-05
376478,1,1e-05
144088,1,1e-05
881290,1,1e-05
171018,1,1e-05
240489,1,1e-05
248617,1,1e-05
75800,1,1e-05
444280,1,1e-05
210235,1,1e-05
151222,1,1e-05
710723,1,1e-05
448930,1,1e-05
171006,1,1e-05
980156,1,1e-05
552844,1,1e-05
799456,1,1e-05
846755,1,1e-05
780351,1,1e-05
291297,1,1e-05
387030,1,1e-05
181149,1,1e-05
80303,1,1e-05
735653,1,1e-05
270195,1,1e-05
141228,1,1e-05
6023,1,1e-05
537320,1,1e-05
535438,1,1e-05
872634,1,1e-05
172693,1,1e-05
728504,1,1e-05
190643,1,1e-05
519823,1,1e-05
240908,1,1e-05
250472,1,1e-05
210269,1,1e-05
170267,1,1e-05
51141,1,1e-05
300701,1,1e-05
87322,1,1e-05
61963,1,1e-05
31074,1,1e-05
753813,1,1e-05
482815,1,1e-05
986534,1,1e-05
101090,1,1e-05
166642,1,1e-05
341806,1,1e-05
108458,1,1e-05
151064,1,1e-05
886417,1,1e-05
200692,1,1e-05
693613,1,1e-05
171123,1,1e-05
278061,1,1e-05
354406,1,1e-05
367418,1,1e-05
540077,1,1e-05
190181,1,1e-05
568947,1,1e-05
141155,1,1e-05
835000,1,1e-05
490266,1,1e-05
270917,1,1e-05
402989,1,1e-05
177787,1,1e-05
326414,1,1e-05
51256,1,1e-05
130851,1,1e-05
59419,1,1e-05
310599,1,1e-05
303702,1,1e-05
124683,1,1e-05
812420,1,1e-05
427767,1,1e-05
577561,1,1e-05
200187,1,1e-05
100398,1,1e-05
60900,1,1e-05
311177,1,1e-05
127234,1,1e-05
663587,1,1e-05
796602,1,1e-05
907406,1,1e-05
226781,1,1e-05
722410,1,1e-05
201744,1,1e-05
116259,1,1e-05
345447,1,1e-05
150563,1,1e-05
524988,1,1e-05
473805,1,1e-05
280453,1,1e-05
691944,1,1e-05
110494,1,1e-05
411909,1,1e-05
50148,1,1e-05
963691,1,1e-05
680587,1,1e-05
101770,1,1e-05
131012,1,1e-05
250474,1,1e-05
300976,1,1e-05
692160,1,1e-05
200955,1,1e-05
51250,1,1e-05
781896,1,1e-05
260963,1,1e-05
110880,1,1e-05
399113,1,1e-05
150763,1,1e-05
30949,1,1e-05
944740,1,1e-05
998927,1,1e-05
130803,1,1e-05
250301,1,1e-05
190909,1,1e-05
680724,1,1e-05
171148,1,1e-05
318856,1,1e-05
10168,1,1e-05
949995,1,1e-05
10166,1,1e-05
322341,1,1e-05
604923,1,1e-05
5854,1,1e-05
110634,1,1e-05
841057,1,1e-05
80610,1,1e-05
577052,1,1e-05
336421,1,1e-05
593019,1,1e-05
231093,1,1e-05
151013,1,1e-05
711945,1,1e-05
357663,1,1e-05
432051,1,1e-05
491135,1,1e-05
375243,1,1e-05
265469,1,1e-05
80685,1,1e-05
100164,1,1e-05
953551,1,1e-05
110755,1,1e-05
290436,1,1e-05
238444,1,1e-05
819619,1,1e-05
749818,1,1e-05
227003,1,1e-05
338306,1,1e-05
332073,1,1e-05
171246,1,1e-05
680238,1,1e-05
717165,1,1e-05
619415,1,1e-05
510248,1,1e-05
939304,1,1e-05
220619,1,1e-05
223437,1,1e-05
130427,1,1e-05
328189,1,1e-05
598577,1,1e-05
250992,1,1e-05
455808,1,1e-05
171041,1,1e-05
496506,1,1e-05
367719,1,1e-05
310089,1,1e-05
270866,1,1e-05
872034,1,1e-05
690315,1,1e-05
20682,1,1e-05
560304,1,1e-05
231168,1,1e-05
310333,1,1e-05
238070,1,1e-05
110914,1,1e-05
101100,1,1e-05
206011,1,1e-05
619395,1,1e-05
876499,1,1e-05
300656,1,1e-05
150490,1,1e-05
730046,1,1e-05
102563,1,1e-05
202071,1,1e-05
150934,1,1e-05
144540,1,1e-05
221235,1,1e-05
554300,1,1e-05
816596,1,1e-05
231743,1,1e-05
557355,1,1e-05
946763,1,1e-05
130753,1,1e-05
170396,1,1e-05
453016,1,1e-05
571628,1,1e-05
90908,1,1e-05
74796,1,1e-05
240310,1,1e-05
404248,1,1e-05
748729,1,1e-05
547710,1,1e-05
657258,1,1e-05
711256,1,1e-05
95307,1,1e-05
51211,1,1e-05
32221,1,1e-05
372835,1,1e-05
844769,1,1e-05
170493,1,1e-05
290175,1,1e-05
183435,1,1e-05
803450,1,1e-05
343269,1,1e-05
286687,1,1e-05
130475,1,1e-05
301616,1,1e-05
241274,1,1e-05
593728,1,1e-05
301697,1,1e-05
61010,1,1e-05
828567,1,1e-05
945632,1,1e-05
239791,1,1e-05
400295,1,1e-05
186320,1,1e-05
26854,1,1e-05
721817,1,1e-05
293305,1,1e-05
624052,1,1e-05
449795,1,1e-05
968664,1,1e-05
566252,1,1e-05
344933,1,1e-05
392000,1,1e-05
756066,1,1e-05
181154,1,1e-05
140732,1,1e-05
91122,1,1e-05
799103,1,1e-05
416346,1,1e-05
280183,1,1e-05
20684,1,1e-05
677148,1,1e-05
879286,1,1e-05
614154,1,1e-05
718041,1,1e-05
929693,1,1e-05
130403,1,1e-05
904623,1,1e-05
283924,1,1e-05
254815,1,1e-05
90594,1,1e-05
778454,1,1e-05
902376,1,1e-05
184166,1,1e-05
17353,1,1e-05
36124,1,1e-05
182330,1,1e-05
267272,1,1e-05
211171,1,1e-05
781721,1,1e-05
140702,1,1e-05
190540,1,1e-05
338605,1,1e-05
478692,1,1e-05
240404,1,1e-05
193181,1,1e-05
180546,1,1e-05
73331,1,1e-05
166668,1,1e-05
757045,1,1e-05
645033,1,1e-05
555487,1,1e-05
260177,1,1e-05
221145,1,1e-05
277649,1,1e-05
463554,1,1e-05
80207,1,1e-05
461565,1,1e-05
922187,1,1e-05
20513,1,1e-05
20184,1,1e-05
402514,1,1e-05
200635,1,1e-05
918536,1,1e-05
232569,1,1e-05
96645,1,1e-05
474853,1,1e-05
650875,1,1e-05
26402,1,1e-05
90196,1,1e-05
104954,1,1e-05
766094,1,1e-05
260782,1,1e-05
90550,1,1e-05
50820,1,1e-05
103392,1,1e-05
224168,1,1e-05
150610,1,1e-05
110347,1,1e-05
178957,1,1e-05
650939,1,1e-05
332466,1,1e-05
586155,1,1e-05
240930,1,1e-05
367975,1,1e-05
322768,1,1e-05
80319,1,1e-05
451233,1,1e-05
387575,1,1e-05
240658,1,1e-05
147594,1,1e-05
727276,1,1e-05
348908,1,1e-05
342392,1,1e-05
290475,1,1e-05
660490,1,1e-05
230649,1,1e-05
31997,1,1e-05
477151,1,1e-05
270295,1,1e-05
75753,1,1e-05
742447,1,1e-05
405861,1,1e-05
921430,1,1e-05
255627,1,1e-05
722090,1,1e-05
434384,1,1e-05
211087,1,1e-05
428282,1,1e-05
858442,1,1e-05
615891,1,1e-05
534822,1,1e-05
571645,1,1e-05
170775,1,1e-05
40932,1,1e-05
218053,1,1e-05
200407,1,1e-05
276718,1,1e-05
200705,1,1e-05
984131,1,1e-05
746605,1,1e-05
476732,1,1e-05
894081,1,1e-05
884824,1,1e-05
311280,1,1e-05
160850,1,1e-05
671760,1,1e-05
250726,1,1e-05
701264,1,1e-05
55385,1,1e-05
731512,1,1e-05
973344,1,1e-05
545322,1,1e-05
402740,1,1e-05
130149,1,1e-05
150667,1,1e-05
658776,1,1e-05
49681,1,1e-05
596260,1,1e-05
40289,1,1e-05
943828,1,1e-05
939949,1,1e-05
245368,1,1e-05
150930,1,1e-05
50861,1,1e-05
844140,1,1e-05
987154,1,1e-05
520846,1,1e-05
65456,1,1e-05
255253,1,1e-05
150851,1,1e-05
726212,1,1e-05
842601,1,1e-05
199811,1,1e-05
31291,1,1e-05
224708,1,1e-05
60460,1,1e-05
70442,1,1e-05
200404,1,1e-05
113173,1,1e-05
260604,1,1e-05
65093,1,1e-05
453587,1,1e-05
737779,1,1e-05
967568,1,1e-05
20954,1,1e-05
455384,1,1e-05
101205,1,1e-05
642749,1,1e-05
579781,1,1e-05
200734,1,1e-05
842637,1,1e-05
504662,1,1e-05
290524,1,1e-05
309498,1,1e-05
50749,1,1e-05
200714,1,1e-05
207617,1,1e-05
150926,1,1e-05
180737,1,1e-05
41200,1,1e-05
210733,1,1e-05
290515,1,1e-05
270880,1,1e-05
203602,1,1e-05
310509,1,1e-05
231042,1,1e-05
909910,1,1e-05
131568,1,1e-05
614675,1,1e-05
203747,1,1e-05
184068,1,1e-05
100211,1,1e-05
24523,1,1e-05
407315,1,1e-05
200771,1,1e-05
80378,1,1e-05
401903,1,1e-05
365996,1,1e-05
290616,1,1e-05
542670,1,1e-05
190736,1,1e-05
101024,1,1e-05
180751,1,1e-05
183854,1,1e-05
701320,1,1e-05
933411,1,1e-05
270894,1,1e-05
563678,1,1e-05
742522,1,1e-05
982979,1,1e-05
679626,1,1e-05
605917,1,1e-05
280564,1,1e-05
634808,1,1e-05
160808,1,1e-05
531644,1,1e-05
780777,1,1e-05
114586,1,1e-05
966656,1,1e-05
682368,1,1e-05
718066,1,1e-05
110447,1,1e-05
70663,1,1e-05
270150,1,1e-05
130629,1,1e-05
344383,1,1e-05
11142,1,1e-05
732632,1,1e-05
295519,1,1e-05
154784,1,1e-05
101271,1,1e-05
160253,1,1e-05
190676,1,1e-05
600209,1,1e-05
231201,1,1e-05
461913,1,1e-05
310878,1,1e-05
919207,1,1e-05
941716,1,1e-05
612108,1,1e-05
956602,1,1e-05
164199,1,1e-05
131172,1,1e-05
211169,1,1e-05
986094,1,1e-05
180506,1,1e-05
551381,1,1e-05
156116,1,1e-05
526926,1,1e-05
230676,1,1e-05
60907,1,1e-05
197426,1,1e-05
886942,1,1e-05
886508,1,1e-05
211286,1,1e-05
110636,1,1e-05
686388,1,1e-05
127426,1,1e-05
190821,1,1e-05
526474,1,1e-05
627245,1,1e-05
61166,1,1e-05
71184,1,1e-05
920994,1,1e-05
935441,1,1e-05
80440,1,1e-05
594325,1,1e-05
158926,1,1e-05
311206,1,1e-05
727954,1,1e-05
130211,1,1e-05
230506,1,1e-05
17508,1,1e-05
211236,1,1e-05
90243,1,1e-05
50491,1,1e-05
85069,1,1e-05
291081,1,1e-05
240103,1,1e-05
70188,1,1e-05
260427,1,1e-05
311223,1,1e-05
23432,1,1e-05
161359,1,1e-05
234630,1,1e-05
28207,1,1e-05
61252,1,1e-05
810845,1,1e-05
158515,1,1e-05
310873,1,1e-05
90111,1,1e-05
61254,1,1e-05
280168,1,1e-05
633727,1,1e-05
190715,1,1e-05
533352,1,1e-05
881727,1,1e-05
80508,1,1e-05
210139,1,1e-05
129210,1,1e-05
105236,1,1e-05
898672,1,1e-05
356358,1,1e-05
300723,1,1e-05
200434,1,1e-05
910651,1,1e-05
683891,1,1e-05
748291,1,1e-05
624735,1,1e-05
71091,1,1e-05
308012,1,1e-05
79408,1,1e-05
120527,1,1e-05
75518,1,1e-05
124510,1,1e-05
899107,1,1e-05
40837,1,1e-05
11096,1,1e-05
100112,1,1e-05
211080,1,1e-05
110224,1,1e-05
111246,1,1e-05
148540,1,1e-05
146702,1,1e-05
818069,1,1e-05
186158,1,1e-05
722075,1,1e-05
251065,1,1e-05
51226,1,1e-05
846531,1,1e-05
270780,1,1e-05
297370,1,1e-05
861394,1,1e-05
592388,1,1e-05
454307,1,1e-05
60269,1,1e-05
280757,1,1e-05
32470,1,1e-05
906873,1,1e-05
713056,1,1e-05
321878,1,1e-05
472770,1,1e-05
870108,1,1e-05
190509,1,1e-05
110673,1,1e-05
251058,1,1e-05
511708,1,1e-05
925804,1,1e-05
711200,1,1e-05
280488,1,1e-05
639472,1,1e-05
150724,1,1e-05
290819,1,1e-05
555392,1,1e-05
517130,1,1e-05
140646,1,1e-05
804665,1,1e-05
667541,1,1e-05
161264,1,1e-05
937422,1,1e-05
170665,1,1e-05
220622,1,1e-05
101154,1,1e-05
230342,1,1e-05
410103,1,1e-05
251729,1,1e-05
702270,1,1e-05
309057,1,1e-05
591335,1,1e-05
674573,1,1e-05
328673,1,1e-05
345590,1,1e-05
290213,1,1e-05
90947,1,1e-05
172616,1,1e-05
219230,1,1e-05
192173,1,1e-05
194927,1,1e-05
110770,1,1e-05
300141,1,1e-05
250817,1,1e-05
922352,1,1e-05
160233,1,1e-05
110725,1,1e-05
280857,1,1e-05
807074,1,1e-05
190266,1,1e-05
121191,1,1e-05
720010,1,1e-05
80212,1,1e-05
230324,1,1e-05
68001,1,1e-05
130568,1,1e-05
843436,1,1e-05
886756,1,1e-05
80893,1,1e-05
284547,1,1e-05
130645,1,1e-05
20294,1,1e-05
991428,1,1e-05
953676,1,1e-05
190765,1,1e-05
210520,1,1e-05
729924,1,1e-05
30245,1,1e-05
911089,1,1e-05
629890,1,1e-05
297339,1,1e-05
180278,1,1e-05
557051,1,1e-05
234073,1,1e-05
11008,1,1e-05
202119,1,1e-05
858392,1,1e-05
250906,1,1e-05
10364,1,1e-05
752748,1,1e-05
200587,1,1e-05
231273,1,1e-05
21090,1,1e-05
190469,1,1e-05
135104,1,1e-05
310212,1,1e-05
220415,1,1e-05
910915,1,1e-05
962221,1,1e-05
190286,1,1e-05
200916,1,1e-05
906777,1,1e-05
210100,1,1e-05
100705,1,1e-05
548571,1,1e-05
179869,1,1e-05
60922,1,1e-05
105078,1,1e-05
98038,1,1e-05
606415,1,1e-05
145477,1,1e-05
705078,1,1e-05
230185,1,1e-05
214744,1,1e-05
366996,1,1e-05
100177,1,1e-05
313273,1,1e-05
854583,1,1e-05
815465,1,1e-05
722720,1,1e-05
250921,1,1e-05
111785,1,1e-05
530699,1,1e-05
150880,1,1e-05
328030,1,1e-05
188543,1,1e-05
170419,1,1e-05
658446,1,1e-05
927290,1,1e-05
270805,1,1e-05
759858,1,1e-05
60114,1,1e-05
442421,1,1e-05
924787,1,1e-05
168118,1,1e-05
81166,1,1e-05
813498,1,1e-05
349677,1,1e-05
150638,1,1e-05
343488,1,1e-05
140827,1,1e-05
220309,1,1e-05
240844,1,1e-05
170203,1,1e-05
538711,1,1e-05
960074,1,1e-05
31268,1,1e-05
366699,1,1e-05
651675,1,1e-05
91465,1,1e-05
399821,1,1e-05
897133,1,1e-05
958787,1,1e-05
110274,1,1e-05
246675,1,1e-05
963365,1,1e-05
20346,1,1e-05
290502,1,1e-05
569072,1,1e-05
406130,1,1e-05
280664,1,1e-05
70398,1,1e-05
228254,1,1e-05
210561,1,1e-05
151250,1,1e-05
426692,1,1e-05
280324,1,1e-05
644233,1,1e-05
259536,1,1e-05
91001,1,1e-05
458413,1,1e-05
141051,1,1e-05
100504,1,1e-05
230264,1,1e-05
971926,1,1e-05
123169,1,1e-05
130599,1,1e-05
376002,1,1e-05
121030,1,1e-05
372350,1,1e-05
61121,1,1e-05
556222,1,1e-05
419799,1,1e-05
649165,1,1e-05
961308,1,1e-05
892810,1,1e-05
201114,1,1e-05
674731,1,1e-05
610139,1,1e-05
110289,1,1e-05
110957,1,1e-05
461782,1,1e-05
393851,1,1e-05
447836,1,1e-05
30372,1,1e-05
717687,1,1e-05
49460,1,1e-05
224760,1,1e-05
137912,1,1e-05
38971,1,1e-05
265454,1,1e-05
50606,1,1e-05
694431,1,1e-05
280353,1,1e-05
596047,1,1e-05
673256,1,1e-05
994395,1,1e-05
35395,1,1e-05
117416,1,1e-05
50124,1,1e-05
180151,1,1e-05
150487,1,1e-05
451512,1,1e-05
80645,1,1e-05
929195,1,1e-05
220922,1,1e-05
666639,1,1e-05
208069,1,1e-05
950117,1,1e-05
50873,1,1e-05
971608,1,1e-05
805361,1,1e-05
996063,1,1e-05
103416,1,1e-05
716010,1,1e-05
318421,1,1e-05
30190,1,1e-05
889431,1,1e-05
539801,1,1e-05
48023,1,1e-05
806357,1,1e-05
305261,1,1e-05
298192,1,1e-05
725142,1,1e-05
936199,1,1e-05
499120,1,1e-05
550434,1,1e-05
92323,1,1e-05
130786,1,1e-05
137083,1,1e-05
883417,1,1e-05
446702,1,1e-05
383493,1,1e-05
640639,1,1e-05
425689,1,1e-05
631024,1,1e-05
582659,1,1e-05
290888,1,1e-05
53939,1,1e-05
857891,1,1e-05
739355,1,1e-05
280438,1,1e-05
212077,1,1e-05
654601,1,1e-05
49178,1,1e-05
155267,1,1e-05
62699,1,1e-05
371253,1,1e-05
311120,1,1e-05
724518,1,1e-05
898919,1,1e-05
454237,1,1e-05
822540,1,1e-05
445290,1,1e-05
413919,1,1e-05
685049,1,1e-05
673967,1,1e-05
388606,1,1e-05
10519,1,1e-05
770383,1,1e-05
310666,1,1e-05
628339,1,1e-05
304120,1,1e-05
724357,1,1e-05
120868,1,1e-05
579438,1,1e-05
687489,1,1e-05
387881,1,1e-05
220920,1,1e-05
230206,1,1e-05
147034,1,1e-05
982200,1,1e-05
512903,1,1e-05
909703,1,1e-05
11064,1,1e-05
561503,1,1e-05
897183,1,1e-05
899704,1,1e-05
281163,1,1e-05
997031,1,1e-05
10393,1,1e-05
121198,1,1e-05
103399,1,1e-05
90673,1,1e-05
798674,1,1e-05
280364,1,1e-05
905756,1,1e-05
100474,1,1e-05
957229,1,1e-05
100793,1,1e-05
786280,1,1e-05
396514,1,1e-05
40995,1,1e-05
649236,1,1e-05
101002,1,1e-05
630075,1,1e-05
747500,1,1e-05
892614,1,1e-05
300986,1,1e-05
280362,1,1e-05
157397,1,1e-05
709847,1,1e-05
724685,1,1e-05
90330,1,1e-05
41758,1,1e-05
260678,1,1e-05
91259,1,1e-05
389415,1,1e-05
143689,1,1e-05
160862,1,1e-05
213830,1,1e-05
631707,1,1e-05
688960,1,1e-05
20444,1,1e-05
90144,1,1e-05
686321,1,1e-05
19889,1,1e-05
929971,1,1e-05
120548,1,1e-05
170270,1,1e-05
239207,1,1e-05
301094,1,1e-05
961917,1,1e-05
154170,1,1e-05
101277,1,1e-05
117469,1,1e-05
221254,1,1e-05
231026,1,1e-05
879223,1,1e-05
475385,1,1e-05
800300,1,1e-05
130562,1,1e-05
809875,1,1e-05
393039,1,1e-05
970364,1,1e-05
200907,1,1e-05
58085,1,1e-05
210433,1,1e-05
107001,1,1e-05
566437,1,1e-05
470107,1,1e-05
478703,1,1e-05
897952,1,1e-05
254869,1,1e-05
160778,1,1e-05
71537,1,1e-05
721871,1,1e-05
609494,1,1e-05
363417,1,1e-05
405207,1,1e-05
31394,1,1e-05
793039,1,1e-05
986511,1,1e-05
395399,1,1e-05
146143,1,1e-05
379587,1,1e-05
61185,1,1e-05
270043,1,1e-05
300124,1,1e-05
493,1,1e-05
100384,1,1e-05
261290,1,1e-05
160903,1,1e-05
30930,1,1e-05
170835,1,1e-05
230615,1,1e-05
38086,1,1e-05
93263,1,1e-05
200305,1,1e-05
90149,1,1e-05
120832,1,1e-05
94475,1,1e-05
429397,1,1e-05
106811,1,1e-05
197137,1,1e-05
280920,1,1e-05
130373,1,1e-05
211261,1,1e-05
890486,1,1e-05
123671,1,1e-05
93127,1,1e-05
739419,1,1e-05
30417,1,1e-05
210329,1,1e-05
40152,1,1e-05
879161,1,1e-05
71721,1,1e-05
628720,1,1e-05
997045,1,1e-05
234299,1,1e-05
140487,1,1e-05
168212,1,1e-05
743331,1,1e-05
445653,1,1e-05
72697,1,1e-05
535496,1,1e-05
443411,1,1e-05
416260,1,1e-05
121142,1,1e-05
766304,1,1e-05
607152,1,1e-05
160217,1,1e-05
991694,1,1e-05
842054,1,1e-05
281284,1,1e-05
393724,1,1e-05
904404,1,1e-05
433655,1,1e-05
191115,1,1e-05
261197,1,1e-05
210192,1,1e-05
220850,1,1e-05
39411,1,1e-05
646248,1,1e-05
220639,1,1e-05
41591,1,1e-05
250396,1,1e-05
602945,1,1e-05
91228,1,1e-05
97925,1,1e-05
140885,1,1e-05
584144,1,1e-05
610625,1,1e-05
568472,1,1e-05
310236,1,1e-05
373329,1,1e-05
444600,1,1e-05
47862,1,1e-05
231575,1,1e-05
412677,1,1e-05
58949,1,1e-05
250806,1,1e-05
877014,1,1e-05
169352,1,1e-05
250770,1,1e-05
891402,1,1e-05
545818,1,1e-05
21143,1,1e-05
553462,1,1e-05
253883,1,1e-05
200663,1,1e-05
280455,1,1e-05
221083,1,1e-05
846374,1,1e-05
320974,1,1e-05
390531,1,1e-05
270517,1,1e-05
40886,1,1e-05
67765,1,1e-05
150307,1,1e-05
110868,1,1e-05
230122,1,1e-05
928607,1,1e-05
150120,1,1e-05
130805,1,1e-05
160435,1,1e-05
171225,1,1e-05
140796,1,1e-05
200245,1,1e-05
707444,1,1e-05
143575,1,1e-05
260800,1,1e-05
250855,1,1e-05
181182,1,1e-05
155099,1,1e-05
908482,1,1e-05
566280,1,1e-05
353998,1,1e-05
280441,1,1e-05
300189,1,1e-05
617898,1,1e-05
189828,1,1e-05
982161,1,1e-05
106656,1,1e-05
50680,1,1e-05
244536,1,1e-05
120734,1,1e-05
111108,1,1e-05
100221,1,1e-05
622828,1,1e-05
120686,1,1e-05
310739,1,1e-05
281008,1,1e-05
894624,1,1e-05
230525,1,1e-05
420578,1,1e-05
260444,1,1e-05
253086,1,1e-05
11154,1,1e-05
77632,1,1e-05
110568,1,1e-05
276071,1,1e-05
300270,1,1e-05
161166,1,1e-05
411095,1,1e-05
130903,1,1e-05
180369,1,1e-05
551567,1,1e-05
250755,1,1e-05
589581,1,1e-05
675997,1,1e-05
358135,1,1e-05
806196,1,1e-05
220771,1,1e-05
875290,1,1e-05
150548,1,1e-05
261271,1,1e-05
250159,1,1e-05
575439,1,1e-05
734770,1,1e-05
750429,1,1e-05
304291,1,1e-05
707271,1,1e-05
576706,1,1e-05
160848,1,1e-05
90652,1,1e-05
942253,1,1e-05
876118,1,1e-05
257832,1,1e-05
467940,1,1e-05
545525,1,1e-05
920324,1,1e-05
653347,1,1e-05
11146,1,1e-05
861991,1,1e-05
210325,1,1e-05
290132,1,1e-05
830494,1,1e-05
70796,1,1e-05
100442,1,1e-05
343241,1,1e-05
25295,1,1e-05
776421,1,1e-05
811643,1,1e-05
660057,1,1e-05
170282,1,1e-05
840630,1,1e-05
579250,1,1e-05
380794,1,1e-05
144269,1,1e-05
300233,1,1e-05
50230,1,1e-05
394629,1,1e-05
310787,1,1e-05
450232,1,1e-05
273840,1,1e-05
158376,1,1e-05
273952,1,1e-05
547102,1,1e-05
201057,1,1e-05
160600,1,1e-05
20069,1,1e-05
748,1,1e-05
150135,1,1e-05
26168,1,1e-05
90838,1,1e-05
100187,1,1e-05
165336,1,1e-05
524227,1,1e-05
417831,1,1e-05
469832,1,1e-05
497855,1,1e-05
971629,1,1e-05
644432,1,1e-05
863317,1,1e-05
846359,1,1e-05
420631,1,1e-05
887391,1,1e-05
230688,1,1e-05
463634,1,1e-05
60534,1,1e-05
240745,1,1e-05
626116,1,1e-05
151077,1,1e-05
378397,1,1e-05
190571,1,1e-05
487603,1,1e-05
808757,1,1e-05
280742,1,1e-05
290200,1,1e-05
420572,1,1e-05
629356,1,1e-05
41486,1,1e-05
450802,1,1e-05
121042,1,1e-05
524773,1,1e-05
220602,1,1e-05
55963,1,1e-05
301989,1,1e-05
738029,1,1e-05
203680,1,1e-05
80609,1,1e-05
632405,1,1e-05
130601,1,1e-05
70327,1,1e-05
410840,1,1e-05
131233,1,1e-05
518038,1,1e-05
416417,1,1e-05
512055,1,1e-05
60868,1,1e-05
81093,1,1e-05
120317,1,1e-05
101259,1,1e-05
154507,1,1e-05
136118,1,1e-05
40583,1,1e-05
230601,1,1e-05
80551,1,1e-05
270833,1,1e-05
251055,1,1e-05
94063,1,1e-05
260565,1,1e-05
310021,1,1e-05
280674,1,1e-05
893774,1,1e-05
309221,1,1e-05
30693,1,1e-05
21053,1,1e-05
220762,1,1e-05
825920,1,1e-05
607566,1,1e-05
546812,1,1e-05
80793,1,1e-05
611972,1,1e-05
251294,1,1e-05
922637,1,1e-05
50851,1,1e-05
709110,1,1e-05
30908,1,1e-05
382761,1,1e-05
963916,1,1e-05
505005,1,1e-05
310544,1,1e-05
991668,1,1e-05
10329,1,1e-05
625207,1,1e-05
344092,1,1e-05
241028,1,1e-05
110160,1,1e-05
829139,1,1e-05
967614,1,1e-05
51088,1,1e-05
675918,1,1e-05
240507,1,1e-05
574504,1,1e-05
310999,1,1e-05
221120,1,1e-05
667373,1,1e-05
220609,1,1e-05
808990,1,1e-05
420293,1,1e-05
300735,1,1e-05
334408,1,1e-05
621140,1,1e-05
999416,1,1e-05
382912,1,1e-05
310452,1,1e-05
100730,1,1e-05
382796,1,1e-05
280282,1,1e-05
226675,1,1e-05
257047,1,1e-05
200657,1,1e-05
140349,1,1e-05
81146,1,1e-05
803141,1,1e-05
573537,1,1e-05
50203,1,1e-05
388851,1,1e-05
30846,1,1e-05
51071,1,1e-05
44025,1,1e-05
126866,1,1e-05
80348,1,1e-05
902276,1,1e-05
211115,1,1e-05
737501,1,1e-05
747299,1,1e-05
193,1,1e-05
842862,1,1e-05
959211,1,1e-05
368498,1,1e-05
20583,1,1e-05
317144,1,1e-05
962586,1,1e-05
180762,1,1e-05
280865,1,1e-05
361312,1,1e-05
985321,1,1e-05
936450,1,1e-05
105897,1,1e-05
608767,1,1e-05
49179,1,1e-05
50506,1,1e-05
596928,1,1e-05
140398,1,1e-05
653723,1,1e-05
913953,1,1e-05
384717,1,1e-05
210848,1,1e-05
20916,1,1e-05
270281,1,1e-05
320301,1,1e-05
281148,1,1e-05
141159,1,1e-05
20955,1,1e-05
210241,1,1e-05
409290,1,1e-05
150264,1,1e-05
60587,1,1e-05
101125,1,1e-05
625973,1,1e-05
198,1,1e-05
220895,1,1e-05
895254,1,1e-05
100166,1,1e-05
737452,1,1e-05
677603,1,1e-05
830631,1,1e-05
839367,1,1e-05
20832,1,1e-05
714210,1,1e-05
502655,1,1e-05
12821,1,1e-05
200201,1,1e-05
73352,1,1e-05
752015,1,1e-05
582975,1,1e-05
50276,1,1e-05
339378,1,1e-05
447609,1,1e-05
251187,1,1e-05
120796,1,1e-05
382525,1,1e-05
220139,1,1e-05
758505,1,1e-05
644723,1,1e-05
43353,1,1e-05
70667,1,1e-05
815329,1,1e-05
239695,1,1e-05
655627,1,1e-05
40959,1,1e-05
300758,1,1e-05
30501,1,1e-05
281134,1,1e-05
876147,1,1e-05
177222,1,1e-05
227752,1,1e-05
327774,1,1e-05
275130,1,1e-05
989992,1,1e-05
10177,1,1e-05
866205,1,1e-05
366047,1,1e-05
343422,1,1e-05
130875,1,1e-05
813162,1,1e-05
110368,1,1e-05
320799,1,1e-05
691005,1,1e-05
796327,1,1e-05
3031,1,1e-05
220969,1,1e-05
283739,1,1e-05
777865,1,1e-05
360199,1,1e-05
230508,1,1e-05
10893,1,1e-05
375931,1,1e-05
110680,1,1e-05
885766,1,1e-05
203119,1,1e-05
504794,1,1e-05
230234,1,1e-05
162256,1,1e-05
822085,1,1e-05
469080,1,1e-05
140865,1,1e-05
853716,1,1e-05
68837,1,1e-05
295977,1,1e-05
51169,1,1e-05
795540,1,1e-05
940827,1,1e-05
290457,1,1e-05
40275,1,1e-05
75045,1,1e-05
317820,1,1e-05
681814,1,1e-05
738699,1,1e-05
230483,1,1e-05
79730,1,1e-05
982440,1,1e-05
387259,1,1e-05
791052,1,1e-05
648825,1,1e-05
131034,1,1e-05
453864,1,1e-05
786047,1,1e-05
513720,1,1e-05
42931,1,1e-05
131989,1,1e-05
493867,1,1e-05
230173,1,1e-05
549419,1,1e-05
368066,1,1e-05
282311,1,1e-05
225934,1,1e-05
503760,1,1e-05
110552,1,1e-05
178416,1,1e-05
70828,1,1e-05
236228,1,1e-05
168495,1,1e-05
957786,1,1e-05
180311,1,1e-05
737652,1,1e-05
161183,1,1e-05
752986,1,1e-05
642219,1,1e-05
858958,1,1e-05
191135,1,1e-05
38615,1,1e-05
792055,1,1e-05
210854,1,1e-05
131965,1,1e-05
410812,1,1e-05
538675,1,1e-05
61080,1,1e-05
261184,1,1e-05
920281,1,1e-05
983642,1,1e-05
286152,1,1e-05
998057,1,1e-05
764906,1,1e-05
20700,1,1e-05
875758,1,1e-05
473129,1,1e-05
705408,1,1e-05
873259,1,1e-05
905865,1,1e-05
522754,1,1e-05
238301,1,1e-05
818450,1,1e-05
300477,1,1e-05
656884,1,1e-05
803470,1,1e-05
40703,1,1e-05
717251,1,1e-05
694226,1,1e-05
310496,1,1e-05
370819,1,1e-05
401858,1,1e-05
291246,1,1e-05
332578,1,1e-05
248150,1,1e-05
918660,1,1e-05
508987,1,1e-05
90792,1,1e-05
304533,1,1e-05
546548,1,1e-05
200881,1,1e-05
169087,1,1e-05
70839,1,1e-05
911278,1,1e-05
61285,1,1e-05
121966,1,1e-05
522756,1,1e-05
440506,1,1e-05
348492,1,1e-05
310197,1,1e-05
271169,1,1e-05
250829,1,1e-05
21229,1,1e-05
932505,1,1e-05
25457,1,1e-05
133017,1,1e-05
9506,1,1e-05
50687,1,1e-05
946213,1,1e-05
220164,1,1e-05
955803,1,1e-05
872324,1,1e-05
140566,1,1e-05
443904,1,1e-05
250962,1,1e-05
720236,1,1e-05
38482,1,1e-05
311150,1,1e-05
483516,1,1e-05
111272,1,1e-05
92980,1,1e-05
271233,1,1e-05
305546,1,1e-05
29462,1,1e-05
672166,1,1e-05
170474,1,1e-05
642605,1,1e-05
896949,1,1e-05
815558,1,1e-05
250805,1,1e-05
20907,1,1e-05
50168,1,1e-05
40750,1,1e-05
230952,1,1e-05
171214,1,1e-05
290223,1,1e-05
723846,1,1e-05
301119,1,1e-05
30198,1,1e-05
31296,1,1e-05
586004,1,1e-05
160767,1,1e-05
919098,1,1e-05
589566,1,1e-05
141194,1,1e-05
380425,1,1e-05
788868,1,1e-05
21091,1,1e-05
128791,1,1e-05
81172,1,1e-05
100878,1,1e-05
548448,1,1e-05
266500,1,1e-05
275353,1,1e-05
30522,1,1e-05
947855,1,1e-05
160281,1,1e-05
40775,1,1e-05
15225,1,1e-05
654136,1,1e-05
117558,1,1e-05
170561,1,1e-05
469101,1,1e-05
13196,1,1e-05
581614,1,1e-05
201009,1,1e-05
141077,1,1e-05
775925,1,1e-05
40254,1,1e-05
168159,1,1e-05
111053,1,1e-05
585207,1,1e-05
160583,1,1e-05
190901,1,1e-05
958331,1,1e-05
854372,1,1e-05
802805,1,1e-05
727192,1,1e-05
750776,1,1e-05
840745,1,1e-05
999614,1,1e-05
120970,1,1e-05
988941,1,1e-05
771011,1,1e-05
170651,1,1e-05
396277,1,1e-05
101406,1,1e-05
757458,1,1e-05
131164,1,1e-05
120513,1,1e-05
672135,1,1e-05
81278,1,1e-05
745761,1,1e-05
313069,1,1e-05
250651,1,1e-05
940550,1,1e-05
130933,1,1e-05
653340,1,1e-05
141039,1,1e-05
863138,1,1e-05
165163,1,1e-05
162640,1,1e-05
293401,1,1e-05
131796,1,1e-05
168720,1,1e-05
319893,1,1e-05
597370,1,1e-05
532831,1,1e-05
210176,1,1e-05
994996,1,1e-05
873074,1,1e-05
211195,1,1e-05
101458,1,1e-05
41631,1,1e-05
799600,1,1e-05
832508,1,1e-05
141999,1,1e-05
170688,1,1e-05
310461,1,1e-05
230478,1,1e-05
259362,1,1e-05
260885,1,1e-05
221077,1,1e-05
11056,1,1e-05
847115,1,1e-05
988120,1,1e-05
241332,1,1e-05
113022,1,1e-05
20120,1,1e-05
230562,1,1e-05
527386,1,1e-05
150242,1,1e-05
265254,1,1e-05
863335,1,1e-05
20851,1,1e-05
110202,1,1e-05
270338,1,1e-05
300938,1,1e-05
356881,1,1e-05
300978,1,1e-05
128602,1,1e-05
347098,1,1e-05
200148,1,1e-05
70993,1,1e-05
60272,1,1e-05
98650,1,1e-05
140654,1,1e-05
311260,1,1e-05
126210,1,1e-05
711321,1,1e-05
110125,1,1e-05
40495,1,1e-05
525130,1,1e-05
40365,1,1e-05
849579,1,1e-05
110434,1,1e-05
324591,1,1e-05
381302,1,1e-05
96181,1,1e-05
130368,1,1e-05
870475,1,1e-05
84759,1,1e-05
332444,1,1e-05
911079,1,1e-05
301131,1,1e-05
150262,1,1e-05
475026,1,1e-05
156499,1,1e-05
329505,1,1e-05
461068,1,1e-05
110660,1,1e-05
322438,1,1e-05
769972,1,1e-05
314604,1,1e-05
547689,1,1e-05
19982,1,1e-05
70262,1,1e-05
370791,1,1e-05
229268,1,1e-05
654622,1,1e-05
250583,1,1e-05
585412,1,1e-05
280789,1,1e-05
821643,1,1e-05
90447,1,1e-05
100141,1,1e-05
831379,1,1e-05
693930,1,1e-05
943112,1,1e-05
30721,1,1e-05
90757,1,1e-05
935284,1,1e-05
618001,1,1e-05
707076,1,1e-05
180939,1,1e-05
60451,1,1e-05
790298,1,1e-05
508096,1,1e-05
194202,1,1e-05
636744,1,1e-05
180921,1,1e-05
190697,1,1e-05
376656,1,1e-05
856218,1,1e-05
297650,1,1e-05
10894,1,1e-05
71214,1,1e-05
90282,1,1e-05
220692,1,1e-05
436525,1,1e-05
240297,1,1e-05
595400,1,1e-05
270843,1,1e-05
31014,1,1e-05
439539,1,1e-05
661028,1,1e-05
998840,1,1e-05
950498,1,1e-05
194685,1,1e-05
300355,1,1e-05
134790,1,1e-05
926080,1,1e-05
51177,1,1e-05
38385,1,1e-05
110106,1,1e-05
171116,1,1e-05
620189,1,1e-05
158580,1,1e-05
340959,1,1e-05
427303,1,1e-05
171686,1,1e-05
741861,1,1e-05
241488,1,1e-05
66369,1,1e-05
499149,1,1e-05
6570,1,1e-05
140118,1,1e-05
230437,1,1e-05
929677,1,1e-05
310988,1,1e-05
150193,1,1e-05
605724,1,1e-05
583580,1,1e-05
108141,1,1e-05
180373,1,1e-05
334868,1,1e-05
30231,1,1e-05
150206,1,1e-05
711398,1,1e-05
71065,1,1e-05
765327,1,1e-05
210980,1,1e-05
180899,1,1e-05
280515,1,1e-05
442817,1,1e-05
35587,1,1e-05
472736,1,1e-05
621991,1,1e-05
20412,1,1e-05
844851,1,1e-05
438563,1,1e-05
921010,1,1e-05
186996,1,1e-05
485486,1,1e-05
753573,1,1e-05
20896,1,1e-05
222428,1,1e-05
27671,1,1e-05
315441,1,1e-05
309702,1,1e-05
550039,1,1e-05
736802,1,1e-05
228244,1,1e-05
160650,1,1e-05
200738,1,1e-05
218022,1,1e-05
89229,1,1e-05
702086,1,1e-05
90123,1,1e-05
391761,1,1e-05
211030,1,1e-05
70684,1,1e-05
291205,1,1e-05
550523,1,1e-05
535903,1,1e-05
476132,1,1e-05
921895,1,1e-05
650797,1,1e-05
157291,1,1e-05
160465,1,1e-05
682776,1,1e-05
274794,1,1e-05
30181,1,1e-05
121201,1,1e-05
130214,1,1e-05
200933,1,1e-05
591236,1,1e-05
10138,1,1e-05
500271,1,1e-05
927680,1,1e-05
230587,1,1e-05
24641,1,1e-05
270996,1,1e-05
808982,1,1e-05
806361,1,1e-05
210496,1,1e-05
706324,1,1e-05
594750,1,1e-05
80477,1,1e-05
174724,1,1e-05
218305,1,1e-05
15786,1,1e-05
10130,1,1e-05
184695,1,1e-05
407896,1,1e-05
3677,1,1e-05
111040,1,1e-05
415261,1,1e-05
131082,1,1e-05
160744,1,1e-05
46257,1,1e-05
604089,1,1e-05
220697,1,1e-05
281118,1,1e-05
260515,1,1e-05
290559,1,1e-05
120730,1,1e-05
334259,1,1e-05
231170,1,1e-05
956133,1,1e-05
241066,1,1e-05
589293,1,1e-05
733583,1,1e-05
90361,1,1e-05
51069,1,1e-05
100126,1,1e-05
125819,1,1e-05
130495,1,1e-05
150598,1,1e-05
163513,1,1e-05
497425,1,1e-05
509653,1,1e-05
591678,1,1e-05
100216,1,1e-05
130879,1,1e-05
338903,1,1e-05
776362,1,1e-05
190713,1,1e-05
301603,1,1e-05
240972,1,1e-05
439264,1,1e-05
40655,1,1e-05
186619,1,1e-05
673541,1,1e-05
820932,1,1e-05
142408,1,1e-05
394219,1,1e-05
210270,1,1e-05
80794,1,1e-05
276694,1,1e-05
130180,1,1e-05
120758,1,1e-05
201004,1,1e-05
793125,1,1e-05
11094,1,1e-05
643407,1,1e-05
57506,1,1e-05
241228,1,1e-05
560384,1,1e-05
50905,1,1e-05
70763,1,1e-05
858049,1,1e-05
110788,1,1e-05
157540,1,1e-05
150785,1,1e-05
100658,1,1e-05
50331,1,1e-05
80697,1,1e-05
41242,1,1e-05
958214,1,1e-05
663909,1,1e-05
140901,1,1e-05
254071,1,1e-05
251269,1,1e-05
50224,1,1e-05
220292,1,1e-05
784030,1,1e-05
51907,1,1e-05
120213,1,1e-05
301099,1,1e-05
1940,1,1e-05
261220,1,1e-05
130815,1,1e-05
159669,1,1e-05
576779,1,1e-05
405504,1,1e-05
270199,1,1e-05
878629,1,1e-05
190625,1,1e-05
237817,1,1e-05
336179,1,1e-05
167058,1,1e-05
717050,1,1e-05
696553,1,1e-05
131122,1,1e-05
334139,1,1e-05
185919,1,1e-05
180634,1,1e-05
180698,1,1e-05
66372,1,1e-05
717974,1,1e-05
974808,1,1e-05
816809,1,1e-05
40924,1,1e-05
629806,1,1e-05
774572,1,1e-05
300252,1,1e-05
938860,1,1e-05
150731,1,1e-05
13640,1,1e-05
805473,1,1e-05
485250,1,1e-05
598306,1,1e-05
240807,1,1e-05
130869,1,1e-05
160606,1,1e-05
629184,1,1e-05
530523,1,1e-05
120479,1,1e-05
50339,1,1e-05
337790,1,1e-05
160899,1,1e-05
10283,1,1e-05
343586,1,1e-05
70255,1,1e-05
403889,1,1e-05
657951,1,1e-05
300382,1,1e-05
130591,1,1e-05
210923,1,1e-05
934926,1,1e-05
271286,1,1e-05
752346,1,1e-05
170276,1,1e-05
280423,1,1e-05
91060,1,1e-05
461977,1,1e-05
280401,1,1e-05
531697,1,1e-05
812747,1,1e-05
592874,1,1e-05
310794,1,1e-05
409559,1,1e-05
180969,1,1e-05
76256,1,1e-05
831464,1,1e-05
156003,1,1e-05
67465,1,1e-05
886027,1,1e-05
13541,1,1e-05
705080,1,1e-05
245557,1,1e-05
995442,1,1e-05
251194,1,1e-05
113032,1,1e-05
973183,1,1e-05
370760,1,1e-05
460803,1,1e-05
190205,1,1e-05
941742,1,1e-05
10740,1,1e-05
190452,1,1e-05
150455,1,1e-05
192260,1,1e-05
896673,1,1e-05
898326,1,1e-05
383870,1,1e-05
60837,1,1e-05
699058,1,1e-05
201070,1,1e-05
982871,1,1e-05
598436,1,1e-05
727534,1,1e-05
777655,1,1e-05
280772,1,1e-05
305036,1,1e-05
526707,1,1e-05
660221,1,1e-05
345987,1,1e-05
32623,1,1e-05
160141,1,1e-05
915063,1,1e-05
439057,1,1e-05
423882,1,1e-05
992591,1,1e-05
222182,1,1e-05
508097,1,1e-05
931272,1,1e-05
782300,1,1e-05
120450,1,1e-05
944299,1,1e-05
260296,1,1e-05
70879,1,1e-05
30951,1,1e-05
170378,1,1e-05
181004,1,1e-05
409512,1,1e-05
388059,1,1e-05
120298,1,1e-05
130246,1,1e-05
30761,1,1e-05
190774,1,1e-05
598390,1,1e-05
260531,1,1e-05
231177,1,1e-05
687614,1,1e-05
183847,1,1e-05
850165,1,1e-05
504600,1,1e-05
110180,1,1e-05
718363,1,1e-05
240464,1,1e-05
590078,1,1e-05
468676,1,1e-05
663481,1,1e-05
251195,1,1e-05
554278,1,1e-05
965834,1,1e-05
355720,1,1e-05
290243,1,1e-05
711390,1,1e-05
67219,1,1e-05
762960,1,1e-05
120804,1,1e-05
705654,1,1e-05
452622,1,1e-05
211159,1,1e-05
600956,1,1e-05
399775,1,1e-05
60164,1,1e-05
357619,1,1e-05
301221,1,1e-05
510843,1,1e-05
130269,1,1e-05
40747,1,1e-05
311035,1,1e-05
333156,1,1e-05
60690,1,1e-05
933617,1,1e-05
250157,1,1e-05
944822,1,1e-05
130821,1,1e-05
100391,1,1e-05
266616,1,1e-05
116435,1,1e-05
88875,1,1e-05
28354,1,1e-05
362826,1,1e-05
53568,1,1e-05
310624,1,1e-05
585257,1,1e-05
694504,1,1e-05
488047,1,1e-05
492205,1,1e-05
262711,1,1e-05
540082,1,1e-05
751867,1,1e-05
38170,1,1e-05
27247,1,1e-05
222744,1,1e-05
553119,1,1e-05
170326,1,1e-05
466422,1,1e-05
479663,1,1e-05
164671,1,1e-05
170636,1,1e-05
110390,1,1e-05
160736,1,1e-05
201089,1,1e-05
831494,1,1e-05
7806,1,1e-05
702823,1,1e-05
300940,1,1e-05
979482,1,1e-05
90573,1,1e-05
949510,1,1e-05
309748,1,1e-05
325673,1,1e-05
230881,1,1e-05
20960,1,1e-05
495413,1,1e-05
71894,1,1e-05
54885,1,1e-05
240133,1,1e-05
258496,1,1e-05
290350,1,1e-05
75613,1,1e-05
144251,1,1e-05
919341,1,1e-05
464660,1,1e-05
270342,1,1e-05
630662,1,1e-05
705857,1,1e-05
41024,1,1e-05
428599,1,1e-05
50466,1,1e-05
607154,1,1e-05
927908,1,1e-05
838892,1,1e-05
297861,1,1e-05
438004,1,1e-05
505211,1,1e-05
98315,1,1e-05
10703,1,1e-05
89869,1,1e-05
235640,1,1e-05
61212,1,1e-05
230911,1,1e-05
30914,1,1e-05
200626,1,1e-05
61238,1,1e-05
705784,1,1e-05
270958,1,1e-05
858952,1,1e-05
749282,1,1e-05
60253,1,1e-05
337610,1,1e-05
28967,1,1e-05
884136,1,1e-05
999501,1,1e-05
683752,1,1e-05
754734,1,1e-05
220243,1,1e-05
517074,1,1e-05
209030,1,1e-05
706513,1,1e-05
260325,1,1e-05
140176,1,1e-05
829427,1,1e-05
105672,1,1e-05
522733,1,1e-05
718297,1,1e-05
90120,1,1e-05
297904,1,1e-05
150359,1,1e-05
954362,1,1e-05
80391,1,1e-05
130767,1,1e-05
476274,1,1e-05
80562,1,1e-05
782660,1,1e-05
473053,1,1e-05
38308,1,1e-05
27830,1,1e-05
60725,1,1e-05
109132,1,1e-05
241867,1,1e-05
837071,1,1e-05
30182,1,1e-05
194879,1,1e-05
429828,1,1e-05
31972,1,1e-05
377047,1,1e-05
456070,1,1e-05
270442,1,1e-05
221158,1,1e-05
80594,1,1e-05
355342,1,1e-05
138128,1,1e-05
667008,1,1e-05
2779,1,1e-05
280335,1,1e-05
848678,1,1e-05
90215,1,1e-05
130682,1,1e-05
905526,1,1e-05
90189,1,1e-05
549507,1,1e-05
110450,1,1e-05
271567,1,1e-05
450575,1,1e-05
60202,1,1e-05
861608,1,1e-05
315110,1,1e-05
20625,1,1e-05
513543,1,1e-05
359732,1,1e-05
897195,1,1e-05
774632,1,1e-05
220625,1,1e-05
149254,1,1e-05
246797,1,1e-05
588380,1,1e-05
838934,1,1e-05
862998,1,1e-05
205230,1,1e-05
180979,1,1e-05
358484,1,1e-05
43177,1,1e-05
564010,1,1e-05
84222,1,1e-05
258743,1,1e-05
851753,1,1e-05
402943,1,1e-05
644900,1,1e-05
965982,1,1e-05
250644,1,1e-05
30116,1,1e-05
582002,1,1e-05
626165,1,1e-05
230797,1,1e-05
15589,1,1e-05
140139,1,1e-05
200903,1,1e-05
727539,1,1e-05
657526,1,1e-05
560410,1,1e-05
389425,1,1e-05
695044,1,1e-05
832985,1,1e-05
836260,1,1e-05
80668,1,1e-05
856520,1,1e-05
861933,1,1e-05
685596,1,1e-05
200959,1,1e-05
362051,1,1e-05
899007,1,1e-05
496863,1,1e-05
180824,1,1e-05
624454,1,1e-05
281104,1,1e-05
415772,1,1e-05
469210,1,1e-05
110999,1,1e-05
261195,1,1e-05
241167,1,1e-05
368972,1,1e-05
519036,1,1e-05
859612,1,1e-05
811365,1,1e-05
708060,1,1e-05
291168,1,1e-05
545262,1,1e-05
892203,1,1e-05
40417,1,1e-05
865159,1,1e-05
241037,1,1e-05
602693,1,1e-05
31269,1,1e-05
443150,1,1e-05
844554,1,1e-05
87999,1,1e-05
965692,1,1e-05
90475,1,1e-05
270925,1,1e-05
90335,1,1e-05
135975,1,1e-05
60831,1,1e-05
970767,1,1e-05
511698,1,1e-05
810885,1,1e-05
953492,1,1e-05
252740,1,1e-05
706280,1,1e-05
140135,1,1e-05
564360,1,1e-05
180511,1,1e-05
718930,1,1e-05
230671,1,1e-05
391872,1,1e-05
279486,1,1e-05
749619,1,1e-05
160372,1,1e-05
621954,1,1e-05
580703,1,1e-05
70591,1,1e-05
617132,1,1e-05
310251,1,1e-05
799507,1,1e-05
571993,1,1e-05
300618,1,1e-05
220532,1,1e-05
190231,1,1e-05
176223,1,1e-05
863467,1,1e-05
685645,1,1e-05
546126,1,1e-05
900847,1,1e-05
383688,1,1e-05
120873,1,1e-05
89312,1,1e-05
120558,1,1e-05
895030,1,1e-05
310376,1,1e-05
90630,1,1e-05
152201,1,1e-05
439712,1,1e-05
153766,1,1e-05
271138,1,1e-05
181080,1,1e-05
247667,1,1e-05
97266,1,1e-05
253856,1,1e-05
216331,1,1e-05
10332,1,1e-05
180122,1,1e-05
43188,1,1e-05
981408,1,1e-05
221006,1,1e-05
486590,1,1e-05
555447,1,1e-05
342766,1,1e-05
51006,1,1e-05
850663,1,1e-05
310545,1,1e-05
20189,1,1e-05
749922,1,1e-05
600670,1,1e-05
140253,1,1e-05
665399,1,1e-05
855333,1,1e-05
938683,1,1e-05
300691,1,1e-05
272204,1,1e-05
618468,1,1e-05
179080,1,1e-05
274117,1,1e-05
183620,1,1e-05
111110,1,1e-05
273753,1,1e-05
549180,1,1e-05
865596,1,1e-05
948508,1,1e-05
985085,1,1e-05
80734,1,1e-05
659960,1,1e-05
907309,1,1e-05
160717,1,1e-05
888739,1,1e-05
150893,1,1e-05
999911,1,1e-05
846935,1,1e-05
533836,1,1e-05
90788,1,1e-05
327088,1,1e-05
812023,1,1e-05
486376,1,1e-05
687624,1,1e-05
67114,1,1e-05
664244,1,1e-05
643961,1,1e-05
612704,1,1e-05
809155,1,1e-05
130922,1,1e-05
591492,1,1e-05
40739,1,1e-05
999051,1,1e-05
436836,1,1e-05
220327,1,1e-05
136917,1,1e-05
170551,1,1e-05
736625,1,1e-05
110219,1,1e-05
230990,1,1e-05
544666,1,1e-05
453208,1,1e-05
366590,1,1e-05
190929,1,1e-05
996274,1,1e-05
230660,1,1e-05
969931,1,1e-05
300950,1,1e-05
95152,1,1e-05
280303,1,1e-05
30825,1,1e-05
336053,1,1e-05
110278,1,1e-05
208128,1,1e-05
289756,1,1e-05
956788,1,1e-05
826320,1,1e-05
656294,1,1e-05
732971,1,1e-05
871027,1,1e-05
521783,1,1e-05
305049,1,1e-05
270184,1,1e-05
803062,1,1e-05
280633,1,1e-05
447531,1,1e-05
147727,1,1e-05
607288,1,1e-05
20830,1,1e-05
386531,1,1e-05
170977,1,1e-05
191154,1,1e-05
31001,1,1e-05
529856,1,1e-05
562644,1,1e-05
231226,1,1e-05
270250,1,1e-05
151254,1,1e-05
40589,1,1e-05
987279,1,1e-05
121613,1,1e-05
10713,1,1e-05
150292,1,1e-05
293564,1,1e-05
90265,1,1e-05
250739,1,1e-05
932858,1,1e-05
281711,1,1e-05
280884,1,1e-05
310308,1,1e-05
28332,1,1e-05
130202,1,1e-05
692349,1,1e-05
290571,1,1e-05
270558,1,1e-05
9374,1,1e-05
327301,1,1e-05
896898,1,1e-05
280768,1,1e-05
11180,1,1e-05
457022,1,1e-05
324719,1,1e-05
211083,1,1e-05
90829,1,1e-05
993932,1,1e-05
10226,1,1e-05
171078,1,1e-05
20199,1,1e-05
191265,1,1e-05
130185,1,1e-05
101018,1,1e-05
793511,1,1e-05
666482,1,1e-05
609473,1,1e-05
51010,1,1e-05
678835,1,1e-05
859438,1,1e-05
803071,1,1e-05
230583,1,1e-05
250274,1,1e-05
501823,1,1e-05
944348,1,1e-05
241227,1,1e-05
525705,1,1e-05
698305,1,1e-05
424712,1,1e-05
302237,1,1e-05
260580,1,1e-05
54454,1,1e-05
40398,1,1e-05
251176,1,1e-05
140643,1,1e-05
699118,1,1e-05
3199,1,1e-05
353033,1,1e-05
486999,1,1e-05
815719,1,1e-05
191119,1,1e-05
10714,1,1e-05
20368,1,1e-05
130587,1,1e-05
94442,1,1e-05
291047,1,1e-05
21667,1,1e-05
310183,1,1e-05
337547,1,1e-05
51267,1,1e-05
493314,1,1e-05
462952,1,1e-05
20723,1,1e-05
141144,1,1e-05
198749,1,1e-05
77035,1,1e-05
713333,1,1e-05
804362,1,1e-05
463906,1,1e-05
763649,1,1e-05
688604,1,1e-05
856835,1,1e-05
453249,1,1e-05
90863,1,1e-05
506408,1,1e-05
662376,1,1e-05
271270,1,1e-05
311146,1,1e-05
70103,1,1e-05
280782,1,1e-05
92609,1,1e-05
50144,1,1e-05
60699,1,1e-05
433055,1,1e-05
82091,1,1e-05
513351,1,1e-05
14588,1,1e-05
190159,1,1e-05
111298,1,1e-05
520236,1,1e-05
180867,1,1e-05
254355,1,1e-05
50631,1,1e-05
6115,1,1e-05
91263,1,1e-05
179605,1,1e-05
188196,1,1e-05
100270,1,1e-05
154402,1,1e-05
902046,1,1e-05
347045,1,1e-05
582911,1,1e-05
449572,1,1e-05
629414,1,1e-05
278746,1,1e-05
865500,1,1e-05
120757,1,1e-05
838953,1,1e-05
255638,1,1e-05
530440,1,1e-05
885330,1,1e-05
110333,1,1e-05
379750,1,1e-05
851253,1,1e-05
227985,1,1e-05
773284,1,1e-05
260854,1,1e-05
962086,1,1e-05
477204,1,1e-05
290688,1,1e-05
30454,1,1e-05
183312,1,1e-05
21117,1,1e-05
414634,1,1e-05
488807,1,1e-05
741828,1,1e-05
8413,1,1e-05
170466,1,1e-05
707080,1,1e-05
916416,1,1e-05
101118,1,1e-05
180459,1,1e-05
409808,1,1e-05
261215,1,1e-05
171017,1,1e-05
298961,1,1e-05
394505,1,1e-05
278501,1,1e-05
52963,1,1e-05
334013,1,1e-05
476862,1,1e-05
872155,1,1e-05
929743,1,1e-05
935236,1,1e-05
290753,1,1e-05
151106,1,1e-05
577966,1,1e-05
221095,1,1e-05
203597,1,1e-05
300957,1,1e-05
210480,1,1e-05
110356,1,1e-05
866619,1,1e-05
27844,1,1e-05
955155,1,1e-05
502413,1,1e-05
60663,1,1e-05
823450,1,1e-05
968017,1,1e-05
742695,1,1e-05
832417,1,1e-05
170368,1,1e-05
18822,1,1e-05
70468,1,1e-05
268802,1,1e-05
20299,1,1e-05
140514,1,1e-05
584085,1,1e-05
201071,1,1e-05
854070,1,1e-05
652264,1,1e-05
40986,1,1e-05
899614,1,1e-05
669983,1,1e-05
182501,1,1e-05
300487,1,1e-05
952826,1,1e-05
978476,1,1e-05
80910,1,1e-05
793536,1,1e-05
50708,1,1e-05
795388,1,1e-05
391167,1,1e-05
988323,1,1e-05
143995,1,1e-05
69501,1,1e-05
60252,1,1e-05
839514,1,1e-05
10151,1,1e-05
483698,1,1e-05
537871,1,1e-05
71131,1,1e-05
120400,1,1e-05
959745,1,1e-05
824316,1,1e-05
171044,1,1e-05
380052,1,1e-05
55925,1,1e-05
160810,1,1e-05
578790,1,1e-05
180524,1,1e-05
830955,1,1e-05
237391,1,1e-05
556155,1,1e-05
237909,1,1e-05
80330,1,1e-05
70635,1,1e-05
100616,1,1e-05
304326,1,1e-05
453768,1,1e-05
2030,1,1e-05
180146,1,1e-05
439256,1,1e-05
290547,1,1e-05
781831,1,1e-05
772024,1,1e-05
280371,1,1e-05
621992,1,1e-05
488265,1,1e-05
192896,1,1e-05
355973,1,1e-05
744170,1,1e-05
66810,1,1e-05
620935,1,1e-05
675340,1,1e-05
57591,1,1e-05
442382,1,1e-05
849368,1,1e-05
678885,1,1e-05
181017,1,1e-05
27066,1,1e-05
745187,1,1e-05
250294,1,1e-05
150387,1,1e-05
721946,1,1e-05
399822,1,1e-05
941539,1,1e-05
518056,1,1e-05
150197,1,1e-05
160126,1,1e-05
140774,1,1e-05
824947,1,1e-05
557924,1,1e-05
80268,1,1e-05
200359,1,1e-05
177424,1,1e-05
699823,1,1e-05
201298,1,1e-05
657960,1,1e-05
91054,1,1e-05
307562,1,1e-05
124826,1,1e-05
32396,1,1e-05
371281,1,1e-05
203349,1,1e-05
250632,1,1e-05
168996,1,1e-05
100357,1,1e-05
928410,1,1e-05
830295,1,1e-05
621725,1,1e-05
605680,1,1e-05
60685,1,1e-05
169025,1,1e-05
537864,1,1e-05
219678,1,1e-05
868500,1,1e-05
239121,1,1e-05
121264,1,1e-05
281181,1,1e-05
589402,1,1e-05
929912,1,1e-05
750071,1,1e-05
175459,1,1e-05
757163,1,1e-05
766601,1,1e-05
120412,1,1e-05
850229,1,1e-05
178187,1,1e-05
212398,1,1e-05
332290,1,1e-05
418901,1,1e-05
885201,1,1e-05
733039,1,1e-05
211216,1,1e-05
935826,1,1e-05
453193,1,1e-05
148482,1,1e-05
346073,1,1e-05
446089,1,1e-05
959210,1,1e-05
693959,1,1e-05
47882,1,1e-05
211026,1,1e-05
120327,1,1e-05
290417,1,1e-05
511960,1,1e-05
70594,1,1e-05
91197,1,1e-05
608603,1,1e-05
417397,1,1e-05
20610,1,1e-05
367182,1,1e-05
100176,1,1e-05
130143,1,1e-05
270746,1,1e-05
120886,1,1e-05
894909,1,1e-05
300166,1,1e-05
60100,1,1e-05
180348,1,1e-05
647272,1,1e-05
406350,1,1e-05
175097,1,1e-05
607494,1,1e-05
621248,1,1e-05
471376,1,1e-05
60869,1,1e-05
881899,1,1e-05
203040,1,1e-05
693399,1,1e-05
960915,1,1e-05
10566,1,1e-05
876430,1,1e-05
977204,1,1e-05
423988,1,1e-05
110737,1,1e-05
973173,1,1e-05
208084,1,1e-05
130570,1,1e-05
171089,1,1e-05
639624,1,1e-05
104261,1,1e-05
71009,1,1e-05
281196,1,1e-05
553113,1,1e-05
843892,1,1e-05
302442,1,1e-05
277491,1,1e-05
558441,1,1e-05
335579,1,1e-05
46908,1,1e-05
10363,1,1e-05
242812,1,1e-05
46486,1,1e-05
677018,1,1e-05
318653,1,1e-05
336189,1,1e-05
81018,1,1e-05
191015,1,1e-05
141898,1,1e-05
260698,1,1e-05
150581,1,1e-05
839359,1,1e-05
41181,1,1e-05
708410,1,1e-05
792590,1,1e-05
273886,1,1e-05
70845,1,1e-05
151061,1,1e-05
282644,1,1e-05
948503,1,1e-05
80531,1,1e-05
785499,1,1e-05
170137,1,1e-05
612393,1,1e-05
494207,1,1e-05
361815,1,1e-05
231094,1,1e-05
333585,1,1e-05
590541,1,1e-05
540208,1,1e-05
150553,1,1e-05
221244,1,1e-05
181183,1,1e-05
451580,1,1e-05
998716,1,1e-05
211252,1,1e-05
227770,1,1e-05
170863,1,1e-05
333748,1,1e-05
616645,1,1e-05
862559,1,1e-05
575471,1,1e-05
80106,1,1e-05
973841,1,1e-05
310422,1,1e-05
230882,1,1e-05
230542,1,1e-05
181109,1,1e-05
241203,1,1e-05
541552,1,1e-05
253840,1,1e-05
862693,1,1e-05
384975,1,1e-05
160121,1,1e-05
260493,1,1e-05
872233,1,1e-05
260374,1,1e-05
80935,1,1e-05
329041,1,1e-05
982784,1,1e-05
50927,1,1e-05
81062,1,1e-05
263079,1,1e-05
40524,1,1e-05
180802,1,1e-05
300912,1,1e-05
249472,1,1e-05
552129,1,1e-05
229209,1,1e-05
503965,1,1e-05
51279,1,1e-05
140682,1,1e-05
15017,1,1e-05
614920,1,1e-05
964684,1,1e-05
849762,1,1e-05
220580,1,1e-05
976410,1,1e-05
743483,1,1e-05
270288,1,1e-05
303555,1,1e-05
302718,1,1e-05
270293,1,1e-05
827917,1,1e-05
629195,1,1e-05
883022,1,1e-05
753178,1,1e-05
563163,1,1e-05
191153,1,1e-05
540334,1,1e-05
236207,1,1e-05
644162,1,1e-05
110295,1,1e-05
663873,1,1e-05
81249,1,1e-05
719398,1,1e-05
144487,1,1e-05
916536,1,1e-05
93203,1,1e-05
987006,1,1e-05
230972,1,1e-05
58560,1,1e-05
375189,1,1e-05
11285,1,1e-05
201199,1,1e-05
300607,1,1e-05
290460,1,1e-05
124916,1,1e-05
80519,1,1e-05
181051,1,1e-05
164416,1,1e-05
236770,1,1e-05
360354,1,1e-05
423229,1,1e-05
406944,1,1e-05
300771,1,1e-05
60431,1,1e-05
130408,1,1e-05
10622,1,1e-05
100908,1,1e-05
204034,1,1e-05
30816,1,1e-05
139179,1,1e-05
745216,1,1e-05
524939,1,1e-05
571316,1,1e-05
546484,1,1e-05
926873,1,1e-05
887720,1,1e-05
60168,1,1e-05
630020,1,1e-05
327267,1,1e-05
878789,1,1e-05
201085,1,1e-05
307241,1,1e-05
653446,1,1e-05
310442,1,1e-05
60279,1,1e-05
906621,1,1e-05
81154,1,1e-05
419727,1,1e-05
130953,1,1e-05
952906,1,1e-05
919571,1,1e-05
24802,1,1e-05
121270,1,1e-05
261838,1,1e-05
130030,1,1e-05
160971,1,1e-05
10758,1,1e-05
579996,1,1e-05
432742,1,1e-05
993150,1,1e-05
532282,1,1e-05
41046,1,1e-05
80777,1,1e-05
130486,1,1e-05
181646,1,1e-05
451628,1,1e-05
190579,1,1e-05
356364,1,1e-05
150574,1,1e-05
796487,1,1e-05
488713,1,1e-05
684766,1,1e-05
796131,1,1e-05
974589,1,1e-05
853677,1,1e-05
583736,1,1e-05
281174,1,1e-05
633379,1,1e-05
166567,1,1e-05
611943,1,1e-05
563140,1,1e-05
150358,1,1e-05
808726,1,1e-05
301189,1,1e-05
779453,1,1e-05
131016,1,1e-05
164082,1,1e-05
131168,1,1e-05
97417,1,1e-05
180177,1,1e-05
153948,1,1e-05
965170,1,1e-05
689054,1,1e-05
221270,1,1e-05
328283,1,1e-05
232235,1,1e-05
110676,1,1e-05
968848,1,1e-05
336339,1,1e-05
645595,1,1e-05
532276,1,1e-05
321433,1,1e-05
81177,1,1e-05
70357,1,1e-05
10852,1,1e-05
979580,1,1e-05
961428,1,1e-05
81050,1,1e-05
171437,1,1e-05
140875,1,1e-05
180567,1,1e-05
947425,1,1e-05
333153,1,1e-05
972181,1,1e-05
484787,1,1e-05
230517,1,1e-05
191000,1,1e-05
563165,1,1e-05
511903,1,1e-05
321824,1,1e-05
50359,1,1e-05
107419,1,1e-05
100461,1,1e-05
260658,1,1e-05
122721,1,1e-05
260483,1,1e-05
229530,1,1e-05
607576,1,1e-05
18248,1,1e-05
148356,1,1e-05
246744,1,1e-05
50748,1,1e-05
817942,1,1e-05
398095,1,1e-05
701918,1,1e-05
239558,1,1e-05
890898,1,1e-05
263686,1,1e-05
701445,1,1e-05
30779,1,1e-05
358342,1,1e-05
260940,1,1e-05
210218,1,1e-05
639956,1,1e-05
451800,1,1e-05
394637,1,1e-05
85147,1,1e-05
184292,1,1e-05
251276,1,1e-05
299552,1,1e-05
648258,1,1e-05
312439,1,1e-05
290714,1,1e-05
120605,1,1e-05
121294,1,1e-05
920603,1,1e-05
220756,1,1e-05
854098,1,1e-05
451859,1,1e-05
19956,1,1e-05
836196,1,1e-05
932127,1,1e-05
120934,1,1e-05
916105,1,1e-05
428453,1,1e-05
200401,1,1e-05
559927,1,1e-05
40390,1,1e-05
218163,1,1e-05
554375,1,1e-05
463555,1,1e-05
186595,1,1e-05
145278,1,1e-05
240366,1,1e-05
730425,1,1e-05
73904,1,1e-05
609894,1,1e-05
70582,1,1e-05
654147,1,1e-05
15132,1,1e-05
110656,1,1e-05
710590,1,1e-05
617060,1,1e-05
170447,1,1e-05
201218,1,1e-05
552411,1,1e-05
91523,1,1e-05
321515,1,1e-05
220492,1,1e-05
900740,1,1e-05
189381,1,1e-05
150908,1,1e-05
80309,1,1e-05
827686,1,1e-05
240614,1,1e-05
290545,1,1e-05
419331,1,1e-05
180987,1,1e-05
41196,1,1e-05
260224,1,1e-05
385831,1,1e-05
94471,1,1e-05
150705,1,1e-05
40478,1,1e-05
761242,1,1e-05
151467,1,1e-05
260811,1,1e-05
529166,1,1e-05
140859,1,1e-05
709072,1,1e-05
311970,1,1e-05
839498,1,1e-05
478267,1,1e-05
865301,1,1e-05
824697,1,1e-05
774438,1,1e-05
820366,1,1e-05
240952,1,1e-05
608627,1,1e-05
30557,1,1e-05
295864,1,1e-05
906282,1,1e-05
929896,1,1e-05
792956,1,1e-05
570712,1,1e-05
346118,1,1e-05
210216,1,1e-05
605232,1,1e-05
505386,1,1e-05
40586,1,1e-05
661540,1,1e-05
20991,1,1e-05
19474,1,1e-05
281291,1,1e-05
492799,1,1e-05
449509,1,1e-05
254107,1,1e-05
224313,1,1e-05
294118,1,1e-05
838194,1,1e-05
336042,1,1e-05
120540,1,1e-05
230452,1,1e-05
652601,1,1e-05
241156,1,1e-05
71104,1,1e-05
627013,1,1e-05
457827,1,1e-05
297674,1,1e-05
856480,1,1e-05
291045,1,1e-05
113021,1,1e-05
300194,1,1e-05
725357,1,1e-05
260592,1,1e-05
132039,1,1e-05
260359,1,1e-05
438898,1,1e-05
10486,1,1e-05
50947,1,1e-05
10440,1,1e-05
211126,1,1e-05
501898,1,1e-05
180942,1,1e-05
366966,1,1e-05
598224,1,1e-05
291143,1,1e-05
349546,1,1e-05
977675,1,1e-05
879571,1,1e-05
270419,1,1e-05
929207,1,1e-05
899023,1,1e-05
773728,1,1e-05
73372,1,1e-05
640545,1,1e-05
120570,1,1e-05
842116,1,1e-05
101176,1,1e-05
503171,1,1e-05
124130,1,1e-05
271161,1,1e-05
542690,1,1e-05
224023,1,1e-05
796437,1,1e-05
960401,1,1e-05
64249,1,1e-05
270198,1,1e-05
50327,1,1e-05
932928,1,1e-05
311104,1,1e-05
941829,1,1e-05
80779,1,1e-05
614028,1,1e-05
893139,1,1e-05
523956,1,1e-05
809647,1,1e-05
625323,1,1e-05
191709,1,1e-05
231071,1,1e-05
802374,1,1e-05
384268,1,1e-05
673213,1,1e-05
13849,1,1e-05
220185,1,1e-05
180575,1,1e-05
140217,1,1e-05
202329,1,1e-05
473382,1,1e-05
200445,1,1e-05
820335,1,1e-05
432770,1,1e-05
977153,1,1e-05
40211,1,1e-05
147871,1,1e-05
207127,1,1e-05
601243,1,1e-05
271121,1,1e-05
180670,1,1e-05
421693,1,1e-05
165928,1,1e-05
266009,1,1e-05
290560,1,1e-05
150850,1,1e-05
210376,1,1e-05
231202,1,1e-05
354263,1,1e-05
975335,1,1e-05
885966,1,1e-05
211008,1,1e-05
645778,1,1e-05
60893,1,1e-05
233345,1,1e-05
477672,1,1e-05
190931,1,1e-05
51179,1,1e-05
229665,1,1e-05
923383,1,1e-05
120672,1,1e-05
69901,1,1e-05
62924,1,1e-05
191205,1,1e-05
793409,1,1e-05
821796,1,1e-05
703820,1,1e-05
150862,1,1e-05
585872,1,1e-05
954565,1,1e-05
404830,1,1e-05
99903,1,1e-05
187150,1,1e-05
807020,1,1e-05
340556,1,1e-05
170728,1,1e-05
501213,1,1e-05
31078,1,1e-05
210944,1,1e-05
67475,1,1e-05
885471,1,1e-05
54099,1,1e-05
240629,1,1e-05
121004,1,1e-05
12066,1,1e-05
194402,1,1e-05
140453,1,1e-05
172487,1,1e-05
924295,1,1e-05
31090,1,1e-05
408466,1,1e-05
291235,1,1e-05
40316,1,1e-05
220834,1,1e-05
558988,1,1e-05
813369,1,1e-05
270868,1,1e-05
21259,1,1e-05
90302,1,1e-05
482254,1,1e-05
146462,1,1e-05
645966,1,1e-05
30196,1,1e-05
200990,1,1e-05
44237,1,1e-05
251086,1,1e-05
121025,1,1e-05
685662,1,1e-05
250291,1,1e-05
757208,1,1e-05
595816,1,1e-05
693065,1,1e-05
453699,1,1e-05
603399,1,1e-05
150496,1,1e-05
843956,1,1e-05
482353,1,1e-05
443652,1,1e-05
40773,1,1e-05
516530,1,1e-05
937735,1,1e-05
303242,1,1e-05
432454,1,1e-05
161076,1,1e-05
393702,1,1e-05
528775,1,1e-05
271250,1,1e-05
100502,1,1e-05
885140,1,1e-05
735267,1,1e-05
220484,1,1e-05
30367,1,1e-05
570567,1,1e-05
373555,1,1e-05
230885,1,1e-05
150588,1,1e-05
87452,1,1e-05
600200,1,1e-05
119737,1,1e-05
731857,1,1e-05
835023,1,1e-05
170303,1,1e-05
751782,1,1e-05
569310,1,1e-05
219899,1,1e-05
697691,1,1e-05
71094,1,1e-05
280493,1,1e-05
274573,1,1e-05
81295,1,1e-05
90682,1,1e-05
690019,1,1e-05
160223,1,1e-05
64339,1,1e-05
497506,1,1e-05
247670,1,1e-05
200441,1,1e-05
210864,1,1e-05
294034,1,1e-05
538653,1,1e-05
346388,1,1e-05
101103,1,1e-05
150963,1,1e-05
20847,1,1e-05
81103,1,1e-05
491809,1,1e-05
467665,1,1e-05
659628,1,1e-05
222189,1,1e-05
108132,1,1e-05
905696,1,1e-05
319221,1,1e-05
811439,1,1e-05
574086,1,1e-05
220759,1,1e-05
688185,1,1e-05
629136,1,1e-05
261005,1,1e-05
853027,1,1e-05
956462,1,1e-05
843878,1,1e-05
708523,1,1e-05
20844,1,1e-05
264957,1,1e-05
20258,1,1e-05
547256,1,1e-05
40288,1,1e-05
301271,1,1e-05
309450,1,1e-05
979209,1,1e-05
189087,1,1e-05
406099,1,1e-05
241293,1,1e-05
408397,1,1e-05
201035,1,1e-05
290275,1,1e-05
622505,1,1e-05
11119,1,1e-05
230434,1,1e-05
417166,1,1e-05
31252,1,1e-05
130652,1,1e-05
46086,1,1e-05
635097,1,1e-05
80176,1,1e-05
141087,1,1e-05
190582,1,1e-05
20130,1,1e-05
150878,1,1e-05
200473,1,1e-05
655897,1,1e-05
20883,1,1e-05
790961,1,1e-05
769873,1,1e-05
446388,1,1e-05
429533,1,1e-05
697626,1,1e-05
597462,1,1e-05
135804,1,1e-05
517392,1,1e-05
130416,1,1e-05
116932,1,1e-05
220409,1,1e-05
286314,1,1e-05
261070,1,1e-05
10980,1,1e-05
432472,1,1e-05
971191,1,1e-05
795304,1,1e-05
190622,1,1e-05
565228,1,1e-05
160476,1,1e-05
295546,1,1e-05
210587,1,1e-05
429384,1,1e-05
170966,1,1e-05
171124,1,1e-05
197080,1,1e-05
70862,1,1e-05
70821,1,1e-05
10635,1,1e-05
770005,1,1e-05
171139,1,1e-05
91057,1,1e-05
361358,1,1e-05
11100,1,1e-05
681809,1,1e-05
824012,1,1e-05
721243,1,1e-05
694708,1,1e-05
50991,1,1e-05
244466,1,1e-05
838770,1,1e-05
25267,1,1e-05
300310,1,1e-05
604728,1,1e-05
20873,1,1e-05
525305,1,1e-05
921918,1,1e-05
591926,1,1e-05
663492,1,1e-05
899102,1,1e-05
100259,1,1e-05
190593,1,1e-05
438449,1,1e-05
222736,1,1e-05
578103,1,1e-05
192730,1,1e-05
88613,1,1e-05
181166,1,1e-05
280144,1,1e-05
171015,1,1e-05
140111,1,1e-05
291011,1,1e-05
210707,1,1e-05
55298,1,1e-05
100983,1,1e-05
358415,1,1e-05
11047,1,1e-05
400526,1,1e-05
161101,1,1e-05
281072,1,1e-05
750262,1,1e-05
277953,1,1e-05
80178,1,1e-05
70898,1,1e-05
452899,1,1e-05
100285,1,1e-05
60810,1,1e-05
441403,1,1e-05
41038,1,1e-05
734456,1,1e-05
80335,1,1e-05
735389,1,1e-05
528603,1,1e-05
260189,1,1e-05
250158,1,1e-05
898883,1,1e-05
266857,1,1e-05
241123,1,1e-05
428424,1,1e-05
221016,1,1e-05
303118,1,1e-05
968889,1,1e-05
180960,1,1e-05
783599,1,1e-05
281195,1,1e-05
151108,1,1e-05
14293,1,1e-05
828053,1,1e-05
846003,1,1e-05
500775,1,1e-05
694203,1,1e-05
706310,1,1e-05
750953,1,1e-05
989571,1,1e-05
340368,1,1e-05
463573,1,1e-05
779508,1,1e-05
100571,1,1e-05
993444,1,1e-05
498940,1,1e-05
280951,1,1e-05
616898,1,1e-05
40004,1,1e-05
90213,1,1e-05
661463,1,1e-05
80727,1,1e-05
271184,1,1e-05
406364,1,1e-05
40804,1,1e-05
100854,1,1e-05
642344,1,1e-05
793384,1,1e-05
346077,1,1e-05
546141,1,1e-05
151295,1,1e-05
190647,1,1e-05
136521,1,1e-05
500842,1,1e-05
219325,1,1e-05
251249,1,1e-05
50406,1,1e-05
724488,1,1e-05
150622,1,1e-05
34040,1,1e-05
90419,1,1e-05
444247,1,1e-05
587589,1,1e-05
160666,1,1e-05
482079,1,1e-05
50302,1,1e-05
14123,1,1e-05
383912,1,1e-05
678933,1,1e-05
150000,1,1e-05
146674,1,1e-05
648611,1,1e-05
487421,1,1e-05
70469,1,1e-05
665555,1,1e-05
865877,1,1e-05
959568,1,1e-05
260115,1,1e-05
697195,1,1e-05
80422,1,1e-05
51784,1,1e-05
61171,1,1e-05
871907,1,1e-05
465873,1,1e-05
699092,1,1e-05
180693,1,1e-05
303929,1,1e-05
258925,1,1e-05
424662,1,1e-05
569441,1,1e-05
898287,1,1e-05
570820,1,1e-05
280489,1,1e-05
40923,1,1e-05
290810,1,1e-05
211273,1,1e-05
300872,1,1e-05
221238,1,1e-05
197092,1,1e-05
251189,1,1e-05
33120,1,1e-05
312883,1,1e-05
546681,1,1e-05
885014,1,1e-05
117532,1,1e-05
560917,1,1e-05
109231,1,1e-05
190434,1,1e-05
16047,1,1e-05
70795,1,1e-05
626424,1,1e-05
62388,1,1e-05
101109,1,1e-05
625413,1,1e-05
502947,1,1e-05
997185,1,1e-05
131177,1,1e-05
945748,1,1e-05
71631,1,1e-05
704055,1,1e-05
244570,1,1e-05
39211,1,1e-05
122389,1,1e-05
179495,1,1e-05
151296,1,1e-05
310246,1,1e-05
919707,1,1e-05
442365,1,1e-05
20654,1,1e-05
61231,1,1e-05
230944,1,1e-05
301085,1,1e-05
200491,1,1e-05
224281,1,1e-05
10473,1,1e-05
210807,1,1e-05
675348,1,1e-05
270348,1,1e-05
336358,1,1e-05
10261,1,1e-05
140330,1,1e-05
160662,1,1e-05
932594,1,1e-05
463,1,1e-05
70600,1,1e-05
241259,1,1e-05
210716,1,1e-05
10951,1,1e-05
184940,1,1e-05
180405,1,1e-05
225596,1,1e-05
759267,1,1e-05
250965,1,1e-05
220311,1,1e-05
184043,1,1e-05
60308,1,1e-05
14881,1,1e-05
120573,1,1e-05
263464,1,1e-05
995990,1,1e-05
788304,1,1e-05
21277,1,1e-05
634284,1,1e-05
870164,1,1e-05
181226,1,1e-05
152628,1,1e-05
692958,1,1e-05
439786,1,1e-05
152416,1,1e-05
300398,1,1e-05
104410,1,1e-05
215590,1,1e-05
240526,1,1e-05
915881,1,1e-05
110308,1,1e-05
41547,1,1e-05
227375,1,1e-05
699243,1,1e-05
240902,1,1e-05
140783,1,1e-05
350057,1,1e-05
270112,1,1e-05
161042,1,1e-05
989729,1,1e-05
171084,1,1e-05
540705,1,1e-05
150493,1,1e-05
130700,1,1e-05
704629,1,1e-05
280807,1,1e-05
931346,1,1e-05
938310,1,1e-05
60118,1,1e-05
142612,1,1e-05
829990,1,1e-05
241131,1,1e-05
327989,1,1e-05
170290,1,1e-05
818298,1,1e-05
260984,1,1e-05
727718,1,1e-05
233986,1,1e-05
848930,1,1e-05
465333,1,1e-05
32189,1,1e-05
514926,1,1e-05
311160,1,1e-05
854130,1,1e-05
230710,1,1e-05
675573,1,1e-05
235759,1,1e-05
855388,1,1e-05
785539,1,1e-05
14389,1,1e-05
170455,1,1e-05
273568,1,1e-05
10542,1,1e-05
660712,1,1e-05
410996,1,1e-05
131163,1,1e-05
241115,1,1e-05
85243,1,1e-05
800310,1,1e-05
120811,1,1e-05
541704,1,1e-05
484602,1,1e-05
100864,1,1e-05
20935,1,1e-05
150644,1,1e-05
30286,1,1e-05
362932,1,1e-05
131088,1,1e-05
100574,1,1e-05
453705,1,1e-05
90416,1,1e-05
408501,1,1e-05
600992,1,1e-05
904484,1,1e-05
567580,1,1e-05
541116,1,1e-05
334692,1,1e-05
312765,1,1e-05
60841,1,1e-05
318464,1,1e-05
556143,1,1e-05
994827,1,1e-05
951795,1,1e-05
326778,1,1e-05
230546,1,1e-05
270287,1,1e-05
203849,1,1e-05
60115,1,1e-05
80501,1,1e-05
160587,1,1e-05
110950,1,1e-05
147137,1,1e-05
887250,1,1e-05
860809,1,1e-05
226638,1,1e-05
24016,1,1e-05
300919,1,1e-05
70873,1,1e-05
880193,1,1e-05
190852,1,1e-05
950068,1,1e-05
941031,1,1e-05
810678,1,1e-05
728760,1,1e-05
20990,1,1e-05
372952,1,1e-05
621906,1,1e-05
150633,1,1e-05
931932,1,1e-05
983364,1,1e-05
890601,1,1e-05
533299,1,1e-05
752708,1,1e-05
220687,1,1e-05
120871,1,1e-05
90761,1,1e-05
90705,1,1e-05
749105,1,1e-05
879968,1,1e-05
216244,1,1e-05
371763,1,1e-05
162172,1,1e-05
262699,1,1e-05
264725,1,1e-05
969593,1,1e-05
312237,1,1e-05
189769,1,1e-05
64468,1,1e-05
584724,1,1e-05
119783,1,1e-05
10838,1,1e-05
645552,1,1e-05
787692,1,1e-05
56381,1,1e-05
250947,1,1e-05
161136,1,1e-05
989065,1,1e-05
956152,1,1e-05
893953,1,1e-05
597770,1,1e-05
621951,1,1e-05
629243,1,1e-05
640240,1,1e-05
126415,1,1e-05
641295,1,1e-05
10602,1,1e-05
196319,1,1e-05
703178,1,1e-05
370986,1,1e-05
304615,1,1e-05
280339,1,1e-05
590630,1,1e-05
788873,1,1e-05
300536,1,1e-05
177148,1,1e-05
122704,1,1e-05
230965,1,1e-05
300308,1,1e-05
328218,1,1e-05
187078,1,1e-05
220264,1,1e-05
310813,1,1e-05
426666,1,1e-05
280647,1,1e-05
96244,1,1e-05
891959,1,1e-05
508402,1,1e-05
261095,1,1e-05
311164,1,1e-05
428668,1,1e-05
680526,1,1e-05
60803,1,1e-05
411687,1,1e-05
280540,1,1e-05
978492,1,1e-05
120340,1,1e-05
596391,1,1e-05
530548,1,1e-05
819853,1,1e-05
281105,1,1e-05
943647,1,1e-05
775121,1,1e-05
284780,1,1e-05
822606,1,1e-05
798791,1,1e-05
201495,1,1e-05
760946,1,1e-05
101027,1,1e-05
777109,1,1e-05
230159,1,1e-05
396534,1,1e-05
562265,1,1e-05
980976,1,1e-05
948564,1,1e-05
310805,1,1e-05
50374,1,1e-05
570912,1,1e-05
346710,1,1e-05
589994,1,1e-05
303900,1,1e-05
300105,1,1e-05
180830,1,1e-05
371107,1,1e-05
904342,1,1e-05
789047,1,1e-05
290689,1,1e-05
150715,1,1e-05
680824,1,1e-05
257117,1,1e-05
455023,1,1e-05
869799,1,1e-05
120858,1,1e-05
217164,1,1e-05
220822,1,1e-05
301156,1,1e-05
854898,1,1e-05
579184,1,1e-05
893200,1,1e-05
716246,1,1e-05
510166,1,1e-05
219720,1,1e-05
220825,1,1e-05
216671,1,1e-05
260543,1,1e-05
719856,1,1e-05
662011,1,1e-05
660679,1,1e-05
90319,1,1e-05
280794,1,1e-05
496793,1,1e-05
803697,1,1e-05
100290,1,1e-05
220564,1,1e-05
819702,1,1e-05
247504,1,1e-05
241122,1,1e-05
41043,1,1e-05
585205,1,1e-05
523464,1,1e-05
270694,1,1e-05
130654,1,1e-05
271173,1,1e-05
66269,1,1e-05
943256,1,1e-05
290611,1,1e-05
470067,1,1e-05
583948,1,1e-05
990040,1,1e-05
130155,1,1e-05
332527,1,1e-05
250325,1,1e-05
121149,1,1e-05
71266,1,1e-05
140938,1,1e-05
732857,1,1e-05
51290,1,1e-05
936906,1,1e-05
438008,1,1e-05
184986,1,1e-05
271035,1,1e-05
270183,1,1e-05
10540,1,1e-05
33103,1,1e-05
85767,1,1e-05
443667,1,1e-05
607400,1,1e-05
220236,1,1e-05
550191,1,1e-05
120388,1,1e-05
996829,1,1e-05
50560,1,1e-05
369312,1,1e-05
20474,1,1e-05
50281,1,1e-05
60545,1,1e-05
732129,1,1e-05
659183,1,1e-05
306733,1,1e-05
787875,1,1e-05
360411,1,1e-05
960309,1,1e-05
587508,1,1e-05
118333,1,1e-05
30777,1,1e-05
20141,1,1e-05
241055,1,1e-05
295839,1,1e-05
42117,1,1e-05
939742,1,1e-05
169383,1,1e-05
70856,1,1e-05
944925,1,1e-05
570290,1,1e-05
490885,1,1e-05
941482,1,1e-05
849283,1,1e-05
504331,1,1e-05
70912,1,1e-05
465471,1,1e-05
280625,1,1e-05
521714,1,1e-05
250296,1,1e-05
230852,1,1e-05
415419,1,1e-05
553465,1,1e-05
426751,1,1e-05
142793,1,1e-05
843044,1,1e-05
101669,1,1e-05
327326,1,1e-05
884477,1,1e-05
974404,1,1e-05
180150,1,1e-05
321006,1,1e-05
703534,1,1e-05
250633,1,1e-05
111151,1,1e-05
658851,1,1e-05
125870,1,1e-05
229671,1,1e-05
401025,1,1e-05
998088,1,1e-05
673513,1,1e-05
202055,1,1e-05
300299,1,1e-05
237141,1,1e-05
396803,1,1e-05
605566,1,1e-05
50188,1,1e-05
131264,1,1e-05
639530,1,1e-05
230321,1,1e-05
100647,1,1e-05
264076,1,1e-05
80464,1,1e-05
361051,1,1e-05
110619,1,1e-05
274333,1,1e-05
961467,1,1e-05
60854,1,1e-05
59061,1,1e-05
379701,1,1e-05
812737,1,1e-05
260819,1,1e-05
123194,1,1e-05
371876,1,1e-05
79434,1,1e-05
20767,1,1e-05
805584,1,1e-05
916678,1,1e-05
417692,1,1e-05
280786,1,1e-05
617039,1,1e-05
191260,1,1e-05
883915,1,1e-05
277185,1,1e-05
482741,1,1e-05
70482,1,1e-05
716069,1,1e-05
724647,1,1e-05
101851,1,1e-05
447752,1,1e-05
260526,1,1e-05
274083,1,1e-05
290792,1,1e-05
914874,1,1e-05
290797,1,1e-05
213672,1,1e-05
768761,1,1e-05
170762,1,1e-05
250641,1,1e-05
346143,1,1e-05
996328,1,1e-05
977946,1,1e-05
130375,1,1e-05
620428,1,1e-05
240166,1,1e-05
171077,1,1e-05
932507,1,1e-05
164873,1,1e-05
740996,1,1e-05
200643,1,1e-05
856722,1,1e-05
491244,1,1e-05
397399,1,1e-05
221155,1,1e-05
310925,1,1e-05
416677,1,1e-05
70290,1,1e-05
89372,1,1e-05
958042,1,1e-05
517481,1,1e-05
402850,1,1e-05
888784,1,1e-05
899630,1,1e-05
682361,1,1e-05
336377,1,1e-05
81141,1,1e-05
946694,1,1e-05
207880,1,1e-05
855874,1,1e-05
10834,1,1e-05
667895,1,1e-05
60442,1,1e-05
781178,1,1e-05
30796,1,1e-05
110338,1,1e-05
384348,1,1e-05
250560,1,1e-05
141172,1,1e-05
383072,1,1e-05
70190,1,1e-05
310785,1,1e-05
233870,1,1e-05
384442,1,1e-05
446729,1,1e-05
451,1,1e-05
70738,1,1e-05
910246,1,1e-05
842926,1,1e-05
527222,1,1e-05
557210,1,1e-05
10770,1,1e-05
853673,1,1e-05
881374,1,1e-05
897535,1,1e-05
226077,1,1e-05
3464,1,1e-05
234019,1,1e-05
220558,1,1e-05
201190,1,1e-05
30289,1,1e-05
20732,1,1e-05
11156,1,1e-05
109701,1,1e-05
399818,1,1e-05
297899,1,1e-05
30863,1,1e-05
50386,1,1e-05
323623,1,1e-05
587712,1,1e-05
170482,1,1e-05
862881,1,1e-05
82663,1,1e-05
117446,1,1e-05
260879,1,1e-05
210950,1,1e-05
470271,1,1e-05
281055,1,1e-05
190342,1,1e-05
130873,1,1e-05
690876,1,1e-05
937876,1,1e-05
310121,1,1e-05
40443,1,1e-05
337749,1,1e-05
572899,1,1e-05
176861,1,1e-05
230619,1,1e-05
70717,1,1e-05
236496,1,1e-05
629678,1,1e-05
911854,1,1e-05
66596,1,1e-05
397231,1,1e-05
369323,1,1e-05
642410,1,1e-05
70518,1,1e-05
130392,1,1e-05
611815,1,1e-05
31134,1,1e-05
201186,1,1e-05
81054,1,1e-05
969188,1,1e-05
231021,1,1e-05
130643,1,1e-05
220178,1,1e-05
190890,1,1e-05
250914,1,1e-05
180647,1,1e-05
226641,1,1e-05
210985,1,1e-05
283559,1,1e-05
260467,1,1e-05
892295,1,1e-05
702947,1,1e-05
311294,1,1e-05
817722,1,1e-05
434452,1,1e-05
572883,1,1e-05
191091,1,1e-05
488503,1,1e-05
894847,1,1e-05
241217,1,1e-05
180104,1,1e-05
30401,1,1e-05
121273,1,1e-05
172228,1,1e-05
51291,1,1e-05
395908,1,1e-05
241253,1,1e-05
31048,1,1e-05
51059,1,1e-05
710926,1,1e-05
438812,1,1e-05
253278,1,1e-05
333161,1,1e-05
180162,1,1e-05
249336,1,1e-05
80114,1,1e-05
240937,1,1e-05
141273,1,1e-05
529889,1,1e-05
231001,1,1e-05
674683,1,1e-05
50197,1,1e-05
620986,1,1e-05
720675,1,1e-05
266991,1,1e-05
305865,1,1e-05
45577,1,1e-05
904925,1,1e-05
358884,1,1e-05
30790,1,1e-05
751227,1,1e-05
556207,1,1e-05
511193,1,1e-05
657658,1,1e-05
80517,1,1e-05
857596,1,1e-05
70302,1,1e-05
626358,1,1e-05
567695,1,1e-05
260533,1,1e-05
120471,1,1e-05
942055,1,1e-05
394567,1,1e-05
180932,1,1e-05
177259,1,1e-05
146688,1,1e-05
532415,1,1e-05
130395,1,1e-05
281150,1,1e-05
40179,1,1e-05
882570,1,1e-05
11282,1,1e-05
180828,1,1e-05
939758,1,1e-05
867330,1,1e-05
555268,1,1e-05
418519,1,1e-05
290308,1,1e-05
201196,1,1e-05
150816,1,1e-05
933235,1,1e-05
211248,1,1e-05
615045,1,1e-05
270763,1,1e-05
527185,1,1e-05
85925,1,1e-05
615287,1,1e-05
915212,1,1e-05
158153,1,1e-05
10580,1,1e-05
576457,1,1e-05
231165,1,1e-05
250991,1,1e-05
65275,1,1e-05
200366,1,1e-05
38464,1,1e-05
270806,1,1e-05
896823,1,1e-05
567923,1,1e-05
230779,1,1e-05
111218,1,1e-05
446767,1,1e-05
90922,1,1e-05
187886,1,1e-05
759506,1,1e-05
927656,1,1e-05
30960,1,1e-05
40411,1,1e-05
559844,1,1e-05
178804,1,1e-05
720857,1,1e-05
473773,1,1e-05
546004,1,1e-05
140749,1,1e-05
449338,1,1e-05
924161,1,1e-05
135442,1,1e-05
130484,1,1e-05
570000,1,1e-05
250350,1,1e-05
100218,1,1e-05
836500,1,1e-05
110405,1,1e-05
530324,1,1e-05
889637,1,1e-05
100160,1,1e-05
70329,1,1e-05
190871,1,1e-05
348222,1,1e-05
764749,1,1e-05
51027,1,1e-05
90746,1,1e-05
924004,1,1e-05
519597,1,1e-05
485055,1,1e-05
849711,1,1e-05
310763,1,1e-05
21155,1,1e-05
551466,1,1e-05
389690,1,1e-05
558949,1,1e-05
30263,1,1e-05
131208,1,1e-05
56869,1,1e-05
240348,1,1e-05
855548,1,1e-05
439163,1,1e-05
250299,1,1e-05
857729,1,1e-05
166969,1,1e-05
290519,1,1e-05
680476,1,1e-05
733301,1,1e-05
962004,1,1e-05
280735,1,1e-05
130812,1,1e-05
70326,1,1e-05
690567,1,1e-05
210337,1,1e-05
278638,1,1e-05
916438,1,1e-05
161204,1,1e-05
994268,1,1e-05
353775,1,1e-05
150430,1,1e-05
395442,1,1e-05
565206,1,1e-05
146611,1,1e-05
552348,1,1e-05
846833,1,1e-05
714273,1,1e-05
1942,1,1e-05
220575,1,1e-05
170848,1,1e-05
60707,1,1e-05
40594,1,1e-05
358323,1,1e-05
1046,1,1e-05
22011,1,1e-05
434742,1,1e-05
300151,1,1e-05
818381,1,1e-05
944414,1,1e-05
30221,1,1e-05
580645,1,1e-05
545009,1,1e-05
473007,1,1e-05
523178,1,1e-05
70109,1,1e-05
760851,1,1e-05
138964,1,1e-05
859575,1,1e-05
330094,1,1e-05
180728,1,1e-05
157742,1,1e-05
602058,1,1e-05
261270,1,1e-05
66540,1,1e-05
793859,1,1e-05
40339,1,1e-05
589116,1,1e-05
61734,1,1e-05
485941,1,1e-05
664054,1,1e-05
596472,1,1e-05
698067,1,1e-05
585689,1,1e-05
809221,1,1e-05
505898,1,1e-05
100348,1,1e-05
21238,1,1e-05
301673,1,1e-05
921277,1,1e-05
238049,1,1e-05
100601,1,1e-05
51262,1,1e-05
106941,1,1e-05
110514,1,1e-05
20820,1,1e-05
121971,1,1e-05
180201,1,1e-05
11263,1,1e-05
151171,1,1e-05
75354,1,1e-05
776097,1,1e-05
150556,1,1e-05
276633,1,1e-05
507176,1,1e-05
120799,1,1e-05
240361,1,1e-05
670414,1,1e-05
151029,1,1e-05
100425,1,1e-05
231204,1,1e-05
111213,1,1e-05
150694,1,1e-05
653401,1,1e-05
180719,1,1e-05
776677,1,1e-05
807885,1,1e-05
624774,1,1e-05
235446,1,1e-05
311083,1,1e-05
70864,1,1e-05
848922,1,1e-05
88049,1,1e-05
228683,1,1e-05
861864,1,1e-05
20639,1,1e-05
80527,1,1e-05
290799,1,1e-05
601260,1,1e-05
100585,1,1e-05
589457,1,1e-05
260850,1,1e-05
568038,1,1e-05
463004,1,1e-05
290570,1,1e-05
774740,1,1e-05
260513,1,1e-05
780027,1,1e-05
163089,1,1e-05
905062,1,1e-05
290601,1,1e-05
275016,1,1e-05
230444,1,1e-05
788084,1,1e-05
156378,1,1e-05
260707,1,1e-05
282415,1,1e-05
214605,1,1e-05
198687,1,1e-05
670526,1,1e-05
268962,1,1e-05
243352,1,1e-05
407959,1,1e-05
137160,1,1e-05
290374,1,1e-05
397775,1,1e-05
281022,1,1e-05
381890,1,1e-05
291175,1,1e-05
775333,1,1e-05
640448,1,1e-05
757755,1,1e-05
644253,1,1e-05
359210,1,1e-05
484668,1,1e-05
141041,1,1e-05
403708,1,1e-05
160460,1,1e-05
810773,1,1e-05
90893,1,1e-05
589933,1,1e-05
518441,1,1e-05
270157,1,1e-05
270324,1,1e-05
385030,1,1e-05
588245,1,1e-05
110806,1,1e-05
740091,1,1e-05
220804,1,1e-05
249633,1,1e-05
402744,1,1e-05
81162,1,1e-05
71429,1,1e-05
158028,1,1e-05
966646,1,1e-05
111200,1,1e-05
709472,1,1e-05
914535,1,1e-05
407246,1,1e-05
964128,1,1e-05
40544,1,1e-05
267536,1,1e-05
590121,1,1e-05
183752,1,1e-05
878959,1,1e-05
627554,1,1e-05
478624,1,1e-05
291261,1,1e-05
346207,1,1e-05
161004,1,1e-05
780649,1,1e-05
27510,1,1e-05
67748,1,1e-05
838686,1,1e-05
20994,1,1e-05
942131,1,1e-05
644545,1,1e-05
90981,1,1e-05
744159,1,1e-05
230125,1,1e-05
810658,1,1e-05
216150,1,1e-05
230359,1,1e-05
18018,1,1e-05
250369,1,1e-05
230472,1,1e-05
350357,1,1e-05
802251,1,1e-05
201170,1,1e-05
494482,1,1e-05
927823,1,1e-05
381782,1,1e-05
848696,1,1e-05
310398,1,1e-05
21029,1,1e-05
10247,1,1e-05
152642,1,1e-05
50387,1,1e-05
21266,1,1e-05
210188,1,1e-05
120477,1,1e-05
507131,1,1e-05
370506,1,1e-05
20856,1,1e-05
747693,1,1e-05
689813,1,1e-05
758519,1,1e-05
250672,1,1e-05
224689,1,1e-05
553903,1,1e-05
170188,1,1e-05
945480,1,1e-05
438476,1,1e-05
391904,1,1e-05
914145,1,1e-05
539001,1,1e-05
40904,1,1e-05
100208,1,1e-05
957238,1,1e-05
80142,1,1e-05
290609,1,1e-05
221036,1,1e-05
443527,1,1e-05
364968,1,1e-05
691634,1,1e-05
163873,1,1e-05
963799,1,1e-05
511576,1,1e-05
718628,1,1e-05
872244,1,1e-05
270120,1,1e-05
36646,1,1e-05
90338,1,1e-05
290294,1,1e-05
300533,1,1e-05
669911,1,1e-05
114333,1,1e-05
51029,1,1e-05
79897,1,1e-05
694599,1,1e-05
131184,1,1e-05
170530,1,1e-05
992743,1,1e-05
382907,1,1e-05
769883,1,1e-05
965798,1,1e-05
259909,1,1e-05
13121,1,1e-05
70786,1,1e-05
37558,1,1e-05
890420,1,1e-05
20288,1,1e-05
150640,1,1e-05
261126,1,1e-05
490270,1,1e-05
20193,1,1e-05
530623,1,1e-05
446766,1,1e-05
745031,1,1e-05
281267,1,1e-05
71238,1,1e-05
601734,1,1e-05
798153,1,1e-05
190554,1,1e-05
830081,1,1e-05
100634,1,1e-05
766402,1,1e-05
210383,1,1e-05
336600,1,1e-05
211205,1,1e-05
241064,1,1e-05
593058,1,1e-05
235800,1,1e-05
397821,1,1e-05
766163,1,1e-05
310137,1,1e-05
290114,1,1e-05
760074,1,1e-05
375532,1,1e-05
211023,1,1e-05
499610,1,1e-05
202042,1,1e-05
644056,1,1e-05
646501,1,1e-05
110242,1,1e-05
809514,1,1e-05
53418,1,1e-05
310714,1,1e-05
26297,1,1e-05
919580,1,1e-05
770365,1,1e-05
965290,1,1e-05
498553,1,1e-05
716796,1,1e-05
972253,1,1e-05
20643,1,1e-05
122688,1,1e-05
251275,1,1e-05
280255,1,1e-05
576065,1,1e-05
290164,1,1e-05
331960,1,1e-05
170845,1,1e-05
310783,1,1e-05
759661,1,1e-05
374677,1,1e-05
841641,1,1e-05
191146,1,1e-05
494586,1,1e-05
803866,1,1e-05
67239,1,1e-05
166398,1,1e-05
160325,1,1e-05
280311,1,1e-05
200190,1,1e-05
120878,1,1e-05
851498,1,1e-05
11124,1,1e-05
419114,1,1e-05
91238,1,1e-05
418601,1,1e-05
462112,1,1e-05
657367,1,1e-05
699797,1,1e-05
488544,1,1e-05
921366,1,1e-05
430780,1,1e-05
298614,1,1e-05
120254,1,1e-05
649388,1,1e-05
831589,1,1e-05
280630,1,1e-05
945905,1,1e-05
936179,1,1e-05
60362,1,1e-05
187682,1,1e-05
678854,1,1e-05
706094,1,1e-05
267698,1,1e-05
10312,1,1e-05
210185,1,1e-05
131387,1,1e-05
220567,1,1e-05
396503,1,1e-05
223505,1,1e-05
124728,1,1e-05
793838,1,1e-05
591994,1,1e-05
209427,1,1e-05
833623,1,1e-05
15538,1,1e-05
80912,1,1e-05
80128,1,1e-05
414694,1,1e-05
311266,1,1e-05
213353,1,1e-05
429345,1,1e-05
811875,1,1e-05
230864,1,1e-05
730658,1,1e-05
252302,1,1e-05
270333,1,1e-05
921816,1,1e-05
824632,1,1e-05
307186,1,1e-05
231166,1,1e-05
181084,1,1e-05
220853,1,1e-05
654666,1,1e-05
50718,1,1e-05
450212,1,1e-05
183784,1,1e-05
674957,1,1e-05
132833,1,1e-05
765247,1,1e-05
270573,1,1e-05
71272,1,1e-05
50896,1,1e-05
41059,1,1e-05
311108,1,1e-05
290648,1,1e-05
730874,1,1e-05
675515,1,1e-05
108996,1,1e-05
78565,1,1e-05
449155,1,1e-05
911662,1,1e-05
590046,1,1e-05
831463,1,1e-05
130452,1,1e-05
140269,1,1e-05
21039,1,1e-05
130174,1,1e-05
45482,1,1e-05
190377,1,1e-05
180204,1,1e-05
110423,1,1e-05
30806,1,1e-05
61257,1,1e-05
586299,1,1e-05
810169,1,1e-05
20574,1,1e-05
161096,1,1e-05
565037,1,1e-05
73362,1,1e-05
21789,1,1e-05
300926,1,1e-05
532130,1,1e-05
70170,1,1e-05
111206,1,1e-05
523640,1,1e-05
674258,1,1e-05
495739,1,1e-05
210481,1,1e-05
504606,1,1e-05
349001,1,1e-05
133590,1,1e-05
585950,1,1e-05
354963,1,1e-05
140816,1,1e-05
80715,1,1e-05
564436,1,1e-05
444622,1,1e-05
599678,1,1e-05
232215,1,1e-05
463996,1,1e-05
717099,1,1e-05
80315,1,1e-05
645303,1,1e-05
373177,1,1e-05
533690,1,1e-05
120377,1,1e-05
289042,1,1e-05
171245,1,1e-05
41327,1,1e-05
985493,1,1e-05
220105,1,1e-05
505236,1,1e-05
140354,1,1e-05
634196,1,1e-05
10460,1,1e-05
45721,1,1e-05
240563,1,1e-05
28987,1,1e-05
168628,1,1e-05
89471,1,1e-05
301149,1,1e-05
160891,1,1e-05
200193,1,1e-05
330644,1,1e-05
309533,1,1e-05
220200,1,1e-05
533161,1,1e-05
419928,1,1e-05
510167,1,1e-05
621258,1,1e-05
712738,1,1e-05
249829,1,1e-05
36111,1,1e-05
142628,1,1e-05
351234,1,1e-05
41175,1,1e-05
625223,1,1e-05
100868,1,1e-05
960145,1,1e-05
131141,1,1e-05
991219,1,1e-05
256583,1,1e-05
190860,1,1e-05
205661,1,1e-05
720733,1,1e-05
864638,1,1e-05
946904,1,1e-05
602664,1,1e-05
131212,1,1e-05
291944,1,1e-05
638229,1,1e-05
300822,1,1e-05
60307,1,1e-05
252731,1,1e-05
300283,1,1e-05
8107,1,1e-05
943261,1,1e-05
664109,1,1e-05
933545,1,1e-05
101089,1,1e-05
346124,1,1e-05
80450,1,1e-05
301113,1,1e-05
377829,1,1e-05
145548,1,1e-05
346671,1,1e-05
714264,1,1e-05
400577,1,1e-05
732442,1,1e-05
112170,1,1e-05
433980,1,1e-05
80836,1,1e-05
120209,1,1e-05
220151,1,1e-05
30376,1,1e-05
442538,1,1e-05
957942,1,1e-05
725715,1,1e-05
999192,1,1e-05
187438,1,1e-05
171667,1,1e-05
863382,1,1e-05
968260,1,1e-05
20627,1,1e-05
301241,1,1e-05
967187,1,1e-05
20245,1,1e-05
334777,1,1e-05
845399,1,1e-05
130817,1,1e-05
424304,1,1e-05
246713,1,1e-05
934646,1,1e-05
268898,1,1e-05
41180,1,1e-05
171328,1,1e-05
11050,1,1e-05
60618,1,1e-05
714336,1,1e-05
240687,1,1e-05
692589,1,1e-05
190750,1,1e-05
80489,1,1e-05
150237,1,1e-05
200361,1,1e-05
120244,1,1e-05
293598,1,1e-05
926405,1,1e-05
778558,1,1e-05
223283,1,1e-05
521203,1,1e-05
977124,1,1e-05
160766,1,1e-05
114606,1,1e-05
679949,1,1e-05
927205,1,1e-05
24728,1,1e-05
774196,1,1e-05
396435,1,1e-05
8201,1,1e-05
50854,1,1e-05
328390,1,1e-05
50908,1,1e-05
110217,1,1e-05
64221,1,1e-05
180595,1,1e-05
764161,1,1e-05
541505,1,1e-05
120777,1,1e-05
982045,1,1e-05
172500,1,1e-05
210350,1,1e-05
338807,1,1e-05
30496,1,1e-05
852153,1,1e-05
190454,1,1e-05
141393,1,1e-05
452060,1,1e-05
918337,1,1e-05
489981,1,1e-05
676286,1,1e-05
866974,1,1e-05
774428,1,1e-05
897791,1,1e-05
733812,1,1e-05
756522,1,1e-05
423844,1,1e-05
99484,1,1e-05
251243,1,1e-05
526847,1,1e-05
709624,1,1e-05
568901,1,1e-05
200650,1,1e-05
355316,1,1e-05
624529,1,1e-05
426896,1,1e-05
820414,1,1e-05
55582,1,1e-05
725916,1,1e-05
280879,1,1e-05
260601,1,1e-05
250928,1,1e-05
380622,1,1e-05
110191,1,1e-05
240518,1,1e-05
528658,1,1e-05
187622,1,1e-05
131263,1,1e-05
292696,1,1e-05
428603,1,1e-05
310856,1,1e-05
30220,1,1e-05
90681,1,1e-05
10409,1,1e-05
61092,1,1e-05
69171,1,1e-05
200804,1,1e-05
176523,1,1e-05
100287,1,1e-05
809135,1,1e-05
670725,1,1e-05
40393,1,1e-05
131047,1,1e-05
192123,1,1e-05
550817,1,1e-05
632445,1,1e-05
160408,1,1e-05
423158,1,1e-05
785134,1,1e-05
310171,1,1e-05
790244,1,1e-05
515494,1,1e-05
487450,1,1e-05
30911,1,1e-05
313955,1,1e-05
30589,1,1e-05
57596,1,1e-05
121063,1,1e-05
136517,1,1e-05
51019,1,1e-05
492073,1,1e-05
160549,1,1e-05
988416,1,1e-05
241898,1,1e-05
617711,1,1e-05
716969,1,1e-05
527440,1,1e-05
572006,1,1e-05
270979,1,1e-05
367270,1,1e-05
4071,1,1e-05
101099,1,1e-05
714066,1,1e-05
95351,1,1e-05
836126,1,1e-05
471697,1,1e-05
415341,1,1e-05
170522,1,1e-05
50600,1,1e-05
608034,1,1e-05
940562,1,1e-05
817432,1,1e-05
195779,1,1e-05
20170,1,1e-05
567893,1,1e-05
705880,1,1e-05
310318,1,1e-05
130713,1,1e-05
646960,1,1e-05
311243,1,1e-05
896874,1,1e-05
80368,1,1e-05
853654,1,1e-05
260160,1,1e-05
251150,1,1e-05
103007,1,1e-05
50829,1,1e-05
20849,1,1e-05
111028,1,1e-05
744042,1,1e-05
190708,1,1e-05
142707,1,1e-05
231163,1,1e-05
36598,1,1e-05
70386,1,1e-05
768723,1,1e-05
336719,1,1e-05
100883,1,1e-05
66732,1,1e-05
70352,1,1e-05
215419,1,1e-05
310100,1,1e-05
619819,1,1e-05
963413,1,1e-05
280308,1,1e-05
561735,1,1e-05
894994,1,1e-05
325321,1,1e-05
251197,1,1e-05
71121,1,1e-05
477496,1,1e-05
325233,1,1e-05
100686,1,1e-05
889365,1,1e-05
272197,1,1e-05
941592,1,1e-05
1992,1,1e-05
623532,1,1e-05
918949,1,1e-05
30447,1,1e-05
259170,1,1e-05
41273,1,1e-05
130460,1,1e-05
624779,1,1e-05
301181,1,1e-05
160826,1,1e-05
399494,1,1e-05
260813,1,1e-05
193750,1,1e-05
270992,1,1e-05
150990,1,1e-05
170117,1,1e-05
160965,1,1e-05
310890,1,1e-05
376887,1,1e-05
792686,1,1e-05
995462,1,1e-05
430541,1,1e-05
675077,1,1e-05
30513,1,1e-05
402498,1,1e-05
414841,1,1e-05
50869,1,1e-05
811154,1,1e-05
300513,1,1e-05
170776,1,1e-05
672386,1,1e-05
184327,1,1e-05
386895,1,1e-05
90305,1,1e-05
241003,1,1e-05
270691,1,1e-05
310944,1,1e-05
180818,1,1e-05
140297,1,1e-05
516149,1,1e-05
657708,1,1e-05
171182,1,1e-05
130565,1,1e-05
933301,1,1e-05
290702,1,1e-05
585616,1,1e-05
926342,1,1e-05
110587,1,1e-05
825403,1,1e-05
998997,1,1e-05
290533,1,1e-05
230625,1,1e-05
301494,1,1e-05
326292,1,1e-05
176613,1,1e-05
210555,1,1e-05
230729,1,1e-05
394867,1,1e-05
220905,1,1e-05
603679,1,1e-05
310803,1,1e-05
632148,1,1e-05
170544,1,1e-05
51269,1,1e-05
545710,1,1e-05
241665,1,1e-05
570732,1,1e-05
388753,1,1e-05
64271,1,1e-05
779695,1,1e-05
689178,1,1e-05
120476,1,1e-05
167261,1,1e-05
110288,1,1e-05
527560,1,1e-05
889267,1,1e-05
806237,1,1e-05
946302,1,1e-05
60931,1,1e-05
313229,1,1e-05
690640,1,1e-05
573444,1,1e-05
150761,1,1e-05
735687,1,1e-05
33007,1,1e-05
498653,1,1e-05
220286,1,1e-05
741430,1,1e-05
441308,1,1e-05
11255,1,1e-05
443414,1,1e-05
443268,1,1e-05
30820,1,1e-05
955269,1,1e-05
935434,1,1e-05
244173,1,1e-05
451392,1,1e-05
130705,1,1e-05
32139,1,1e-05
88138,1,1e-05
115941,1,1e-05
605485,1,1e-05
758786,1,1e-05
280409,1,1e-05
382522,1,1e-05
296404,1,1e-05
604825,1,1e-05
765939,1,1e-05
10529,1,1e-05
686386,1,1e-05
626854,1,1e-05
201176,1,1e-05
210878,1,1e-05
213422,1,1e-05
120187,1,1e-05
173880,1,1e-05
120756,1,1e-05
362202,1,1e-05
263770,1,1e-05
364631,1,1e-05
271108,1,1e-05
725031,1,1e-05
119962,1,1e-05
724796,1,1e-05
498709,1,1e-05
680915,1,1e-05
677781,1,1e-05
311379,1,1e-05
140124,1,1e-05
180144,1,1e-05
759209,1,1e-05
90562,1,1e-05
260209,1,1e-05
740419,1,1e-05
268618,1,1e-05
290322,1,1e-05
632132,1,1e-05
483078,1,1e-05
869433,1,1e-05
150733,1,1e-05
20836,1,1e-05
351694,1,1e-05
211791,1,1e-05
459696,1,1e-05
310660,1,1e-05
415255,1,1e-05
251124,1,1e-05
280867,1,1e-05
310319,1,1e-05
720793,1,1e-05
315128,1,1e-05
250670,1,1e-05
120907,1,1e-05
383320,1,1e-05
171275,1,1e-05
310846,1,1e-05
406594,1,1e-05
800374,1,1e-05
110311,1,1e-05
174398,1,1e-05
785824,1,1e-05
335377,1,1e-05
838253,1,1e-05
270836,1,1e-05
30702,1,1e-05
110723,1,1e-05
229120,1,1e-05
840592,1,1e-05
823048,1,1e-05
955134,1,1e-05
512099,1,1e-05
396341,1,1e-05
40912,1,1e-05
719740,1,1e-05
314935,1,1e-05
736242,1,1e-05
200573,1,1e-05
458578,1,1e-05
373628,1,1e-05
179787,1,1e-05
96666,1,1e-05
580603,1,1e-05
130094,1,1e-05
55968,1,1e-05
305392,1,1e-05
30213,1,1e-05
250971,1,1e-05
266110,1,1e-05
240700,1,1e-05
135953,1,1e-05
672676,1,1e-05
939856,1,1e-05
158399,1,1e-05
710347,1,1e-05
647009,1,1e-05
34859,1,1e-05
982965,1,1e-05
617971,1,1e-05
34647,1,1e-05
403787,1,1e-05
260491,1,1e-05
467798,1,1e-05
197804,1,1e-05
51946,1,1e-05
716427,1,1e-05
991097,1,1e-05
22677,1,1e-05
993474,1,1e-05
754425,1,1e-05
407140,1,1e-05
281091,1,1e-05
250276,1,1e-05
282106,1,1e-05
260230,1,1e-05
220682,1,1e-05
160594,1,1e-05
40362,1,1e-05
684797,1,1e-05
103503,1,1e-05
603397,1,1e-05
161640,1,1e-05
10587,1,1e-05
389373,1,1e-05
736640,1,1e-05
78627,1,1e-05
900393,1,1e-05
146771,1,1e-05
144371,1,1e-05
814642,1,1e-05
230408,1,1e-05
522471,1,1e-05
589919,1,1e-05
779675,1,1e-05
140420,1,1e-05
10357,1,1e-05
100123,1,1e-05
268469,1,1e-05
190786,1,1e-05
291747,1,1e-05
300274,1,1e-05
414139,1,1e-05
86834,1,1e-05
87504,1,1e-05
146287,1,1e-05
962985,1,1e-05
110453,1,1e-05
395263,1,1e-05
385793,1,1e-05
316723,1,1e-05
161108,1,1e-05
200342,1,1e-05
271105,1,1e-05
380921,1,1e-05
102177,1,1e-05
917518,1,1e-05
19413,1,1e-05
310840,1,1e-05
575642,1,1e-05
684470,1,1e-05
653449,1,1e-05
220109,1,1e-05
170345,1,1e-05
60345,1,1e-05
558401,1,1e-05
810811,1,1e-05
706841,1,1e-05
110779,1,1e-05
785771,1,1e-05
263932,1,1e-05
966707,1,1e-05
722541,1,1e-05
268865,1,1e-05
635739,1,1e-05
825451,1,1e-05
696099,1,1e-05
933627,1,1e-05
721094,1,1e-05
982099,1,1e-05
57577,1,1e-05
483833,1,1e-05
21469,1,1e-05
334583,1,1e-05
622128,1,1e-05
150628,1,1e-05
782512,1,1e-05
802865,1,1e-05
554563,1,1e-05
440432,1,1e-05
989636,1,1e-05
504547,1,1e-05
681342,1,1e-05
902207,1,1e-05
64688,1,1e-05
801394,1,1e-05
231141,1,1e-05
663374,1,1e-05
260603,1,1e-05
279170,1,1e-05
299081,1,1e-05
66268,1,1e-05
227579,1,1e-05
170102,1,1e-05
728820,1,1e-05
983200,1,1e-05
301092,1,1e-05
200289,1,1e-05
970159,1,1e-05
805980,1,1e-05
160821,1,1e-05
100752,1,1e-05
120271,1,1e-05
300600,1,1e-05
809440,1,1e-05
310206,1,1e-05
620782,1,1e-05
409872,1,1e-05
362828,1,1e-05
420673,1,1e-05
811094,1,1e-05
150914,1,1e-05
479058,1,1e-05
61036,1,1e-05
675512,1,1e-05
248706,1,1e-05
324640,1,1e-05
419736,1,1e-05
50722,1,1e-05
746877,1,1e-05
300569,1,1e-05
582621,1,1e-05
540120,1,1e-05
418702,1,1e-05
878739,1,1e-05
474510,1,1e-05
300671,1,1e-05
71158,1,1e-05
348379,1,1e-05
70545,1,1e-05
328611,1,1e-05
677097,1,1e-05
559630,1,1e-05
816468,1,1e-05
220641,1,1e-05
280477,1,1e-05
260969,1,1e-05
140221,1,1e-05
11148,1,1e-05
417356,1,1e-05
233486,1,1e-05
203411,1,1e-05
290614,1,1e-05
801901,1,1e-05
728716,1,1e-05
121110,1,1e-05
165267,1,1e-05
281609,1,1e-05
250601,1,1e-05
274987,1,1e-05
311255,1,1e-05
130177,1,1e-05
120912,1,1e-05
615631,1,1e-05
555596,1,1e-05
111084,1,1e-05
893586,1,1e-05
564361,1,1e-05
260679,1,1e-05
431057,1,1e-05
230754,1,1e-05
51271,1,1e-05
310169,1,1e-05
100363,1,1e-05
30260,1,1e-05
561312,1,1e-05
422662,1,1e-05
142247,1,1e-05
768687,1,1e-05
120806,1,1e-05
260407,1,1e-05
40740,1,1e-05
18187,1,1e-05
220459,1,1e-05
634550,1,1e-05
250373,1,1e-05
856762,1,1e-05
71017,1,1e-05
286134,1,1e-05
250353,1,1e-05
948080,1,1e-05
674384,1,1e-05
187216,1,1e-05
490320,1,1e-05
583114,1,1e-05
150800,1,1e-05
227387,1,1e-05
852839,1,1e-05
723985,1,1e-05
780998,1,1e-05
300498,1,1e-05
64611,1,1e-05
300651,1,1e-05
60224,1,1e-05
240168,1,1e-05
280703,1,1e-05
133634,1,1e-05
60262,1,1e-05
271017,1,1e-05
50394,1,1e-05
81087,1,1e-05
260798,1,1e-05
355498,1,1e-05
70643,1,1e-05
181190,1,1e-05
248695,1,1e-05
396079,1,1e-05
909410,1,1e-05
460611,1,1e-05
485159,1,1e-05
115066,1,1e-05
782448,1,1e-05
895559,1,1e-05
80188,1,1e-05
140388,1,1e-05
22957,1,1e-05
458962,1,1e-05
310468,1,1e-05
618053,1,1e-05
972719,1,1e-05
38717,1,1e-05
928245,1,1e-05
687039,1,1e-05
426436,1,1e-05
50509,1,1e-05
166525,1,1e-05
790845,1,1e-05
736584,1,1e-05
160178,1,1e-05
130304,1,1e-05
80915,1,1e-05
41245,1,1e-05
143281,1,1e-05
190640,1,1e-05
351328,1,1e-05
783418,1,1e-05
333343,1,1e-05
40639,1,1e-05
278025,1,1e-05
16449,1,1e-05
240140,1,1e-05
921702,1,1e-05
755520,1,1e-05
150501,1,1e-05
190556,1,1e-05
422641,1,1e-05
254830,1,1e-05
213173,1,1e-05
544632,1,1e-05
260226,1,1e-05
80177,1,1e-05
56422,1,1e-05
889159,1,1e-05
744917,1,1e-05
599060,1,1e-05
788373,1,1e-05
751953,1,1e-05
177730,1,1e-05
537479,1,1e-05
5480,1,1e-05
170613,1,1e-05
260188,1,1e-05
899876,1,1e-05
311217,1,1e-05
70239,1,1e-05
310632,1,1e-05
595821,1,1e-05
441207,1,1e-05
539708,1,1e-05
487298,1,1e-05
444527,1,1e-05
110890,1,1e-05
565891,1,1e-05
74160,1,1e-05
181912,1,1e-05
200147,1,1e-05
241061,1,1e-05
170398,1,1e-05
280411,1,1e-05
267972,1,1e-05
889975,1,1e-05
90403,1,1e-05
688877,1,1e-05
71049,1,1e-05
482936,1,1e-05
91081,1,1e-05
202116,1,1e-05
610961,1,1e-05
31023,1,1e-05
392694,1,1e-05
502340,1,1e-05
575099,1,1e-05
20408,1,1e-05
893380,1,1e-05
947927,1,1e-05
295282,1,1e-05
794629,1,1e-05
310195,1,1e-05
290231,1,1e-05
934358,1,1e-05
240779,1,1e-05
885003,1,1e-05
120486,1,1e-05
80300,1,1e-05
151156,1,1e-05
111091,1,1e-05
290342,1,1e-05
250754,1,1e-05
294050,1,1e-05
883894,1,1e-05
144181,1,1e-05
892512,1,1e-05
261601,1,1e-05
971535,1,1e-05
847395,1,1e-05
140195,1,1e-05
240750,1,1e-05
319600,1,1e-05
79218,1,1e-05
914170,1,1e-05
506882,1,1e-05
683753,1,1e-05
591884,1,1e-05
310454,1,1e-05
140286,1,1e-05
230421,1,1e-05
438648,1,1e-05
180508,1,1e-05
458336,1,1e-05
110346,1,1e-05
353635,1,1e-05
120220,1,1e-05
70296,1,1e-05
872263,1,1e-05
469935,1,1e-05
743167,1,1e-05
210414,1,1e-05
328744,1,1e-05
676474,1,1e-05
159473,1,1e-05
652003,1,1e-05
262138,1,1e-05
993161,1,1e-05
310710,1,1e-05
376327,1,1e-05
148229,1,1e-05
280154,1,1e-05
958686,1,1e-05
250343,1,1e-05
230949,1,1e-05
383339,1,1e-05
375068,1,1e-05
952542,1,1e-05
457658,1,1e-05
270822,1,1e-05
467153,1,1e-05
783942,1,1e-05
623064,1,1e-05
20676,1,1e-05
171286,1,1e-05
130881,1,1e-05
421464,1,1e-05
381275,1,1e-05
822874,1,1e-05
221030,1,1e-05
300863,1,1e-05
220765,1,1e-05
920931,1,1e-05
1766,1,1e-05
609310,1,1e-05
190951,1,1e-05
146237,1,1e-05
170050,1,1e-05
200495,1,1e-05
603256,1,1e-05
291060,1,1e-05
474652,1,1e-05
807851,1,1e-05
746406,1,1e-05
373744,1,1e-05
21261,1,1e-05
265415,1,1e-05
220695,1,1e-05
561594,1,1e-05
352536,1,1e-05
162191,1,1e-05
50716,1,1e-05
230453,1,1e-05
111289,1,1e-05
160190,1,1e-05
411500,1,1e-05
85533,1,1e-05
180490,1,1e-05
40911,1,1e-05
190405,1,1e-05
220984,1,1e-05
363653,1,1e-05
538783,1,1e-05
450031,1,1e-05
488406,1,1e-05
509913,1,1e-05
130118,1,1e-05
814853,1,1e-05
13875,1,1e-05
190234,1,1e-05
94555,1,1e-05
220150,1,1e-05
382923,1,1e-05
118041,1,1e-05
164187,1,1e-05
248639,1,1e-05
925128,1,1e-05
180423,1,1e-05
170376,1,1e-05
89150,1,1e-05
133798,1,1e-05
347550,1,1e-05
922615,1,1e-05
926160,1,1e-05
751535,1,1e-05
254568,1,1e-05
200917,1,1e-05
140545,1,1e-05
310771,1,1e-05
514039,1,1e-05
996179,1,1e-05
311264,1,1e-05
920268,1,1e-05
516680,1,1e-05
487208,1,1e-05
210850,1,1e-05
405981,1,1e-05
836340,1,1e-05
723654,1,1e-05
300982,1,1e-05
291217,1,1e-05
655704,1,1e-05
653444,1,1e-05
90844,1,1e-05
503811,1,1e-05
21938,1,1e-05
940732,1,1e-05
270854,1,1e-05
318830,1,1e-05
451483,1,1e-05
593402,1,1e-05
21084,1,1e-05
398591,1,1e-05
861210,1,1e-05
260475,1,1e-05
101182,1,1e-05
595718,1,1e-05
260267,1,1e-05
51263,1,1e-05
273844,1,1e-05
210822,1,1e-05
946732,1,1e-05
20790,1,1e-05
230196,1,1e-05
919523,1,1e-05
270415,1,1e-05
506124,1,1e-05
366315,1,1e-05
281126,1,1e-05
608110,1,1e-05
51084,1,1e-05
206558,1,1e-05
556002,1,1e-05
85618,1,1e-05
200629,1,1e-05
773618,1,1e-05
31275,1,1e-05
233415,1,1e-05
728561,1,1e-05
180211,1,1e-05
894427,1,1e-05
931018,1,1e-05
916108,1,1e-05
160502,1,1e-05
291159,1,1e-05
50146,1,1e-05
20607,1,1e-05
170311,1,1e-05
210485,1,1e-05
190791,1,1e-05
589655,1,1e-05
545706,1,1e-05
385186,1,1e-05
349862,1,1e-05
270731,1,1e-05
20966,1,1e-05
902454,1,1e-05
419149,1,1e-05
392649,1,1e-05
444949,1,1e-05
220998,1,1e-05
190973,1,1e-05
453444,1,1e-05
281214,1,1e-05
207281,1,1e-05
612453,1,1e-05
228599,1,1e-05
172533,1,1e-05
473704,1,1e-05
290996,1,1e-05
576178,1,1e-05
311130,1,1e-05
121174,1,1e-05
310023,1,1e-05
10348,1,1e-05
706102,1,1e-05
804351,1,1e-05
934410,1,1e-05
80317,1,1e-05
715016,1,1e-05
405821,1,1e-05
551425,1,1e-05
693737,1,1e-05
300634,1,1e-05
452826,1,1e-05
433225,1,1e-05
842976,1,1e-05
81066,1,1e-05
596122,1,1e-05
692688,1,1e-05
444008,1,1e-05
741312,1,1e-05
30148,1,1e-05
181287,1,1e-05
513812,1,1e-05
170786,1,1e-05
90830,1,1e-05
140469,1,1e-05
671415,1,1e-05
722836,1,1e-05
33925,1,1e-05
10817,1,1e-05
10347,1,1e-05
201240,1,1e-05
165810,1,1e-05
220827,1,1e-05
915608,1,1e-05
758718,1,1e-05
707925,1,1e-05
686735,1,1e-05
261292,1,1e-05
263512,1,1e-05
655954,1,1e-05
40807,1,1e-05
40162,1,1e-05
929381,1,1e-05
17839,1,1e-05
110679,1,1e-05
634180,1,1e-05
60489,1,1e-05
250324,1,1e-05
514873,1,1e-05
828883,1,1e-05
21257,1,1e-05
150921,1,1e-05
300493,1,1e-05
310930,1,1e-05
566359,1,1e-05
180994,1,1e-05
423215,1,1e-05
55103,1,1e-05
727409,1,1e-05
50778,1,1e-05
190542,1,1e-05
146272,1,1e-05
108420,1,1e-05
250209,1,1e-05
676521,1,1e-05
161139,1,1e-05
161104,1,1e-05
210390,1,1e-05
30126,1,1e-05
891757,1,1e-05
250489,1,1e-05
291228,1,1e-05
809363,1,1e-05
615721,1,1e-05
510090,1,1e-05
31209,1,1e-05
456825,1,1e-05
230909,1,1e-05
271215,1,1e-05
260793,1,1e-05
831249,1,1e-05
584852,1,1e-05
80184,1,1e-05
90926,1,1e-05
652252,1,1e-05
813455,1,1e-05
89656,1,1e-05
279040,1,1e-05
2795,1,1e-05
907100,1,1e-05
41004,1,1e-05
468623,1,1e-05
230209,1,1e-05
797203,1,1e-05
810814,1,1e-05
310164,1,1e-05
563550,1,1e-05
181290,1,1e-05
10370,1,1e-05
201222,1,1e-05
189443,1,1e-05
835151,1,1e-05
121283,1,1e-05
121000,1,1e-05
796979,1,1e-05
734759,1,1e-05
840293,1,1e-05
88092,1,1e-05
240864,1,1e-05
504474,1,1e-05
607458,1,1e-05
220450,1,1e-05
452917,1,1e-05
270414,1,1e-05
40717,1,1e-05
82589,1,1e-05
220716,1,1e-05
101287,1,1e-05
801671,1,1e-05
71283,1,1e-05
199763,1,1e-05
60652,1,1e-05
113574,1,1e-05
170706,1,1e-05
111220,1,1e-05
170292,1,1e-05
140116,1,1e-05
120122,1,1e-05
665448,1,1e-05
40730,1,1e-05
140997,1,1e-05
292616,1,1e-05
627690,1,1e-05
250126,1,1e-05
30439,1,1e-05
181132,1,1e-05
71079,1,1e-05
310405,1,1e-05
641358,1,1e-05
971479,1,1e-05
961372,1,1e-05
871853,1,1e-05
233275,1,1e-05
734737,1,1e-05
215943,1,1e-05
459205,1,1e-05
432279,1,1e-05
240581,1,1e-05
40873,1,1e-05
628041,1,1e-05
482444,1,1e-05
640878,1,1e-05
634181,1,1e-05
368542,1,1e-05
890559,1,1e-05
190735,1,1e-05
291014,1,1e-05
11243,1,1e-05
151135,1,1e-05
150473,1,1e-05
788537,1,1e-05
626750,1,1e-05
409184,1,1e-05
480711,1,1e-05
493323,1,1e-05
738521,1,1e-05
486463,1,1e-05
140340,1,1e-05
105690,1,1e-05
279303,1,1e-05
364139,1,1e-05
150243,1,1e-05
586380,1,1e-05
130749,1,1e-05
232505,1,1e-05
843136,1,1e-05
130343,1,1e-05
357660,1,1e-05
150319,1,1e-05
769700,1,1e-05
673118,1,1e-05
109042,1,1e-05
111303,1,1e-05
497106,1,1e-05
280559,1,1e-05
281460,1,1e-05
957053,1,1e-05
200284,1,1e-05
875293,1,1e-05
170876,1,1e-05
121573,1,1e-05
517414,1,1e-05
591391,1,1e-05
17407,1,1e-05
212328,1,1e-05
191999,1,1e-05
620252,1,1e-05
179831,1,1e-05
529768,1,1e-05
406673,1,1e-05
452114,1,1e-05
170811,1,1e-05
703609,1,1e-05
44397,1,1e-05
311036,1,1e-05
274311,1,1e-05
255401,1,1e-05
751446,1,1e-05
10611,1,1e-05
252216,1,1e-05
191002,1,1e-05
287872,1,1e-05
833333,1,1e-05
986663,1,1e-05
130816,1,1e-05
889228,1,1e-05
184525,1,1e-05
125312,1,1e-05
611973,1,1e-05
135918,1,1e-05
170903,1,1e-05
874304,1,1e-05
960331,1,1e-05
517494,1,1e-05
275103,1,1e-05
318654,1,1e-05
150257,1,1e-05
355417,1,1e-05
80866,1,1e-05
92281,1,1e-05
310872,1,1e-05
965271,1,1e-05
294490,1,1e-05
10219,1,1e-05
238507,1,1e-05
78311,1,1e-05
201230,1,1e-05
582476,1,1e-05
385378,1,1e-05
210416,1,1e-05
70699,1,1e-05
280446,1,1e-05
687453,1,1e-05
487308,1,1e-05
536628,1,1e-05
281233,1,1e-05
155717,1,1e-05
131237,1,1e-05
200235,1,1e-05
775685,1,1e-05
190255,1,1e-05
662781,1,1e-05
325632,1,1e-05
816928,1,1e-05
140309,1,1e-05
837741,1,1e-05
540717,1,1e-05
40803,1,1e-05
280307,1,1e-05
40322,1,1e-05
637198,1,1e-05
429774,1,1e-05
834920,1,1e-05
100744,1,1e-05
365054,1,1e-05
793252,1,1e-05
212533,1,1e-05
994012,1,1e-05
224886,1,1e-05
394286,1,1e-05
290959,1,1e-05
140162,1,1e-05
863626,1,1e-05
945175,1,1e-05
84662,1,1e-05
270636,1,1e-05
80271,1,1e-05
782134,1,1e-05
547851,1,1e-05
821194,1,1e-05
190795,1,1e-05
546765,1,1e-05
200265,1,1e-05
41810,1,1e-05
253402,1,1e-05
346670,1,1e-05
60076,1,1e-05
350841,1,1e-05
694814,1,1e-05
726453,1,1e-05
151008,1,1e-05
170462,1,1e-05
691029,1,1e-05
804771,1,1e-05
879561,1,1e-05
947251,1,1e-05
240711,1,1e-05
140883,1,1e-05
30049,1,1e-05
421437,1,1e-05
566865,1,1e-05
230278,1,1e-05
83376,1,1e-05
799026,1,1e-05
160327,1,1e-05
677239,1,1e-05
100427,1,1e-05
220298,1,1e-05
861555,1,1e-05
174467,1,1e-05
454864,1,1e-05
144150,1,1e-05
310563,1,1e-05
941125,1,1e-05
98418,1,1e-05
161157,1,1e-05
535421,1,1e-05
653285,1,1e-05
858675,1,1e-05
192502,1,1e-05
532932,1,1e-05
494654,1,1e-05
80716,1,1e-05
120724,1,1e-05
835313,1,1e-05
106423,1,1e-05
290192,1,1e-05
827116,1,1e-05
161503,1,1e-05
533278,1,1e-05
609375,1,1e-05
686499,1,1e-05
392750,1,1e-05
913137,1,1e-05
50358,1,1e-05
150540,1,1e-05
289433,1,1e-05
347120,1,1e-05
394940,1,1e-05
878362,1,1e-05
170517,1,1e-05
221179,1,1e-05
40778,1,1e-05
220244,1,1e-05
110365,1,1e-05
612685,1,1e-05
165127,1,1e-05
10948,1,1e-05
110590,1,1e-05
914212,1,1e-05
193280,1,1e-05
429908,1,1e-05
14262,1,1e-05
40372,1,1e-05
767239,1,1e-05
451349,1,1e-05
770196,1,1e-05
160312,1,1e-05
121179,1,1e-05
310252,1,1e-05
808972,1,1e-05
621808,1,1e-05
213419,1,1e-05
230378,1,1e-05
520110,1,1e-05
181235,1,1e-05
652063,1,1e-05
712228,1,1e-05
300370,1,1e-05
182974,1,1e-05
32324,1,1e-05
641334,1,1e-05
161222,1,1e-05
541918,1,1e-05
556285,1,1e-05
808094,1,1e-05
69212,1,1e-05
323285,1,1e-05
77729,1,1e-05
588019,1,1e-05
201101,1,1e-05
858066,1,1e-05
131194,1,1e-05
140958,1,1e-05
181062,1,1e-05
444789,1,1e-05
500724,1,1e-05
98196,1,1e-05
794637,1,1e-05
154906,1,1e-05
962490,1,1e-05
613592,1,1e-05
290300,1,1e-05
536492,1,1e-05
100821,1,1e-05
120950,1,1e-05
301109,1,1e-05
60867,1,1e-05
20741,1,1e-05
100383,1,1e-05
81098,1,1e-05
250103,1,1e-05
412331,1,1e-05
85425,1,1e-05
419905,1,1e-05
985186,1,1e-05
71039,1,1e-05
627762,1,1e-05
720068,1,1e-05
280184,1,1e-05
141153,1,1e-05
261154,1,1e-05
317180,1,1e-05
477834,1,1e-05
139793,1,1e-05
144716,1,1e-05
930555,1,1e-05
70948,1,1e-05
838256,1,1e-05
210187,1,1e-05
150792,1,1e-05
70410,1,1e-05
737155,1,1e-05
930367,1,1e-05
101262,1,1e-05
200530,1,1e-05
217705,1,1e-05
394575,1,1e-05
828722,1,1e-05
300970,1,1e-05
100625,1,1e-05
55705,1,1e-05
110113,1,1e-05
151081,1,1e-05
153379,1,1e-05
240371,1,1e-05
141259,1,1e-05
271480,1,1e-05
10835,1,1e-05
970544,1,1e-05
170411,1,1e-05
45602,1,1e-05
27677,1,1e-05
270587,1,1e-05
618115,1,1e-05
979681,1,1e-05
636750,1,1e-05
417222,1,1e-05
676200,1,1e-05
175067,1,1e-05
81197,1,1e-05
290569,1,1e-05
855571,1,1e-05
881361,1,1e-05
280121,1,1e-05
201226,1,1e-05
990095,1,1e-05
658705,1,1e-05
23436,1,1e-05
635874,1,1e-05
133278,1,1e-05
70197,1,1e-05
302588,1,1e-05
310912,1,1e-05
230340,1,1e-05
817778,1,1e-05
110831,1,1e-05
169527,1,1e-05
602363,1,1e-05
310481,1,1e-05
747918,1,1e-05
71286,1,1e-05
688891,1,1e-05
240136,1,1e-05
80132,1,1e-05
939947,1,1e-05
973245,1,1e-05
771064,1,1e-05
553768,1,1e-05
123445,1,1e-05
200739,1,1e-05
242770,1,1e-05
280422,1,1e-05
865158,1,1e-05
171108,1,1e-05
298964,1,1e-05
812004,1,1e-05
810325,1,1e-05
80416,1,1e-05
260481,1,1e-05
180736,1,1e-05
550404,1,1e-05
940621,1,1e-05
500612,1,1e-05
772629,1,1e-05
80307,1,1e-05
954100,1,1e-05
565158,1,1e-05
180316,1,1e-05
930311,1,1e-05
80407,1,1e-05
50303,1,1e-05
404054,1,1e-05
770526,1,1e-05
257894,1,1e-05
902438,1,1e-05
353030,1,1e-05
268340,1,1e-05
80597,1,1e-05
553970,1,1e-05
391380,1,1e-05
26873,1,1e-05
425617,1,1e-05
150116,1,1e-05
922467,1,1e-05
867679,1,1e-05
944459,1,1e-05
435507,1,1e-05
200498,1,1e-05
251035,1,1e-05
816441,1,1e-05
80298,1,1e-05
877555,1,1e-05
10848,1,1e-05
210606,1,1e-05
117923,1,1e-05
513989,1,1e-05
170284,1,1e-05
190375,1,1e-05
80172,1,1e-05
200516,1,1e-05
802434,1,1e-05
90380,1,1e-05
559909,1,1e-05
814331,1,1e-05
571909,1,1e-05
454609,1,1e-05
259707,1,1e-05
697507,1,1e-05
74623,1,1e-05
394965,1,1e-05
290709,1,1e-05
66828,1,1e-05
870297,1,1e-05
447610,1,1e-05
100345,1,1e-05
310684,1,1e-05
233887,1,1e-05
109268,1,1e-05
84897,1,1e-05
170516,1,1e-05
188507,1,1e-05
170431,1,1e-05
846360,1,1e-05
405004,1,1e-05
492694,1,1e-05
662912,1,1e-05
565577,1,1e-05
536459,1,1e-05
199472,1,1e-05
705789,1,1e-05
690650,1,1e-05
131293,1,1e-05
852567,1,1e-05
845260,1,1e-05
60499,1,1e-05
111267,1,1e-05
80329,1,1e-05
478375,1,1e-05
101113,1,1e-05
22861,1,1e-05
698493,1,1e-05
110733,1,1e-05
221246,1,1e-05
580510,1,1e-05
261109,1,1e-05
201529,1,1e-05
268315,1,1e-05
661062,1,1e-05
100495,1,1e-05
593992,1,1e-05
881086,1,1e-05
906362,1,1e-05
510758,1,1e-05
463382,1,1e-05
756163,1,1e-05
613814,1,1e-05
973935,1,1e-05
940560,1,1e-05
635938,1,1e-05
247884,1,1e-05
315542,1,1e-05
80862,1,1e-05
81248,1,1e-05
603420,1,1e-05
957006,1,1e-05
15645,1,1e-05
180466,1,1e-05
50825,1,1e-05
799485,1,1e-05
221218,1,1e-05
768392,1,1e-05
478019,1,1e-05
134269,1,1e-05
346458,1,1e-05
117736,1,1e-05
523522,1,1e-05
415114,1,1e-05
124267,1,1e-05
456847,1,1e-05
100820,1,1e-05
628850,1,1e-05
324571,1,1e-05
220535,1,1e-05
300581,1,1e-05
671673,1,1e-05
668778,1,1e-05
936731,1,1e-05
111122,1,1e-05
240501,1,1e-05
946867,1,1e-05
200761,1,1e-05
241291,1,1e-05
171047,1,1e-05
170538,1,1e-05
140688,1,1e-05
268582,1,1e-05
100488,1,1e-05
50921,1,1e-05
281368,1,1e-05
398926,1,1e-05
40399,1,1e-05
60135,1,1e-05
523651,1,1e-05
57932,1,1e-05
123688,1,1e-05
240402,1,1e-05
100448,1,1e-05
977582,1,1e-05
843428,1,1e-05
963366,1,1e-05
508289,1,1e-05
41182,1,1e-05
553950,1,1e-05
160256,1,1e-05
70972,1,1e-05
412414,1,1e-05
469649,1,1e-05
668068,1,1e-05
972088,1,1e-05
792197,1,1e-05
271026,1,1e-05
120392,1,1e-05
10710,1,1e-05
340610,1,1e-05
67776,1,1e-05
111221,1,1e-05
82866,1,1e-05
333694,1,1e-05
241264,1,1e-05
470376,1,1e-05
151231,1,1e-05
230527,1,1e-05
270225,1,1e-05
113705,1,1e-05
301172,1,1e-05
456605,1,1e-05
250634,1,1e-05
762842,1,1e-05
180953,1,1e-05
681616,1,1e-05
50355,1,1e-05
296042,1,1e-05
521998,1,1e-05
290699,1,1e-05
31204,1,1e-05
443725,1,1e-05
688461,1,1e-05
914365,1,1e-05
271279,1,1e-05
849112,1,1e-05
10959,1,1e-05
300129,1,1e-05
239836,1,1e-05
602311,1,1e-05
290522,1,1e-05
690428,1,1e-05
564913,1,1e-05
808473,1,1e-05
543749,1,1e-05
231298,1,1e-05
212692,1,1e-05
943876,1,1e-05
276159,1,1e-05
409096,1,1e-05
601702,1,1e-05
108972,1,1e-05
280458,1,1e-05
425012,1,1e-05
133166,1,1e-05
974839,1,1e-05
727595,1,1e-05
993925,1,1e-05
45092,1,1e-05
945510,1,1e-05
477918,1,1e-05
836432,1,1e-05
910593,1,1e-05
716489,1,1e-05
271262,1,1e-05
982692,1,1e-05
923658,1,1e-05
573479,1,1e-05
260926,1,1e-05
147615,1,1e-05
795013,1,1e-05
131183,1,1e-05
624746,1,1e-05
331647,1,1e-05
70528,1,1e-05
261166,1,1e-05
152115,1,1e-05
355125,1,1e-05
838400,1,1e-05
906403,1,1e-05
83730,1,1e-05
40944,1,1e-05
100563,1,1e-05
673899,1,1e-05
776379,1,1e-05
538457,1,1e-05
73485,1,1e-05
436465,1,1e-05
40868,1,1e-05
573351,1,1e-05
141014,1,1e-05
250886,1,1e-05
542758,1,1e-05
71059,1,1e-05
81187,1,1e-05
70648,1,1e-05
978880,1,1e-05
91114,1,1e-05
349892,1,1e-05
846656,1,1e-05
258149,1,1e-05
978226,1,1e-05
191051,1,1e-05
140373,1,1e-05
147545,1,1e-05
32858,1,1e-05
20295,1,1e-05
272922,1,1e-05
487781,1,1e-05
51284,1,1e-05
103916,1,1e-05
857792,1,1e-05
260708,1,1e-05
302473,1,1e-05
127063,1,1e-05
81206,1,1e-05
307201,1,1e-05
899913,1,1e-05
50334,1,1e-05
160194,1,1e-05
10882,1,1e-05
223085,1,1e-05
270522,1,1e-05
856007,1,1e-05
790777,1,1e-05
616271,1,1e-05
646068,1,1e-05
80813,1,1e-05
130483,1,1e-05
275307,1,1e-05
20992,1,1e-05
250954,1,1e-05
201127,1,1e-05
372847,1,1e-05
826468,1,1e-05
767441,1,1e-05
732457,1,1e-05
764132,1,1e-05
657376,1,1e-05
587768,1,1e-05
157040,1,1e-05
343675,1,1e-05
589489,1,1e-05
860280,1,1e-05
12925,1,1e-05
10941,1,1e-05
210656,1,1e-05
793490,1,1e-05
527620,1,1e-05
344021,1,1e-05
348043,1,1e-05
581458,1,1e-05
664401,1,1e-05
40906,1,1e-05
127084,1,1e-05
330592,1,1e-05
330760,1,1e-05
160417,1,1e-05
505067,1,1e-05
821402,1,1e-05
666812,1,1e-05
827944,1,1e-05
500126,1,1e-05
140521,1,1e-05
80255,1,1e-05
521555,1,1e-05
54931,1,1e-05
190692,1,1e-05
761701,1,1e-05
331379,1,1e-05
31271,1,1e-05
997290,1,1e-05
557216,1,1e-05
942847,1,1e-05
210109,1,1e-05
478403,1,1e-05
207844,1,1e-05
300918,1,1e-05
468070,1,1e-05
651116,1,1e-05
40618,1,1e-05
30963,1,1e-05
21278,1,1e-05
312714,1,1e-05
50943,1,1e-05
137270,1,1e-05
4492,1,1e-05
250257,1,1e-05
817861,1,1e-05
1156,1,1e-05
62036,1,1e-05
875956,1,1e-05
693417,1,1e-05
434386,1,1e-05
594416,1,1e-05
595609,1,1e-05
595834,1,1e-05
20401,1,1e-05
481134,1,1e-05
203645,1,1e-05
229422,1,1e-05
121102,1,1e-05
422672,1,1e-05
260346,1,1e-05
232800,1,1e-05
145444,1,1e-05
899615,1,1e-05
641061,1,1e-05
281060,1,1e-05
114409,1,1e-05
65956,1,1e-05
981968,1,1e-05
553922,1,1e-05
150557,1,1e-05
564309,1,1e-05
161304,1,1e-05
231295,1,1e-05
90414,1,1e-05
170981,1,1e-05
210584,1,1e-05
907639,1,1e-05
614827,1,1e-05
210948,1,1e-05
165386,1,1e-05
451643,1,1e-05
365555,1,1e-05
387317,1,1e-05
49851,1,1e-05
130608,1,1e-05
11224,1,1e-05
290210,1,1e-05
181879,1,1e-05
186793,1,1e-05
486796,1,1e-05
406569,1,1e-05
586347,1,1e-05
474774,1,1e-05
10191,1,1e-05
420380,1,1e-05
48747,1,1e-05
112693,1,1e-05
90709,1,1e-05
40259,1,1e-05
927027,1,1e-05
270423,1,1e-05
122884,1,1e-05
300652,1,1e-05
344973,1,1e-05
969391,1,1e-05
301196,1,1e-05
97347,1,1e-05
20358,1,1e-05
801119,1,1e-05
338690,1,1e-05
170234,1,1e-05
324042,1,1e-05
545511,1,1e-05
492632,1,1e-05
855246,1,1e-05
50875,1,1e-05
520703,1,1e-05
270486,1,1e-05
692351,1,1e-05
17731,1,1e-05
505158,1,1e-05
50709,1,1e-05
488572,1,1e-05
231147,1,1e-05
270218,1,1e-05
442664,1,1e-05
116911,1,1e-05
911633,1,1e-05
517287,1,1e-05
641390,1,1e-05
121275,1,1e-05
328136,1,1e-05
50214,1,1e-05
719148,1,1e-05
966754,1,1e-05
464199,1,1e-05
80219,1,1e-05
975726,1,1e-05
292426,1,1e-05
300811,1,1e-05
381589,1,1e-05
310554,1,1e-05
804976,1,1e-05
77194,1,1e-05
200858,1,1e-05
40134,1,1e-05
70544,1,1e-05
180628,1,1e-05
280448,1,1e-05
679681,1,1e-05
41505,1,1e-05
683143,1,1e-05
829035,1,1e-05
250235,1,1e-05
3385,1,1e-05
260964,1,1e-05
170907,1,1e-05
805432,1,1e-05
888894,1,1e-05
644519,1,1e-05
981764,1,1e-05
313322,1,1e-05
746823,1,1e-05
209455,1,1e-05
846584,1,1e-05
967524,1,1e-05
343822,1,1e-05
774805,1,1e-05
140943,1,1e-05
552847,1,1e-05
210214,1,1e-05
41213,1,1e-05
797557,1,1e-05
925928,1,1e-05
70589,1,1e-05
154634,1,1e-05
304647,1,1e-05
256001,1,1e-05
270886,1,1e-05
723595,1,1e-05
367476,1,1e-05
613240,1,1e-05
130858,1,1e-05
711730,1,1e-05
363246,1,1e-05
44569,1,1e-05
827916,1,1e-05
581775,1,1e-05
783993,1,1e-05
364310,1,1e-05
640895,1,1e-05
120929,1,1e-05
691519,1,1e-05
20246,1,1e-05
736546,1,1e-05
114028,1,1e-05
151161,1,1e-05
40694,1,1e-05
232792,1,1e-05
750536,1,1e-05
50836,1,1e-05
970574,1,1e-05
229568,1,1e-05
463339,1,1e-05
70907,1,1e-05
422499,1,1e-05
300852,1,1e-05
790718,1,1e-05
526388,1,1e-05
250987,1,1e-05
17945,1,1e-05
170991,1,1e-05
444000,1,1e-05
615441,1,1e-05
290369,1,1e-05
140143,1,1e-05
969612,1,1e-05
171716,1,1e-05
201187,1,1e-05
846100,1,1e-05
740418,1,1e-05
683932,1,1e-05
595378,1,1e-05
653062,1,1e-05
172582,1,1e-05
708776,1,1e-05
446088,1,1e-05
704256,1,1e-05
276282,1,1e-05
133447,1,1e-05
10858,1,1e-05
252265,1,1e-05
577282,1,1e-05
789997,1,1e-05
653257,1,1e-05
34864,1,1e-05
196124,1,1e-05
290178,1,1e-05
61748,1,1e-05
261132,1,1e-05
191209,1,1e-05
437676,1,1e-05
812801,1,1e-05
415792,1,1e-05
223330,1,1e-05
541165,1,1e-05
220688,1,1e-05
719842,1,1e-05
305045,1,1e-05
712200,1,1e-05
20620,1,1e-05
418245,1,1e-05
32840,1,1e-05
95778,1,1e-05
496877,1,1e-05
220951,1,1e-05
989215,1,1e-05
10634,1,1e-05
805736,1,1e-05
499008,1,1e-05
12771,1,1e-05
206795,1,1e-05
589874,1,1e-05
682003,1,1e-05
8044,1,1e-05
30347,1,1e-05
300747,1,1e-05
51113,1,1e-05
337532,1,1e-05
869980,1,1e-05
70268,1,1e-05
244458,1,1e-05
114871,1,1e-05
12374,1,1e-05
739552,1,1e-05
715771,1,1e-05
11125,1,1e-05
787023,1,1e-05
917208,1,1e-05
422100,1,1e-05
271273,1,1e-05
483052,1,1e-05
22646,1,1e-05
191769,1,1e-05
80782,1,1e-05
643557,1,1e-05
250256,1,1e-05
611314,1,1e-05
396356,1,1e-05
268751,1,1e-05
220466,1,1e-05
41189,1,1e-05
167129,1,1e-05
944212,1,1e-05
170316,1,1e-05
110967,1,1e-05
438623,1,1e-05
170687,1,1e-05
24828,1,1e-05
310868,1,1e-05
171242,1,1e-05
484248,1,1e-05
201108,1,1e-05
279438,1,1e-05
14026,1,1e-05
240169,1,1e-05
55561,1,1e-05
438334,1,1e-05
713967,1,1e-05
183801,1,1e-05
830102,1,1e-05
518030,1,1e-05
469856,1,1e-05
240948,1,1e-05
142935,1,1e-05
210511,1,1e-05
270417,1,1e-05
179784,1,1e-05
568532,1,1e-05
190182,1,1e-05
484827,1,1e-05
300392,1,1e-05
266816,1,1e-05
691270,1,1e-05
819533,1,1e-05
232029,1,1e-05
156535,1,1e-05
471209,1,1e-05
230643,1,1e-05
889696,1,1e-05
846748,1,1e-05
724987,1,1e-05
241135,1,1e-05
11234,1,1e-05
310885,1,1e-05
325458,1,1e-05
280858,1,1e-05
310410,1,1e-05
814068,1,1e-05
968040,1,1e-05
427761,1,1e-05
91,1,1e-05
323087,1,1e-05
172993,1,1e-05
346880,1,1e-05
261150,1,1e-05
890200,1,1e-05
462681,1,1e-05
281951,1,1e-05
304042,1,1e-05
587919,1,1e-05
110667,1,1e-05
50580,1,1e-05
270581,1,1e-05
332091,1,1e-05
851287,1,1e-05
549423,1,1e-05
966511,1,1e-05
375655,1,1e-05
724607,1,1e-05
319916,1,1e-05
21286,1,1e-05
71143,1,1e-05
96088,1,1e-05
587190,1,1e-05
102103,1,1e-05
598881,1,1e-05
260817,1,1e-05
903381,1,1e-05
531239,1,1e-05
120752,1,1e-05
150838,1,1e-05
170795,1,1e-05
236948,1,1e-05
41101,1,1e-05
695066,1,1e-05
9654,1,1e-05
28430,1,1e-05
190836,1,1e-05
180397,1,1e-05
190832,1,1e-05
361375,1,1e-05
829054,1,1e-05
246157,1,1e-05
90551,1,1e-05
927803,1,1e-05
889669,1,1e-05
342485,1,1e-05
846562,1,1e-05
458791,1,1e-05
80321,1,1e-05
60289,1,1e-05
170206,1,1e-05
51215,1,1e-05
311983,1,1e-05
790660,1,1e-05
978881,1,1e-05
182777,1,1e-05
410480,1,1e-05
438115,1,1e-05
252200,1,1e-05
842606,1,1e-05
161253,1,1e-05
328554,1,1e-05
342505,1,1e-05
562199,1,1e-05
290257,1,1e-05
399052,1,1e-05
261198,1,1e-05
219991,1,1e-05
73850,1,1e-05
509055,1,1e-05
33664,1,1e-05
36042,1,1e-05
62338,1,1e-05
836950,1,1e-05
292149,1,1e-05
11283,1,1e-05
290831,1,1e-05
383784,1,1e-05
41271,1,1e-05
395720,1,1e-05
305186,1,1e-05
311176,1,1e-05
250711,1,1e-05
69804,1,1e-05
764742,1,1e-05
270842,1,1e-05
17077,1,1e-05
25209,1,1e-05
646252,1,1e-05
116212,1,1e-05
363183,1,1e-05
786482,1,1e-05
270888,1,1e-05
334475,1,1e-05
517179,1,1e-05
50229,1,1e-05
470895,1,1e-05
290930,1,1e-05
524460,1,1e-05
766910,1,1e-05
529957,1,1e-05
104682,1,1e-05
359864,1,1e-05
10356,1,1e-05
102917,1,1e-05
80731,1,1e-05
746247,1,1e-05
972404,1,1e-05
793630,1,1e-05
130889,1,1e-05
80224,1,1e-05
21078,1,1e-05
181100,1,1e-05
20343,1,1e-05
499199,1,1e-05
65621,1,1e-05
139134,1,1e-05
20164,1,1e-05
91250,1,1e-05
131110,1,1e-05
267119,1,1e-05
271223,1,1e-05
498082,1,1e-05
101194,1,1e-05
681124,1,1e-05
81184,1,1e-05
210754,1,1e-05
117477,1,1e-05
210298,1,1e-05
280165,1,1e-05
3929,1,1e-05
439217,1,1e-05
211112,1,1e-05
89489,1,1e-05
944428,1,1e-05
71259,1,1e-05
715388,1,1e-05
162366,1,1e-05
110400,1,1e-05
742534,1,1e-05
46059,1,1e-05
120227,1,1e-05
240785,1,1e-05
280843,1,1e-05
161190,1,1e-05
570713,1,1e-05
160907,1,1e-05
604946,1,1e-05
135965,1,1e-05
797908,1,1e-05
36732,1,1e-05
667865,1,1e-05
606126,1,1e-05
767273,1,1e-05
915187,1,1e-05
291197,1,1e-05
743585,1,1e-05
636730,1,1e-05
834167,1,1e-05
10510,1,1e-05
40352,1,1e-05
2299,1,1e-05
240707,1,1e-05
60525,1,1e-05
250173,1,1e-05
140417,1,1e-05
30654,1,1e-05
567258,1,1e-05
684065,1,1e-05
748776,1,1e-05
802700,1,1e-05
40377,1,1e-05
30717,1,1e-05
93459,1,1e-05
20547,1,1e-05
270105,1,1e-05
482673,1,1e-05
111241,1,1e-05
120184,1,1e-05
631286,1,1e-05
366611,1,1e-05
569777,1,1e-05
198246,1,1e-05
60226,1,1e-05
652400,1,1e-05
61165,1,1e-05
60926,1,1e-05
98372,1,1e-05
210517,1,1e-05
615180,1,1e-05
605173,1,1e-05
71019,1,1e-05
140172,1,1e-05
844947,1,1e-05
141152,1,1e-05
140661,1,1e-05
81978,1,1e-05
658775,1,1e-05
171223,1,1e-05
817208,1,1e-05
934120,1,1e-05
611064,1,1e-05
141948,1,1e-05
92136,1,1e-05
583970,1,1e-05
120008,1,1e-05
526464,1,1e-05
121128,1,1e-05
884128,1,1e-05
250780,1,1e-05
300643,1,1e-05
38857,1,1e-05
260903,1,1e-05
61060,1,1e-05
329058,1,1e-05
61727,1,1e-05
15335,1,1e-05
870937,1,1e-05
100810,1,1e-05
80208,1,1e-05
150200,1,1e-05
90231,1,1e-05
728612,1,1e-05
81214,1,1e-05
280855,1,1e-05
665770,1,1e-05
280507,1,1e-05
290592,1,1e-05
130268,1,1e-05
433265,1,1e-05
150479,1,1e-05
614193,1,1e-05
209959,1,1e-05
841777,1,1e-05
260120,1,1e-05
96221,1,1e-05
35242,1,1e-05
543079,1,1e-05
293966,1,1e-05
548200,1,1e-05
200547,1,1e-05
880972,1,1e-05
369000,1,1e-05
270597,1,1e-05
181140,1,1e-05
90773,1,1e-05
577115,1,1e-05
141036,1,1e-05
606830,1,1e-05
130188,1,1e-05
637290,1,1e-05
50530,1,1e-05
930934,1,1e-05
161048,1,1e-05
70840,1,1e-05
230201,1,1e-05
268536,1,1e-05
976104,1,1e-05
61262,1,1e-05
296121,1,1e-05
743186,1,1e-05
504667,1,1e-05
890217,1,1e-05
270246,1,1e-05
131070,1,1e-05
171205,1,1e-05
50111,1,1e-05
804165,1,1e-05
862436,1,1e-05
210213,1,1e-05
64712,1,1e-05
180135,1,1e-05
91168,1,1e-05
782710,1,1e-05
732079,1,1e-05
646040,1,1e-05
103032,1,1e-05
221192,1,1e-05
676969,1,1e-05
81222,1,1e-05
447271,1,1e-05
50822,1,1e-05
210939,1,1e-05
835784,1,1e-05
190338,1,1e-05
250466,1,1e-05
171023,1,1e-05
260297,1,1e-05
170558,1,1e-05
913678,1,1e-05
954687,1,1e-05
260889,1,1e-05
181246,1,1e-05
170287,1,1e-05
80580,1,1e-05
648024,1,1e-05
251254,1,1e-05
612669,1,1e-05
814471,1,1e-05
237165,1,1e-05
981419,1,1e-05
12946,1,1e-05
572046,1,1e-05
559180,1,1e-05
871806,1,1e-05
81882,1,1e-05
726654,1,1e-05
610061,1,1e-05
625592,1,1e-05
617433,1,1e-05
956222,1,1e-05
832141,1,1e-05
80144,1,1e-05
190846,1,1e-05
200115,1,1e-05
692214,1,1e-05
230703,1,1e-05
533957,1,1e-05
609509,1,1e-05
270676,1,1e-05
260110,1,1e-05
250730,1,1e-05
761624,1,1e-05
131066,1,1e-05
326436,1,1e-05
324866,1,1e-05
282334,1,1e-05
252959,1,1e-05
195033,1,1e-05
30943,1,1e-05
566204,1,1e-05
772646,1,1e-05
837137,1,1e-05
130497,1,1e-05
43401,1,1e-05
291279,1,1e-05
688454,1,1e-05
357136,1,1e-05
11129,1,1e-05
702870,1,1e-05
506047,1,1e-05
669445,1,1e-05
131039,1,1e-05
575997,1,1e-05
666830,1,1e-05
30396,1,1e-05
514895,1,1e-05
558116,1,1e-05
182047,1,1e-05
301157,1,1e-05
529862,1,1e-05
120185,1,1e-05
824724,1,1e-05
592791,1,1e-05
240732,1,1e-05
809759,1,1e-05
80181,1,1e-05
855203,1,1e-05
220891,1,1e-05
100360,1,1e-05
191084,1,1e-05
614380,1,1e-05
893375,1,1e-05
824491,1,1e-05
50471,1,1e-05
119022,1,1e-05
993423,1,1e-05
348607,1,1e-05
300409,1,1e-05
238138,1,1e-05
300353,1,1e-05
201150,1,1e-05
43053,1,1e-05
40600,1,1e-05
170223,1,1e-05
195624,1,1e-05
100222,1,1e-05
719187,1,1e-05
160260,1,1e-05
301171,1,1e-05
640145,1,1e-05
653673,1,1e-05
117990,1,1e-05
40770,1,1e-05
931379,1,1e-05
824122,1,1e-05
945257,1,1e-05
393847,1,1e-05
250715,1,1e-05
171074,1,1e-05
978065,1,1e-05
864112,1,1e-05
397719,1,1e-05
53571,1,1e-05
290423,1,1e-05
635705,1,1e-05
368307,1,1e-05
424306,1,1e-05
251125,1,1e-05
81287,1,1e-05
95227,1,1e-05
50634,1,1e-05
175398,1,1e-05
166568,1,1e-05
211206,1,1e-05
954559,1,1e-05
263933,1,1e-05
11022,1,1e-05
310674,1,1e-05
397783,1,1e-05
458589,1,1e-05
251135,1,1e-05
170492,1,1e-05
211200,1,1e-05
726959,1,1e-05
230786,1,1e-05
554547,1,1e-05
583420,1,1e-05
622720,1,1e-05
111552,1,1e-05
52959,1,1e-05
274859,1,1e-05
191086,1,1e-05
7654,1,1e-05
414024,1,1e-05
125414,1,1e-05
70713,1,1e-05
281218,1,1e-05
990000,1,1e-05
3480,1,1e-05
91178,1,1e-05
162520,1,1e-05
485615,1,1e-05
210401,1,1e-05
776351,1,1e-05
180620,1,1e-05
425286,1,1e-05
74003,1,1e-05
280964,1,1e-05
424563,1,1e-05
944302,1,1e-05
278641,1,1e-05
20560,1,1e-05
289634,1,1e-05
254926,1,1e-05
20671,1,1e-05
580739,1,1e-05
300684,1,1e-05
833730,1,1e-05
170540,1,1e-05
290399,1,1e-05
89480,1,1e-05
300742,1,1e-05
483684,1,1e-05
983236,1,1e-05
181237,1,1e-05
904836,1,1e-05
872232,1,1e-05
275442,1,1e-05
524719,1,1e-05
833127,1,1e-05
552251,1,1e-05
134041,1,1e-05
876333,1,1e-05
436021,1,1e-05
300588,1,1e-05
530732,1,1e-05
270950,1,1e-05
676359,1,1e-05
841099,1,1e-05
477273,1,1e-05
531888,1,1e-05
517058,1,1e-05
230552,1,1e-05
260754,1,1e-05
649114,1,1e-05
340890,1,1e-05
617679,1,1e-05
369415,1,1e-05
210456,1,1e-05
140604,1,1e-05
287680,1,1e-05
733283,1,1e-05
180209,1,1e-05
920629,1,1e-05
130945,1,1e-05
93732,1,1e-05
498528,1,1e-05
709565,1,1e-05
70143,1,1e-05
301135,1,1e-05
529393,1,1e-05
454137,1,1e-05
101140,1,1e-05
210408,1,1e-05
425285,1,1e-05
30546,1,1e-05
60386,1,1e-05
585326,1,1e-05
221702,1,1e-05
280219,1,1e-05
186275,1,1e-05
840113,1,1e-05
393573,1,1e-05
40131,1,1e-05
481811,1,1e-05
182350,1,1e-05
519132,1,1e-05
539654,1,1e-05
244385,1,1e-05
30953,1,1e-05
781984,1,1e-05
908580,1,1e-05
140817,1,1e-05
161058,1,1e-05
270682,1,1e-05
444723,1,1e-05
20309,1,1e-05
120522,1,1e-05
11035,1,1e-05
80825,1,1e-05
220144,1,1e-05
791659,1,1e-05
393993,1,1e-05
308148,1,1e-05
90635,1,1e-05
392127,1,1e-05
49843,1,1e-05
270168,1,1e-05
348778,1,1e-05
280225,1,1e-05
180706,1,1e-05
197003,1,1e-05
510099,1,1e-05
281065,1,1e-05
151096,1,1e-05
857631,1,1e-05
376923,1,1e-05
175721,1,1e-05
839200,1,1e-05
450925,1,1e-05
41219,1,1e-05
593768,1,1e-05
210600,1,1e-05
821063,1,1e-05
566568,1,1e-05
300191,1,1e-05
221050,1,1e-05
921514,1,1e-05
140170,1,1e-05
130115,1,1e-05
60332,1,1e-05
244501,1,1e-05
201282,1,1e-05
901705,1,1e-05
270387,1,1e-05
861826,1,1e-05
73685,1,1e-05
77036,1,1e-05
137278,1,1e-05
616429,1,1e-05
219330,1,1e-05
230551,1,1e-05
100906,1,1e-05
233081,1,1e-05
345933,1,1e-05
723479,1,1e-05
800229,1,1e-05
119918,1,1e-05
850126,1,1e-05
753726,1,1e-05
180471,1,1e-05
736146,1,1e-05
197707,1,1e-05
40156,1,1e-05
171111,1,1e-05
556822,1,1e-05
80780,1,1e-05
200966,1,1e-05
40809,1,1e-05
60559,1,1e-05
121098,1,1e-05
260882,1,1e-05
718262,1,1e-05
676886,1,1e-05
60921,1,1e-05
668733,1,1e-05
533465,1,1e-05
769831,1,1e-05
240487,1,1e-05
210458,1,1e-05
388272,1,1e-05
883934,1,1e-05
835703,1,1e-05
101873,1,1e-05
544645,1,1e-05
140849,1,1e-05
34151,1,1e-05
100768,1,1e-05
366733,1,1e-05
120692,1,1e-05
353750,1,1e-05
80538,1,1e-05
160420,1,1e-05
755271,1,1e-05
483460,1,1e-05
548417,1,1e-05
310906,1,1e-05
633557,1,1e-05
530201,1,1e-05
71252,1,1e-05
30680,1,1e-05
408091,1,1e-05
363109,1,1e-05
211136,1,1e-05
60698,1,1e-05
315976,1,1e-05
520277,1,1e-05
337684,1,1e-05
290449,1,1e-05
917229,1,1e-05
120225,1,1e-05
127030,1,1e-05
70714,1,1e-05
779513,1,1e-05
20838,1,1e-05
414430,1,1e-05
648690,1,1e-05
391814,1,1e-05
277988,1,1e-05
161040,1,1e-05
621562,1,1e-05
10276,1,1e-05
191296,1,1e-05
153213,1,1e-05
230535,1,1e-05
520153,1,1e-05
20326,1,1e-05
41072,1,1e-05
560866,1,1e-05
90424,1,1e-05
29203,1,1e-05
343695,1,1e-05
231292,1,1e-05
165929,1,1e-05
301334,1,1e-05
641079,1,1e-05
974413,1,1e-05
160428,1,1e-05
978731,1,1e-05
321964,1,1e-05
10292,1,1e-05
511983,1,1e-05
71098,1,1e-05
935641,1,1e-05
138896,1,1e-05
559025,1,1e-05
334174,1,1e-05
20300,1,1e-05
490327,1,1e-05
388775,1,1e-05
805947,1,1e-05
290216,1,1e-05
812296,1,1e-05
885563,1,1e-05
90410,1,1e-05
151074,1,1e-05
200044,1,1e-05
31043,1,1e-05
766200,1,1e-05
50628,1,1e-05
110422,1,1e-05
599477,1,1e-05
892260,1,1e-05
10221,1,1e-05
764862,1,1e-05
983419,1,1e-05
70430,1,1e-05
979242,1,1e-05
111600,1,1e-05
872416,1,1e-05
571037,1,1e-05
230730,1,1e-05
967160,1,1e-05
637130,1,1e-05
917924,1,1e-05
877462,1,1e-05
162248,1,1e-05
617025,1,1e-05
20716,1,1e-05
673533,1,1e-05
955196,1,1e-05
40876,1,1e-05
270926,1,1e-05
622915,1,1e-05
60948,1,1e-05
250969,1,1e-05
101088,1,1e-05
630264,1,1e-05
110209,1,1e-05
140189,1,1e-05
815204,1,1e-05
583183,1,1e-05
241176,1,1e-05
988146,1,1e-05
371400,1,1e-05
240098,1,1e-05
150567,1,1e-05
773980,1,1e-05
116745,1,1e-05
310311,1,1e-05
561936,1,1e-05
300626,1,1e-05
544440,1,1e-05
574952,1,1e-05
42257,1,1e-05
300123,1,1e-05
60383,1,1e-05
892493,1,1e-05
264598,1,1e-05
847949,1,1e-05
898678,1,1e-05
771924,1,1e-05
87101,1,1e-05
774538,1,1e-05
901277,1,1e-05
98506,1,1e-05
951575,1,1e-05
851060,1,1e-05
132723,1,1e-05
80174,1,1e-05
260557,1,1e-05
20871,1,1e-05
20525,1,1e-05
805095,1,1e-05
180454,1,1e-05
59644,1,1e-05
781150,1,1e-05
331219,1,1e-05
74300,1,1e-05
240525,1,1e-05
290212,1,1e-05
454920,1,1e-05
815933,1,1e-05
574943,1,1e-05
845435,1,1e-05
260521,1,1e-05
159248,1,1e-05
967441,1,1e-05
769299,1,1e-05
939490,1,1e-05
887300,1,1e-05
54523,1,1e-05
691322,1,1e-05
61868,1,1e-05
300896,1,1e-05
475267,1,1e-05
300369,1,1e-05
359952,1,1e-05
200505,1,1e-05
805526,1,1e-05
154583,1,1e-05
733051,1,1e-05
804242,1,1e-05
94704,1,1e-05
80524,1,1e-05
214792,1,1e-05
53936,1,1e-05
195677,1,1e-05
186091,1,1e-05
406631,1,1e-05
270361,1,1e-05
572897,1,1e-05
747986,1,1e-05
261057,1,1e-05
313293,1,1e-05
743592,1,1e-05
240903,1,1e-05
456941,1,1e-05
40630,1,1e-05
981602,1,1e-05
357438,1,1e-05
588669,1,1e-05
230240,1,1e-05
321118,1,1e-05
110270,1,1e-05
985553,1,1e-05
250940,1,1e-05
361520,1,1e-05
11099,1,1e-05
810895,1,1e-05
758483,1,1e-05
311233,1,1e-05
71038,1,1e-05
21276,1,1e-05
133498,1,1e-05
716506,1,1e-05
158734,1,1e-05
524570,1,1e-05
300881,1,1e-05
148361,1,1e-05
250258,1,1e-05
224511,1,1e-05
846721,1,1e-05
61139,1,1e-05
310688,1,1e-05
485263,1,1e-05
281117,1,1e-05
230399,1,1e-05
300887,1,1e-05
191145,1,1e-05
21211,1,1e-05
270171,1,1e-05
210892,1,1e-05
310420,1,1e-05
267915,1,1e-05
166320,1,1e-05
110534,1,1e-05
775587,1,1e-05
220886,1,1e-05
244921,1,1e-05
70381,1,1e-05
905074,1,1e-05
892537,1,1e-05
706131,1,1e-05
200777,1,1e-05
679602,1,1e-05
728815,1,1e-05
794585,1,1e-05
240957,1,1e-05
300818,1,1e-05
602554,1,1e-05
21160,1,1e-05
668378,1,1e-05
61213,1,1e-05
101279,1,1e-05
380925,1,1e-05
395273,1,1e-05
780747,1,1e-05
210429,1,1e-05
80974,1,1e-05
100238,1,1e-05
301103,1,1e-05
691317,1,1e-05
291225,1,1e-05
199876,1,1e-05
41128,1,1e-05
80943,1,1e-05
80462,1,1e-05
50537,1,1e-05
210492,1,1e-05
484029,1,1e-05
190946,1,1e-05
847815,1,1e-05
564219,1,1e-05
561160,1,1e-05
215932,1,1e-05
872860,1,1e-05
344652,1,1e-05
91171,1,1e-05
952161,1,1e-05
816618,1,1e-05
30929,1,1e-05
808900,1,1e-05
101075,1,1e-05
882340,1,1e-05
795014,1,1e-05
38100,1,1e-05
71117,1,1e-05
73381,1,1e-05
22164,1,1e-05
796719,1,1e-05
321170,1,1e-05
562176,1,1e-05
120203,1,1e-05
621769,1,1e-05
210605,1,1e-05
454122,1,1e-05
761338,1,1e-05
30685,1,1e-05
286563,1,1e-05
60637,1,1e-05
32517,1,1e-05
301255,1,1e-05
411982,1,1e-05
170550,1,1e-05
80753,1,1e-05
339784,1,1e-05
746266,1,1e-05
50272,1,1e-05
948625,1,1e-05
268297,1,1e-05
170393,1,1e-05
230958,1,1e-05
280895,1,1e-05
100707,1,1e-05
717255,1,1e-05
130737,1,1e-05
275013,1,1e-05
131114,1,1e-05
136631,1,1e-05
130581,1,1e-05
516546,1,1e-05
50199,1,1e-05
180947,1,1e-05
813053,1,1e-05
833630,1,1e-05
113028,1,1e-05
296025,1,1e-05
471118,1,1e-05
100619,1,1e-05
200902,1,1e-05
677398,1,1e-05
120975,1,1e-05
924756,1,1e-05
946438,1,1e-05
70618,1,1e-05
60649,1,1e-05
708237,1,1e-05
333205,1,1e-05
31088,1,1e-05
40341,1,1e-05
186456,1,1e-05
499765,1,1e-05
480015,1,1e-05
51261,1,1e-05
260322,1,1e-05
251025,1,1e-05
795233,1,1e-05
494455,1,1e-05
249246,1,1e-05
726625,1,1e-05
543848,1,1e-05
690665,1,1e-05
223601,1,1e-05
131292,1,1e-05
40969,1,1e-05
696134,1,1e-05
200387,1,1e-05
220739,1,1e-05
111829,1,1e-05
281188,1,1e-05
260870,1,1e-05
882377,1,1e-05
921960,1,1e-05
11181,1,1e-05
483539,1,1e-05
89314,1,1e-05
278172,1,1e-05
772315,1,1e-05
190745,1,1e-05
234114,1,1e-05
354904,1,1e-05
40722,1,1e-05
914948,1,1e-05
110246,1,1e-05
598487,1,1e-05
994921,1,1e-05
151087,1,1e-05
542000,1,1e-05
519874,1,1e-05
35691,1,1e-05
902311,1,1e-05
139407,1,1e-05
331306,1,1e-05
201094,1,1e-05
110512,1,1e-05
484741,1,1e-05
40917,1,1e-05
362752,1,1e-05
311700,1,1e-05
483851,1,1e-05
171027,1,1e-05
140327,1,1e-05
130330,1,1e-05
863660,1,1e-05
854498,1,1e-05
340139,1,1e-05
598808,1,1e-05
130345,1,1e-05
100224,1,1e-05
234278,1,1e-05
611646,1,1e-05
993089,1,1e-05
171271,1,1e-05
771464,1,1e-05
310590,1,1e-05
310470,1,1e-05
503002,1,1e-05
803897,1,1e-05
812563,1,1e-05
300731,1,1e-05
730060,1,1e-05
745302,1,1e-05
665583,1,1e-05
793217,1,1e-05
328702,1,1e-05
737966,1,1e-05
10947,1,1e-05
830908,1,1e-05
817662,1,1e-05
20597,1,1e-05
444262,1,1e-05
160323,1,1e-05
186318,1,1e-05
270408,1,1e-05
43343,1,1e-05
221253,1,1e-05
961829,1,1e-05
820132,1,1e-05
140400,1,1e-05
460143,1,1e-05
230111,1,1e-05
50396,1,1e-05
472846,1,1e-05
421023,1,1e-05
491098,1,1e-05
302494,1,1e-05
715013,1,1e-05
906262,1,1e-05
170359,1,1e-05
141257,1,1e-05
287264,1,1e-05
763077,1,1e-05
270875,1,1e-05
873383,1,1e-05
739827,1,1e-05
476245,1,1e-05
63235,1,1e-05
293641,1,1e-05
171172,1,1e-05
60470,1,1e-05
280994,1,1e-05
378274,1,1e-05
200389,1,1e-05
100895,1,1e-05
91004,1,1e-05
291150,1,1e-05
462555,1,1e-05
535204,1,1e-05
727213,1,1e-05
26529,1,1e-05
523607,1,1e-05
55142,1,1e-05
692425,1,1e-05
71040,1,1e-05
401570,1,1e-05
110117,1,1e-05
316218,1,1e-05
810926,1,1e-05
133878,1,1e-05
720206,1,1e-05
131297,1,1e-05
260605,1,1e-05
688897,1,1e-05
60933,1,1e-05
140370,1,1e-05
31232,1,1e-05
210370,1,1e-05
478490,1,1e-05
180931,1,1e-05
29210,1,1e-05
220140,1,1e-05
161133,1,1e-05
40548,1,1e-05
154823,1,1e-05
40763,1,1e-05
188736,1,1e-05
311142,1,1e-05
250800,1,1e-05
780909,1,1e-05
80767,1,1e-05
967875,1,1e-05
310296,1,1e-05
160348,1,1e-05
83753,1,1e-05
100715,1,1e-05
267891,1,1e-05
329609,1,1e-05
119575,1,1e-05
63661,1,1e-05
444946,1,1e-05
370394,1,1e-05
138721,1,1e-05
176207,1,1e-05
50826,1,1e-05
984903,1,1e-05
101131,1,1e-05
161299,1,1e-05
246184,1,1e-05
834655,1,1e-05
201916,1,1e-05
180927,1,1e-05
888342,1,1e-05
265026,1,1e-05
500423,1,1e-05
516974,1,1e-05
534866,1,1e-05
90292,1,1e-05
367115,1,1e-05
90658,1,1e-05
20891,1,1e-05
111164,1,1e-05
280956,1,1e-05
267835,1,1e-05
260680,1,1e-05
427859,1,1e-05
287470,1,1e-05
385173,1,1e-05
10814,1,1e-05
30167,1,1e-05
468386,1,1e-05
816494,1,1e-05
50973,1,1e-05
910345,1,1e-05
456347,1,1e-05
802770,1,1e-05
67864,1,1e-05
120497,1,1e-05
801274,1,1e-05
630050,1,1e-05
60463,1,1e-05
110110,1,1e-05
80671,1,1e-05
761597,1,1e-05
40528,1,1e-05
80723,1,1e-05
95935,1,1e-05
20827,1,1e-05
459396,1,1e-05
563893,1,1e-05
211046,1,1e-05
107050,1,1e-05
20901,1,1e-05
503945,1,1e-05
976938,1,1e-05
270667,1,1e-05
271078,1,1e-05
533184,1,1e-05
444387,1,1e-05
290102,1,1e-05
98415,1,1e-05
18674,1,1e-05
160499,1,1e-05
875165,1,1e-05
404934,1,1e-05
141422,1,1e-05
170116,1,1e-05
944570,1,1e-05
311050,1,1e-05
140166,1,1e-05
250384,1,1e-05
360330,1,1e-05
303721,1,1e-05
221234,1,1e-05
170162,1,1e-05
233704,1,1e-05
85447,1,1e-05
626631,1,1e-05
301065,1,1e-05
260355,1,1e-05
955645,1,1e-05
717087,1,1e-05
980241,1,1e-05
762596,1,1e-05
880772,1,1e-05
489532,1,1e-05
145064,1,1e-05
70304,1,1e-05
480235,1,1e-05
576090,1,1e-05
160268,1,1e-05
962683,1,1e-05
849893,1,1e-05
288613,1,1e-05
705459,1,1e-05
90855,1,1e-05
71275,1,1e-05
994345,1,1e-05
112497,1,1e-05
20951,1,1e-05
20824,1,1e-05
408682,1,1e-05
240186,1,1e-05
40845,1,1e-05
186599,1,1e-05
854205,1,1e-05
130606,1,1e-05
280919,1,1e-05
204907,1,1e-05
289704,1,1e-05
180589,1,1e-05
948881,1,1e-05
822694,1,1e-05
10615,1,1e-05
896334,1,1e-05
398382,1,1e-05
176423,1,1e-05
140792,1,1e-05
193481,1,1e-05
353836,1,1e-05
210487,1,1e-05
666161,1,1e-05
230566,1,1e-05
250223,1,1e-05
273001,1,1e-05
201203,1,1e-05
73890,1,1e-05
81019,1,1e-05
50897,1,1e-05
190817,1,1e-05
181039,1,1e-05
749309,1,1e-05
244695,1,1e-05
36437,1,1e-05
126360,1,1e-05
939757,1,1e-05
191258,1,1e-05
700819,1,1e-05
862842,1,1e-05
532593,1,1e-05
387303,1,1e-05
220877,1,1e-05
627744,1,1e-05
96339,1,1e-05
300834,1,1e-05
220431,1,1e-05
396674,1,1e-05
262057,1,1e-05
195438,1,1e-05
87530,1,1e-05
280613,1,1e-05
100167,1,1e-05
240193,1,1e-05
231265,1,1e-05
150141,1,1e-05
35493,1,1e-05
379411,1,1e-05
532746,1,1e-05
60887,1,1e-05
20563,1,1e-05
270418,1,1e-05
774400,1,1e-05
156733,1,1e-05
990399,1,1e-05
177461,1,1e-05
90183,1,1e-05
529680,1,1e-05
20814,1,1e-05
48305,1,1e-05
122268,1,1e-05
399929,1,1e-05
180178,1,1e-05
100735,1,1e-05
688600,1,1e-05
885395,1,1e-05
484260,1,1e-05
220305,1,1e-05
110599,1,1e-05
230836,1,1e-05
260839,1,1e-05
950771,1,1e-05
905661,1,1e-05
270294,1,1e-05
273611,1,1e-05
862196,1,1e-05
189519,1,1e-05
988865,1,1e-05
40276,1,1e-05
260103,1,1e-05
337408,1,1e-05
989817,1,1e-05
399858,1,1e-05
579529,1,1e-05
301121,1,1e-05
83990,1,1e-05
251267,1,1e-05
130688,1,1e-05
665487,1,1e-05
20601,1,1e-05
50523,1,1e-05
110864,1,1e-05
210708,1,1e-05
296310,1,1e-05
760318,1,1e-05
855278,1,1e-05
62819,1,1e-05
865411,1,1e-05
4515,1,1e-05
300431,1,1e-05
90721,1,1e-05
577461,1,1e-05
697229,1,1e-05
842738,1,1e-05
90438,1,1e-05
80876,1,1e-05
31010,1,1e-05
50681,1,1e-05
212960,1,1e-05
70457,1,1e-05
140523,1,1e-05
443423,1,1e-05
386110,1,1e-05
40832,1,1e-05
189612,1,1e-05
31167,1,1e-05
231144,1,1e-05
55821,1,1e-05
280892,1,1e-05
310280,1,1e-05
250778,1,1e-05
341052,1,1e-05
480966,1,1e-05
271164,1,1e-05
190631,1,1e-05
40939,1,1e-05
151097,1,1e-05
111070,1,1e-05
532031,1,1e-05
19088,1,1e-05
191494,1,1e-05
579230,1,1e-05
967865,1,1e-05
250573,1,1e-05
211006,1,1e-05
15041,1,1e-05
210588,1,1e-05
911966,1,1e-05
674866,1,1e-05
531444,1,1e-05
160501,1,1e-05
872611,1,1e-05
797934,1,1e-05
246474,1,1e-05
681938,1,1e-05
754162,1,1e-05
110963,1,1e-05
157009,1,1e-05
334570,1,1e-05
978960,1,1e-05
506741,1,1e-05
953302,1,1e-05
675602,1,1e-05
200500,1,1e-05
150248,1,1e-05
799234,1,1e-05
90885,1,1e-05
446885,1,1e-05
379739,1,1e-05
174214,1,1e-05
277548,1,1e-05
180590,1,1e-05
310843,1,1e-05
220402,1,1e-05
30461,1,1e-05
30323,1,1e-05
211239,1,1e-05
620876,1,1e-05
247521,1,1e-05
260858,1,1e-05
486837,1,1e-05
70653,1,1e-05
733678,1,1e-05
792917,1,1e-05
291191,1,1e-05
70228,1,1e-05
20248,1,1e-05
57391,1,1e-05
321482,1,1e-05
108825,1,1e-05
933725,1,1e-05
364556,1,1e-05
952711,1,1e-05
141151,1,1e-05
300220,1,1e-05
240228,1,1e-05
939767,1,1e-05
280474,1,1e-05
210197,1,1e-05
235851,1,1e-05
150664,1,1e-05
30268,1,1e-05
701544,1,1e-05
533107,1,1e-05
91059,1,1e-05
110909,1,1e-05
214078,1,1e-05
140573,1,1e-05
554664,1,1e-05
231148,1,1e-05
80425,1,1e-05
631088,1,1e-05
780020,1,1e-05
449544,1,1e-05
525071,1,1e-05
381189,1,1e-05
230873,1,1e-05
40871,1,1e-05
525486,1,1e-05
680416,1,1e-05
540386,1,1e-05
172932,1,1e-05
70467,1,1e-05
80568,1,1e-05
50536,1,1e-05
844617,1,1e-05
90162,1,1e-05
93777,1,1e-05
221107,1,1e-05
53209,1,1e-05
681873,1,1e-05
949115,1,1e-05
630857,1,1e-05
60342,1,1e-05
504334,1,1e-05
140496,1,1e-05
273831,1,1e-05
104282,1,1e-05
80476,1,1e-05
439616,1,1e-05
10336,1,1e-05
955880,1,1e-05
100367,1,1e-05
210138,1,1e-05
631429,1,1e-05
7955,1,1e-05
40562,1,1e-05
21241,1,1e-05
704179,1,1e-05
170075,1,1e-05
170700,1,1e-05
261044,1,1e-05
260389,1,1e-05
90769,1,1e-05
22543,1,1e-05
867793,1,1e-05
462476,1,1e-05
438806,1,1e-05
507948,1,1e-05
70402,1,1e-05
300425,1,1e-05
742105,1,1e-05
181239,1,1e-05
295027,1,1e-05
219542,1,1e-05
951141,1,1e-05
479138,1,1e-05
10677,1,1e-05
96771,1,1e-05
779493,1,1e-05
433787,1,1e-05
368088,1,1e-05
134947,1,1e-05
493140,1,1e-05
120913,1,1e-05
60835,1,1e-05
10447,1,1e-05
323601,1,1e-05
211170,1,1e-05
107564,1,1e-05
310573,1,1e-05
497436,1,1e-05
548395,1,1e-05
377740,1,1e-05
982485,1,1e-05
763740,1,1e-05
220542,1,1e-05
938819,1,1e-05
140539,1,1e-05
10844,1,1e-05
67668,1,1e-05
180314,1,1e-05
252495,1,1e-05
180458,1,1e-05
10811,1,1e-05
110331,1,1e-05
358134,1,1e-05
730448,1,1e-05
639917,1,1e-05
550766,1,1e-05
126582,1,1e-05
365332,1,1e-05
752447,1,1e-05
297991,1,1e-05
194255,1,1e-05
717199,1,1e-05
249324,1,1e-05
297784,1,1e-05
364454,1,1e-05
280498,1,1e-05
919149,1,1e-05
170502,1,1e-05
234113,1,1e-05
270103,1,1e-05
481327,1,1e-05
190576,1,1e-05
190826,1,1e-05
503206,1,1e-05
627110,1,1e-05
241173,1,1e-05
141201,1,1e-05
120535,1,1e-05
642758,1,1e-05
220769,1,1e-05
261076,1,1e-05
10901,1,1e-05
140262,1,1e-05
181196,1,1e-05
425646,1,1e-05
395613,1,1e-05
160705,1,1e-05
160149,1,1e-05
332959,1,1e-05
785865,1,1e-05
537821,1,1e-05
658843,1,1e-05
711083,1,1e-05
422617,1,1e-05
910774,1,1e-05
80665,1,1e-05
209215,1,1e-05
348601,1,1e-05
41614,1,1e-05
140126,1,1e-05
50165,1,1e-05
130465,1,1e-05
30466,1,1e-05
716881,1,1e-05
928228,1,1e-05
280158,1,1e-05
304625,1,1e-05
167919,1,1e-05
780774,1,1e-05
180525,1,1e-05
171731,1,1e-05
260860,1,1e-05
353119,1,1e-05
974666,1,1e-05
146721,1,1e-05
150957,1,1e-05
251580,1,1e-05
230420,1,1e-05
20673,1,1e-05
388738,1,1e-05
251900,1,1e-05
270967,1,1e-05
195839,1,1e-05
555977,1,1e-05
170264,1,1e-05
162196,1,1e-05
290328,1,1e-05
504872,1,1e-05
56275,1,1e-05
291207,1,1e-05
635169,1,1e-05
579885,1,1e-05
20289,1,1e-05
407713,1,1e-05
270936,1,1e-05
873294,1,1e-05
939481,1,1e-05
40186,1,1e-05
220094,1,1e-05
369971,1,1e-05
36640,1,1e-05
785778,1,1e-05
100847,1,1e-05
849620,1,1e-05
100340,1,1e-05
301013,1,1e-05
110332,1,1e-05
150617,1,1e-05
301233,1,1e-05
754210,1,1e-05
873703,1,1e-05
971391,1,1e-05
236941,1,1e-05
660293,1,1e-05
101155,1,1e-05
681799,1,1e-05
240356,1,1e-05
728922,1,1e-05
258719,1,1e-05
887345,1,1e-05
290434,1,1e-05
300532,1,1e-05
496292,1,1e-05
788277,1,1e-05
103065,1,1e-05
90312,1,1e-05
795934,1,1e-05
458664,1,1e-05
87548,1,1e-05
230290,1,1e-05
280326,1,1e-05
556645,1,1e-05
850492,1,1e-05
290618,1,1e-05
395556,1,1e-05
358946,1,1e-05
341805,1,1e-05
152517,1,1e-05
463583,1,1e-05
953209,1,1e-05
828029,1,1e-05
297939,1,1e-05
758033,1,1e-05
70542,1,1e-05
426210,1,1e-05
92160,1,1e-05
221294,1,1e-05
925434,1,1e-05
198509,1,1e-05
778912,1,1e-05
339098,1,1e-05
140828,1,1e-05
461697,1,1e-05
897241,1,1e-05
40687,1,1e-05
254513,1,1e-05
809177,1,1e-05
306236,1,1e-05
198289,1,1e-05
722057,1,1e-05
880593,1,1e-05
943277,1,1e-05
824830,1,1e-05
665021,1,1e-05
190368,1,1e-05
49616,1,1e-05
280563,1,1e-05
609599,1,1e-05
772778,1,1e-05
80523,1,1e-05
629015,1,1e-05
782236,1,1e-05
807606,1,1e-05
218708,1,1e-05
668302,1,1e-05
188376,1,1e-05
219882,1,1e-05
355957,1,1e-05
129296,1,1e-05
14082,1,1e-05
700662,1,1e-05
374033,1,1e-05
261059,1,1e-05
862195,1,1e-05
112912,1,1e-05
416251,1,1e-05
220266,1,1e-05
526224,1,1e-05
91097,1,1e-05
180377,1,1e-05
861016,1,1e-05
467687,1,1e-05
210333,1,1e-05
822169,1,1e-05
261064,1,1e-05
340930,1,1e-05
407096,1,1e-05
290485,1,1e-05
995820,1,1e-05
978777,1,1e-05
159501,1,1e-05
654520,1,1e-05
470644,1,1e-05
540842,1,1e-05
130867,1,1e-05
465878,1,1e-05
469823,1,1e-05
942872,1,1e-05
792416,1,1e-05
241757,1,1e-05
988699,1,1e-05
527150,1,1e-05
290278,1,1e-05
418341,1,1e-05
221075,1,1e-05
518943,1,1e-05
821299,1,1e-05
721207,1,1e-05
986193,1,1e-05
311015,1,1e-05
915535,1,1e-05
140421,1,1e-05
190592,1,1e-05
70718,1,1e-05
578671,1,1e-05
61142,1,1e-05
90421,1,1e-05
786663,1,1e-05
4381,1,1e-05
708534,1,1e-05
100223,1,1e-05
40247,1,1e-05
165751,1,1e-05
280952,1,1e-05
241182,1,1e-05
643044,1,1e-05
828330,1,1e-05
712512,1,1e-05
770541,1,1e-05
10240,1,1e-05
140199,1,1e-05
120962,1,1e-05
952965,1,1e-05
300412,1,1e-05
170484,1,1e-05
981069,1,1e-05
573624,1,1e-05
161297,1,1e-05
30682,1,1e-05
431025,1,1e-05
358272,1,1e-05
200586,1,1e-05
11092,1,1e-05
130691,1,1e-05
10149,1,1e-05
500338,1,1e-05
90440,1,1e-05
522050,1,1e-05
200469,1,1e-05
612664,1,1e-05
270616,1,1e-05
169624,1,1e-05
294836,1,1e-05
322998,1,1e-05
81170,1,1e-05
318749,1,1e-05
150489,1,1e-05
703051,1,1e-05
774619,1,1e-05
588954,1,1e-05
180487,1,1e-05
270856,1,1e-05
156000,1,1e-05
250848,1,1e-05
397736,1,1e-05
211031,1,1e-05
160390,1,1e-05
729247,1,1e-05
37966,1,1e-05
840495,1,1e-05
48448,1,1e-05
20392,1,1e-05
285503,1,1e-05
538596,1,1e-05
30966,1,1e-05
640116,1,1e-05
985929,1,1e-05
180812,1,1e-05
191250,1,1e-05
23096,1,1e-05
457318,1,1e-05
21046,1,1e-05
294411,1,1e-05
155899,1,1e-05
449723,1,1e-05
190190,1,1e-05
153571,1,1e-05
300316,1,1e-05
707952,1,1e-05
240963,1,1e-05
645900,1,1e-05
326533,1,1e-05
370854,1,1e-05
277716,1,1e-05
60467,1,1e-05
285113,1,1e-05
71085,1,1e-05
210444,1,1e-05
157008,1,1e-05
425480,1,1e-05
160305,1,1e-05
590322,1,1e-05
64971,1,1e-05
605337,1,1e-05
30259,1,1e-05
728488,1,1e-05
852282,1,1e-05
148312,1,1e-05
142128,1,1e-05
660570,1,1e-05
80223,1,1e-05
283384,1,1e-05
611735,1,1e-05
227625,1,1e-05
830160,1,1e-05
440878,1,1e-05
180725,1,1e-05
254957,1,1e-05
877688,1,1e-05
389317,1,1e-05
522840,1,1e-05
248716,1,1e-05
356659,1,1e-05
236438,1,1e-05
25525,1,1e-05
90938,1,1e-05
407909,1,1e-05
270938,1,1e-05
130457,1,1e-05
661803,1,1e-05
53361,1,1e-05
80561,1,1e-05
261009,1,1e-05
150589,1,1e-05
130125,1,1e-05
180420,1,1e-05
123250,1,1e-05
873732,1,1e-05
450743,1,1e-05
10179,1,1e-05
288058,1,1e-05
61292,1,1e-05
70855,1,1e-05
101208,1,1e-05
81175,1,1e-05
81133,1,1e-05
493420,1,1e-05
51274,1,1e-05
894741,1,1e-05
161066,1,1e-05
498657,1,1e-05
171696,1,1e-05
240631,1,1e-05
120682,1,1e-05
96211,1,1e-05
300786,1,1e-05
291997,1,1e-05
529036,1,1e-05
250767,1,1e-05
120135,1,1e-05
60176,1,1e-05
160952,1,1e-05
144744,1,1e-05
71516,1,1e-05
860519,1,1e-05
31185,1,1e-05
598388,1,1e-05
140626,1,1e-05
311022,1,1e-05
623893,1,1e-05
92802,1,1e-05
459866,1,1e-05
557662,1,1e-05
260697,1,1e-05
170595,1,1e-05
10659,1,1e-05
329407,1,1e-05
702719,1,1e-05
219187,1,1e-05
298795,1,1e-05
280162,1,1e-05
789288,1,1e-05
581314,1,1e-05
261119,1,1e-05
77555,1,1e-05
888809,1,1e-05
273226,1,1e-05
778444,1,1e-05
180250,1,1e-05
220184,1,1e-05
241263,1,1e-05
865993,1,1e-05
456584,1,1e-05
891619,1,1e-05
250867,1,1e-05
366847,1,1e-05
893273,1,1e-05
300999,1,1e-05
130447,1,1e-05
300740,1,1e-05
270971,1,1e-05
270441,1,1e-05
280682,1,1e-05
764393,1,1e-05
371674,1,1e-05
90239,1,1e-05
199220,1,1e-05
18250,1,1e-05
596243,1,1e-05
110994,1,1e-05
279038,1,1e-05
231208,1,1e-05
885485,1,1e-05
922826,1,1e-05
646663,1,1e-05
756498,1,1e-05
458795,1,1e-05
250199,1,1e-05
290795,1,1e-05
39219,1,1e-05
761523,1,1e-05
658896,1,1e-05
987524,1,1e-05
210863,1,1e-05
800037,1,1e-05
48468,1,1e-05
435442,1,1e-05
851227,1,1e-05
461092,1,1e-05
70309,1,1e-05
693868,1,1e-05
215816,1,1e-05
480362,1,1e-05
38811,1,1e-05
472696,1,1e-05
221251,1,1e-05
615865,1,1e-05
319996,1,1e-05
250255,1,1e-05
931556,1,1e-05
69825,1,1e-05
280531,1,1e-05
235097,1,1e-05
452950,1,1e-05
715985,1,1e-05
663898,1,1e-05
171072,1,1e-05
220227,1,1e-05
801035,1,1e-05
70232,1,1e-05
61018,1,1e-05
80740,1,1e-05
126664,1,1e-05
659041,1,1e-05
150568,1,1e-05
424582,1,1e-05
890721,1,1e-05
4447,1,1e-05
522131,1,1e-05
10147,1,1e-05
206773,1,1e-05
549324,1,1e-05
903185,1,1e-05
311060,1,1e-05
150845,1,1e-05
229677,1,1e-05
630144,1,1e-05
752886,1,1e-05
599589,1,1e-05
511130,1,1e-05
73877,1,1e-05
100142,1,1e-05
779564,1,1e-05
411935,1,1e-05
189730,1,1e-05
584696,1,1e-05
502103,1,1e-05
383080,1,1e-05
687730,1,1e-05
90354,1,1e-05
163552,1,1e-05
636265,1,1e-05
281110,1,1e-05
442742,1,1e-05
690560,1,1e-05
558262,1,1e-05
91293,1,1e-05
989963,1,1e-05
20791,1,1e-05
31097,1,1e-05
261185,1,1e-05
100606,1,1e-05
40555,1,1e-05
666145,1,1e-05
110404,1,1e-05
301048,1,1e-05
970922,1,1e-05
40731,1,1e-05
667942,1,1e-05
468976,1,1e-05
80599,1,1e-05
11130,1,1e-05
204912,1,1e-05
925461,1,1e-05
392921,1,1e-05
420077,1,1e-05
524109,1,1e-05
30793,1,1e-05
310395,1,1e-05
139040,1,1e-05
66524,1,1e-05
654229,1,1e-05
80292,1,1e-05
893802,1,1e-05
70094,1,1e-05
322995,1,1e-05
228323,1,1e-05
120480,1,1e-05
974280,1,1e-05
90840,1,1e-05
732514,1,1e-05
455238,1,1e-05
121262,1,1e-05
898633,1,1e-05
465580,1,1e-05
170926,1,1e-05
942919,1,1e-05
959922,1,1e-05
65146,1,1e-05
170923,1,1e-05
726339,1,1e-05
50185,1,1e-05
131196,1,1e-05
242839,1,1e-05
700103,1,1e-05
59565,1,1e-05
286818,1,1e-05
71103,1,1e-05
581758,1,1e-05
490314,1,1e-05
300312,1,1e-05
908071,1,1e-05
61198,1,1e-05
612540,1,1e-05
957704,1,1e-05
37925,1,1e-05
161232,1,1e-05
250671,1,1e-05
261039,1,1e-05
880525,1,1e-05
96912,1,1e-05
102416,1,1e-05
106996,1,1e-05
311113,1,1e-05
706828,1,1e-05
29708,1,1e-05
876432,1,1e-05
140789,1,1e-05
121053,1,1e-05
409618,1,1e-05
190707,1,1e-05
605822,1,1e-05
927343,1,1e-05
30592,1,1e-05
314394,1,1e-05
310202,1,1e-05
990242,1,1e-05
506745,1,1e-05
778059,1,1e-05
300109,1,1e-05
11079,1,1e-05
441103,1,1e-05
4369,1,1e-05
193017,1,1e-05
435177,1,1e-05
153603,1,1e-05
969465,1,1e-05
379863,1,1e-05
30137,1,1e-05
331514,1,1e-05
310233,1,1e-05
262815,1,1e-05
60228,1,1e-05
857986,1,1e-05
161425,1,1e-05
980024,1,1e-05
200661,1,1e-05
750789,1,1e-05
310552,1,1e-05
964591,1,1e-05
645054,1,1e-05
310425,1,1e-05
239954,1,1e-05
77996,1,1e-05
60677,1,1e-05
665884,1,1e-05
250997,1,1e-05
663783,1,1e-05
682924,1,1e-05
819046,1,1e-05
73385,1,1e-05
6628,1,1e-05
467968,1,1e-05
187065,1,1e-05
117578,1,1e-05
359326,1,1e-05
100131,1,1e-05
806338,1,1e-05
692464,1,1e-05
101161,1,1e-05
41285,1,1e-05
668410,1,1e-05
957090,1,1e-05
77073,1,1e-05
130102,1,1e-05
27466,1,1e-05
290676,1,1e-05
499519,1,1e-05
200519,1,1e-05
498748,1,1e-05
250129,1,1e-05
74296,1,1e-05
439538,1,1e-05
240401,1,1e-05
30559,1,1e-05
120465,1,1e-05
100423,1,1e-05
510721,1,1e-05
61063,1,1e-05
51228,1,1e-05
105813,1,1e-05
855930,1,1e-05
220349,1,1e-05
566697,1,1e-05
707624,1,1e-05
386035,1,1e-05
637595,1,1e-05
250537,1,1e-05
284191,1,1e-05
441983,1,1e-05
200397,1,1e-05
338028,1,1e-05
111204,1,1e-05
440226,1,1e-05
140475,1,1e-05
727063,1,1e-05
291021,1,1e-05
377916,1,1e-05
930935,1,1e-05
423914,1,1e-05
280227,1,1e-05
687884,1,1e-05
81385,1,1e-05
724350,1,1e-05
90674,1,1e-05
495678,1,1e-05
668065,1,1e-05
241153,1,1e-05
373900,1,1e-05
20919,1,1e-05
40658,1,1e-05
50909,1,1e-05
99904,1,1e-05
221280,1,1e-05
761539,1,1e-05
128126,1,1e-05
191276,1,1e-05
799651,1,1e-05
273604,1,1e-05
848153,1,1e-05
588026,1,1e-05
428514,1,1e-05
979337,1,1e-05
223612,1,1e-05
171207,1,1e-05
50231,1,1e-05
662639,1,1e-05
23060,1,1e-05
545029,1,1e-05
641227,1,1e-05
772726,1,1e-05
391070,1,1e-05
180154,1,1e-05
240697,1,1e-05
170797,1,1e-05
134044,1,1e-05
825285,1,1e-05
90611,1,1e-05
422645,1,1e-05
565939,1,1e-05
30308,1,1e-05
224825,1,1e-05
666627,1,1e-05
885928,1,1e-05
554095,1,1e-05
260907,1,1e-05
33250,1,1e-05
222364,1,1e-05
909536,1,1e-05
935972,1,1e-05
54520,1,1e-05
377345,1,1e-05
882229,1,1e-05
596880,1,1e-05
877209,1,1e-05
140190,1,1e-05
987030,1,1e-05
80985,1,1e-05
240482,1,1e-05
30722,1,1e-05
250432,1,1e-05
765162,1,1e-05
240644,1,1e-05
726723,1,1e-05
228376,1,1e-05
80167,1,1e-05
260842,1,1e-05
310446,1,1e-05
869149,1,1e-05
159970,1,1e-05
290760,1,1e-05
96438,1,1e-05
514984,1,1e-05
287595,1,1e-05
815639,1,1e-05
161562,1,1e-05
80995,1,1e-05
489418,1,1e-05
30351,1,1e-05
61192,1,1e-05
744120,1,1e-05
130546,1,1e-05
504046,1,1e-05
290266,1,1e-05
170757,1,1e-05
263372,1,1e-05
250910,1,1e-05
430927,1,1e-05
449030,1,1e-05
186115,1,1e-05
65332,1,1e-05
91026,1,1e-05
728888,1,1e-05
260376,1,1e-05
365864,1,1e-05
365307,1,1e-05
80291,1,1e-05
240530,1,1e-05
690149,1,1e-05
230212,1,1e-05
630710,1,1e-05
996612,1,1e-05
290468,1,1e-05
240121,1,1e-05
729865,1,1e-05
619506,1,1e-05
170422,1,1e-05
137502,1,1e-05
512252,1,1e-05
120744,1,1e-05
261127,1,1e-05
604684,1,1e-05
622388,1,1e-05
280156,1,1e-05
160836,1,1e-05
141243,1,1e-05
413332,1,1e-05
700816,1,1e-05
928676,1,1e-05
600857,1,1e-05
300434,1,1e-05
111956,1,1e-05
290141,1,1e-05
801978,1,1e-05
251427,1,1e-05
270303,1,1e-05
975107,1,1e-05
280550,1,1e-05
576120,1,1e-05
80460,1,1e-05
325197,1,1e-05
260173,1,1e-05
131077,1,1e-05
290507,1,1e-05
387783,1,1e-05
301230,1,1e-05
726997,1,1e-05
110622,1,1e-05
271191,1,1e-05
773386,1,1e-05
972040,1,1e-05
193250,1,1e-05
50105,1,1e-05
747684,1,1e-05
432678,1,1e-05
245287,1,1e-05
731243,1,1e-05
180582,1,1e-05
240543,1,1e-05
449201,1,1e-05
200326,1,1e-05
649396,1,1e-05
170738,1,1e-05
98137,1,1e-05
334418,1,1e-05
394686,1,1e-05
405570,1,1e-05
719844,1,1e-05
815158,1,1e-05
230928,1,1e-05
944424,1,1e-05
313754,1,1e-05
201106,1,1e-05
947556,1,1e-05
133902,1,1e-05
194308,1,1e-05
100866,1,1e-05
955616,1,1e-05
413644,1,1e-05
310921,1,1e-05
91109,1,1e-05
389721,1,1e-05
240893,1,1e-05
103176,1,1e-05
187222,1,1e-05
533730,1,1e-05
220255,1,1e-05
400648,1,1e-05
231091,1,1e-05
490279,1,1e-05
674284,1,1e-05
89268,1,1e-05
280652,1,1e-05
115468,1,1e-05
90756,1,1e-05
687957,1,1e-05
210619,1,1e-05
91088,1,1e-05
240135,1,1e-05
751404,1,1e-05
301052,1,1e-05
220228,1,1e-05
249054,1,1e-05
828695,1,1e-05
270497,1,1e-05
60340,1,1e-05
323425,1,1e-05
648984,1,1e-05
57408,1,1e-05
801549,1,1e-05
784880,1,1e-05
330619,1,1e-05
21086,1,1e-05
270785,1,1e-05
310958,1,1e-05
765649,1,1e-05
143465,1,1e-05
20419,1,1e-05
731198,1,1e-05
785593,1,1e-05
148507,1,1e-05
210153,1,1e-05
588107,1,1e-05
675270,1,1e-05
50801,1,1e-05
250382,1,1e-05
576623,1,1e-05
221143,1,1e-05
796902,1,1e-05
21173,1,1e-05
70156,1,1e-05
250462,1,1e-05
300945,1,1e-05
720801,1,1e-05
64165,1,1e-05
91042,1,1e-05
385260,1,1e-05
221065,1,1e-05
136289,1,1e-05
828119,1,1e-05
919099,1,1e-05
831814,1,1e-05
250460,1,1e-05
291249,1,1e-05
333830,1,1e-05
523734,1,1e-05
537990,1,1e-05
301123,1,1e-05
71128,1,1e-05
57162,1,1e-05
280692,1,1e-05
382749,1,1e-05
797126,1,1e-05
1244,1,1e-05
826490,1,1e-05
449730,1,1e-05
402003,1,1e-05
747293,1,1e-05
587255,1,1e-05
357462,1,1e-05
11212,1,1e-05
512982,1,1e-05
147872,1,1e-05
130756,1,1e-05
569778,1,1e-05
855202,1,1e-05
706762,1,1e-05
356085,1,1e-05
121020,1,1e-05
60904,1,1e-05
110538,1,1e-05
130131,1,1e-05
260767,1,1e-05
208105,1,1e-05
301168,1,1e-05
181045,1,1e-05
290452,1,1e-05
521047,1,1e-05
111037,1,1e-05
859333,1,1e-05
161151,1,1e-05
81289,1,1e-05
356700,1,1e-05
866555,1,1e-05
525100,1,1e-05
887702,1,1e-05
260701,1,1e-05
200392,1,1e-05
104290,1,1e-05
142624,1,1e-05
516016,1,1e-05
765531,1,1e-05
310238,1,1e-05
321540,1,1e-05
535516,1,1e-05
280212,1,1e-05
80232,1,1e-05
181218,1,1e-05
139907,1,1e-05
194045,1,1e-05
578835,1,1e-05
880300,1,1e-05
282967,1,1e-05
60448,1,1e-05
60259,1,1e-05
60718,1,1e-05
512373,1,1e-05
764603,1,1e-05
817441,1,1e-05
213691,1,1e-05
260523,1,1e-05
725444,1,1e-05
768018,1,1e-05
241212,1,1e-05
464059,1,1e-05
301074,1,1e-05
954549,1,1e-05
280968,1,1e-05
439410,1,1e-05
180293,1,1e-05
472539,1,1e-05
277167,1,1e-05
81076,1,1e-05
554409,1,1e-05
949034,1,1e-05
80357,1,1e-05
10730,1,1e-05
577391,1,1e-05
637349,1,1e-05
951434,1,1e-05
20570,1,1e-05
853828,1,1e-05
15068,1,1e-05
344013,1,1e-05
200570,1,1e-05
875372,1,1e-05
160978,1,1e-05
553772,1,1e-05
200255,1,1e-05
740000,1,1e-05
80434,1,1e-05
90753,1,1e-05
835680,1,1e-05
635466,1,1e-05
271081,1,1e-05
476849,1,1e-05
817762,1,1e-05
170313,1,1e-05
887070,1,1e-05
892574,1,1e-05
954742,1,1e-05
100739,1,1e-05
310204,1,1e-05
240892,1,1e-05
362156,1,1e-05
506305,1,1e-05
120905,1,1e-05
205227,1,1e-05
845187,1,1e-05
241094,1,1e-05
30694,1,1e-05
255836,1,1e-05
199171,1,1e-05
70961,1,1e-05
190431,1,1e-05
110580,1,1e-05
870191,1,1e-05
20347,1,1e-05
396318,1,1e-05
663621,1,1e-05
142955,1,1e-05
181187,1,1e-05
191295,1,1e-05
645920,1,1e-05
90459,1,1e-05
255571,1,1e-05
674545,1,1e-05
899269,1,1e-05
752359,1,1e-05
741165,1,1e-05
251770,1,1e-05
936652,1,1e-05
280328,1,1e-05
270618,1,1e-05
802572,1,1e-05
978678,1,1e-05
81074,1,1e-05
131062,1,1e-05
503264,1,1e-05
327203,1,1e-05
10537,1,1e-05
122677,1,1e-05
94655,1,1e-05
779565,1,1e-05
525426,1,1e-05
634763,1,1e-05
180902,1,1e-05
260653,1,1e-05
559342,1,1e-05
558936,1,1e-05
271041,1,1e-05
214073,1,1e-05
739141,1,1e-05
251213,1,1e-05
918765,1,1e-05
100620,1,1e-05
707562,1,1e-05
44296,1,1e-05
585580,1,1e-05
170883,1,1e-05
171049,1,1e-05
180365,1,1e-05
123119,1,1e-05
992714,1,1e-05
991352,1,1e-05
740070,1,1e-05
431869,1,1e-05
274259,1,1e-05
118842,1,1e-05
210909,1,1e-05
937068,1,1e-05
200953,1,1e-05
558031,1,1e-05
50481,1,1e-05
175177,1,1e-05
970444,1,1e-05
100925,1,1e-05
936738,1,1e-05
110425,1,1e-05
200870,1,1e-05
755410,1,1e-05
57662,1,1e-05
447730,1,1e-05
58797,1,1e-05
575078,1,1e-05
240181,1,1e-05
865647,1,1e-05
160403,1,1e-05
503613,1,1e-05
474600,1,1e-05
280399,1,1e-05
900077,1,1e-05
80345,1,1e-05
422695,1,1e-05
70166,1,1e-05
121155,1,1e-05
799018,1,1e-05
124660,1,1e-05
113008,1,1e-05
650791,1,1e-05
15260,1,1e-05
523108,1,1e-05
513278,1,1e-05
934051,1,1e-05
513287,1,1e-05
40468,1,1e-05
161489,1,1e-05
176439,1,1e-05
160769,1,1e-05
482047,1,1e-05
673000,1,1e-05
212704,1,1e-05
434133,1,1e-05
110243,1,1e-05
678408,1,1e-05
111021,1,1e-05
896348,1,1e-05
20379,1,1e-05
698705,1,1e-05
160418,1,1e-05
300497,1,1e-05
260734,1,1e-05
353006,1,1e-05
845090,1,1e-05
709523,1,1e-05
138768,1,1e-05
233253,1,1e-05
189879,1,1e-05
516287,1,1e-05
508785,1,1e-05
41234,1,1e-05
948457,1,1e-05
439310,1,1e-05
164761,1,1e-05
140880,1,1e-05
287533,1,1e-05
20608,1,1e-05
81816,1,1e-05
20388,1,1e-05
436440,1,1e-05
371773,1,1e-05
300816,1,1e-05
683833,1,1e-05
158177,1,1e-05
644477,1,1e-05
631546,1,1e-05
395763,1,1e-05
210180,1,1e-05
987533,1,1e-05
70499,1,1e-05
205266,1,1e-05
206864,1,1e-05
210826,1,1e-05
280610,1,1e-05
653994,1,1e-05
130406,1,1e-05
234690,1,1e-05
386300,1,1e-05
746509,1,1e-05
20389,1,1e-05
40714,1,1e-05
150739,1,1e-05
290234,1,1e-05
479847,1,1e-05
40537,1,1e-05
230656,1,1e-05
143198,1,1e-05
556014,1,1e-05
482626,1,1e-05
161041,1,1e-05
24665,1,1e-05
921023,1,1e-05
110318,1,1e-05
643162,1,1e-05
331363,1,1e-05
210551,1,1e-05
393686,1,1e-05
46146,1,1e-05
553009,1,1e-05
535082,1,1e-05
260744,1,1e-05
200998,1,1e-05
610116,1,1e-05
897777,1,1e-05
111143,1,1e-05
240553,1,1e-05
803944,1,1e-05
839752,1,1e-05
121619,1,1e-05
113245,1,1e-05
673317,1,1e-05
190717,1,1e-05
50234,1,1e-05
191010,1,1e-05
248278,1,1e-05
352723,1,1e-05
100610,1,1e-05
114354,1,1e-05
300877,1,1e-05
311232,1,1e-05
290909,1,1e-05
290268,1,1e-05
932476,1,1e-05
714824,1,1e-05
160416,1,1e-05
254688,1,1e-05
101731,1,1e-05
220993,1,1e-05
896951,1,1e-05
90998,1,1e-05
44440,1,1e-05
708416,1,1e-05
310408,1,1e-05
177354,1,1e-05
151022,1,1e-05
644836,1,1e-05
50116,1,1e-05
339250,1,1e-05
220784,1,1e-05
300577,1,1e-05
270108,1,1e-05
65543,1,1e-05
992452,1,1e-05
615981,1,1e-05
181157,1,1e-05
745147,1,1e-05
167512,1,1e-05
40705,1,1e-05
208130,1,1e-05
77944,1,1e-05
150272,1,1e-05
713763,1,1e-05
130598,1,1e-05
976453,1,1e-05
596214,1,1e-05
75083,1,1e-05
92632,1,1e-05
121131,1,1e-05
61104,1,1e-05
8091,1,1e-05
4040,1,1e-05
290717,1,1e-05
128518,1,1e-05
122189,1,1e-05
350993,1,1e-05
711201,1,1e-05
825925,1,1e-05
969142,1,1e-05
198657,1,1e-05
377906,1,1e-05
659672,1,1e-05
216441,1,1e-05
359206,1,1e-05
465693,1,1e-05
211135,1,1e-05
812544,1,1e-05
842512,1,1e-05
854448,1,1e-05
859885,1,1e-05
11030,1,1e-05
570257,1,1e-05
709961,1,1e-05
198637,1,1e-05
533381,1,1e-05
213036,1,1e-05
188029,1,1e-05
289273,1,1e-05
963615,1,1e-05
283047,1,1e-05
113870,1,1e-05
231999,1,1e-05
60210,1,1e-05
84396,1,1e-05
754663,1,1e-05
664580,1,1e-05
301142,1,1e-05
652867,1,1e-05
693821,1,1e-05
275969,1,1e-05
865529,1,1e-05
678892,1,1e-05
310106,1,1e-05
240521,1,1e-05
81211,1,1e-05
844647,1,1e-05
626777,1,1e-05
26405,1,1e-05
260571,1,1e-05
372058,1,1e-05
93685,1,1e-05
25685,1,1e-05
609383,1,1e-05
346931,1,1e-05
689716,1,1e-05
130444,1,1e-05
241106,1,1e-05
834747,1,1e-05
355769,1,1e-05
575280,1,1e-05
583658,1,1e-05
892644,1,1e-05
190485,1,1e-05
694484,1,1e-05
145693,1,1e-05
229944,1,1e-05
829429,1,1e-05
474940,1,1e-05
381014,1,1e-05
180905,1,1e-05
924838,1,1e-05
9165,1,1e-05
522406,1,1e-05
994599,1,1e-05
191122,1,1e-05
490672,1,1e-05
205970,1,1e-05
425290,1,1e-05
230781,1,1e-05
935096,1,1e-05
776408,1,1e-05
995772,1,1e-05
763370,1,1e-05
711638,1,1e-05
42036,1,1e-05
889951,1,1e-05
50274,1,1e-05
592677,1,1e-05
388418,1,1e-05
30584,1,1e-05
180372,1,1e-05
25625,1,1e-05
190442,1,1e-05
230674,1,1e-05
170452,1,1e-05
205785,1,1e-05
10333,1,1e-05
141699,1,1e-05
67360,1,1e-05
908850,1,1e-05
30423,1,1e-05
51337,1,1e-05
300917,1,1e-05
207070,1,1e-05
261148,1,1e-05
370944,1,1e-05
190847,1,1e-05
291247,1,1e-05
417450,1,1e-05
122606,1,1e-05
210462,1,1e-05
60679,1,1e-05
570653,1,1e-05
864283,1,1e-05
121280,1,1e-05
987848,1,1e-05
454328,1,1e-05
499343,1,1e-05
837267,1,1e-05
30195,1,1e-05
190845,1,1e-05
733287,1,1e-05
438842,1,1e-05
574562,1,1e-05
858256,1,1e-05
74158,1,1e-05
312356,1,1e-05
301184,1,1e-05
120201,1,1e-05
427525,1,1e-05
280508,1,1e-05
335703,1,1e-05
486754,1,1e-05
160301,1,1e-05
210793,1,1e-05
753292,1,1e-05
319609,1,1e-05
50742,1,1e-05
310923,1,1e-05
983059,1,1e-05
140473,1,1e-05
965548,1,1e-05
430094,1,1e-05
212827,1,1e-05
722708,1,1e-05
61177,1,1e-05
70637,1,1e-05
250533,1,1e-05
126994,1,1e-05
796445,1,1e-05
654664,1,1e-05
130282,1,1e-05
932420,1,1e-05
11205,1,1e-05
40736,1,1e-05
210219,1,1e-05
768753,1,1e-05
991137,1,1e-05
362047,1,1e-05
304962,1,1e-05
254381,1,1e-05
149148,1,1e-05
90237,1,1e-05
158158,1,1e-05
995052,1,1e-05
71524,1,1e-05
472170,1,1e-05
305502,1,1e-05
211207,1,1e-05
260518,1,1e-05
430454,1,1e-05
858201,1,1e-05
729337,1,1e-05
410090,1,1e-05
210805,1,1e-05
493455,1,1e-05
176075,1,1e-05
90997,1,1e-05
140851,1,1e-05
483895,1,1e-05
20203,1,1e-05
271206,1,1e-05
624861,1,1e-05
725140,1,1e-05
170605,1,1e-05
445116,1,1e-05
973207,1,1e-05
899644,1,1e-05
32572,1,1e-05
857065,1,1e-05
124121,1,1e-05
729897,1,1e-05
549636,1,1e-05
623965,1,1e-05
584948,1,1e-05
275453,1,1e-05
140318,1,1e-05
648872,1,1e-05
535253,1,1e-05
807220,1,1e-05
252600,1,1e-05
635918,1,1e-05
462299,1,1e-05
271038,1,1e-05
280769,1,1e-05
160181,1,1e-05
93745,1,1e-05
816660,1,1e-05
822110,1,1e-05
160858,1,1e-05
43243,1,1e-05
855276,1,1e-05
487612,1,1e-05
280466,1,1e-05
886391,1,1e-05
190336,1,1e-05
747765,1,1e-05
30889,1,1e-05
642775,1,1e-05
60944,1,1e-05
210493,1,1e-05
161888,1,1e-05
60601,1,1e-05
69657,1,1e-05
321786,1,1e-05
220251,1,1e-05
686049,1,1e-05
30157,1,1e-05
157257,1,1e-05
441439,1,1e-05
100505,1,1e-05
250529,1,1e-05
629808,1,1e-05
140183,1,1e-05
414423,1,1e-05
120957,1,1e-05
308298,1,1e-05
90322,1,1e-05
341008,1,1e-05
862490,1,1e-05
192752,1,1e-05
60212,1,1e-05
160326,1,1e-05
746912,1,1e-05
685823,1,1e-05
352225,1,1e-05
200466,1,1e-05
50223,1,1e-05
937747,1,1e-05
374268,1,1e-05
190876,1,1e-05
140222,1,1e-05
30386,1,1e-05
688451,1,1e-05
626520,1,1e-05
235234,1,1e-05
41442,1,1e-05
223426,1,1e-05
540260,1,1e-05
44053,1,1e-05
338026,1,1e-05
475842,1,1e-05
30841,1,1e-05
61296,1,1e-05
181206,1,1e-05
752017,1,1e-05
936354,1,1e-05
161172,1,1e-05
463946,1,1e-05
300933,1,1e-05
795240,1,1e-05
90787,1,1e-05
857867,1,1e-05
151088,1,1e-05
51085,1,1e-05
130723,1,1e-05
230547,1,1e-05
241093,1,1e-05
110708,1,1e-05
150986,1,1e-05
110948,1,1e-05
191278,1,1e-05
30938,1,1e-05
731009,1,1e-05
777990,1,1e-05
231194,1,1e-05
829396,1,1e-05
170194,1,1e-05
667745,1,1e-05
111210,1,1e-05
972838,1,1e-05
108525,1,1e-05
270450,1,1e-05
173371,1,1e-05
195585,1,1e-05
284535,1,1e-05
889266,1,1e-05
911358,1,1e-05
964437,1,1e-05
312933,1,1e-05
210134,1,1e-05
130270,1,1e-05
170938,1,1e-05
160753,1,1e-05
852122,1,1e-05
40243,1,1e-05
355238,1,1e-05
103979,1,1e-05
203331,1,1e-05
240527,1,1e-05
676877,1,1e-05
913261,1,1e-05
263080,1,1e-05
861505,1,1e-05
279423,1,1e-05
120578,1,1e-05
100298,1,1e-05
281251,1,1e-05
808647,1,1e-05
80769,1,1e-05
440645,1,1e-05
60873,1,1e-05
941654,1,1e-05
650454,1,1e-05
995360,1,1e-05
533677,1,1e-05
185965,1,1e-05
250582,1,1e-05
354450,1,1e-05
554382,1,1e-05
766286,1,1e-05
551522,1,1e-05
101163,1,1e-05
868504,1,1e-05
206079,1,1e-05
101201,1,1e-05
718114,1,1e-05
269001,1,1e-05
210129,1,1e-05
387199,1,1e-05
249396,1,1e-05
70807,1,1e-05
290186,1,1e-05
880175,1,1e-05
130766,1,1e-05
26954,1,1e-05
700710,1,1e-05
240727,1,1e-05
781175,1,1e-05
842828,1,1e-05
141198,1,1e-05
16771,1,1e-05
968954,1,1e-05
464210,1,1e-05
750416,1,1e-05
110614,1,1e-05
91103,1,1e-05
613001,1,1e-05
50540,1,1e-05
636449,1,1e-05
170574,1,1e-05
170179,1,1e-05
110838,1,1e-05
780402,1,1e-05
91099,1,1e-05
729943,1,1e-05
80584,1,1e-05
10855,1,1e-05
270528,1,1e-05
452474,1,1e-05
548650,1,1e-05
71729,1,1e-05
375145,1,1e-05
141015,1,1e-05
215950,1,1e-05
547052,1,1e-05
703648,1,1e-05
290120,1,1e-05
455622,1,1e-05
649477,1,1e-05
426490,1,1e-05
521312,1,1e-05
197626,1,1e-05
714672,1,1e-05
957123,1,1e-05
60886,1,1e-05
456048,1,1e-05
260537,1,1e-05
881299,1,1e-05
387409,1,1e-05
222300,1,1e-05
202936,1,1e-05
270500,1,1e-05
308375,1,1e-05
160230,1,1e-05
151244,1,1e-05
154618,1,1e-05
112794,1,1e-05
431177,1,1e-05
849403,1,1e-05
290981,1,1e-05
721646,1,1e-05
638906,1,1e-05
302697,1,1e-05
129860,1,1e-05
776036,1,1e-05
117682,1,1e-05
190706,1,1e-05
190410,1,1e-05
978373,1,1e-05
250290,1,1e-05
655137,1,1e-05
60410,1,1e-05
262645,1,1e-05
210386,1,1e-05
820423,1,1e-05
941936,1,1e-05
886347,1,1e-05
802812,1,1e-05
201052,1,1e-05
60675,1,1e-05
217891,1,1e-05
89323,1,1e-05
631007,1,1e-05
30942,1,1e-05
14466,1,1e-05
571363,1,1e-05
17274,1,1e-05
567858,1,1e-05
317677,1,1e-05
774672,1,1e-05
951773,1,1e-05
19671,1,1e-05
914387,1,1e-05
230244,1,1e-05
260587,1,1e-05
988707,1,1e-05
121029,1,1e-05
20539,1,1e-05
280261,1,1e-05
128504,1,1e-05
570557,1,1e-05
441661,1,1e-05
552671,1,1e-05
170127,1,1e-05
111075,1,1e-05
380453,1,1e-05
260968,1,1e-05
291275,1,1e-05
830353,1,1e-05
140924,1,1e-05
396371,1,1e-05
482016,1,1e-05
280404,1,1e-05
30227,1,1e-05
989833,1,1e-05
30833,1,1e-05
21146,1,1e-05
170514,1,1e-05
371985,1,1e-05
290429,1,1e-05
250691,1,1e-05
196778,1,1e-05
757023,1,1e-05
120743,1,1e-05
90730,1,1e-05
831242,1,1e-05
84752,1,1e-05
651286,1,1e-05
916629,1,1e-05
280356,1,1e-05
541224,1,1e-05
575850,1,1e-05
530033,1,1e-05
180739,1,1e-05
200199,1,1e-05
911267,1,1e-05
654564,1,1e-05
229626,1,1e-05
583287,1,1e-05
93687,1,1e-05
140609,1,1e-05
832130,1,1e-05
312853,1,1e-05
173646,1,1e-05
151251,1,1e-05
732100,1,1e-05
437805,1,1e-05
240529,1,1e-05
871408,1,1e-05
240620,1,1e-05
250663,1,1e-05
490456,1,1e-05
789907,1,1e-05
668149,1,1e-05
9131,1,1e-05
50458,1,1e-05
308496,1,1e-05
21735,1,1e-05
61083,1,1e-05
130262,1,1e-05
395132,1,1e-05
342682,1,1e-05
798817,1,1e-05
154455,1,1e-05
881943,1,1e-05
425011,1,1e-05
995071,1,1e-05
90272,1,1e-05
930699,1,1e-05
290779,1,1e-05
712467,1,1e-05
169746,1,1e-05
270666,1,1e-05
100185,1,1e-05
181204,1,1e-05
201244,1,1e-05
111049,1,1e-05
371201,1,1e-05
800333,1,1e-05
160908,1,1e-05
181014,1,1e-05
800170,1,1e-05
542973,1,1e-05
87786,1,1e-05
558912,1,1e-05
81223,1,1e-05
358658,1,1e-05
90229,1,1e-05
624194,1,1e-05
543660,1,1e-05
494048,1,1e-05
322428,1,1e-05
260219,1,1e-05
419403,1,1e-05
60180,1,1e-05
4999,1,1e-05
61064,1,1e-05
90454,1,1e-05
605191,1,1e-05
445061,1,1e-05
526381,1,1e-05
317977,1,1e-05
681475,1,1e-05
695935,1,1e-05
270336,1,1e-05
337474,1,1e-05
25687,1,1e-05
20257,1,1e-05
301098,1,1e-05
801430,1,1e-05
978122,1,1e-05
311184,1,1e-05
271168,1,1e-05
280327,1,1e-05
31068,1,1e-05
333563,1,1e-05
414661,1,1e-05
101952,1,1e-05
121139,1,1e-05
939689,1,1e-05
110457,1,1e-05
321475,1,1e-05
469880,1,1e-05
875528,1,1e-05
220588,1,1e-05
30801,1,1e-05
575033,1,1e-05
779097,1,1e-05
95073,1,1e-05
785050,1,1e-05
400620,1,1e-05
473843,1,1e-05
231100,1,1e-05
757827,1,1e-05
507908,1,1e-05
345905,1,1e-05
21254,1,1e-05
831363,1,1e-05
60918,1,1e-05
416941,1,1e-05
30325,1,1e-05
696014,1,1e-05
871140,1,1e-05
439653,1,1e-05
419860,1,1e-05
250100,1,1e-05
944833,1,1e-05
946550,1,1e-05
880605,1,1e-05
847570,1,1e-05
40265,1,1e-05
327028,1,1e-05
291208,1,1e-05
230459,1,1e-05
40369,1,1e-05
310566,1,1e-05
280798,1,1e-05
968953,1,1e-05
123227,1,1e-05
45852,1,1e-05
789652,1,1e-05
391606,1,1e-05
916368,1,1e-05
110358,1,1e-05
448719,1,1e-05
956706,1,1e-05
70176,1,1e-05
540732,1,1e-05
508502,1,1e-05
100369,1,1e-05
915378,1,1e-05
230791,1,1e-05
489367,1,1e-05
658006,1,1e-05
77695,1,1e-05
374296,1,1e-05
671899,1,1e-05
11175,1,1e-05
972216,1,1e-05
60457,1,1e-05
241029,1,1e-05
151066,1,1e-05
170717,1,1e-05
254225,1,1e-05
111089,1,1e-05
340418,1,1e-05
45701,1,1e-05
131469,1,1e-05
140439,1,1e-05
270816,1,1e-05
350768,1,1e-05
640861,1,1e-05
447541,1,1e-05
216822,1,1e-05
120451,1,1e-05
288347,1,1e-05
270191,1,1e-05
109186,1,1e-05
615623,1,1e-05
223260,1,1e-05
889283,1,1e-05
71014,1,1e-05
506714,1,1e-05
280706,1,1e-05
117823,1,1e-05
941905,1,1e-05
332658,1,1e-05
120319,1,1e-05
268975,1,1e-05
981304,1,1e-05
499449,1,1e-05
611682,1,1e-05
238825,1,1e-05
665238,1,1e-05
573247,1,1e-05
131123,1,1e-05
994333,1,1e-05
673973,1,1e-05
252497,1,1e-05
310942,1,1e-05
266000,1,1e-05
444754,1,1e-05
905765,1,1e-05
313834,1,1e-05
310867,1,1e-05
848171,1,1e-05
106961,1,1e-05
654725,1,1e-05
536054,1,1e-05
60719,1,1e-05
60929,1,1e-05
191170,1,1e-05
892628,1,1e-05
230900,1,1e-05
710136,1,1e-05
767123,1,1e-05
310491,1,1e-05
991114,1,1e-05
160673,1,1e-05
397217,1,1e-05
325585,1,1e-05
122001,1,1e-05
211093,1,1e-05
140381,1,1e-05
624692,1,1e-05
294526,1,1e-05
464667,1,1e-05
311136,1,1e-05
854310,1,1e-05
592306,1,1e-05
927170,1,1e-05
60634,1,1e-05
221008,1,1e-05
345457,1,1e-05
270483,1,1e-05
190441,1,1e-05
170749,1,1e-05
60165,1,1e-05
216745,1,1e-05
240946,1,1e-05
186981,1,1e-05
638788,1,1e-05
200653,1,1e-05
802889,1,1e-05
34272,1,1e-05
130986,1,1e-05
151245,1,1e-05
50654,1,1e-05
341243,1,1e-05
151091,1,1e-05
101164,1,1e-05
849858,1,1e-05
668804,1,1e-05
876096,1,1e-05
60425,1,1e-05
59026,1,1e-05
923131,1,1e-05
126088,1,1e-05
80254,1,1e-05
671690,1,1e-05
190591,1,1e-05
65821,1,1e-05
564737,1,1e-05
432371,1,1e-05
520912,1,1e-05
367204,1,1e-05
925312,1,1e-05
248555,1,1e-05
50377,1,1e-05
110758,1,1e-05
110520,1,1e-05
250231,1,1e-05
196076,1,1e-05
140658,1,1e-05
828631,1,1e-05
396447,1,1e-05
919897,1,1e-05
270953,1,1e-05
40720,1,1e-05
48499,1,1e-05
201204,1,1e-05
230441,1,1e-05
293721,1,1e-05
28516,1,1e-05
617434,1,1e-05
397800,1,1e-05
87939,1,1e-05
50719,1,1e-05
438089,1,1e-05
837282,1,1e-05
174153,1,1e-05
20229,1,1e-05
259077,1,1e-05
161175,1,1e-05
180787,1,1e-05
494677,1,1e-05
240083,1,1e-05
190151,1,1e-05
250498,1,1e-05
638999,1,1e-05
339022,1,1e-05
866191,1,1e-05
849628,1,1e-05
403856,1,1e-05
270331,1,1e-05
860871,1,1e-05
301166,1,1e-05
110155,1,1e-05
507422,1,1e-05
617766,1,1e-05
650321,1,1e-05
40498,1,1e-05
497047,1,1e-05
36759,1,1e-05
208996,1,1e-05
496894,1,1e-05
289086,1,1e-05
140365,1,1e-05
686379,1,1e-05
389019,1,1e-05
50464,1,1e-05
213243,1,1e-05
620554,1,1e-05
61124,1,1e-05
794,1,1e-05
130734,1,1e-05
50967,1,1e-05
26755,1,1e-05
602939,1,1e-05
281304,1,1e-05
705565,1,1e-05
109762,1,1e-05
310351,1,1e-05
60804,1,1e-05
140960,1,1e-05
40292,1,1e-05
311175,1,1e-05
545798,1,1e-05
492173,1,1e-05
160770,1,1e-05
401301,1,1e-05
95663,1,1e-05
91348,1,1e-05
300962,1,1e-05
491233,1,1e-05
53971,1,1e-05
308517,1,1e-05
539736,1,1e-05
300704,1,1e-05
152757,1,1e-05
70989,1,1e-05
843843,1,1e-05
190192,1,1e-05
626080,1,1e-05
231006,1,1e-05
619227,1,1e-05
838859,1,1e-05
663142,1,1e-05
724055,1,1e-05
978544,1,1e-05
190688,1,1e-05
811065,1,1e-05
21275,1,1e-05
538445,1,1e-05
849325,1,1e-05
311443,1,1e-05
493617,1,1e-05
833029,1,1e-05
756061,1,1e-05
149587,1,1e-05
415221,1,1e-05
958912,1,1e-05
916121,1,1e-05
426316,1,1e-05
41014,1,1e-05
230713,1,1e-05
150852,1,1e-05
211435,1,1e-05
311262,1,1e-05
290151,1,1e-05
48119,1,1e-05
124397,1,1e-05
700994,1,1e-05
290765,1,1e-05
583494,1,1e-05
943243,1,1e-05
140628,1,1e-05
291451,1,1e-05
645328,1,1e-05
921822,1,1e-05
825094,1,1e-05
899513,1,1e-05
595397,1,1e-05
331592,1,1e-05
859279,1,1e-05
31257,1,1e-05
69188,1,1e-05
190645,1,1e-05
280697,1,1e-05
794023,1,1e-05
590604,1,1e-05
438414,1,1e-05
266200,1,1e-05
575936,1,1e-05
203142,1,1e-05
95321,1,1e-05
220637,1,1e-05
270185,1,1e-05
105287,1,1e-05
40424,1,1e-05
59095,1,1e-05
174698,1,1e-05
268551,1,1e-05
80550,1,1e-05
597741,1,1e-05
85396,1,1e-05
629411,1,1e-05
376434,1,1e-05
195161,1,1e-05
163615,1,1e-05
160988,1,1e-05
553262,1,1e-05
31183,1,1e-05
173148,1,1e-05
165360,1,1e-05
694179,1,1e-05
471462,1,1e-05
18590,1,1e-05
171238,1,1e-05
300546,1,1e-05
50853,1,1e-05
778627,1,1e-05
882507,1,1e-05
357860,1,1e-05
558762,1,1e-05
443496,1,1e-05
941016,1,1e-05
702430,1,1e-05
150879,1,1e-05
870019,1,1e-05
738203,1,1e-05
20887,1,1e-05
384812,1,1e-05
717159,1,1e-05
350878,1,1e-05
801392,1,1e-05
973508,1,1e-05
402259,1,1e-05
260416,1,1e-05
927628,1,1e-05
362104,1,1e-05
41084,1,1e-05
310325,1,1e-05
230875,1,1e-05
589958,1,1e-05
91007,1,1e-05
398768,1,1e-05
757125,1,1e-05
960698,1,1e-05
958013,1,1e-05
170110,1,1e-05
231153,1,1e-05
566324,1,1e-05
749668,1,1e-05
111038,1,1e-05
10253,1,1e-05
224176,1,1e-05
775540,1,1e-05
402762,1,1e-05
527416,1,1e-05
92013,1,1e-05
160645,1,1e-05
957976,1,1e-05
205068,1,1e-05
290343,1,1e-05
674335,1,1e-05
323992,1,1e-05
245520,1,1e-05
457473,1,1e-05
130533,1,1e-05
73824,1,1e-05
80289,1,1e-05
399693,1,1e-05
90154,1,1e-05
141099,1,1e-05
457334,1,1e-05
230564,1,1e-05
140474,1,1e-05
120764,1,1e-05
641146,1,1e-05
311032,1,1e-05
956338,1,1e-05
50674,1,1e-05
241910,1,1e-05
720755,1,1e-05
50305,1,1e-05
318338,1,1e-05
434975,1,1e-05
573088,1,1e-05
635019,1,1e-05
896273,1,1e-05
190221,1,1e-05
273375,1,1e-05
60107,1,1e-05
343217,1,1e-05
210868,1,1e-05
188877,1,1e-05
261212,1,1e-05
370720,1,1e-05
239261,1,1e-05
175836,1,1e-05
351698,1,1e-05
262902,1,1e-05
338708,1,1e-05
140426,1,1e-05
81260,1,1e-05
18409,1,1e-05
170972,1,1e-05
61065,1,1e-05
855292,1,1e-05
51187,1,1e-05
199451,1,1e-05
160242,1,1e-05
90245,1,1e-05
465421,1,1e-05
878436,1,1e-05
211092,1,1e-05
90190,1,1e-05
10586,1,1e-05
140635,1,1e-05
617442,1,1e-05
140510,1,1e-05
530828,1,1e-05
60959,1,1e-05
250112,1,1e-05
141082,1,1e-05
677791,1,1e-05
60222,1,1e-05
948404,1,1e-05
71239,1,1e-05
495049,1,1e-05
154412,1,1e-05
405732,1,1e-05
424479,1,1e-05
20468,1,1e-05
298596,1,1e-05
101137,1,1e-05
245132,1,1e-05
572218,1,1e-05
385765,1,1e-05
200107,1,1e-05
468441,1,1e-05
345134,1,1e-05
214904,1,1e-05
399474,1,1e-05
853675,1,1e-05
763272,1,1e-05
50724,1,1e-05
170210,1,1e-05
112307,1,1e-05
235692,1,1e-05
402969,1,1e-05
816310,1,1e-05
147770,1,1e-05
668742,1,1e-05
70135,1,1e-05
548632,1,1e-05
150171,1,1e-05
80951,1,1e-05
240906,1,1e-05
805092,1,1e-05
170751,1,1e-05
60423,1,1e-05
98678,1,1e-05
280667,1,1e-05
597072,1,1e-05
876296,1,1e-05
17032,1,1e-05
225052,1,1e-05
50893,1,1e-05
665905,1,1e-05
228577,1,1e-05
516995,1,1e-05
36234,1,1e-05
170195,1,1e-05
875364,1,1e-05
897564,1,1e-05
281249,1,1e-05
81228,1,1e-05
310254,1,1e-05
10938,1,1e-05
840497,1,1e-05
674154,1,1e-05
795131,1,1e-05
212664,1,1e-05
271179,1,1e-05
10785,1,1e-05
549997,1,1e-05
265840,1,1e-05
67006,1,1e-05
902257,1,1e-05
270602,1,1e-05
637354,1,1e-05
315649,1,1e-05
51246,1,1e-05
447374,1,1e-05
837713,1,1e-05
534712,1,1e-05
721176,1,1e-05
10134,1,1e-05
271073,1,1e-05
41067,1,1e-05
221771,1,1e-05
339661,1,1e-05
548556,1,1e-05
625720,1,1e-05
20724,1,1e-05
200478,1,1e-05
584027,1,1e-05
151115,1,1e-05
61237,1,1e-05
760105,1,1e-05
932185,1,1e-05
671214,1,1e-05
521231,1,1e-05
904485,1,1e-05
242060,1,1e-05
131734,1,1e-05
190264,1,1e-05
232162,1,1e-05
207480,1,1e-05
30649,1,1e-05
372192,1,1e-05
353337,1,1e-05
201274,1,1e-05
260264,1,1e-05
234245,1,1e-05
302943,1,1e-05
998411,1,1e-05
748237,1,1e-05
211284,1,1e-05
70672,1,1e-05
975522,1,1e-05
895829,1,1e-05
271104,1,1e-05
78983,1,1e-05
90666,1,1e-05
140896,1,1e-05
989016,1,1e-05
298296,1,1e-05
310808,1,1e-05
60686,1,1e-05
420867,1,1e-05
130596,1,1e-05
21169,1,1e-05
280267,1,1e-05
290587,1,1e-05
235306,1,1e-05
499511,1,1e-05
686474,1,1e-05
674477,1,1e-05
310190,1,1e-05
592355,1,1e-05
674822,1,1e-05
308921,1,1e-05
476205,1,1e-05
261304,1,1e-05
178378,1,1e-05
280275,1,1e-05
658907,1,1e-05
221101,1,1e-05
652239,1,1e-05
961752,1,1e-05
5603,1,1e-05
250450,1,1e-05
232328,1,1e-05
295928,1,1e-05
40708,1,1e-05
784827,1,1e-05
230393,1,1e-05
140886,1,1e-05
260572,1,1e-05
85089,1,1e-05
840414,1,1e-05
141093,1,1e-05
30514,1,1e-05
968446,1,1e-05
475498,1,1e-05
70313,1,1e-05
190559,1,1e-05
23146,1,1e-05
110803,1,1e-05
100327,1,1e-05
30870,1,1e-05
290380,1,1e-05
152558,1,1e-05
230282,1,1e-05
790138,1,1e-05
180301,1,1e-05
170722,1,1e-05
644857,1,1e-05
230736,1,1e-05
216869,1,1e-05
837464,1,1e-05
454435,1,1e-05
512572,1,1e-05
707206,1,1e-05
31194,1,1e-05
180248,1,1e-05
70522,1,1e-05
249201,1,1e-05
140465,1,1e-05
696675,1,1e-05
71077,1,1e-05
958855,1,1e-05
10678,1,1e-05
170919,1,1e-05
131091,1,1e-05
491907,1,1e-05
446069,1,1e-05
105371,1,1e-05
636504,1,1e-05
74509,1,1e-05
21296,1,1e-05
662880,1,1e-05
90390,1,1e-05
131075,1,1e-05
70673,1,1e-05
120660,1,1e-05
547586,1,1e-05
29917,1,1e-05
346134,1,1e-05
957637,1,1e-05
120726,1,1e-05
823444,1,1e-05
872343,1,1e-05
40623,1,1e-05
636169,1,1e-05
832641,1,1e-05
180415,1,1e-05
170479,1,1e-05
199108,1,1e-05
41992,1,1e-05
311296,1,1e-05
790398,1,1e-05
383154,1,1e-05
711763,1,1e-05
140177,1,1e-05
301037,1,1e-05
833999,1,1e-05
836315,1,1e-05
30349,1,1e-05
969923,1,1e-05
675166,1,1e-05
171130,1,1e-05
160672,1,1e-05
300479,1,1e-05
852762,1,1e-05
183979,1,1e-05
621753,1,1e-05
997714,1,1e-05
100466,1,1e-05
325520,1,1e-05
777471,1,1e-05
140612,1,1e-05
750118,1,1e-05
140225,1,1e-05
300823,1,1e-05
800539,1,1e-05
872798,1,1e-05
101211,1,1e-05
997554,1,1e-05
240676,1,1e-05
722939,1,1e-05
170568,1,1e-05
260360,1,1e-05
393972,1,1e-05
438985,1,1e-05
631021,1,1e-05
100985,1,1e-05
720111,1,1e-05
327316,1,1e-05
69055,1,1e-05
1981,1,1e-05
10632,1,1e-05
701420,1,1e-05
2468,1,1e-05
468277,1,1e-05
975909,1,1e-05
796868,1,1e-05
36949,1,1e-05
180407,1,1e-05
80137,1,1e-05
250249,1,1e-05
111035,1,1e-05
791057,1,1e-05
34669,1,1e-05
843719,1,1e-05
271356,1,1e-05
237854,1,1e-05
831124,1,1e-05
434664,1,1e-05
885567,1,1e-05
191456,1,1e-05
667551,1,1e-05
70483,1,1e-05
648802,1,1e-05
457521,1,1e-05
10216,1,1e-05
150460,1,1e-05
784812,1,1e-05
40966,1,1e-05
310709,1,1e-05
95041,1,1e-05
28360,1,1e-05
270224,1,1e-05
243338,1,1e-05
322806,1,1e-05
241273,1,1e-05
497200,1,1e-05
141059,1,1e-05
291283,1,1e-05
678764,1,1e-05
169331,1,1e-05
897461,1,1e-05
494431,1,1e-05
131586,1,1e-05
877196,1,1e-05
266172,1,1e-05
853259,1,1e-05
162137,1,1e-05
463091,1,1e-05
180222,1,1e-05
128958,1,1e-05
886263,1,1e-05
250475,1,1e-05
791587,1,1e-05
300342,1,1e-05
453175,1,1e-05
463875,1,1e-05
241200,1,1e-05
207756,1,1e-05
444227,1,1e-05
847223,1,1e-05
230294,1,1e-05
284664,1,1e-05
150403,1,1e-05
151214,1,1e-05
805944,1,1e-05
60241,1,1e-05
512144,1,1e-05
585517,1,1e-05
240942,1,1e-05
868402,1,1e-05
270653,1,1e-05
241152,1,1e-05
958856,1,1e-05
524583,1,1e-05
183637,1,1e-05
808960,1,1e-05
120953,1,1e-05
171146,1,1e-05
80497,1,1e-05
110132,1,1e-05
694445,1,1e-05
593172,1,1e-05
436587,1,1e-05
11034,1,1e-05
280834,1,1e-05
20559,1,1e-05
90455,1,1e-05
172054,1,1e-05
70774,1,1e-05
126630,1,1e-05
216335,1,1e-05
50382,1,1e-05
220190,1,1e-05
175720,1,1e-05
161881,1,1e-05
332390,1,1e-05
355191,1,1e-05
697578,1,1e-05
194573,1,1e-05
584156,1,1e-05
225129,1,1e-05
863869,1,1e-05
662889,1,1e-05
604913,1,1e-05
104701,1,1e-05
81034,1,1e-05
210676,1,1e-05
737456,1,1e-05
310692,1,1e-05
664262,1,1e-05
134723,1,1e-05
881813,1,1e-05
80104,1,1e-05
373909,1,1e-05
823316,1,1e-05
21841,1,1e-05
647257,1,1e-05
70905,1,1e-05
813537,1,1e-05
924372,1,1e-05
181234,1,1e-05
50941,1,1e-05
964721,1,1e-05
687265,1,1e-05
326159,1,1e-05
461266,1,1e-05
10493,1,1e-05
140193,1,1e-05
390290,1,1e-05
465195,1,1e-05
27314,1,1e-05
10351,1,1e-05
58185,1,1e-05
200937,1,1e-05
26242,1,1e-05
45383,1,1e-05
70617,1,1e-05
720403,1,1e-05
354592,1,1e-05
860357,1,1e-05
3635,1,1e-05
950709,1,1e-05
514052,1,1e-05
742403,1,1e-05
260987,1,1e-05
258122,1,1e-05
83010,1,1e-05
571542,1,1e-05
536944,1,1e-05
21047,1,1e-05
584818,1,1e-05
435901,1,1e-05
260302,1,1e-05
492745,1,1e-05
256399,1,1e-05
843851,1,1e-05
563347,1,1e-05
916385,1,1e-05
335580,1,1e-05
295074,1,1e-05
867769,1,1e-05
492115,1,1e-05
71178,1,1e-05
674634,1,1e-05
694939,1,1e-05
201102,1,1e-05
962471,1,1e-05
268108,1,1e-05
274345,1,1e-05
290951,1,1e-05
705111,1,1e-05
96866,1,1e-05
551598,1,1e-05
276338,1,1e-05
129656,1,1e-05
30985,1,1e-05
290498,1,1e-05
224174,1,1e-05
964938,1,1e-05
219715,1,1e-05
194280,1,1e-05
230141,1,1e-05
744997,1,1e-05
310642,1,1e-05
18070,1,1e-05
815257,1,1e-05
733411,1,1e-05
632669,1,1e-05
689643,1,1e-05
848544,1,1e-05
609368,1,1e-05
70607,1,1e-05
319909,1,1e-05
655334,1,1e-05
90143,1,1e-05
98141,1,1e-05
60779,1,1e-05
175630,1,1e-05
100976,1,1e-05
878918,1,1e-05
210862,1,1e-05
121127,1,1e-05
596471,1,1e-05
798188,1,1e-05
290740,1,1e-05
487851,1,1e-05
100386,1,1e-05
899109,1,1e-05
193884,1,1e-05
305678,1,1e-05
354596,1,1e-05
881150,1,1e-05
905667,1,1e-05
791455,1,1e-05
159548,1,1e-05
141224,1,1e-05
925119,1,1e-05
433108,1,1e-05
204137,1,1e-05
787613,1,1e-05
240439,1,1e-05
220606,1,1e-05
703958,1,1e-05
976420,1,1e-05
9243,1,1e-05
211283,1,1e-05
669351,1,1e-05
290806,1,1e-05
190673,1,1e-05
696628,1,1e-05
443851,1,1e-05
177376,1,1e-05
30625,1,1e-05
447267,1,1e-05
909567,1,1e-05
140114,1,1e-05
231254,1,1e-05
60958,1,1e-05
226481,1,1e-05
301039,1,1e-05
210230,1,1e-05
385465,1,1e-05
278948,1,1e-05
479814,1,1e-05
744453,1,1e-05
231011,1,1e-05
742026,1,1e-05
355604,1,1e-05
150584,1,1e-05
310937,1,1e-05
482433,1,1e-05
904029,1,1e-05
234012,1,1e-05
130419,1,1e-05
410253,1,1e-05
970,1,1e-05
931307,1,1e-05
609135,1,1e-05
20853,1,1e-05
821345,1,1e-05
230998,1,1e-05
578108,1,1e-05
60681,1,1e-05
40518,1,1e-05
213094,1,1e-05
171273,1,1e-05
858121,1,1e-05
290554,1,1e-05
471247,1,1e-05
968283,1,1e-05
784535,1,1e-05
311026,1,1e-05
175248,1,1e-05
597662,1,1e-05
557183,1,1e-05
7143,1,1e-05
952774,1,1e-05
650638,1,1e-05
52370,1,1e-05
70066,1,1e-05
81357,1,1e-05
537469,1,1e-05
500835,1,1e-05
261017,1,1e-05
225387,1,1e-05
551146,1,1e-05
220169,1,1e-05
282879,1,1e-05
851635,1,1e-05
11401,1,1e-05
880130,1,1e-05
516808,1,1e-05
286301,1,1e-05
96558,1,1e-05
60626,1,1e-05
210658,1,1e-05
122123,1,1e-05
131022,1,1e-05
20931,1,1e-05
327299,1,1e-05
764886,1,1e-05
150907,1,1e-05
69511,1,1e-05
240940,1,1e-05
240897,1,1e-05
21074,1,1e-05
658603,1,1e-05
232365,1,1e-05
339199,1,1e-05
365018,1,1e-05
210131,1,1e-05
780209,1,1e-05
675300,1,1e-05
613663,1,1e-05
74508,1,1e-05
774741,1,1e-05
150152,1,1e-05
562732,1,1e-05
570977,1,1e-05
526075,1,1e-05
211015,1,1e-05
964661,1,1e-05
1069,1,1e-05
140401,1,1e-05
838772,1,1e-05
978525,1,1e-05
166724,1,1e-05
718803,1,1e-05
968259,1,1e-05
499717,1,1e-05
967909,1,1e-05
908756,1,1e-05
30342,1,1e-05
410790,1,1e-05
997235,1,1e-05
220339,1,1e-05
696120,1,1e-05
81108,1,1e-05
130383,1,1e-05
364986,1,1e-05
60535,1,1e-05
168254,1,1e-05
679209,1,1e-05
646237,1,1e-05
79046,1,1e-05
27606,1,1e-05
477504,1,1e-05
173270,1,1e-05
797466,1,1e-05
296364,1,1e-05
729010,1,1e-05
36098,1,1e-05
346574,1,1e-05
190243,1,1e-05
31284,1,1e-05
477269,1,1e-05
358659,1,1e-05
180456,1,1e-05
976954,1,1e-05
659228,1,1e-05
170772,1,1e-05
230428,1,1e-05
221032,1,1e-05
515679,1,1e-05
782722,1,1e-05
593508,1,1e-05
35376,1,1e-05
40412,1,1e-05
220717,1,1e-05
310193,1,1e-05
992653,1,1e-05
107807,1,1e-05
250212,1,1e-05
50261,1,1e-05
986816,1,1e-05
639753,1,1e-05
483422,1,1e-05
421238,1,1e-05
894932,1,1e-05
132560,1,1e-05
100190,1,1e-05
180482,1,1e-05
251240,1,1e-05
719039,1,1e-05
637759,1,1e-05
130350,1,1e-05
845953,1,1e-05
220235,1,1e-05
260836,1,1e-05
453041,1,1e-05
99917,1,1e-05
240123,1,1e-05
191229,1,1e-05
210293,1,1e-05
130051,1,1e-05
670646,1,1e-05
230734,1,1e-05
51080,1,1e-05
224444,1,1e-05
241276,1,1e-05
211525,1,1e-05
380218,1,1e-05
499625,1,1e-05
91721,1,1e-05
587414,1,1e-05
501236,1,1e-05
153225,1,1e-05
280281,1,1e-05
183429,1,1e-05
937695,1,1e-05
160811,1,1e-05
235418,1,1e-05
223637,1,1e-05
451965,1,1e-05
549895,1,1e-05
787984,1,1e-05
196882,1,1e-05
780574,1,1e-05
257144,1,1e-05
50651,1,1e-05
260609,1,1e-05
335855,1,1e-05
730592,1,1e-05
419061,1,1e-05
51189,1,1e-05
956828,1,1e-05
837179,1,1e-05
621301,1,1e-05
260411,1,1e-05
30416,1,1e-05
270575,1,1e-05
529370,1,1e-05
110828,1,1e-05
955153,1,1e-05
40239,1,1e-05
462854,1,1e-05
605331,1,1e-05
404301,1,1e-05
462083,1,1e-05
80939,1,1e-05
783467,1,1e-05
81261,1,1e-05
60703,1,1e-05
200582,1,1e-05
210273,1,1e-05
65859,1,1e-05
672366,1,1e-05
50684,1,1e-05
924157,1,1e-05
287316,1,1e-05
565500,1,1e-05
629764,1,1e-05
614094,1,1e-05
171276,1,1e-05
545540,1,1e-05
798450,1,1e-05
90258,1,1e-05
400040,1,1e-05
81041,1,1e-05
453155,1,1e-05
229443,1,1e-05
200986,1,1e-05
832297,1,1e-05
295910,1,1e-05
842073,1,1e-05
567519,1,1e-05
291193,1,1e-05
160454,1,1e-05
348242,1,1e-05
10417,1,1e-05
50298,1,1e-05
21247,1,1e-05
236052,1,1e-05
627634,1,1e-05
555826,1,1e-05
470030,1,1e-05
41087,1,1e-05
181097,1,1e-05
543632,1,1e-05
688303,1,1e-05
151366,1,1e-05
325439,1,1e-05
587405,1,1e-05
259172,1,1e-05
290536,1,1e-05
121002,1,1e-05
80417,1,1e-05
835971,1,1e-05
908052,1,1e-05
82187,1,1e-05
10984,1,1e-05
120733,1,1e-05
932893,1,1e-05
378137,1,1e-05
288015,1,1e-05
923972,1,1e-05
220679,1,1e-05
422153,1,1e-05
576998,1,1e-05
280974,1,1e-05
805678,1,1e-05
794051,1,1e-05
721586,1,1e-05
56307,1,1e-05
179655,1,1e-05
51139,1,1e-05
111046,1,1e-05
420931,1,1e-05
210428,1,1e-05
273629,1,1e-05
720677,1,1e-05
141063,1,1e-05
291219,1,1e-05
399388,1,1e-05
539050,1,1e-05
161084,1,1e-05
645157,1,1e-05
481610,1,1e-05
181008,1,1e-05
120990,1,1e-05
143901,1,1e-05
848264,1,1e-05
578607,1,1e-05
819258,1,1e-05
149167,1,1e-05
995400,1,1e-05
235989,1,1e-05
260848,1,1e-05
23698,1,1e-05
290238,1,1e-05
525110,1,1e-05
892318,1,1e-05
81281,1,1e-05
306589,1,1e-05
541701,1,1e-05
789406,1,1e-05
241026,1,1e-05
200492,1,1e-05
231155,1,1e-05
280713,1,1e-05
189510,1,1e-05
871948,1,1e-05
238026,1,1e-05
905791,1,1e-05
488373,1,1e-05
722764,1,1e-05
934756,1,1e-05
30868,1,1e-05
552621,1,1e-05
133063,1,1e-05
741776,1,1e-05
910146,1,1e-05
60614,1,1e-05
70970,1,1e-05
170263,1,1e-05
180548,1,1e-05
121130,1,1e-05
573414,1,1e-05
35418,1,1e-05
840722,1,1e-05
540612,1,1e-05
190284,1,1e-05
957603,1,1e-05
296690,1,1e-05
191298,1,1e-05
418516,1,1e-05
730963,1,1e-05
491744,1,1e-05
640155,1,1e-05
612101,1,1e-05
100161,1,1e-05
6813,1,1e-05
261264,1,1e-05
113560,1,1e-05
490370,1,1e-05
600979,1,1e-05
550108,1,1e-05
231221,1,1e-05
829992,1,1e-05
673984,1,1e-05
288917,1,1e-05
274660,1,1e-05
151054,1,1e-05
251103,1,1e-05
339235,1,1e-05
305859,1,1e-05
826424,1,1e-05
348247,1,1e-05
670881,1,1e-05
200129,1,1e-05
599389,1,1e-05
771044,1,1e-05
915364,1,1e-05
576933,1,1e-05
908276,1,1e-05
155157,1,1e-05
700645,1,1e-05
100229,1,1e-05
57133,1,1e-05
829589,1,1e-05
475646,1,1e-05
721704,1,1e-05
141246,1,1e-05
240119,1,1e-05
789754,1,1e-05
337573,1,1e-05
217729,1,1e-05
231178,1,1e-05
940991,1,1e-05
409323,1,1e-05
210722,1,1e-05
443191,1,1e-05
53625,1,1e-05
80401,1,1e-05
649469,1,1e-05
515655,1,1e-05
300516,1,1e-05
50322,1,1e-05
229114,1,1e-05
365686,1,1e-05
326586,1,1e-05
178028,1,1e-05
134519,1,1e-05
135811,1,1e-05
24418,1,1e-05
313090,1,1e-05
30687,1,1e-05
251151,1,1e-05
111003,1,1e-05
55302,1,1e-05
898388,1,1e-05
963431,1,1e-05
383932,1,1e-05
549708,1,1e-05
915015,1,1e-05
770727,1,1e-05
300788,1,1e-05
380886,1,1e-05
339869,1,1e-05
320777,1,1e-05
739014,1,1e-05
16171,1,1e-05
762791,1,1e-05
40207,1,1e-05
873036,1,1e-05
873103,1,1e-05
271290,1,1e-05
134193,1,1e-05
671476,1,1e-05
954665,1,1e-05
230697,1,1e-05
167805,1,1e-05
734492,1,1e-05
582110,1,1e-05
430948,1,1e-05
231039,1,1e-05
70117,1,1e-05
230651,1,1e-05
47480,1,1e-05
293205,1,1e-05
220312,1,1e-05
280146,1,1e-05
795368,1,1e-05
395836,1,1e-05
335079,1,1e-05
938342,1,1e-05
110260,1,1e-05
850520,1,1e-05
190541,1,1e-05
560506,1,1e-05
681538,1,1e-05
130796,1,1e-05
254963,1,1e-05
221081,1,1e-05
462543,1,1e-05
79250,1,1e-05
280740,1,1e-05
169738,1,1e-05
50170,1,1e-05
373976,1,1e-05
842232,1,1e-05
246650,1,1e-05
594478,1,1e-05
473092,1,1e-05
349065,1,1e-05
91202,1,1e-05
329037,1,1e-05
511386,1,1e-05
91231,1,1e-05
883011,1,1e-05
71090,1,1e-05
495124,1,1e-05
54874,1,1e-05
410372,1,1e-05
532605,1,1e-05
160774,1,1e-05
60188,1,1e-05
80100,1,1e-05
80726,1,1e-05
120333,1,1e-05
701498,1,1e-05
551241,1,1e-05
220547,1,1e-05
472530,1,1e-05
249784,1,1e-05
551780,1,1e-05
472118,1,1e-05
130376,1,1e-05
563321,1,1e-05
280366,1,1e-05
616166,1,1e-05
36202,1,1e-05
761604,1,1e-05
348779,1,1e-05
885475,1,1e-05
84002,1,1e-05
700858,1,1e-05
127523,1,1e-05
311067,1,1e-05
650515,1,1e-05
466239,1,1e-05
240319,1,1e-05
161156,1,1e-05
852905,1,1e-05
409492,1,1e-05
101066,1,1e-05
587603,1,1e-05
34202,1,1e-05
370097,1,1e-05
30972,1,1e-05
280388,1,1e-05
977268,1,1e-05
35222,1,1e-05
170177,1,1e-05
688867,1,1e-05
200346,1,1e-05
952085,1,1e-05
865655,1,1e-05
869711,1,1e-05
465437,1,1e-05
226309,1,1e-05
160307,1,1e-05
902647,1,1e-05
104027,1,1e-05
210343,1,1e-05
187499,1,1e-05
545265,1,1e-05
130772,1,1e-05
699094,1,1e-05
779755,1,1e-05
868183,1,1e-05
625688,1,1e-05
689537,1,1e-05
250558,1,1e-05
329308,1,1e-05
539218,1,1e-05
836723,1,1e-05
285161,1,1e-05
930851,1,1e-05
231112,1,1e-05
378711,1,1e-05
290668,1,1e-05
230613,1,1e-05
126635,1,1e-05
942830,1,1e-05
864158,1,1e-05
892690,1,1e-05
691635,1,1e-05
77578,1,1e-05
42403,1,1e-05
41047,1,1e-05
935986,1,1e-05
925827,1,1e-05
311277,1,1e-05
440535,1,1e-05
131083,1,1e-05
981726,1,1e-05
231023,1,1e-05
171164,1,1e-05
20417,1,1e-05
892691,1,1e-05
50827,1,1e-05
62857,1,1e-05
254266,1,1e-05
524846,1,1e-05
57450,1,1e-05
20909,1,1e-05
201272,1,1e-05
873545,1,1e-05
668071,1,1e-05
220761,1,1e-05
820711,1,1e-05
30689,1,1e-05
433026,1,1e-05
564122,1,1e-05
882378,1,1e-05
612430,1,1e-05
191099,1,1e-05
518724,1,1e-05
390170,1,1e-05
400982,1,1e-05
663134,1,1e-05
459823,1,1e-05
250792,1,1e-05
91251,1,1e-05
81796,1,1e-05
103988,1,1e-05
290657,1,1e-05
814822,1,1e-05
385677,1,1e-05
631901,1,1e-05
521461,1,1e-05
100359,1,1e-05
30763,1,1e-05
435761,1,1e-05
150525,1,1e-05
802790,1,1e-05
198817,1,1e-05
430066,1,1e-05
264173,1,1e-05
203268,1,1e-05
300785,1,1e-05
470245,1,1e-05
131190,1,1e-05
140519,1,1e-05
130819,1,1e-05
140528,1,1e-05
220433,1,1e-05
141107,1,1e-05
778853,1,1e-05
100301,1,1e-05
472466,1,1e-05
70453,1,1e-05
394137,1,1e-05
220753,1,1e-05
798083,1,1e-05
684752,1,1e-05
108099,1,1e-05
790825,1,1e-05
808672,1,1e-05
538805,1,1e-05
160102,1,1e-05
759521,1,1e-05
264417,1,1e-05
45579,1,1e-05
416492,1,1e-05
182166,1,1e-05
8172,1,1e-05
201257,1,1e-05
492427,1,1e-05
207791,1,1e-05
260279,1,1e-05
773378,1,1e-05
161083,1,1e-05
146608,1,1e-05
187434,1,1e-05
790154,1,1e-05
294316,1,1e-05
170807,1,1e-05
251088,1,1e-05
221292,1,1e-05
101446,1,1e-05
919459,1,1e-05
721306,1,1e-05
188979,1,1e-05
200236,1,1e-05
371364,1,1e-05
100145,1,1e-05
299775,1,1e-05
821190,1,1e-05
360186,1,1e-05
987827,1,1e-05
230646,1,1e-05
771014,1,1e-05
950404,1,1e-05
105202,1,1e-05
293456,1,1e-05
470924,1,1e-05
28149,1,1e-05
450701,1,1e-05
482287,1,1e-05
369864,1,1e-05
392235,1,1e-05
394718,1,1e-05
382734,1,1e-05
685018,1,1e-05
20588,1,1e-05
270753,1,1e-05
979699,1,1e-05
140748,1,1e-05
497342,1,1e-05
575089,1,1e-05
274066,1,1e-05
271485,1,1e-05
483156,1,1e-05
168815,1,1e-05
47146,1,1e-05
69472,1,1e-05
4899,1,1e-05
20953,1,1e-05
705041,1,1e-05
168922,1,1e-05
918253,1,1e-05
829253,1,1e-05
876026,1,1e-05
417652,1,1e-05
973479,1,1e-05
3934,1,1e-05
20697,1,1e-05
191162,1,1e-05
130878,1,1e-05
469056,1,1e-05
447344,1,1e-05
111181,1,1e-05
305591,1,1e-05
200430,1,1e-05
698930,1,1e-05
547267,1,1e-05
60474,1,1e-05
180228,1,1e-05
30527,1,1e-05
436286,1,1e-05
83697,1,1e-05
121245,1,1e-05
243571,1,1e-05
303557,1,1e-05
259035,1,1e-05
769714,1,1e-05
37636,1,1e-05
401039,1,1e-05
538147,1,1e-05
180378,1,1e-05
384959,1,1e-05
170831,1,1e-05
977658,1,1e-05
60783,1,1e-05
140631,1,1e-05
145932,1,1e-05
419207,1,1e-05
300850,1,1e-05
180770,1,1e-05
178281,1,1e-05
631332,1,1e-05
464162,1,1e-05
71298,1,1e-05
388008,1,1e-05
270896,1,1e-05
230424,1,1e-05
712675,1,1e-05
605778,1,1e-05
565251,1,1e-05
90201,1,1e-05
764435,1,1e-05
58360,1,1e-05
329721,1,1e-05
120691,1,1e-05
238316,1,1e-05
507891,1,1e-05
509311,1,1e-05
20593,1,1e-05
100358,1,1e-05
782822,1,1e-05
210881,1,1e-05
398211,1,1e-05
319464,1,1e-05
86309,1,1e-05
200685,1,1e-05
277760,1,1e-05
711214,1,1e-05
472683,1,1e-05
311278,1,1e-05
542737,1,1e-05
431539,1,1e-05
776562,1,1e-05
140144,1,1e-05
652825,1,1e-05
592278,1,1e-05
250771,1,1e-05
585554,1,1e-05
2730,1,1e-05
171263,1,1e-05
690568,1,1e-05
100393,1,1e-05
169652,1,1e-05
94102,1,1e-05
160206,1,1e-05
314996,1,1e-05
328421,1,1e-05
110823,1,1e-05
66437,1,1e-05
126882,1,1e-05
81218,1,1e-05
33526,1,1e-05
525007,1,1e-05
93486,1,1e-05
61199,1,1e-05
630476,1,1e-05
565709,1,1e-05
554440,1,1e-05
271197,1,1e-05
178713,1,1e-05
84129,1,1e-05
827397,1,1e-05
844347,1,1e-05
181158,1,1e-05
150287,1,1e-05
790171,1,1e-05
341741,1,1e-05
700063,1,1e-05
597699,1,1e-05
291133,1,1e-05
240579,1,1e-05
155678,1,1e-05
482082,1,1e-05
261001,1,1e-05
987820,1,1e-05
927473,1,1e-05
45859,1,1e-05
140576,1,1e-05
638440,1,1e-05
201789,1,1e-05
280758,1,1e-05
720553,1,1e-05
645011,1,1e-05
131268,1,1e-05
617928,1,1e-05
372579,1,1e-05
99870,1,1e-05
200768,1,1e-05
296001,1,1e-05
862739,1,1e-05
71157,1,1e-05
524190,1,1e-05
100297,1,1e-05
32750,1,1e-05
529208,1,1e-05
597257,1,1e-05
663003,1,1e-05
436088,1,1e-05
269679,1,1e-05
830164,1,1e-05
3620,1,1e-05
346669,1,1e-05
89158,1,1e-05
291276,1,1e-05
259067,1,1e-05
500567,1,1e-05
930570,1,1e-05
181141,1,1e-05
291263,1,1e-05
100074,1,1e-05
994,1,1e-05
594286,1,1e-05
683486,1,1e-05
787348,1,1e-05
261027,1,1e-05
985622,1,1e-05
774561,1,1e-05
161140,1,1e-05
280190,1,1e-05
367218,1,1e-05
250733,1,1e-05
417997,1,1e-05
315987,1,1e-05
385329,1,1e-05
117442,1,1e-05
961246,1,1e-05
988375,1,1e-05
52452,1,1e-05
240852,1,1e-05
11271,1,1e-05
872784,1,1e-05
730662,1,1e-05
190462,1,1e-05
291483,1,1e-05
220663,1,1e-05
569532,1,1e-05
488966,1,1e-05
745176,1,1e-05
527406,1,1e-05
430543,1,1e-05
448234,1,1e-05
10526,1,1e-05
867695,1,1e-05
819905,1,1e-05
620848,1,1e-05
311056,1,1e-05
535765,1,1e-05
524065,1,1e-05
470166,1,1e-05
511895,1,1e-05
230767,1,1e-05
639739,1,1e-05
241251,1,1e-05
546557,1,1e-05
180574,1,1e-05
290445,1,1e-05
790134,1,1e-05
261258,1,1e-05
311185,1,1e-05
139181,1,1e-05
291037,1,1e-05
90583,1,1e-05
242692,1,1e-05
539715,1,1e-05
842378,1,1e-05
412598,1,1e-05
715067,1,1e-05
805935,1,1e-05
562351,1,1e-05
563671,1,1e-05
171060,1,1e-05
30821,1,1e-05
270383,1,1e-05
309079,1,1e-05
117966,1,1e-05
75981,1,1e-05
492193,1,1e-05
524110,1,1e-05
273102,1,1e-05
310839,1,1e-05
173464,1,1e-05
435982,1,1e-05
857197,1,1e-05
30482,1,1e-05
830032,1,1e-05
100334,1,1e-05
130623,1,1e-05
291070,1,1e-05
101068,1,1e-05
150210,1,1e-05
100149,1,1e-05
967672,1,1e-05
242463,1,1e-05
178929,1,1e-05
713544,1,1e-05
133802,1,1e-05
993907,1,1e-05
50547,1,1e-05
583268,1,1e-05
30183,1,1e-05
170913,1,1e-05
40651,1,1e-05
647541,1,1e-05
190797,1,1e-05
300858,1,1e-05
140212,1,1e-05
221319,1,1e-05
210167,1,1e-05
40235,1,1e-05
907259,1,1e-05
27901,1,1e-05
780244,1,1e-05
120422,1,1e-05
816284,1,1e-05
453924,1,1e-05
773144,1,1e-05
166266,1,1e-05
80924,1,1e-05
857495,1,1e-05
80252,1,1e-05
716707,1,1e-05
614182,1,1e-05
679491,1,1e-05
210792,1,1e-05
740269,1,1e-05
154068,1,1e-05
160957,1,1e-05
39390,1,1e-05
19486,1,1e-05
200659,1,1e-05
880442,1,1e-05
290462,1,1e-05
294962,1,1e-05
914214,1,1e-05
20508,1,1e-05
559770,1,1e-05
94047,1,1e-05
888680,1,1e-05
90852,1,1e-05
883643,1,1e-05
290624,1,1e-05
19768,1,1e-05
270891,1,1e-05
752031,1,1e-05
603343,1,1e-05
126341,1,1e-05
324357,1,1e-05
546493,1,1e-05
40353,1,1e-05
926383,1,1e-05
101098,1,1e-05
27204,1,1e-05
130265,1,1e-05
321874,1,1e-05
140534,1,1e-05
313749,1,1e-05
334245,1,1e-05
281132,1,1e-05
952181,1,1e-05
444983,1,1e-05
588259,1,1e-05
60439,1,1e-05
678374,1,1e-05
895990,1,1e-05
272136,1,1e-05
193592,1,1e-05
117306,1,1e-05
202395,1,1e-05
226218,1,1e-05
219219,1,1e-05
190773,1,1e-05
536200,1,1e-05
963325,1,1e-05
70750,1,1e-05
89083,1,1e-05
20215,1,1e-05
403316,1,1e-05
520954,1,1e-05
95037,1,1e-05
137013,1,1e-05
161148,1,1e-05
801291,1,1e-05
962822,1,1e-05
639270,1,1e-05
200893,1,1e-05
569918,1,1e-05
765315,1,1e-05
393640,1,1e-05
230988,1,1e-05
331663,1,1e-05
382532,1,1e-05
130738,1,1e-05
300418,1,1e-05
295847,1,1e-05
957992,1,1e-05
461693,1,1e-05
282700,1,1e-05
240163,1,1e-05
284216,1,1e-05
150618,1,1e-05
12550,1,1e-05
10892,1,1e-05
211825,1,1e-05
413358,1,1e-05
221181,1,1e-05
575951,1,1e-05
234082,1,1e-05
721892,1,1e-05
210873,1,1e-05
91203,1,1e-05
274955,1,1e-05
886182,1,1e-05
219856,1,1e-05
217514,1,1e-05
60967,1,1e-05
952602,1,1e-05
130189,1,1e-05
397462,1,1e-05
110148,1,1e-05
160146,1,1e-05
986114,1,1e-05
36307,1,1e-05
976553,1,1e-05
78366,1,1e-05
746137,1,1e-05
133089,1,1e-05
81632,1,1e-05
190772,1,1e-05
532024,1,1e-05
235266,1,1e-05
150207,1,1e-05
210769,1,1e-05
408182,1,1e-05
568344,1,1e-05
50216,1,1e-05
60670,1,1e-05
606603,1,1e-05
28900,1,1e-05
212048,1,1e-05
240386,1,1e-05
856433,1,1e-05
997575,1,1e-05
635957,1,1e-05
61047,1,1e-05
399181,1,1e-05
743675,1,1e-05
759050,1,1e-05
601952,1,1e-05
983783,1,1e-05
823854,1,1e-05
171171,1,1e-05
173474,1,1e-05
240462,1,1e-05
956608,1,1e-05
313262,1,1e-05
850147,1,1e-05
157561,1,1e-05
278250,1,1e-05
101108,1,1e-05
288571,1,1e-05
290856,1,1e-05
181201,1,1e-05
873613,1,1e-05
264066,1,1e-05
315219,1,1e-05
653122,1,1e-05
704943,1,1e-05
316358,1,1e-05
847258,1,1e-05
285199,1,1e-05
851179,1,1e-05
80488,1,1e-05
851372,1,1e-05
408990,1,1e-05
240113,1,1e-05
640496,1,1e-05
295259,1,1e-05
752003,1,1e-05
40172,1,1e-05
311118,1,1e-05
251651,1,1e-05
198439,1,1e-05
726232,1,1e-05
204386,1,1e-05
561570,1,1e-05
787067,1,1e-05
485497,1,1e-05
130488,1,1e-05
338055,1,1e-05
612853,1,1e-05
171059,1,1e-05
837720,1,1e-05
628371,1,1e-05
497206,1,1e-05
310494,1,1e-05
26565,1,1e-05
386568,1,1e-05
271139,1,1e-05
117090,1,1e-05
566783,1,1e-05
101200,1,1e-05
310968,1,1e-05
170181,1,1e-05
144795,1,1e-05
260760,1,1e-05
51294,1,1e-05
446997,1,1e-05
40800,1,1e-05
794205,1,1e-05
250505,1,1e-05
144037,1,1e-05
130445,1,1e-05
91283,1,1e-05
67431,1,1e-05
40716,1,1e-05
308320,1,1e-05
260770,1,1e-05
362630,1,1e-05
171233,1,1e-05
108231,1,1e-05
529732,1,1e-05
124967,1,1e-05
250376,1,1e-05
899573,1,1e-05
170241,1,1e-05
932257,1,1e-05
526720,1,1e-05
20689,1,1e-05
140907,1,1e-05
310418,1,1e-05
411995,1,1e-05
253526,1,1e-05
313838,1,1e-05
458987,1,1e-05
172132,1,1e-05
689111,1,1e-05
130638,1,1e-05
281129,1,1e-05
70787,1,1e-05
307922,1,1e-05
240143,1,1e-05
932569,1,1e-05
290628,1,1e-05
842501,1,1e-05
899848,1,1e-05
470673,1,1e-05
220706,1,1e-05
130510,1,1e-05
93603,1,1e-05
599088,1,1e-05
727274,1,1e-05
240773,1,1e-05
649559,1,1e-05
835674,1,1e-05
572681,1,1e-05
280779,1,1e-05
210956,1,1e-05
240227,1,1e-05
893304,1,1e-05
292439,1,1e-05
465549,1,1e-05
665761,1,1e-05
950936,1,1e-05
283678,1,1e-05
392101,1,1e-05
400259,1,1e-05
630369,1,1e-05
540037,1,1e-05
854298,1,1e-05
652434,1,1e-05
950501,1,1e-05
40135,1,1e-05
850654,1,1e-05
240865,1,1e-05
300503,1,1e-05
110261,1,1e-05
902967,1,1e-05
937628,1,1e-05
271115,1,1e-05
365354,1,1e-05
873715,1,1e-05
311682,1,1e-05
675179,1,1e-05
490834,1,1e-05
162627,1,1e-05
382050,1,1e-05
938496,1,1e-05
906684,1,1e-05
475068,1,1e-05
677143,1,1e-05
868416,1,1e-05
240783,1,1e-05
677801,1,1e-05
300646,1,1e-05
936077,1,1e-05
115575,1,1e-05
813508,1,1e-05
250980,1,1e-05
622981,1,1e-05
111138,1,1e-05
6854,1,1e-05
993764,1,1e-05
90988,1,1e-05
310640,1,1e-05
260101,1,1e-05
119583,1,1e-05
140186,1,1e-05
852857,1,1e-05
995063,1,1e-05
821993,1,1e-05
414822,1,1e-05
60726,1,1e-05
462215,1,1e-05
131074,1,1e-05
250559,1,1e-05
30249,1,1e-05
587579,1,1e-05
332079,1,1e-05
898686,1,1e-05
226281,1,1e-05
270658,1,1e-05
11041,1,1e-05
97936,1,1e-05
710652,1,1e-05
687709,1,1e-05
338287,1,1e-05
472564,1,1e-05
367388,1,1e-05
567563,1,1e-05
259337,1,1e-05
840344,1,1e-05
130984,1,1e-05
621111,1,1e-05
161764,1,1e-05
290858,1,1e-05
621719,1,1e-05
100482,1,1e-05
101126,1,1e-05
509846,1,1e-05
515592,1,1e-05
440611,1,1e-05
195437,1,1e-05
725095,1,1e-05
966909,1,1e-05
394381,1,1e-05
58823,1,1e-05
942777,1,1e-05
131246,1,1e-05
190539,1,1e-05
604421,1,1e-05
270884,1,1e-05
310965,1,1e-05
305061,1,1e-05
85221,1,1e-05
118580,1,1e-05
924491,1,1e-05
22913,1,1e-05
130141,1,1e-05
482217,1,1e-05
948024,1,1e-05
181500,1,1e-05
178470,1,1e-05
486965,1,1e-05
102526,1,1e-05
732895,1,1e-05
317563,1,1e-05
40644,1,1e-05
55685,1,1e-05
935887,1,1e-05
171190,1,1e-05
706800,1,1e-05
61279,1,1e-05
91253,1,1e-05
160562,1,1e-05
420792,1,1e-05
36983,1,1e-05
384496,1,1e-05
874774,1,1e-05
450521,1,1e-05
110851,1,1e-05
288982,1,1e-05
853450,1,1e-05
906705,1,1e-05
130855,1,1e-05
620176,1,1e-05
50935,1,1e-05
389137,1,1e-05
267176,1,1e-05
108373,1,1e-05
80189,1,1e-05
263171,1,1e-05
428666,1,1e-05
856493,1,1e-05
10459,1,1e-05
531965,1,1e-05
555940,1,1e-05
270766,1,1e-05
771650,1,1e-05
330327,1,1e-05
70966,1,1e-05
795782,1,1e-05
231247,1,1e-05
291069,1,1e-05
846366,1,1e-05
586209,1,1e-05
311012,1,1e-05
415511,1,1e-05
414027,1,1e-05
554767,1,1e-05
31020,1,1e-05
777722,1,1e-05
260582,1,1e-05
175986,1,1e-05
280642,1,1e-05
21216,1,1e-05
30794,1,1e-05
698566,1,1e-05
244698,1,1e-05
597505,1,1e-05
707463,1,1e-05
937610,1,1e-05
625232,1,1e-05
110442,1,1e-05
888889,1,1e-05
580569,1,1e-05
171933,1,1e-05
265113,1,1e-05
873295,1,1e-05
204830,1,1e-05
63757,1,1e-05
827975,1,1e-05
20449,1,1e-05
404042,1,1e-05
261133,1,1e-05
110830,1,1e-05
182648,1,1e-05
365359,1,1e-05
141105,1,1e-05
70424,1,1e-05
36913,1,1e-05
637278,1,1e-05
70756,1,1e-05
238644,1,1e-05
466595,1,1e-05
310520,1,1e-05
231735,1,1e-05
818952,1,1e-05
378728,1,1e-05
190965,1,1e-05
300576,1,1e-05
328779,1,1e-05
871997,1,1e-05
708412,1,1e-05
8705,1,1e-05
26192,1,1e-05
220970,1,1e-05
111159,1,1e-05
958310,1,1e-05
532176,1,1e-05
681775,1,1e-05
517281,1,1e-05
784447,1,1e-05
555175,1,1e-05
108514,1,1e-05
112987,1,1e-05
927883,1,1e-05
52596,1,1e-05
251105,1,1e-05
744144,1,1e-05
171118,1,1e-05
708368,1,1e-05
930349,1,1e-05
522138,1,1e-05
773858,1,1e-05
121480,1,1e-05
331856,1,1e-05
300520,1,1e-05
306954,1,1e-05
60406,1,1e-05
622246,1,1e-05
781939,1,1e-05
170673,1,1e-05
130610,1,1e-05
780452,1,1e-05
655934,1,1e-05
178233,1,1e-05
181117,1,1e-05
21251,1,1e-05
190987,1,1e-05
487766,1,1e-05
63044,1,1e-05
84116,1,1e-05
546223,1,1e-05
579594,1,1e-05
180924,1,1e-05
916967,1,1e-05
771831,1,1e-05
310460,1,1e-05
90732,1,1e-05
265568,1,1e-05
150555,1,1e-05
120785,1,1e-05
240116,1,1e-05
41687,1,1e-05
638991,1,1e-05
619437,1,1e-05
395788,1,1e-05
597629,1,1e-05
303255,1,1e-05
250787,1,1e-05
131659,1,1e-05
598847,1,1e-05
559941,1,1e-05
67789,1,1e-05
258582,1,1e-05
741649,1,1e-05
135243,1,1e-05
120739,1,1e-05
271027,1,1e-05
275054,1,1e-05
713657,1,1e-05
310601,1,1e-05
350249,1,1e-05
980284,1,1e-05
998284,1,1e-05
167654,1,1e-05
432795,1,1e-05
201253,1,1e-05
569923,1,1e-05
280671,1,1e-05
209951,1,1e-05
101209,1,1e-05
82219,1,1e-05
785062,1,1e-05
140511,1,1e-05
120224,1,1e-05
726471,1,1e-05
678695,1,1e-05
916386,1,1e-05
745807,1,1e-05
140266,1,1e-05
536630,1,1e-05
60248,1,1e-05
898887,1,1e-05
981236,1,1e-05
957155,1,1e-05
661732,1,1e-05
702455,1,1e-05
437080,1,1e-05
310140,1,1e-05
505161,1,1e-05
200517,1,1e-05
240666,1,1e-05
46397,1,1e-05
240370,1,1e-05
275869,1,1e-05
388288,1,1e-05
74790,1,1e-05
240932,1,1e-05
394946,1,1e-05
759692,1,1e-05
985036,1,1e-05
140797,1,1e-05
271083,1,1e-05
772945,1,1e-05
950152,1,1e-05
431831,1,1e-05
686450,1,1e-05
463760,1,1e-05
718387,1,1e-05
862094,1,1e-05
998975,1,1e-05
866163,1,1e-05
21060,1,1e-05
717496,1,1e-05
70992,1,1e-05
190557,1,1e-05
130536,1,1e-05
518187,1,1e-05
130279,1,1e-05
150251,1,1e-05
503877,1,1e-05
170485,1,1e-05
930726,1,1e-05
70466,1,1e-05
655494,1,1e-05
211139,1,1e-05
270801,1,1e-05
798402,1,1e-05
80661,1,1e-05
180182,1,1e-05
466319,1,1e-05
311371,1,1e-05
119973,1,1e-05
51234,1,1e-05
675771,1,1e-05
887457,1,1e-05
320191,1,1e-05
871776,1,1e-05
191123,1,1e-05
678977,1,1e-05
100364,1,1e-05
877110,1,1e-05
200778,1,1e-05
210705,1,1e-05
289721,1,1e-05
437281,1,1e-05
241988,1,1e-05
281199,1,1e-05
120396,1,1e-05
525035,1,1e-05
681007,1,1e-05
24511,1,1e-05
405345,1,1e-05
220796,1,1e-05
50737,1,1e-05
348284,1,1e-05
976149,1,1e-05
250568,1,1e-05
237505,1,1e-05
7687,1,1e-05
150125,1,1e-05
210438,1,1e-05
12084,1,1e-05
56225,1,1e-05
644752,1,1e-05
773588,1,1e-05
543101,1,1e-05
10764,1,1e-05
270215,1,1e-05
896670,1,1e-05
220356,1,1e-05
72398,1,1e-05
548782,1,1e-05
425465,1,1e-05
441494,1,1e-05
652804,1,1e-05
167022,1,1e-05
244803,1,1e-05
466740,1,1e-05
884870,1,1e-05
40723,1,1e-05
42332,1,1e-05
190742,1,1e-05
820762,1,1e-05
259360,1,1e-05
16814,1,1e-05
20535,1,1e-05
726985,1,1e-05
140211,1,1e-05
617479,1,1e-05
416817,1,1e-05
607229,1,1e-05
359868,1,1e-05
684736,1,1e-05
190180,1,1e-05
280500,1,1e-05
435824,1,1e-05
41068,1,1e-05
701659,1,1e-05
336909,1,1e-05
388817,1,1e-05
10547,1,1e-05
20413,1,1e-05
170939,1,1e-05
864382,1,1e-05
327060,1,1e-05
991785,1,1e-05
419484,1,1e-05
150486,1,1e-05
517108,1,1e-05
200750,1,1e-05
10618,1,1e-05
285611,1,1e-05
766605,1,1e-05
417976,1,1e-05
705279,1,1e-05
220669,1,1e-05
128134,1,1e-05
568121,1,1e-05
492585,1,1e-05
200889,1,1e-05
910162,1,1e-05
186701,1,1e-05
842148,1,1e-05
405171,1,1e-05
37645,1,1e-05
794348,1,1e-05
20367,1,1e-05
668487,1,1e-05
120840,1,1e-05
61267,1,1e-05
280577,1,1e-05
280345,1,1e-05
345054,1,1e-05
100128,1,1e-05
615305,1,1e-05
980390,1,1e-05
713181,1,1e-05
603189,1,1e-05
793915,1,1e-05
586630,1,1e-05
95835,1,1e-05
104333,1,1e-05
591351,1,1e-05
608463,1,1e-05
661542,1,1e-05
929515,1,1e-05
71022,1,1e-05
452551,1,1e-05
60771,1,1e-05
504482,1,1e-05
545754,1,1e-05
424721,1,1e-05
809247,1,1e-05
602479,1,1e-05
24284,1,1e-05
300990,1,1e-05
261308,1,1e-05
100491,1,1e-05
582408,1,1e-05
30112,1,1e-05
547199,1,1e-05
586359,1,1e-05
901488,1,1e-05
28716,1,1e-05
40340,1,1e-05
200711,1,1e-05
926379,1,1e-05
86605,1,1e-05
496248,1,1e-05
237957,1,1e-05
210132,1,1e-05
108329,1,1e-05
629030,1,1e-05
738234,1,1e-05
760993,1,1e-05
201046,1,1e-05
201145,1,1e-05
123140,1,1e-05
40647,1,1e-05
310343,1,1e-05
961988,1,1e-05
140787,1,1e-05
377452,1,1e-05
250127,1,1e-05
762803,1,1e-05
614322,1,1e-05
855760,1,1e-05
763168,1,1e-05
310777,1,1e-05
100497,1,1e-05
180763,1,1e-05
856592,1,1e-05
656663,1,1e-05
110666,1,1e-05
173384,1,1e-05
943333,1,1e-05
367334,1,1e-05
286277,1,1e-05
489967,1,1e-05
769207,1,1e-05
20119,1,1e-05
40117,1,1e-05
342280,1,1e-05
190424,1,1e-05
66399,1,1e-05
538879,1,1e-05
384764,1,1e-05
71068,1,1e-05
161057,1,1e-05
682655,1,1e-05
947417,1,1e-05
864183,1,1e-05
210316,1,1e-05
72564,1,1e-05
145476,1,1e-05
100907,1,1e-05
413551,1,1e-05
748264,1,1e-05
240020,1,1e-05
565155,1,1e-05
120316,1,1e-05
140894,1,1e-05
953199,1,1e-05
480379,1,1e-05
579601,1,1e-05
300542,1,1e-05
80949,1,1e-05
876575,1,1e-05
170532,1,1e-05
784086,1,1e-05
884102,1,1e-05
210307,1,1e-05
833827,1,1e-05
171138,1,1e-05
261055,1,1e-05
621353,1,1e-05
608577,1,1e-05
150444,1,1e-05
294956,1,1e-05
690728,1,1e-05
327083,1,1e-05
865972,1,1e-05
820043,1,1e-05
682765,1,1e-05
833879,1,1e-05
163561,1,1e-05
574345,1,1e-05
451995,1,1e-05
933472,1,1e-05
55787,1,1e-05
903113,1,1e-05
853585,1,1e-05
200368,1,1e-05
303145,1,1e-05
357232,1,1e-05
541453,1,1e-05
532194,1,1e-05
369072,1,1e-05
190809,1,1e-05
915372,1,1e-05
633473,1,1e-05
352198,1,1e-05
270715,1,1e-05
100352,1,1e-05
200536,1,1e-05
839471,1,1e-05
151261,1,1e-05
160754,1,1e-05
111450,1,1e-05
70244,1,1e-05
678560,1,1e-05
549421,1,1e-05
889794,1,1e-05
798793,1,1e-05
165141,1,1e-05
645364,1,1e-05
100991,1,1e-05
897834,1,1e-05
589885,1,1e-05
916247,1,1e-05
452137,1,1e-05
986125,1,1e-05
621000,1,1e-05
530584,1,1e-05
13636,1,1e-05
512486,1,1e-05
967173,1,1e-05
952577,1,1e-05
683464,1,1e-05
201777,1,1e-05
753917,1,1e-05
440972,1,1e-05
221211,1,1e-05
496643,1,1e-05
451417,1,1e-05
111039,1,1e-05
200337,1,1e-05
894142,1,1e-05
127225,1,1e-05
558366,1,1e-05
988767,1,1e-05
23547,1,1e-05
327238,1,1e-05
469254,1,1e-05
65521,1,1e-05
79292,1,1e-05
864126,1,1e-05
295815,1,1e-05
571469,1,1e-05
81006,1,1e-05
833552,1,1e-05
482822,1,1e-05
40776,1,1e-05
61138,1,1e-05
638851,1,1e-05
669596,1,1e-05
885100,1,1e-05
598630,1,1e-05
10794,1,1e-05
60607,1,1e-05
944366,1,1e-05
20464,1,1e-05
166547,1,1e-05
280147,1,1e-05
100717,1,1e-05
339918,1,1e-05
27291,1,1e-05
260422,1,1e-05
726046,1,1e-05
71195,1,1e-05
150975,1,1e-05
476285,1,1e-05
692874,1,1e-05
930673,1,1e-05
191027,1,1e-05
639747,1,1e-05
568592,1,1e-05
743098,1,1e-05
825936,1,1e-05
260995,1,1e-05
500000,1,1e-05
956343,1,1e-05
190702,1,1e-05
607592,1,1e-05
875389,1,1e-05
210315,1,1e-05
406717,1,1e-05
384418,1,1e-05
691701,1,1e-05
188359,1,1e-05
50731,1,1e-05
673373,1,1e-05
210488,1,1e-05
160252,1,1e-05
17638,1,1e-05
190814,1,1e-05
608387,1,1e-05
140651,1,1e-05
11032,1,1e-05
328714,1,1e-05
487655,1,1e-05
675967,1,1e-05
270289,1,1e-05
347927,1,1e-05
125618,1,1e-05
220407,1,1e-05
131109,1,1e-05
221261,1,1e-05
243614,1,1e-05
230932,1,1e-05
408823,1,1e-05
248145,1,1e-05
412665,1,1e-05
214953,1,1e-05
348211,1,1e-05
624946,1,1e-05
796682,1,1e-05
232639,1,1e-05
211203,1,1e-05
226903,1,1e-05
31119,1,1e-05
662657,1,1e-05
449117,1,1e-05
439953,1,1e-05
967678,1,1e-05
936045,1,1e-05
220694,1,1e-05
180688,1,1e-05
150381,1,1e-05
116937,1,1e-05
360113,1,1e-05
81068,1,1e-05
139170,1,1e-05
292479,1,1e-05
259587,1,1e-05
83219,1,1e-05
294864,1,1e-05
527341,1,1e-05
291051,1,1e-05
995892,1,1e-05
140618,1,1e-05
541087,1,1e-05
712932,1,1e-05
797643,1,1e-05
107832,1,1e-05
755254,1,1e-05
441131,1,1e-05
204162,1,1e-05
340011,1,1e-05
131094,1,1e-05
902375,1,1e-05
936269,1,1e-05
304264,1,1e-05
266265,1,1e-05
359235,1,1e-05
290199,1,1e-05
150223,1,1e-05
110813,1,1e-05
240262,1,1e-05
281269,1,1e-05
20794,1,1e-05
463474,1,1e-05
280433,1,1e-05
250508,1,1e-05
170846,1,1e-05
155453,1,1e-05
991464,1,1e-05
729084,1,1e-05
71374,1,1e-05
451061,1,1e-05
714394,1,1e-05
306311,1,1e-05
822895,1,1e-05
889575,1,1e-05
220674,1,1e-05
474875,1,1e-05
131106,1,1e-05
130589,1,1e-05
35359,1,1e-05
713443,1,1e-05
200708,1,1e-05
150809,1,1e-05
185041,1,1e-05
322144,1,1e-05
153065,1,1e-05
224956,1,1e-05
574061,1,1e-05
747378,1,1e-05
945930,1,1e-05
961817,1,1e-05
598413,1,1e-05
837325,1,1e-05
142344,1,1e-05
547863,1,1e-05
202645,1,1e-05
310232,1,1e-05
38323,1,1e-05
559869,1,1e-05
415590,1,1e-05
161202,1,1e-05
290530,1,1e-05
579607,1,1e-05
260755,1,1e-05
946331,1,1e-05
181121,1,1e-05
924526,1,1e-05
92269,1,1e-05
779899,1,1e-05
897576,1,1e-05
896681,1,1e-05
30726,1,1e-05
280340,1,1e-05
90692,1,1e-05
170418,1,1e-05
483866,1,1e-05
745070,1,1e-05
261086,1,1e-05
619568,1,1e-05
241071,1,1e-05
145877,1,1e-05
158050,1,1e-05
264677,1,1e-05
240308,1,1e-05
949074,1,1e-05
840216,1,1e-05
280022,1,1e-05
442937,1,1e-05
4883,1,1e-05
260752,1,1e-05
141106,1,1e-05
280906,1,1e-05
228130,1,1e-05
75222,1,1e-05
310917,1,1e-05
61002,1,1e-05
101083,1,1e-05
195700,1,1e-05
77456,1,1e-05
24215,1,1e-05
843720,1,1e-05
239084,1,1e-05
304015,1,1e-05
37954,1,1e-05
81003,1,1e-05
310141,1,1e-05
681839,1,1e-05
260962,1,1e-05
121121,1,1e-05
719939,1,1e-05
41170,1,1e-05
103120,1,1e-05
336256,1,1e-05
114309,1,1e-05
129116,1,1e-05
118326,1,1e-05
60146,1,1e-05
848193,1,1e-05
150607,1,1e-05
80760,1,1e-05
126356,1,1e-05
676368,1,1e-05
71235,1,1e-05
11227,1,1e-05
694016,1,1e-05
406390,1,1e-05
81031,1,1e-05
120602,1,1e-05
522591,1,1e-05
774625,1,1e-05
608282,1,1e-05
201224,1,1e-05
61208,1,1e-05
338632,1,1e-05
331184,1,1e-05
445099,1,1e-05
740022,1,1e-05
493437,1,1e-05
699326,1,1e-05
153753,1,1e-05
649645,1,1e-05
404619,1,1e-05
311010,1,1e-05
34769,1,1e-05
572426,1,1e-05
310816,1,1e-05
867018,1,1e-05
300728,1,1e-05
328585,1,1e-05
463458,1,1e-05
532069,1,1e-05
333509,1,1e-05
190366,1,1e-05
365493,1,1e-05
1532,1,1e-05
110981,1,1e-05
300670,1,1e-05
122197,1,1e-05
260725,1,1e-05
587806,1,1e-05
196239,1,1e-05
262647,1,1e-05
179814,1,1e-05
50291,1,1e-05
112384,1,1e-05
250313,1,1e-05
429102,1,1e-05
146391,1,1e-05
80900,1,1e-05
3275,1,1e-05
130418,1,1e-05
224423,1,1e-05
310884,1,1e-05
136997,1,1e-05
160405,1,1e-05
121296,1,1e-05
788654,1,1e-05
47420,1,1e-05
943612,1,1e-05
840235,1,1e-05
323293,1,1e-05
164472,1,1e-05
267414,1,1e-05
881729,1,1e-05
587191,1,1e-05
807404,1,1e-05
680180,1,1e-05
130545,1,1e-05
498972,1,1e-05
130609,1,1e-05
487732,1,1e-05
545286,1,1e-05
210232,1,1e-05
200593,1,1e-05
83187,1,1e-05
492717,1,1e-05
474144,1,1e-05
21185,1,1e-05
429787,1,1e-05
161092,1,1e-05
291642,1,1e-05
499885,1,1e-05
999805,1,1e-05
786105,1,1e-05
845096,1,1e-05
955304,1,1e-05
710131,1,1e-05
620195,1,1e-05
292450,1,1e-05
592565,1,1e-05
996791,1,1e-05
250592,1,1e-05
999451,1,1e-05
440230,1,1e-05
609423,1,1e-05
80612,1,1e-05
271297,1,1e-05
70429,1,1e-05
759581,1,1e-05
979487,1,1e-05
254312,1,1e-05
476170,1,1e-05
803991,1,1e-05
190888,1,1e-05
165712,1,1e-05
230343,1,1e-05
83673,1,1e-05
45086,1,1e-05
50415,1,1e-05
150521,1,1e-05
521138,1,1e-05
170153,1,1e-05
899201,1,1e-05
170166,1,1e-05
735691,1,1e-05
130755,1,1e-05
150590,1,1e-05
300447,1,1e-05
273872,1,1e-05
181293,1,1e-05
123660,1,1e-05
856689,1,1e-05
506464,1,1e-05
101160,1,1e-05
705313,1,1e-05
130491,1,1e-05
230684,1,1e-05
861357,1,1e-05
250892,1,1e-05
821604,1,1e-05
42756,1,1e-05
701444,1,1e-05
124929,1,1e-05
180440,1,1e-05
310842,1,1e-05
228801,1,1e-05
418087,1,1e-05
251235,1,1e-05
96066,1,1e-05
646244,1,1e-05
887982,1,1e-05
37068,1,1e-05
865787,1,1e-05
90340,1,1e-05
586022,1,1e-05
143345,1,1e-05
913249,1,1e-05
15250,1,1e-05
413286,1,1e-05
924459,1,1e-05
532170,1,1e-05
230513,1,1e-05
186043,1,1e-05
371974,1,1e-05
995443,1,1e-05
48341,1,1e-05
31287,1,1e-05
455773,1,1e-05
550230,1,1e-05
473391,1,1e-05
482129,1,1e-05
260383,1,1e-05
862528,1,1e-05
130947,1,1e-05
20025,1,1e-05
200447,1,1e-05
170165,1,1e-05
591774,1,1e-05
77906,1,1e-05
110417,1,1e-05
376798,1,1e-05
610927,1,1e-05
152029,1,1e-05
80403,1,1e-05
50843,1,1e-05
950283,1,1e-05
921321,1,1e-05
80861,1,1e-05
87004,1,1e-05
260615,1,1e-05
261317,1,1e-05
150807,1,1e-05
130852,1,1e-05
326344,1,1e-05
361837,1,1e-05
90202,1,1e-05
154427,1,1e-05
300813,1,1e-05
130119,1,1e-05
458417,1,1e-05
918935,1,1e-05
873088,1,1e-05
193705,1,1e-05
701674,1,1e-05
190523,1,1e-05
691241,1,1e-05
261377,1,1e-05
876347,1,1e-05
800557,1,1e-05
605495,1,1e-05
977655,1,1e-05
479051,1,1e-05
274281,1,1e-05
10651,1,1e-05
3179,1,1e-05
190210,1,1e-05
150246,1,1e-05
210752,1,1e-05
250799,1,1e-05
15856,1,1e-05
260348,1,1e-05
150339,1,1e-05
43058,1,1e-05
195432,1,1e-05
545183,1,1e-05
98839,1,1e-05
10017,1,1e-05
172215,1,1e-05
280071,1,1e-05
272286,1,1e-05
150400,1,1e-05
300782,1,1e-05
90977,1,1e-05
150157,1,1e-05
100498,1,1e-05
473228,1,1e-05
200609,1,1e-05
53275,1,1e-05
508276,1,1e-05
968711,1,1e-05
259763,1,1e-05
218261,1,1e-05
980789,1,1e-05
823436,1,1e-05
824176,1,1e-05
765596,1,1e-05
814996,1,1e-05
271251,1,1e-05
4794,1,1e-05
542783,1,1e-05
70901,1,1e-05
270793,1,1e-05
869956,1,1e-05
132856,1,1e-05
129794,1,1e-05
230272,1,1e-05
108768,1,1e-05
180158,1,1e-05
815044,1,1e-05
211103,1,1e-05
474681,1,1e-05
91095,1,1e-05
295708,1,1e-05
300699,1,1e-05
649213,1,1e-05
26385,1,1e-05
170453,1,1e-05
170527,1,1e-05
150976,1,1e-05
300668,1,1e-05
106428,1,1e-05
240994,1,1e-05
429664,1,1e-05
155480,1,1e-05
100506,1,1e-05
669835,1,1e-05
576236,1,1e-05
11201,1,1e-05
138909,1,1e-05
224117,1,1e-05
260227,1,1e-05
519519,1,1e-05
121154,1,1e-05
300314,1,1e-05
136278,1,1e-05
241006,1,1e-05
708088,1,1e-05
190519,1,1e-05
123331,1,1e-05
509919,1,1e-05
954696,1,1e-05
271204,1,1e-05
780701,1,1e-05
244980,1,1e-05
186790,1,1e-05
235874,1,1e-05
761463,1,1e-05
939434,1,1e-05
203546,1,1e-05
692064,1,1e-05
649520,1,1e-05
573617,1,1e-05
481098,1,1e-05
98163,1,1e-05
715617,1,1e-05
955753,1,1e-05
256702,1,1e-05
300839,1,1e-05
90664,1,1e-05
486062,1,1e-05
34644,1,1e-05
436022,1,1e-05
549565,1,1e-05
469018,1,1e-05
920782,1,1e-05
457003,1,1e-05
132704,1,1e-05
361160,1,1e-05
443543,1,1e-05
197096,1,1e-05
44376,1,1e-05
36162,1,1e-05
69354,1,1e-05
873169,1,1e-05
160894,1,1e-05
734867,1,1e-05
593175,1,1e-05
291240,1,1e-05
856265,1,1e-05
154175,1,1e-05
444407,1,1e-05
121173,1,1e-05
150948,1,1e-05
237949,1,1e-05
156598,1,1e-05
676485,1,1e-05
985294,1,1e-05
660391,1,1e-05
555949,1,1e-05
250413,1,1e-05
900839,1,1e-05
435675,1,1e-05
725489,1,1e-05
846500,1,1e-05
42453,1,1e-05
508684,1,1e-05
165390,1,1e-05
311009,1,1e-05
397169,1,1e-05
615209,1,1e-05
310416,1,1e-05
124952,1,1e-05
724586,1,1e-05
151094,1,1e-05
291248,1,1e-05
64660,1,1e-05
621207,1,1e-05
201072,1,1e-05
566099,1,1e-05
41007,1,1e-05
184480,1,1e-05
820845,1,1e-05
61261,1,1e-05
633317,1,1e-05
2748,1,1e-05
753756,1,1e-05
250469,1,1e-05
837101,1,1e-05
290319,1,1e-05
358496,1,1e-05
713484,1,1e-05
882870,1,1e-05
270699,1,1e-05
120945,1,1e-05
586535,1,1e-05
131223,1,1e-05
873119,1,1e-05
165051,1,1e-05
101238,1,1e-05
751313,1,1e-05
50353,1,1e-05
90553,1,1e-05
239475,1,1e-05
261232,1,1e-05
417393,1,1e-05
263436,1,1e-05
20869,1,1e-05
132087,1,1e-05
780295,1,1e-05
180441,1,1e-05
250553,1,1e-05
110989,1,1e-05
300208,1,1e-05
122156,1,1e-05
238513,1,1e-05
925821,1,1e-05
28045,1,1e-05
371830,1,1e-05
47507,1,1e-05
452715,1,1e-05
165629,1,1e-05
220803,1,1e-05
429997,1,1e-05
133220,1,1e-05
310457,1,1e-05
507027,1,1e-05
129624,1,1e-05
91262,1,1e-05
80953,1,1e-05
558111,1,1e-05
250959,1,1e-05
211040,1,1e-05
761108,1,1e-05
301281,1,1e-05
20813,1,1e-05
670610,1,1e-05
505203,1,1e-05
730879,1,1e-05
237183,1,1e-05
231029,1,1e-05
71255,1,1e-05
100512,1,1e-05
41077,1,1e-05
211185,1,1e-05
875146,1,1e-05
880800,1,1e-05
190629,1,1e-05
428528,1,1e-05
898466,1,1e-05
979448,1,1e-05
310584,1,1e-05
877372,1,1e-05
724451,1,1e-05
729155,1,1e-05
14706,1,1e-05
820907,1,1e-05
54135,1,1e-05
884747,1,1e-05
333968,1,1e-05
986805,1,1e-05
270626,1,1e-05
611456,1,1e-05
613708,1,1e-05
565662,1,1e-05
461459,1,1e-05
270592,1,1e-05
669012,1,1e-05
857353,1,1e-05
210890,1,1e-05
442633,1,1e-05
382526,1,1e-05
401792,1,1e-05
796210,1,1e-05
6905,1,1e-05
616168,1,1e-05
522634,1,1e-05
121118,1,1e-05
364307,1,1e-05
201156,1,1e-05
170472,1,1e-05
928204,1,1e-05
654567,1,1e-05
386546,1,1e-05
60732,1,1e-05
315617,1,1e-05
120247,1,1e-05
538406,1,1e-05
111019,1,1e-05
30261,1,1e-05
508788,1,1e-05
40977,1,1e-05
296290,1,1e-05
729157,1,1e-05
51950,1,1e-05
45460,1,1e-05
671239,1,1e-05
270928,1,1e-05
923224,1,1e-05
90911,1,1e-05
982648,1,1e-05
130154,1,1e-05
157972,1,1e-05
250194,1,1e-05
75101,1,1e-05
230752,1,1e-05
979111,1,1e-05
202821,1,1e-05
709599,1,1e-05
80811,1,1e-05
250367,1,1e-05
141075,1,1e-05
220287,1,1e-05
485803,1,1e-05
408283,1,1e-05
31081,1,1e-05
22358,1,1e-05
890363,1,1e-05
756179,1,1e-05
290395,1,1e-05
578411,1,1e-05
745725,1,1e-05
305430,1,1e-05
524001,1,1e-05
642795,1,1e-05
40115,1,1e-05
13571,1,1e-05
445503,1,1e-05
923281,1,1e-05
270819,1,1e-05
829203,1,1e-05
306392,1,1e-05
366992,1,1e-05
310479,1,1e-05
704395,1,1e-05
858994,1,1e-05
885060,1,1e-05
844532,1,1e-05
80532,1,1e-05
110376,1,1e-05
581610,1,1e-05
368882,1,1e-05
251255,1,1e-05
810847,1,1e-05
170362,1,1e-05
200680,1,1e-05
902679,1,1e-05
187497,1,1e-05
260666,1,1e-05
80923,1,1e-05
90225,1,1e-05
401912,1,1e-05
826447,1,1e-05
454627,1,1e-05
953173,1,1e-05
111048,1,1e-05
91246,1,1e-05
454815,1,1e-05
281243,1,1e-05
599246,1,1e-05
160803,1,1e-05
280530,1,1e-05
311202,1,1e-05
180017,1,1e-05
720035,1,1e-05
40132,1,1e-05
635168,1,1e-05
939251,1,1e-05
250661,1,1e-05
110158,1,1e-05
671107,1,1e-05
505313,1,1e-05
430093,1,1e-05
100335,1,1e-05
100863,1,1e-05
721969,1,1e-05
661363,1,1e-05
40461,1,1e-05
241219,1,1e-05
5540,1,1e-05
210783,1,1e-05
138187,1,1e-05
110433,1,1e-05
20666,1,1e-05
110138,1,1e-05
600391,1,1e-05
341657,1,1e-05
565337,1,1e-05
612224,1,1e-05
170956,1,1e-05
672299,1,1e-05
351190,1,1e-05
693531,1,1e-05
551357,1,1e-05
376220,1,1e-05
250102,1,1e-05
977552,1,1e-05
72617,1,1e-05
90518,1,1e-05
110670,1,1e-05
640118,1,1e-05
170392,1,1e-05
310113,1,1e-05
3608,1,1e-05
317991,1,1e-05
110704,1,1e-05
85492,1,1e-05
310887,1,1e-05
150373,1,1e-05
10807,1,1e-05
170612,1,1e-05
448805,1,1e-05
724467,1,1e-05
820746,1,1e-05
936310,1,1e-05
933859,1,1e-05
120275,1,1e-05
270100,1,1e-05
188949,1,1e-05
958700,1,1e-05
779598,1,1e-05
316435,1,1e-05
180952,1,1e-05
616940,1,1e-05
30982,1,1e-05
586261,1,1e-05
270664,1,1e-05
879293,1,1e-05
654311,1,1e-05
364344,1,1e-05
301284,1,1e-05
110617,1,1e-05
130818,1,1e-05
50462,1,1e-05
742846,1,1e-05
30180,1,1e-05
521427,1,1e-05
730115,1,1e-05
62945,1,1e-05
130081,1,1e-05
948040,1,1e-05
210831,1,1e-05
300448,1,1e-05
858224,1,1e-05
111248,1,1e-05
222975,1,1e-05
508751,1,1e-05
79158,1,1e-05
598067,1,1e-05
598821,1,1e-05
998982,1,1e-05
199731,1,1e-05
60619,1,1e-05
508702,1,1e-05
590077,1,1e-05
751788,1,1e-05
90542,1,1e-05
889241,1,1e-05
346175,1,1e-05
230473,1,1e-05
50663,1,1e-05
74553,1,1e-05
140833,1,1e-05
51848,1,1e-05
243208,1,1e-05
636078,1,1e-05
251271,1,1e-05
827061,1,1e-05
555056,1,1e-05
609522,1,1e-05
838235,1,1e-05
205170,1,1e-05
239304,1,1e-05
436955,1,1e-05
515248,1,1e-05
140616,1,1e-05
200506,1,1e-05
230785,1,1e-05
180901,1,1e-05
191201,1,1e-05
238868,1,1e-05
864000,1,1e-05
883345,1,1e-05
895628,1,1e-05
591902,1,1e-05
170511,1,1e-05
355011,1,1e-05
169475,1,1e-05
465308,1,1e-05
240174,1,1e-05
58736,1,1e-05
111074,1,1e-05
80111,1,1e-05
431840,1,1e-05
117989,1,1e-05
317831,1,1e-05
796161,1,1e-05
582604,1,1e-05
126757,1,1e-05
281159,1,1e-05
260133,1,1e-05
938553,1,1e-05
505640,1,1e-05
34391,1,1e-05
140386,1,1e-05
200699,1,1e-05
260916,1,1e-05
270565,1,1e-05
121225,1,1e-05
997329,1,1e-05
31064,1,1e-05
240934,1,1e-05
278218,1,1e-05
30704,1,1e-05
413735,1,1e-05
290143,1,1e-05
101165,1,1e-05
940788,1,1e-05
737052,1,1e-05
120395,1,1e-05
36979,1,1e-05
365890,1,1e-05
280538,1,1e-05
451786,1,1e-05
828357,1,1e-05
471406,1,1e-05
985693,1,1e-05
387751,1,1e-05
797877,1,1e-05
525725,1,1e-05
251164,1,1e-05
859274,1,1e-05
300641,1,1e-05
325720,1,1e-05
593648,1,1e-05
401045,1,1e-05
341326,1,1e-05
51243,1,1e-05
290504,1,1e-05
66164,1,1e-05
144004,1,1e-05
110388,1,1e-05
517029,1,1e-05
130187,1,1e-05
90935,1,1e-05
489863,1,1e-05
310471,1,1e-05
24619,1,1e-05
270655,1,1e-05
973521,1,1e-05
838480,1,1e-05
107493,1,1e-05
535155,1,1e-05
349969,1,1e-05
275365,1,1e-05
200541,1,1e-05
692003,1,1e-05
232023,1,1e-05
310556,1,1e-05
210228,1,1e-05
101246,1,1e-05
507671,1,1e-05
241280,1,1e-05
100954,1,1e-05
20103,1,1e-05
80744,1,1e-05
972381,1,1e-05
557978,1,1e-05
238382,1,1e-05
322183,1,1e-05
161120,1,1e-05
110748,1,1e-05
568312,1,1e-05
190796,1,1e-05
171079,1,1e-05
937664,1,1e-05
950219,1,1e-05
679661,1,1e-05
775281,1,1e-05
735224,1,1e-05
974531,1,1e-05
934162,1,1e-05
652590,1,1e-05
270285,1,1e-05
674474,1,1e-05
110212,1,1e-05
687080,1,1e-05
711902,1,1e-05
675618,1,1e-05
911820,1,1e-05
831118,1,1e-05
78603,1,1e-05
254826,1,1e-05
354777,1,1e-05
71285,1,1e-05
160527,1,1e-05
285243,1,1e-05
897380,1,1e-05
280240,1,1e-05
431081,1,1e-05
130632,1,1e-05
540247,1,1e-05
431235,1,1e-05
130215,1,1e-05
927337,1,1e-05
170394,1,1e-05
864588,1,1e-05
160788,1,1e-05
317638,1,1e-05
581152,1,1e-05
181087,1,1e-05
935366,1,1e-05
220319,1,1e-05
30250,1,1e-05
191060,1,1e-05
97971,1,1e-05
30885,1,1e-05
706814,1,1e-05
110972,1,1e-05
310429,1,1e-05
940012,1,1e-05
138661,1,1e-05
646391,1,1e-05
740834,1,1e-05
111125,1,1e-05
30959,1,1e-05
1013,1,1e-05
249241,1,1e-05
506887,1,1e-05
300389,1,1e-05
947332,1,1e-05
866538,1,1e-05
328623,1,1e-05
639727,1,1e-05
846814,1,1e-05
750731,1,1e-05
853222,1,1e-05
300985,1,1e-05
850424,1,1e-05
529817,1,1e-05
866639,1,1e-05
192349,1,1e-05
61928,1,1e-05
891908,1,1e-05
171294,1,1e-05
240148,1,1e-05
190606,1,1e-05
41203,1,1e-05
40165,1,1e-05
964375,1,1e-05
188826,1,1e-05
51255,1,1e-05
985128,1,1e-05
181175,1,1e-05
270642,1,1e-05
333121,1,1e-05
60295,1,1e-05
749623,1,1e-05
120472,1,1e-05
310180,1,1e-05
80236,1,1e-05
70347,1,1e-05
794104,1,1e-05
281054,1,1e-05
843583,1,1e-05
308275,1,1e-05
341077,1,1e-05
630800,1,1e-05
111242,1,1e-05
724166,1,1e-05
170200,1,1e-05
167457,1,1e-05
459397,1,1e-05
15214,1,1e-05
147338,1,1e-05
120812,1,1e-05
627881,1,1e-05
694150,1,1e-05
140019,1,1e-05
39803,1,1e-05
994619,1,1e-05
378998,1,1e-05
297463,1,1e-05
715889,1,1e-05
230758,1,1e-05
683712,1,1e-05
39063,1,1e-05
21044,1,1e-05
789683,1,1e-05
780285,1,1e-05
573441,1,1e-05
941865,1,1e-05
20329,1,1e-05
621156,1,1e-05
500982,1,1e-05
385883,1,1e-05
80540,1,1e-05
352208,1,1e-05
328394,1,1e-05
529147,1,1e-05
191995,1,1e-05
170740,1,1e-05
426986,1,1e-05
260656,1,1e-05
925863,1,1e-05
190489,1,1e-05
82967,1,1e-05
71278,1,1e-05
300178,1,1e-05
164503,1,1e-05
518362,1,1e-05
191031,1,1e-05
610530,1,1e-05
290538,1,1e-05
111101,1,1e-05
50288,1,1e-05
579879,1,1e-05
942213,1,1e-05
911378,1,1e-05
392810,1,1e-05
120964,1,1e-05
180368,1,1e-05
300501,1,1e-05
450074,1,1e-05
926654,1,1e-05
291192,1,1e-05
304252,1,1e-05
801530,1,1e-05
150173,1,1e-05
523606,1,1e-05
59399,1,1e-05
310231,1,1e-05
201066,1,1e-05
946270,1,1e-05
233677,1,1e-05
240272,1,1e-05
781507,1,1e-05
921311,1,1e-05
838386,1,1e-05
180827,1,1e-05
756083,1,1e-05
919922,1,1e-05
70312,1,1e-05
140239,1,1e-05
640164,1,1e-05
605960,1,1e-05
65860,1,1e-05
290761,1,1e-05
783036,1,1e-05
392651,1,1e-05
906926,1,1e-05
50782,1,1e-05
327750,1,1e-05
355676,1,1e-05
237761,1,1e-05
717297,1,1e-05
312256,1,1e-05
261247,1,1e-05
245440,1,1e-05
955464,1,1e-05
743174,1,1e-05
520099,1,1e-05
587868,1,1e-05
54320,1,1e-05
154041,1,1e-05
120163,1,1e-05
636806,1,1e-05
10564,1,1e-05
521085,1,1e-05
520425,1,1e-05
389296,1,1e-05
140418,1,1e-05
595586,1,1e-05
619625,1,1e-05
154162,1,1e-05
837189,1,1e-05
100170,1,1e-05
662134,1,1e-05
517734,1,1e-05
877093,1,1e-05
271092,1,1e-05
111130,1,1e-05
394392,1,1e-05
271148,1,1e-05
874302,1,1e-05
20657,1,1e-05
191254,1,1e-05
151130,1,1e-05
270734,1,1e-05
392874,1,1e-05
280663,1,1e-05
273502,1,1e-05
210121,1,1e-05
180550,1,1e-05
206189,1,1e-05
945291,1,1e-05
25823,1,1e-05
467209,1,1e-05
486552,1,1e-05
61204,1,1e-05
612741,1,1e-05
779615,1,1e-05
324961,1,1e-05
429380,1,1e-05
467314,1,1e-05
280882,1,1e-05
241158,1,1e-05
92121,1,1e-05
140171,1,1e-05
430696,1,1e-05
673852,1,1e-05
70118,1,1e-05
293695,1,1e-05
31187,1,1e-05
693457,1,1e-05
181252,1,1e-05
160612,1,1e-05
300504,1,1e-05
422665,1,1e-05
310179,1,1e-05
362466,1,1e-05
887752,1,1e-05
280407,1,1e-05
170844,1,1e-05
250535,1,1e-05
913232,1,1e-05
516465,1,1e-05
126086,1,1e-05
552010,1,1e-05
240843,1,1e-05
110647,1,1e-05
599341,1,1e-05
244454,1,1e-05
80827,1,1e-05
111012,1,1e-05
152723,1,1e-05
465629,1,1e-05
19173,1,1e-05
310133,1,1e-05
606994,1,1e-05
548227,1,1e-05
97578,1,1e-05
261151,1,1e-05
644348,1,1e-05
40182,1,1e-05
240413,1,1e-05
250814,1,1e-05
940454,1,1e-05
406414,1,1e-05
301296,1,1e-05
204112,1,1e-05
41082,1,1e-05
749512,1,1e-05
260758,1,1e-05
170021,1,1e-05
127924,1,1e-05
60238,1,1e-05
553170,1,1e-05
757386,1,1e-05
423450,1,1e-05
141584,1,1e-05
310168,1,1e-05
701745,1,1e-05
418708,1,1e-05
661114,1,1e-05
482818,1,1e-05
160735,1,1e-05
44291,1,1e-05
651516,1,1e-05
21055,1,1e-05
240596,1,1e-05
513535,1,1e-05
181164,1,1e-05
51405,1,1e-05
91089,1,1e-05
756041,1,1e-05
369385,1,1e-05
771639,1,1e-05
252692,1,1e-05
40718,1,1e-05
764699,1,1e-05
590519,1,1e-05
20881,1,1e-05
50293,1,1e-05
902862,1,1e-05
445951,1,1e-05
464392,1,1e-05
862498,1,1e-05
758733,1,1e-05
646747,1,1e-05
70447,1,1e-05
150682,1,1e-05
121123,1,1e-05
412346,1,1e-05
111212,1,1e-05
220387,1,1e-05
432586,1,1e-05
512570,1,1e-05
108923,1,1e-05
4346,1,1e-05
140476,1,1e-05
232892,1,1e-05
329054,1,1e-05
140735,1,1e-05
992425,1,1e-05
311117,1,1e-05
50728,1,1e-05
437691,1,1e-05
375767,1,1e-05
290486,1,1e-05
10976,1,1e-05
10683,1,1e-05
80880,1,1e-05
110303,1,1e-05
10111,1,1e-05
300134,1,1e-05
50637,1,1e-05
615724,1,1e-05
31391,1,1e-05
190611,1,1e-05
240149,1,1e-05
40664,1,1e-05
523978,1,1e-05
193896,1,1e-05
375650,1,1e-05
534622,1,1e-05
464305,1,1e-05
809491,1,1e-05
220225,1,1e-05
120337,1,1e-05
925829,1,1e-05
920797,1,1e-05
507971,1,1e-05
793131,1,1e-05
751065,1,1e-05
741715,1,1e-05
94856,1,1e-05
336707,1,1e-05
387891,1,1e-05
194834,1,1e-05
114513,1,1e-05
383686,1,1e-05
171193,1,1e-05
271144,1,1e-05
337828,1,1e-05
504652,1,1e-05
71076,1,1e-05
912589,1,1e-05
361860,1,1e-05
161692,1,1e-05
100657,1,1e-05
659296,1,1e-05
95495,1,1e-05
835228,1,1e-05
309513,1,1e-05
929260,1,1e-05
230153,1,1e-05
302932,1,1e-05
633607,1,1e-05
312893,1,1e-05
507351,1,1e-05
41127,1,1e-05
347641,1,1e-05
86301,1,1e-05
643830,1,1e-05
500464,1,1e-05
17200,1,1e-05
956768,1,1e-05
649842,1,1e-05
91020,1,1e-05
115449,1,1e-05
269216,1,1e-05
271566,1,1e-05
923164,1,1e-05
437602,1,1e-05
347289,1,1e-05
60728,1,1e-05
220043,1,1e-05
831691,1,1e-05
61176,1,1e-05
908687,1,1e-05
113455,1,1e-05
951242,1,1e-05
982999,1,1e-05
160573,1,1e-05
956629,1,1e-05
913013,1,1e-05
135958,1,1e-05
90365,1,1e-05
529965,1,1e-05
337712,1,1e-05
288558,1,1e-05
290291,1,1e-05
532293,1,1e-05
966273,1,1e-05
22683,1,1e-05
211021,1,1e-05
671416,1,1e-05
968331,1,1e-05
90572,1,1e-05
642149,1,1e-05
402591,1,1e-05
221188,1,1e-05
91112,1,1e-05
464957,1,1e-05
143969,1,1e-05
681060,1,1e-05
875211,1,1e-05
4307,1,1e-05
644466,1,1e-05
272148,1,1e-05
537191,1,1e-05
822496,1,1e-05
111236,1,1e-05
486228,1,1e-05
475342,1,1e-05
451302,1,1e-05
290414,1,1e-05
250388,1,1e-05
247376,1,1e-05
281050,1,1e-05
129236,1,1e-05
101039,1,1e-05
955902,1,1e-05
877173,1,1e-05
113591,1,1e-05
281620,1,1e-05
493686,1,1e-05
535133,1,1e-05
50767,1,1e-05
759839,1,1e-05
15331,1,1e-05
964259,1,1e-05
195088,1,1e-05
120429,1,1e-05
150131,1,1e-05
383183,1,1e-05
110281,1,1e-05
453017,1,1e-05
547626,1,1e-05
120331,1,1e-05
230317,1,1e-05
194172,1,1e-05
929575,1,1e-05
29886,1,1e-05
87393,1,1e-05
46312,1,1e-05
809964,1,1e-05
60286,1,1e-05
91297,1,1e-05
110649,1,1e-05
241051,1,1e-05
111156,1,1e-05
953228,1,1e-05
492826,1,1e-05
52951,1,1e-05
251204,1,1e-05
10747,1,1e-05
57385,1,1e-05
10139,1,1e-05
409474,1,1e-05
104756,1,1e-05
110107,1,1e-05
50522,1,1e-05
7972,1,1e-05
701980,1,1e-05
180125,1,1e-05
150107,1,1e-05
850984,1,1e-05
109386,1,1e-05
7419,1,1e-05
216056,1,1e-05
867783,1,1e-05
398357,1,1e-05
536962,1,1e-05
644569,1,1e-05
10919,1,1e-05
980547,1,1e-05
250619,1,1e-05
240432,1,1e-05
220232,1,1e-05
230766,1,1e-05
120845,1,1e-05
485459,1,1e-05
902017,1,1e-05
716285,1,1e-05
130169,1,1e-05
848538,1,1e-05
708502,1,1e-05
237704,1,1e-05
310679,1,1e-05
339953,1,1e-05
30754,1,1e-05
123344,1,1e-05
157554,1,1e-05
40189,1,1e-05
231080,1,1e-05
680399,1,1e-05
428940,1,1e-05
737315,1,1e-05
720501,1,1e-05
140229,1,1e-05
15232,1,1e-05
229609,1,1e-05
215667,1,1e-05
150796,1,1e-05
191055,1,1e-05
230223,1,1e-05
943522,1,1e-05
310368,1,1e-05
415646,1,1e-05
316101,1,1e-05
326148,1,1e-05
290215,1,1e-05
438383,1,1e-05
246958,1,1e-05
472856,1,1e-05
22093,1,1e-05
797750,1,1e-05
41174,1,1e-05
72838,1,1e-05
30463,1,1e-05
919061,1,1e-05
704759,1,1e-05
393053,1,1e-05
90950,1,1e-05
149417,1,1e-05
679155,1,1e-05
119221,1,1e-05
220463,1,1e-05
61066,1,1e-05
847817,1,1e-05
776354,1,1e-05
89098,1,1e-05
784773,1,1e-05
365661,1,1e-05
121150,1,1e-05
336260,1,1e-05
220394,1,1e-05
984198,1,1e-05
710671,1,1e-05
903751,1,1e-05
231111,1,1e-05
41073,1,1e-05
694321,1,1e-05
8589,1,1e-05
977286,1,1e-05
867334,1,1e-05
70382,1,1e-05
502161,1,1e-05
439548,1,1e-05
434672,1,1e-05
60225,1,1e-05
151174,1,1e-05
714434,1,1e-05
160176,1,1e-05
414718,1,1e-05
90166,1,1e-05
11098,1,1e-05
443368,1,1e-05
641935,1,1e-05
281109,1,1e-05
181066,1,1e-05
191083,1,1e-05
115232,1,1e-05
100535,1,1e-05
80785,1,1e-05
488767,1,1e-05
963478,1,1e-05
120723,1,1e-05
525218,1,1e-05
668722,1,1e-05
130917,1,1e-05
190334,1,1e-05
50758,1,1e-05
230914,1,1e-05
643473,1,1e-05
301238,1,1e-05
712743,1,1e-05
282918,1,1e-05
397841,1,1e-05
191128,1,1e-05
307180,1,1e-05
254859,1,1e-05
243887,1,1e-05
50437,1,1e-05
562715,1,1e-05
166017,1,1e-05
501303,1,1e-05
100226,1,1e-05
985952,1,1e-05
133586,1,1e-05
160531,1,1e-05
811872,1,1e-05
802093,1,1e-05
586900,1,1e-05
35894,1,1e-05
634395,1,1e-05
160208,1,1e-05
111109,1,1e-05
672399,1,1e-05
637207,1,1e-05
241214,1,1e-05
730620,1,1e-05
50512,1,1e-05
637002,1,1e-05
171229,1,1e-05
504169,1,1e-05
845059,1,1e-05
110354,1,1e-05
200810,1,1e-05
20400,1,1e-05
310847,1,1e-05
250303,1,1e-05
857636,1,1e-05
557436,1,1e-05
180159,1,1e-05
538967,1,1e-05
59521,1,1e-05
759475,1,1e-05
210919,1,1e-05
624363,1,1e-05
140564,1,1e-05
780780,1,1e-05
769304,1,1e-05
130544,1,1e-05
212329,1,1e-05
280391,1,1e-05
218268,1,1e-05
700288,1,1e-05
549716,1,1e-05
10700,1,1e-05
100653,1,1e-05
310798,1,1e-05
524331,1,1e-05
367318,1,1e-05
948467,1,1e-05
70687,1,1e-05
524226,1,1e-05
228980,1,1e-05
354013,1,1e-05
789978,1,1e-05
130363,1,1e-05
30120,1,1e-05
161142,1,1e-05
161137,1,1e-05
62190,1,1e-05
795643,1,1e-05
860718,1,1e-05
732639,1,1e-05
293828,1,1e-05
260471,1,1e-05
615513,1,1e-05
879085,1,1e-05
121233,1,1e-05
304762,1,1e-05
245660,1,1e-05
501140,1,1e-05
311435,1,1e-05
488740,1,1e-05
21030,1,1e-05
250142,1,1e-05
766301,1,1e-05
443929,1,1e-05
455728,1,1e-05
36993,1,1e-05
171222,1,1e-05
743201,1,1e-05
851659,1,1e-05
361794,1,1e-05
60391,1,1e-05
398420,1,1e-05
160919,1,1e-05
130890,1,1e-05
310047,1,1e-05
372687,1,1e-05
707813,1,1e-05
113050,1,1e-05
92397,1,1e-05
220964,1,1e-05
337519,1,1e-05
50619,1,1e-05
231224,1,1e-05
170798,1,1e-05
46482,1,1e-05
147913,1,1e-05
160228,1,1e-05
311195,1,1e-05
879551,1,1e-05
50702,1,1e-05
166001,1,1e-05
786880,1,1e-05
533833,1,1e-05
177029,1,1e-05
283798,1,1e-05
200259,1,1e-05
683923,1,1e-05
100188,1,1e-05
150826,1,1e-05
254693,1,1e-05
140542,1,1e-05
20128,1,1e-05
608598,1,1e-05
21165,1,1e-05
534892,1,1e-05
672694,1,1e-05
74207,1,1e-05
221134,1,1e-05
70762,1,1e-05
221079,1,1e-05
52242,1,1e-05
174292,1,1e-05
30311,1,1e-05
160597,1,1e-05
10215,1,1e-05
236213,1,1e-05
276820,1,1e-05
234627,1,1e-05
181816,1,1e-05
120306,1,1e-05
330983,1,1e-05
60997,1,1e-05
300638,1,1e-05
191160,1,1e-05
666992,1,1e-05
916572,1,1e-05
387533,1,1e-05
151260,1,1e-05
80453,1,1e-05
57438,1,1e-05
609371,1,1e-05
384472,1,1e-05
220934,1,1e-05
110556,1,1e-05
31025,1,1e-05
230629,1,1e-05
407274,1,1e-05
45948,1,1e-05
120722,1,1e-05
658422,1,1e-05
681995,1,1e-05
639844,1,1e-05
493753,1,1e-05
170164,1,1e-05
931466,1,1e-05
120195,1,1e-05
48585,1,1e-05
332120,1,1e-05
638724,1,1e-05
556834,1,1e-05
470676,1,1e-05
170347,1,1e-05
334325,1,1e-05
150827,1,1e-05
343658,1,1e-05
813407,1,1e-05
738978,1,1e-05
786821,1,1e-05
110509,1,1e-05
258917,1,1e-05
44837,1,1e-05
70161,1,1e-05
959387,1,1e-05
101226,1,1e-05
751942,1,1e-05
437424,1,1e-05
130754,1,1e-05
20206,1,1e-05
825158,1,1e-05
51416,1,1e-05
263072,1,1e-05
70021,1,1e-05
639351,1,1e-05
101129,1,1e-05
818433,1,1e-05
683726,1,1e-05
41261,1,1e-05
291125,1,1e-05
161327,1,1e-05
230426,1,1e-05
19305,1,1e-05
313501,1,1e-05
614971,1,1e-05
160219,1,1e-05
772812,1,1e-05
797998,1,1e-05
899783,1,1e-05
60627,1,1e-05
630329,1,1e-05
70997,1,1e-05
260510,1,1e-05
747544,1,1e-05
150572,1,1e-05
957346,1,1e-05
80693,1,1e-05
280197,1,1e-05
93205,1,1e-05
816713,1,1e-05
112052,1,1e-05
200904,1,1e-05
867964,1,1e-05
810158,1,1e-05
891001,1,1e-05
310789,1,1e-05
130831,1,1e-05
300154,1,1e-05
101270,1,1e-05
507432,1,1e-05
893069,1,1e-05
978488,1,1e-05
30378,1,1e-05
820369,1,1e-05
451925,1,1e-05
311874,1,1e-05
150271,1,1e-05
808360,1,1e-05
444100,1,1e-05
317605,1,1e-05
130650,1,1e-05
697277,1,1e-05
290842,1,1e-05
780258,1,1e-05
486800,1,1e-05
702005,1,1e-05
261149,1,1e-05
696605,1,1e-05
119341,1,1e-05
280405,1,1e-05
511606,1,1e-05
227031,1,1e-05
667933,1,1e-05
477289,1,1e-05
33643,1,1e-05
657161,1,1e-05
983101,1,1e-05
416354,1,1e-05
31066,1,1e-05
546605,1,1e-05
739491,1,1e-05
50757,1,1e-05
606857,1,1e-05
342999,1,1e-05
49632,1,1e-05
346520,1,1e-05
883763,1,1e-05
168024,1,1e-05
311251,1,1e-05
110201,1,1e-05
240263,1,1e-05
426388,1,1e-05
140482,1,1e-05
830641,1,1e-05
347369,1,1e-05
518865,1,1e-05
938536,1,1e-05
841574,1,1e-05
70799,1,1e-05
399680,1,1e-05
880026,1,1e-05
988719,1,1e-05
534285,1,1e-05
455772,1,1e-05
60723,1,1e-05
270316,1,1e-05
526472,1,1e-05
70418,1,1e-05
865208,1,1e-05
162546,1,1e-05
942907,1,1e-05
985968,1,1e-05
810439,1,1e-05
90337,1,1e-05
362253,1,1e-05
377929,1,1e-05
763352,1,1e-05
112930,1,1e-05
170935,1,1e-05
677162,1,1e-05
18524,1,1e-05
230103,1,1e-05
742409,1,1e-05
987537,1,1e-05
300333,1,1e-05
194625,1,1e-05
810163,1,1e-05
812389,1,1e-05
659567,1,1e-05
101222,1,1e-05
310424,1,1e-05
587314,1,1e-05
871444,1,1e-05
200242,1,1e-05
995467,1,1e-05
290546,1,1e-05
280502,1,1e-05
301290,1,1e-05
466718,1,1e-05
498458,1,1e-05
126609,1,1e-05
181463,1,1e-05
335027,1,1e-05
993406,1,1e-05
598025,1,1e-05
190602,1,1e-05
261214,1,1e-05
743301,1,1e-05
270799,1,1e-05
40460,1,1e-05
210918,1,1e-05
841242,1,1e-05
849367,1,1e-05
241404,1,1e-05
889580,1,1e-05
13569,1,1e-05
725062,1,1e-05
250496,1,1e-05
160950,1,1e-05
163307,1,1e-05
230715,1,1e-05
665471,1,1e-05
976439,1,1e-05
667496,1,1e-05
661572,1,1e-05
301141,1,1e-05
290532,1,1e-05
823829,1,1e-05
958279,1,1e-05
583160,1,1e-05
771015,1,1e-05
60750,1,1e-05
970540,1,1e-05
110984,1,1e-05
330492,1,1e-05
61271,1,1e-05
178435,1,1e-05
161241,1,1e-05
290321,1,1e-05
10960,1,1e-05
221249,1,1e-05
270772,1,1e-05
611956,1,1e-05
704498,1,1e-05
337572,1,1e-05
569984,1,1e-05
270459,1,1e-05
331405,1,1e-05
971340,1,1e-05
300287,1,1e-05
280770,1,1e-05
618,1,1e-05
666261,1,1e-05
152042,1,1e-05
240609,1,1e-05
368248,1,1e-05
183485,1,1e-05
639906,1,1e-05
900909,1,1e-05
512776,1,1e-05
230476,1,1e-05
30334,1,1e-05
151259,1,1e-05
111104,1,1e-05
100139,1,1e-05
233358,1,1e-05
201213,1,1e-05
200533,1,1e-05
270710,1,1e-05
834360,1,1e-05
759586,1,1e-05
310752,1,1e-05
916621,1,1e-05
674238,1,1e-05
111239,1,1e-05
858690,1,1e-05
270857,1,1e-05
677129,1,1e-05
651969,1,1e-05
998980,1,1e-05
221168,1,1e-05
21031,1,1e-05
501321,1,1e-05
33145,1,1e-05
686345,1,1e-05
95086,1,1e-05
220347,1,1e-05
70930,1,1e-05
280287,1,1e-05
121169,1,1e-05
130266,1,1e-05
160937,1,1e-05
970565,1,1e-05
130286,1,1e-05
234570,1,1e-05
665148,1,1e-05
730468,1,1e-05
111056,1,1e-05
100551,1,1e-05
231270,1,1e-05
28968,1,1e-05
50533,1,1e-05
290488,1,1e-05
771498,1,1e-05
909853,1,1e-05
240535,1,1e-05
713167,1,1e-05
689855,1,1e-05
40729,1,1e-05
148244,1,1e-05
645209,1,1e-05
20704,1,1e-05
282465,1,1e-05
367107,1,1e-05
927416,1,1e-05
108697,1,1e-05
140620,1,1e-05
130347,1,1e-05
300341,1,1e-05
110966,1,1e-05
780260,1,1e-05
453222,1,1e-05
80202,1,1e-05
290550,1,1e-05
724576,1,1e-05
250289,1,1e-05
811447,1,1e-05
170554,1,1e-05
179254,1,1e-05
872006,1,1e-05
80134,1,1e-05
169332,1,1e-05
291032,1,1e-05
968597,1,1e-05
70422,1,1e-05
581200,1,1e-05
140843,1,1e-05
732225,1,1e-05
230857,1,1e-05
31169,1,1e-05
571271,1,1e-05
230777,1,1e-05
382958,1,1e-05
290783,1,1e-05
419036,1,1e-05
190656,1,1e-05
251017,1,1e-05
260769,1,1e-05
130575,1,1e-05
46184,1,1e-05
455703,1,1e-05
251279,1,1e-05
625692,1,1e-05
11208,1,1e-05
10579,1,1e-05
735171,1,1e-05
733111,1,1e-05
109547,1,1e-05
181105,1,1e-05
280621,1,1e-05
921651,1,1e-05
572435,1,1e-05
466519,1,1e-05
353212,1,1e-05
847893,1,1e-05
973806,1,1e-05
588317,1,1e-05
987754,1,1e-05
416740,1,1e-05
101107,1,1e-05
214425,1,1e-05
566279,1,1e-05
643319,1,1e-05
948208,1,1e-05
853029,1,1e-05
60163,1,1e-05
441671,1,1e-05
210418,1,1e-05
805505,1,1e-05
972933,1,1e-05
885840,1,1e-05
116910,1,1e-05
221186,1,1e-05
581162,1,1e-05
855718,1,1e-05
382645,1,1e-05
403080,1,1e-05
957742,1,1e-05
558576,1,1e-05
155363,1,1e-05
786284,1,1e-05
270591,1,1e-05
445690,1,1e-05
742610,1,1e-05
975480,1,1e-05
47498,1,1e-05
131065,1,1e-05
50541,1,1e-05
260876,1,1e-05
230594,1,1e-05
187394,1,1e-05
753069,1,1e-05
190436,1,1e-05
61149,1,1e-05
170589,1,1e-05
342773,1,1e-05
731621,1,1e-05
346385,1,1e-05
110826,1,1e-05
30984,1,1e-05
220373,1,1e-05
413952,1,1e-05
986470,1,1e-05
67184,1,1e-05
895663,1,1e-05
358253,1,1e-05
903620,1,1e-05
626904,1,1e-05
345392,1,1e-05
606493,1,1e-05
91041,1,1e-05
301256,1,1e-05
171166,1,1e-05
869476,1,1e-05
294018,1,1e-05
60231,1,1e-05
915080,1,1e-05
240327,1,1e-05
270916,1,1e-05
628817,1,1e-05
210321,1,1e-05
494164,1,1e-05
372399,1,1e-05
40418,1,1e-05
496092,1,1e-05
432771,1,1e-05
70526,1,1e-05
260298,1,1e-05
58573,1,1e-05
157543,1,1e-05
230707,1,1e-05
720926,1,1e-05
10326,1,1e-05
509571,1,1e-05
59988,1,1e-05
809939,1,1e-05
916986,1,1e-05
201030,1,1e-05
220655,1,1e-05
50202,1,1e-05
227814,1,1e-05
30612,1,1e-05
218827,1,1e-05
531253,1,1e-05
220900,1,1e-05
885817,1,1e-05
940500,1,1e-05
31046,1,1e-05
291163,1,1e-05
437504,1,1e-05
600690,1,1e-05
131888,1,1e-05
69370,1,1e-05
727471,1,1e-05
136049,1,1e-05
321356,1,1e-05
947819,1,1e-05
10869,1,1e-05
523806,1,1e-05
283504,1,1e-05
428308,1,1e-05
960014,1,1e-05
611246,1,1e-05
942081,1,1e-05
280885,1,1e-05
211148,1,1e-05
27991,1,1e-05
735970,1,1e-05
784529,1,1e-05
632044,1,1e-05
742415,1,1e-05
353533,1,1e-05
657186,1,1e-05
290826,1,1e-05
20340,1,1e-05
252321,1,1e-05
30434,1,1e-05
827629,1,1e-05
298549,1,1e-05
180264,1,1e-05
682954,1,1e-05
230811,1,1e-05
201200,1,1e-05
270192,1,1e-05
40136,1,1e-05
446084,1,1e-05
60890,1,1e-05
241062,1,1e-05
424035,1,1e-05
241286,1,1e-05
297999,1,1e-05
50866,1,1e-05
391982,1,1e-05
373997,1,1e-05
945384,1,1e-05
865546,1,1e-05
270538,1,1e-05
4097,1,1e-05
353781,1,1e-05
558069,1,1e-05
230435,1,1e-05
120155,1,1e-05
999274,1,1e-05
49812,1,1e-05
720826,1,1e-05
894489,1,1e-05
855234,1,1e-05
636814,1,1e-05
667711,1,1e-05
140747,1,1e-05
336782,1,1e-05
62354,1,1e-05
393739,1,1e-05
327177,1,1e-05
51783,1,1e-05
846058,1,1e-05
393344,1,1e-05
160140,1,1e-05
636015,1,1e-05
120129,1,1e-05
233632,1,1e-05
903609,1,1e-05
667632,1,1e-05
261296,1,1e-05
20134,1,1e-05
599132,1,1e-05
161430,1,1e-05
300116,1,1e-05
915662,1,1e-05
151200,1,1e-05
531320,1,1e-05
231150,1,1e-05
987255,1,1e-05
140530,1,1e-05
140990,1,1e-05
976495,1,1e-05
301012,1,1e-05
519019,1,1e-05
743113,1,1e-05
210345,1,1e-05
280775,1,1e-05
72009,1,1e-05
904229,1,1e-05
485732,1,1e-05
251263,1,1e-05
948650,1,1e-05
499641,1,1e-05
342181,1,1e-05
985385,1,1e-05
153569,1,1e-05
514167,1,1e-05
696304,1,1e-05
133310,1,1e-05
205298,1,1e-05
140898,1,1e-05
296990,1,1e-05
491020,1,1e-05
216409,1,1e-05
381502,1,1e-05
701331,1,1e-05
635022,1,1e-05
920578,1,1e-05
658225,1,1e-05
575627,1,1e-05
452708,1,1e-05
875525,1,1e-05
817601,1,1e-05
845313,1,1e-05
304011,1,1e-05
165430,1,1e-05
635502,1,1e-05
169083,1,1e-05
483681,1,1e-05
599996,1,1e-05
248563,1,1e-05
293855,1,1e-05
254139,1,1e-05
485969,1,1e-05
40291,1,1e-05
547439,1,1e-05
661453,1,1e-05
983486,1,1e-05
486992,1,1e-05
741304,1,1e-05
100394,1,1e-05
620342,1,1e-05
240156,1,1e-05
190300,1,1e-05
19682,1,1e-05
140753,1,1e-05
290631,1,1e-05
685466,1,1e-05
163497,1,1e-05
240949,1,1e-05
739319,1,1e-05
693051,1,1e-05
738891,1,1e-05
405895,1,1e-05
280862,1,1e-05
693432,1,1e-05
45202,1,1e-05
734579,1,1e-05
614310,1,1e-05
440463,1,1e-05
40920,1,1e-05
10961,1,1e-05
30538,1,1e-05
48476,1,1e-05
549469,1,1e-05
33307,1,1e-05
655804,1,1e-05
956195,1,1e-05
890438,1,1e-05
30888,1,1e-05
580247,1,1e-05
893741,1,1e-05
616674,1,1e-05
250735,1,1e-05
831989,1,1e-05
582045,1,1e-05
130466,1,1e-05
480259,1,1e-05
270327,1,1e-05
190938,1,1e-05
433271,1,1e-05
61218,1,1e-05
20638,1,1e-05
753465,1,1e-05
295406,1,1e-05
110616,1,1e-05
70818,1,1e-05
150219,1,1e-05
11066,1,1e-05
967081,1,1e-05
162132,1,1e-05
91058,1,1e-05
210360,1,1e-05
529247,1,1e-05
239021,1,1e-05
975322,1,1e-05
170415,1,1e-05
48359,1,1e-05
364819,1,1e-05
892171,1,1e-05
532500,1,1e-05
811138,1,1e-05
253816,1,1e-05
573325,1,1e-05
30907,1,1e-05
260326,1,1e-05
40193,1,1e-05
162851,1,1e-05
328767,1,1e-05
36146,1,1e-05
259332,1,1e-05
191097,1,1e-05
454603,1,1e-05
80837,1,1e-05
11038,1,1e-05
457967,1,1e-05
190162,1,1e-05
381662,1,1e-05
181805,1,1e-05
70584,1,1e-05
100589,1,1e-05
963868,1,1e-05
193595,1,1e-05
677355,1,1e-05
54863,1,1e-05
893684,1,1e-05
526153,1,1e-05
560306,1,1e-05
997258,1,1e-05
670466,1,1e-05
968041,1,1e-05
295361,1,1e-05
723904,1,1e-05
998253,1,1e-05
559774,1,1e-05
70572,1,1e-05
113182,1,1e-05
264695,1,1e-05
100931,1,1e-05
40523,1,1e-05
849580,1,1e-05
250683,1,1e-05
70641,1,1e-05
591012,1,1e-05
598820,1,1e-05
121284,1,1e-05
813786,1,1e-05
231189,1,1e-05
863333,1,1e-05
437600,1,1e-05
160282,1,1e-05
111293,1,1e-05
204844,1,1e-05
746753,1,1e-05
10909,1,1e-05
278056,1,1e-05
98735,1,1e-05
280620,1,1e-05
706265,1,1e-05
511269,1,1e-05
34640,1,1e-05
115854,1,1e-05
278624,1,1e-05
163396,1,1e-05
278596,1,1e-05
692921,1,1e-05
467154,1,1e-05
200285,1,1e-05
280270,1,1e-05
297191,1,1e-05
446904,1,1e-05
819262,1,1e-05
210215,1,1e-05
101457,1,1e-05
647587,1,1e-05
200443,1,1e-05
21088,1,1e-05
584508,1,1e-05
877652,1,1e-05
691596,1,1e-05
180544,1,1e-05
348555,1,1e-05
695412,1,1e-05
714397,1,1e-05
140513,1,1e-05
37890,1,1e-05
170586,1,1e-05
220400,1,1e-05
766493,1,1e-05
224930,1,1e-05
160431,1,1e-05
785597,1,1e-05
17815,1,1e-05
171021,1,1e-05
924342,1,1e-05
978512,1,1e-05
125680,1,1e-05
518731,1,1e-05
17371,1,1e-05
20165,1,1e-05
591087,1,1e-05
335402,1,1e-05
194097,1,1e-05
43309,1,1e-05
167178,1,1e-05
13551,1,1e-05
180531,1,1e-05
221190,1,1e-05
939487,1,1e-05
290943,1,1e-05
362228,1,1e-05
138014,1,1e-05
373493,1,1e-05
130305,1,1e-05
230475,1,1e-05
160820,1,1e-05
684734,1,1e-05
711263,1,1e-05
579013,1,1e-05
951268,1,1e-05
564270,1,1e-05
140531,1,1e-05
500854,1,1e-05
954273,1,1e-05
10805,1,1e-05
41375,1,1e-05
130397,1,1e-05
140208,1,1e-05
80253,1,1e-05
15423,1,1e-05
154037,1,1e-05
172537,1,1e-05
549611,1,1e-05
383904,1,1e-05
992097,1,1e-05
714959,1,1e-05
854117,1,1e-05
876277,1,1e-05
240770,1,1e-05
100576,1,1e-05
214729,1,1e-05
300781,1,1e-05
160659,1,1e-05
271006,1,1e-05
934549,1,1e-05
998112,1,1e-05
593646,1,1e-05
110879,1,1e-05
150760,1,1e-05
603086,1,1e-05
342693,1,1e-05
290767,1,1e-05
568431,1,1e-05
101047,1,1e-05
523984,1,1e-05
798242,1,1e-05
280298,1,1e-05
836291,1,1e-05
170487,1,1e-05
304560,1,1e-05
285731,1,1e-05
482756,1,1e-05
641145,1,1e-05
588248,1,1e-05
310540,1,1e-05
181198,1,1e-05
123594,1,1e-05
405583,1,1e-05
250342,1,1e-05
817819,1,1e-05
706764,1,1e-05
110269,1,1e-05
10796,1,1e-05
345589,1,1e-05
310593,1,1e-05
483033,1,1e-05
318014,1,1e-05
832121,1,1e-05
248812,1,1e-05
260415,1,1e-05
508296,1,1e-05
415725,1,1e-05
270987,1,1e-05
752338,1,1e-05
130943,1,1e-05
41119,1,1e-05
210976,1,1e-05
359238,1,1e-05
367233,1,1e-05
687889,1,1e-05
859995,1,1e-05
900466,1,1e-05
70343,1,1e-05
230977,1,1e-05
525453,1,1e-05
601870,1,1e-05
861462,1,1e-05
210973,1,1e-05
311052,1,1e-05
291251,1,1e-05
165765,1,1e-05
40620,1,1e-05
200344,1,1e-05
300008,1,1e-05
51214,1,1e-05
51348,1,1e-05
160646,1,1e-05
766532,1,1e-05
280669,1,1e-05
230851,1,1e-05
240672,1,1e-05
785353,1,1e-05
73523,1,1e-05
156218,1,1e-05
211179,1,1e-05
815907,1,1e-05
80730,1,1e-05
75029,1,1e-05
221232,1,1e-05
111224,1,1e-05
161262,1,1e-05
241243,1,1e-05
260636,1,1e-05
42385,1,1e-05
446132,1,1e-05
110114,1,1e-05
101820,1,1e-05
594875,1,1e-05
142201,1,1e-05
570859,1,1e-05
880476,1,1e-05
60674,1,1e-05
97192,1,1e-05
298673,1,1e-05
377658,1,1e-05
11011,1,1e-05
265784,1,1e-05
301138,1,1e-05
385942,1,1e-05
90665,1,1e-05
780801,1,1e-05
36398,1,1e-05
877598,1,1e-05
383716,1,1e-05
458508,1,1e-05
106320,1,1e-05
171025,1,1e-05
30950,1,1e-05
487099,1,1e-05
956986,1,1e-05
242131,1,1e-05
210199,1,1e-05
230926,1,1e-05
649953,1,1e-05
290138,1,1e-05
949063,1,1e-05
398204,1,1e-05
91220,1,1e-05
271292,1,1e-05
954604,1,1e-05
38911,1,1e-05
184548,1,1e-05
546511,1,1e-05
170142,1,1e-05
463977,1,1e-05
544966,1,1e-05
220518,1,1e-05
536187,1,1e-05
987062,1,1e-05
21094,1,1e-05
676069,1,1e-05
160344,1,1e-05
230177,1,1e-05
699531,1,1e-05
30489,1,1e-05
988423,1,1e-05
241002,1,1e-05
938263,1,1e-05
374659,1,1e-05
644178,1,1e-05
60722,1,1e-05
20226,1,1e-05
210680,1,1e-05
150743,1,1e-05
333715,1,1e-05
830380,1,1e-05
720917,1,1e-05
311524,1,1e-05
60254,1,1e-05
280389,1,1e-05
20304,1,1e-05
402227,1,1e-05
990194,1,1e-05
342514,1,1e-05
426366,1,1e-05
201320,1,1e-05
300835,1,1e-05
803153,1,1e-05
30581,1,1e-05
10686,1,1e-05
241127,1,1e-05
281035,1,1e-05
981137,1,1e-05
914411,1,1e-05
814755,1,1e-05
237552,1,1e-05
550331,1,1e-05
210372,1,1e-05
321499,1,1e-05
687556,1,1e-05
769359,1,1e-05
130721,1,1e-05
209165,1,1e-05
20110,1,1e-05
135060,1,1e-05
831627,1,1e-05
300174,1,1e-05
529127,1,1e-05
571012,1,1e-05
753846,1,1e-05
743014,1,1e-05
86322,1,1e-05
261193,1,1e-05
311134,1,1e-05
963368,1,1e-05
554176,1,1e-05
633887,1,1e-05
220162,1,1e-05
619120,1,1e-05
404937,1,1e-05
608394,1,1e-05
64471,1,1e-05
20979,1,1e-05
2763,1,1e-05
38738,1,1e-05
160493,1,1e-05
682156,1,1e-05
130559,1,1e-05
140914,1,1e-05
151166,1,1e-05
170168,1,1e-05
205813,1,1e-05
328086,1,1e-05
473236,1,1e-05
251148,1,1e-05
301183,1,1e-05
252471,1,1e-05
6050,1,1e-05
249052,1,1e-05
812365,1,1e-05
110936,1,1e-05
40682,1,1e-05
252392,1,1e-05
261322,1,1e-05
68221,1,1e-05
764954,1,1e-05
110145,1,1e-05
110115,1,1e-05
90175,1,1e-05
111179,1,1e-05
241011,1,1e-05
845373,1,1e-05
550036,1,1e-05
863905,1,1e-05
219039,1,1e-05
530273,1,1e-05
271093,1,1e-05
240275,1,1e-05
885885,1,1e-05
15729,1,1e-05
450825,1,1e-05
924393,1,1e-05
705125,1,1e-05
120674,1,1e-05
108,1,1e-05
501431,1,1e-05
194082,1,1e-05
508204,1,1e-05
200672,1,1e-05
463925,1,1e-05
180344,1,1e-05
261015,1,1e-05
825661,1,1e-05
180748,1,1e-05
150198,1,1e-05
847767,1,1e-05
494339,1,1e-05
237005,1,1e-05
110438,1,1e-05
50799,1,1e-05
514204,1,1e-05
852042,1,1e-05
380229,1,1e-05
79903,1,1e-05
38080,1,1e-05
815091,1,1e-05
287026,1,1e-05
780858,1,1e-05
873394,1,1e-05
40298,1,1e-05
703434,1,1e-05
231109,1,1e-05
927771,1,1e-05
23560,1,1e-05
91296,1,1e-05
211277,1,1e-05
270700,1,1e-05
685169,1,1e-05
302357,1,1e-05
662784,1,1e-05
742557,1,1e-05
747745,1,1e-05
20565,1,1e-05
19993,1,1e-05
153774,1,1e-05
907402,1,1e-05
191311,1,1e-05
70163,1,1e-05
355046,1,1e-05
351385,1,1e-05
140527,1,1e-05
222188,1,1e-05
81123,1,1e-05
825684,1,1e-05
190995,1,1e-05
574775,1,1e-05
922017,1,1e-05
90168,1,1e-05
752324,1,1e-05
210504,1,1e-05
398024,1,1e-05
896826,1,1e-05
63948,1,1e-05
837914,1,1e-05
150499,1,1e-05
260999,1,1e-05
190683,1,1e-05
736474,1,1e-05
40209,1,1e-05
10595,1,1e-05
271021,1,1e-05
265022,1,1e-05
613449,1,1e-05
77525,1,1e-05
70405,1,1e-05
51022,1,1e-05
957228,1,1e-05
301219,1,1e-05
679067,1,1e-05
81239,1,1e-05
181088,1,1e-05
230509,1,1e-05
100877,1,1e-05
826003,1,1e-05
270351,1,1e-05
130295,1,1e-05
466553,1,1e-05
190698,1,1e-05
133314,1,1e-05
180661,1,1e-05
687843,1,1e-05
200145,1,1e-05
161194,1,1e-05
357696,1,1e-05
78295,1,1e-05
652683,1,1e-05
280357,1,1e-05
721053,1,1e-05
206494,1,1e-05
811512,1,1e-05
737756,1,1e-05
878649,1,1e-05
30990,1,1e-05
190549,1,1e-05
448228,1,1e-05
879832,1,1e-05
528755,1,1e-05
859750,1,1e-05
978943,1,1e-05
230938,1,1e-05
677267,1,1e-05
50725,1,1e-05
70562,1,1e-05
525480,1,1e-05
81523,1,1e-05
183748,1,1e-05
310524,1,1e-05
614267,1,1e-05
969246,1,1e-05
367843,1,1e-05
188241,1,1e-05
793253,1,1e-05
160334,1,1e-05
593911,1,1e-05
197492,1,1e-05
230765,1,1e-05
121252,1,1e-05
110915,1,1e-05
363803,1,1e-05
225516,1,1e-05
30354,1,1e-05
160358,1,1e-05
21132,1,1e-05
595482,1,1e-05
60984,1,1e-05
310903,1,1e-05
180623,1,1e-05
250902,1,1e-05
941525,1,1e-05
385603,1,1e-05
130729,1,1e-05
533281,1,1e-05
120407,1,1e-05
879728,1,1e-05
733663,1,1e-05
547832,1,1e-05
656770,1,1e-05
811517,1,1e-05
656497,1,1e-05
890349,1,1e-05
445939,1,1e-05
749072,1,1e-05
290859,1,1e-05
190215,1,1e-05
50222,1,1e-05
631023,1,1e-05
61573,1,1e-05
414464,1,1e-05
509819,1,1e-05
105685,1,1e-05
354924,1,1e-05
10146,1,1e-05
150579,1,1e-05
589482,1,1e-05
301177,1,1e-05
20810,1,1e-05
10413,1,1e-05
331989,1,1e-05
250649,1,1e-05
831062,1,1e-05
456037,1,1e-05
884854,1,1e-05
895733,1,1e-05
20457,1,1e-05
664342,1,1e-05
310268,1,1e-05
827403,1,1e-05
230376,1,1e-05
270778,1,1e-05
223710,1,1e-05
77494,1,1e-05
47947,1,1e-05
153463,1,1e-05
109502,1,1e-05
190824,1,1e-05
483716,1,1e-05
20335,1,1e-05
83739,1,1e-05
955314,1,1e-05
624689,1,1e-05
345261,1,1e-05
233774,1,1e-05
990584,1,1e-05
130128,1,1e-05
160200,1,1e-05
170816,1,1e-05
203351,1,1e-05
333394,1,1e-05
180583,1,1e-05
574478,1,1e-05
66357,1,1e-05
908758,1,1e-05
801116,1,1e-05
804069,1,1e-05
180974,1,1e-05
449093,1,1e-05
223620,1,1e-05
710587,1,1e-05
70563,1,1e-05
280614,1,1e-05
741581,1,1e-05
280102,1,1e-05
298879,1,1e-05
813949,1,1e-05
352767,1,1e-05
23816,1,1e-05
415790,1,1e-05
50784,1,1e-05
70669,1,1e-05
788384,1,1e-05
298679,1,1e-05
766974,1,1e-05
78683,1,1e-05
241708,1,1e-05
52630,1,1e-05
205815,1,1e-05
70495,1,1e-05
203035,1,1e-05
485097,1,1e-05
301275,1,1e-05
408607,1,1e-05
738613,1,1e-05
191141,1,1e-05
654530,1,1e-05
730019,1,1e-05
140680,1,1e-05
20149,1,1e-05
40818,1,1e-05
40216,1,1e-05
119578,1,1e-05
790654,1,1e-05
402767,1,1e-05
656441,1,1e-05
234165,1,1e-05
271255,1,1e-05
248180,1,1e-05
210441,1,1e-05
20611,1,1e-05
20621,1,1e-05
270116,1,1e-05
763652,1,1e-05
304028,1,1e-05
130540,1,1e-05
120993,1,1e-05
90857,1,1e-05
921445,1,1e-05
70720,1,1e-05
55259,1,1e-05
703785,1,1e-05
384576,1,1e-05
200800,1,1e-05
809111,1,1e-05
122639,1,1e-05
40595,1,1e-05
150558,1,1e-05
199090,1,1e-05
50351,1,1e-05
300372,1,1e-05
561395,1,1e-05
578402,1,1e-05
695527,1,1e-05
300983,1,1e-05
921615,1,1e-05
240836,1,1e-05
676333,1,1e-05
586366,1,1e-05
311208,1,1e-05
310774,1,1e-05
638626,1,1e-05
20983,1,1e-05
964120,1,1e-05
159056,1,1e-05
968793,1,1e-05
492878,1,1e-05
170677,1,1e-05
651080,1,1e-05
131038,1,1e-05
714025,1,1e-05
674478,1,1e-05
49984,1,1e-05
120107,1,1e-05
300874,1,1e-05
70140,1,1e-05
870468,1,1e-05
251093,1,1e-05
173775,1,1e-05
310523,1,1e-05
470211,1,1e-05
823213,1,1e-05
572507,1,1e-05
244537,1,1e-05
110258,1,1e-05
535312,1,1e-05
478637,1,1e-05
130695,1,1e-05
300275,1,1e-05
898353,1,1e-05
385078,1,1e-05
51014,1,1e-05
461087,1,1e-05
230536,1,1e-05
820953,1,1e-05
771335,1,1e-05
300528,1,1e-05
190789,1,1e-05
539498,1,1e-05
150303,1,1e-05
195389,1,1e-05
972732,1,1e-05
423063,1,1e-05
221045,1,1e-05
976308,1,1e-05
191191,1,1e-05
230401,1,1e-05
161215,1,1e-05
672751,1,1e-05
686421,1,1e-05
681941,1,1e-05
290476,1,1e-05
499664,1,1e-05
787743,1,1e-05
96739,1,1e-05
301195,1,1e-05
839208,1,1e-05
552803,1,1e-05
299360,1,1e-05
5400,1,1e-05
310943,1,1e-05
935951,1,1e-05
465566,1,1e-05
47163,1,1e-05
647013,1,1e-05
294972,1,1e-05
87503,1,1e-05
310618,1,1e-05
395096,1,1e-05
300442,1,1e-05
75777,1,1e-05
30554,1,1e-05
170715,1,1e-05
71815,1,1e-05
701621,1,1e-05
91100,1,1e-05
145675,1,1e-05
716686,1,1e-05
694828,1,1e-05
159558,1,1e-05
631791,1,1e-05
675152,1,1e-05
32735,1,1e-05
60717,1,1e-05
577732,1,1e-05
906589,1,1e-05
145009,1,1e-05
436481,1,1e-05
411926,1,1e-05
580056,1,1e-05
971015,1,1e-05
803906,1,1e-05
171051,1,1e-05
368600,1,1e-05
911729,1,1e-05
418959,1,1e-05
10929,1,1e-05
152166,1,1e-05
250155,1,1e-05
239548,1,1e-05
140484,1,1e-05
160703,1,1e-05
166787,1,1e-05
190457,1,1e-05
41272,1,1e-05
10265,1,1e-05
798671,1,1e-05
114805,1,1e-05
637796,1,1e-05
19905,1,1e-05
271065,1,1e-05
966393,1,1e-05
475872,1,1e-05
757474,1,1e-05
130386,1,1e-05
758464,1,1e-05
20711,1,1e-05
20529,1,1e-05
501910,1,1e-05
719418,1,1e-05
52281,1,1e-05
20552,1,1e-05
110351,1,1e-05
345188,1,1e-05
191262,1,1e-05
10397,1,1e-05
383242,1,1e-05
721109,1,1e-05
117857,1,1e-05
220260,1,1e-05
327095,1,1e-05
781719,1,1e-05
460362,1,1e-05
604156,1,1e-05
805140,1,1e-05
37163,1,1e-05
161132,1,1e-05
810984,1,1e-05
241294,1,1e-05
933981,1,1e-05
940779,1,1e-05
153937,1,1e-05
313043,1,1e-05
926576,1,1e-05
420010,1,1e-05
80936,1,1e-05
506698,1,1e-05
290992,1,1e-05
31148,1,1e-05
779553,1,1e-05
628911,1,1e-05
110119,1,1e-05
174025,1,1e-05
453704,1,1e-05
950637,1,1e-05
281004,1,1e-05
525143,1,1e-05
557629,1,1e-05
70534,1,1e-05
60809,1,1e-05
819962,1,1e-05
870326,1,1e-05
280587,1,1e-05
807430,1,1e-05
515542,1,1e-05
30903,1,1e-05
589556,1,1e-05
681508,1,1e-05
200715,1,1e-05
339734,1,1e-05
943337,1,1e-05
721464,1,1e-05
665173,1,1e-05
200159,1,1e-05
104625,1,1e-05
117192,1,1e-05
780207,1,1e-05
829561,1,1e-05
111001,1,1e-05
477795,1,1e-05
12526,1,1e-05
131049,1,1e-05
289535,1,1e-05
985436,1,1e-05
31124,1,1e-05
82030,1,1e-05
280901,1,1e-05
220618,1,1e-05
50496,1,1e-05
806694,1,1e-05
594758,1,1e-05
120443,1,1e-05
648647,1,1e-05
690590,1,1e-05
684102,1,1e-05
334978,1,1e-05
64984,1,1e-05
30173,1,1e-05
331826,1,1e-05
979598,1,1e-05
121151,1,1e-05
433471,1,1e-05
169371,1,1e-05
544420,1,1e-05
822556,1,1e-05
873043,1,1e-05
300150,1,1e-05
506159,1,1e-05
301055,1,1e-05
870534,1,1e-05
10157,1,1e-05
188164,1,1e-05
23904,1,1e-05
250359,1,1e-05
799114,1,1e-05
242776,1,1e-05
180217,1,1e-05
150187,1,1e-05
517966,1,1e-05
754027,1,1e-05
290793,1,1e-05
40795,1,1e-05
913171,1,1e-05
250282,1,1e-05
141121,1,1e-05
191016,1,1e-05
316960,1,1e-05
327222,1,1e-05
61223,1,1e-05
140445,1,1e-05
171168,1,1e-05
21122,1,1e-05
509319,1,1e-05
248186,1,1e-05
634326,1,1e-05
210954,1,1e-05
230838,1,1e-05
130422,1,1e-05
191285,1,1e-05
341328,1,1e-05
504655,1,1e-05
211213,1,1e-05
30614,1,1e-05
615803,1,1e-05
4207,1,1e-05
190223,1,1e-05
930597,1,1e-05
16012,1,1e-05
181390,1,1e-05
270261,1,1e-05
5898,1,1e-05
191297,1,1e-05
10,1,1e-05
161296,1,1e-05
22800,1,1e-05
250512,1,1e-05
12270,1,1e-05
803237,1,1e-05
741773,1,1e-05
536432,1,1e-05
499219,1,1e-05
107894,1,1e-05
111113,1,1e-05
262173,1,1e-05
251023,1,1e-05
980902,1,1e-05
692022,1,1e-05
898006,1,1e-05
616243,1,1e-05
617981,1,1e-05
569619,1,1e-05
997540,1,1e-05
902416,1,1e-05
469327,1,1e-05
256094,1,1e-05
398962,1,1e-05
230940,1,1e-05
727939,1,1e-05
131259,1,1e-05
80334,1,1e-05
733518,1,1e-05
464230,1,1e-05
342859,1,1e-05
130745,1,1e-05
40236,1,1e-05
220501,1,1e-05
665074,1,1e-05
392898,1,1e-05
436305,1,1e-05
856351,1,1e-05
992523,1,1e-05
898363,1,1e-05
942414,1,1e-05
91046,1,1e-05
846773,1,1e-05
120813,1,1e-05
377966,1,1e-05
225385,1,1e-05
261963,1,1e-05
512707,1,1e-05
290527,1,1e-05
240383,1,1e-05
120172,1,1e-05
394039,1,1e-05
235187,1,1e-05
134805,1,1e-05
429749,1,1e-05
374740,1,1e-05
100838,1,1e-05
180675,1,1e-05
90397,1,1e-05
941165,1,1e-05
61247,1,1e-05
420965,1,1e-05
137181,1,1e-05
53719,1,1e-05
696927,1,1e-05
672878,1,1e-05
307788,1,1e-05
509573,1,1e-05
170750,1,1e-05
220253,1,1e-05
839353,1,1e-05
221187,1,1e-05
606629,1,1e-05
983077,1,1e-05
110302,1,1e-05
180645,1,1e-05
221058,1,1e-05
141175,1,1e-05
818492,1,1e-05
102914,1,1e-05
270764,1,1e-05
110575,1,1e-05
666765,1,1e-05
200277,1,1e-05
158402,1,1e-05
46194,1,1e-05
295124,1,1e-05
755467,1,1e-05
10383,1,1e-05
230178,1,1e-05
603909,1,1e-05
20308,1,1e-05
111020,1,1e-05
930983,1,1e-05
708539,1,1e-05
280365,1,1e-05
280314,1,1e-05
543077,1,1e-05
155021,1,1e-05
383181,1,1e-05
675630,1,1e-05
130220,1,1e-05
301147,1,1e-05
126614,1,1e-05
101175,1,1e-05
314723,1,1e-05
887947,1,1e-05
95870,1,1e-05
930090,1,1e-05
888454,1,1e-05
831002,1,1e-05
157237,1,1e-05
291280,1,1e-05
975563,1,1e-05
171179,1,1e-05
520937,1,1e-05
633631,1,1e-05
52180,1,1e-05
323134,1,1e-05
28339,1,1e-05
434859,1,1e-05
819379,1,1e-05
877511,1,1e-05
989589,1,1e-05
20481,1,1e-05
80107,1,1e-05
701535,1,1e-05
948585,1,1e-05
374804,1,1e-05
130698,1,1e-05
130925,1,1e-05
221728,1,1e-05
203971,1,1e-05
109458,1,1e-05
174656,1,1e-05
884188,1,1e-05
967473,1,1e-05
903595,1,1e-05
107216,1,1e-05
711318,1,1e-05
210457,1,1e-05
999969,1,1e-05
122479,1,1e-05
2351,1,1e-05
697362,1,1e-05
970244,1,1e-05
789509,1,1e-05
462726,1,1e-05
682305,1,1e-05
330753,1,1e-05
185607,1,1e-05
812790,1,1e-05
577295,1,1e-05
70388,1,1e-05
72510,1,1e-05
211049,1,1e-05
21069,1,1e-05
60965,1,1e-05
984964,1,1e-05
433073,1,1e-05
966404,1,1e-05
689767,1,1e-05
9472,1,1e-05
295907,1,1e-05
100499,1,1e-05
523539,1,1e-05
897280,1,1e-05
942964,1,1e-05
120778,1,1e-05
110844,1,1e-05
697153,1,1e-05
511822,1,1e-05
785074,1,1e-05
30900,1,1e-05
162009,1,1e-05
86839,1,1e-05
622272,1,1e-05
118096,1,1e-05
326186,1,1e-05
240640,1,1e-05
200970,1,1e-05
876720,1,1e-05
10717,1,1e-05
685912,1,1e-05
495148,1,1e-05
625348,1,1e-05
981925,1,1e-05
365541,1,1e-05
231529,1,1e-05
230728,1,1e-05
231263,1,1e-05
260670,1,1e-05
200327,1,1e-05
226327,1,1e-05
172646,1,1e-05
40210,1,1e-05
90376,1,1e-05
828260,1,1e-05
240379,1,1e-05
233454,1,1e-05
936001,1,1e-05
196973,1,1e-05
451198,1,1e-05
871976,1,1e-05
711005,1,1e-05
111189,1,1e-05
125617,1,1e-05
168576,1,1e-05
883670,1,1e-05
722774,1,1e-05
618912,1,1e-05
527859,1,1e-05
20218,1,1e-05
82842,1,1e-05
100608,1,1e-05
627146,1,1e-05
16373,1,1e-05
30269,1,1e-05
884111,1,1e-05
498054,1,1e-05
100911,1,1e-05
654526,1,1e-05
704865,1,1e-05
210440,1,1e-05
135862,1,1e-05
160427,1,1e-05
210519,1,1e-05
335968,1,1e-05
599654,1,1e-05
867859,1,1e-05
10922,1,1e-05
997159,1,1e-05
498624,1,1e-05
100215,1,1e-05
846530,1,1e-05
229959,1,1e-05
40394,1,1e-05
424871,1,1e-05
960130,1,1e-05
735862,1,1e-05
131078,1,1e-05
353679,1,1e-05
988808,1,1e-05
39166,1,1e-05
919642,1,1e-05
380287,1,1e-05
616465,1,1e-05
260229,1,1e-05
190359,1,1e-05
271207,1,1e-05
132259,1,1e-05
130649,1,1e-05
111172,1,1e-05
266854,1,1e-05
79556,1,1e-05
310505,1,1e-05
957959,1,1e-05
34378,1,1e-05
290333,1,1e-05
378860,1,1e-05
817259,1,1e-05
135159,1,1e-05
787791,1,1e-05
69792,1,1e-05
20914,1,1e-05
800964,1,1e-05
86620,1,1e-05
245286,1,1e-05
695178,1,1e-05
30131,1,1e-05
40842,1,1e-05
655837,1,1e-05
923418,1,1e-05
984362,1,1e-05
340915,1,1e-05
470210,1,1e-05
260309,1,1e-05
10709,1,1e-05
898811,1,1e-05
44515,1,1e-05
250911,1,1e-05
418562,1,1e-05
50868,1,1e-05
892829,1,1e-05
842336,1,1e-05
91239,1,1e-05
271136,1,1e-05
163983,1,1e-05
925450,1,1e-05
290197,1,1e-05
240657,1,1e-05
290537,1,1e-05
381268,1,1e-05
781687,1,1e-05
123394,1,1e-05
480977,1,1e-05
180287,1,1e-05
686604,1,1e-05
862861,1,1e-05
171802,1,1e-05
210681,1,1e-05
871259,1,1e-05
191275,1,1e-05
734731,1,1e-05
848438,1,1e-05
55416,1,1e-05
424687,1,1e-05
408678,1,1e-05
50438,1,1e-05
291529,1,1e-05
150782,1,1e-05
151215,1,1e-05
81063,1,1e-05
90503,1,1e-05
59289,1,1e-05
613067,1,1e-05
40436,1,1e-05
370831,1,1e-05
623197,1,1e-05
150366,1,1e-05
140756,1,1e-05
60521,1,1e-05
200660,1,1e-05
161257,1,1e-05
781936,1,1e-05
30478,1,1e-05
111114,1,1e-05
709324,1,1e-05
977172,1,1e-05
430529,1,1e-05
312453,1,1e-05
273669,1,1e-05
200744,1,1e-05
70173,1,1e-05
433510,1,1e-05
220230,1,1e-05
910936,1,1e-05
30365,1,1e-05
815577,1,1e-05
280696,1,1e-05
30197,1,1e-05
867555,1,1e-05
300767,1,1e-05
90971,1,1e-05
765437,1,1e-05
200572,1,1e-05
676921,1,1e-05
90549,1,1e-05
90544,1,1e-05
934709,1,1e-05
283097,1,1e-05
171986,1,1e-05
130637,1,1e-05
141240,1,1e-05
426123,1,1e-05
995966,1,1e-05
936809,1,1e-05
150884,1,1e-05
310695,1,1e-05
170535,1,1e-05
70991,1,1e-05
731571,1,1e-05
190319,1,1e-05
80964,1,1e-05
819770,1,1e-05
272735,1,1e-05
70533,1,1e-05
311190,1,1e-05
120944,1,1e-05
815724,1,1e-05
161704,1,1e-05
160237,1,1e-05
240239,1,1e-05
362846,1,1e-05
62842,1,1e-05
100967,1,1e-05
230311,1,1e-05
551527,1,1e-05
60822,1,1e-05
925273,1,1e-05
603530,1,1e-05
429785,1,1e-05
250436,1,1e-05
216915,1,1e-05
100323,1,1e-05
870963,1,1e-05
512186,1,1e-05
291214,1,1e-05
561787,1,1e-05
270122,1,1e-05
137784,1,1e-05
419869,1,1e-05
80626,1,1e-05
102133,1,1e-05
443320,1,1e-05
189021,1,1e-05
60990,1,1e-05
638676,1,1e-05
110540,1,1e-05
70954,1,1e-05
290653,1,1e-05
706697,1,1e-05
704713,1,1e-05
537732,1,1e-05
20443,1,1e-05
161052,1,1e-05
310998,1,1e-05
820723,1,1e-05
120969,1,1e-05
173499,1,1e-05
529152,1,1e-05
190492,1,1e-05
200180,1,1e-05
573297,1,1e-05
260727,1,1e-05
240423,1,1e-05
90228,1,1e-05
161001,1,1e-05
968820,1,1e-05
190657,1,1e-05
697393,1,1e-05
778739,1,1e-05
180332,1,1e-05
220480,1,1e-05
233107,1,1e-05
899588,1,1e-05
978471,1,1e-05
711000,1,1e-05
810451,1,1e-05
276638,1,1e-05
80959,1,1e-05
632797,1,1e-05
210245,1,1e-05
184217,1,1e-05
70345,1,1e-05
956272,1,1e-05
40790,1,1e-05
511410,1,1e-05
769794,1,1e-05
54850,1,1e-05
717336,1,1e-05
664826,1,1e-05
280312,1,1e-05
539304,1,1e-05
702227,1,1e-05
835600,1,1e-05
81246,1,1e-05
203003,1,1e-05
90349,1,1e-05
60430,1,1e-05
611909,1,1e-05
990704,1,1e-05
120988,1,1e-05
241118,1,1e-05
80475,1,1e-05
558412,1,1e-05
150184,1,1e-05
280601,1,1e-05
878797,1,1e-05
709249,1,1e-05
943863,1,1e-05
236042,1,1e-05
120157,1,1e-05
136874,1,1e-05
271040,1,1e-05
957296,1,1e-05
558941,1,1e-05
910533,1,1e-05
663448,1,1e-05
210969,1,1e-05
32191,1,1e-05
31663,1,1e-05
11295,1,1e-05
396595,1,1e-05
84338,1,1e-05
494205,1,1e-05
779713,1,1e-05
431524,1,1e-05
387690,1,1e-05
71614,1,1e-05
505742,1,1e-05
160569,1,1e-05
101196,1,1e-05
150769,1,1e-05
980173,1,1e-05
493783,1,1e-05
532587,1,1e-05
231107,1,1e-05
305131,1,1e-05
928746,1,1e-05
435539,1,1e-05
570640,1,1e-05
170374,1,1e-05
491577,1,1e-05
354921,1,1e-05
140394,1,1e-05
60910,1,1e-05
40746,1,1e-05
248275,1,1e-05
806996,1,1e-05
6901,1,1e-05
110745,1,1e-05
210459,1,1e-05
20773,1,1e-05
784429,1,1e-05
625250,1,1e-05
230580,1,1e-05
30505,1,1e-05
79655,1,1e-05
925078,1,1e-05
916198,1,1e-05
544592,1,1e-05
273737,1,1e-05
681021,1,1e-05
244348,1,1e-05
780672,1,1e-05
311263,1,1e-05
969263,1,1e-05
141178,1,1e-05
884248,1,1e-05
318209,1,1e-05
194596,1,1e-05
640467,1,1e-05
61133,1,1e-05
21752,1,1e-05
300272,1,1e-05
377167,1,1e-05
100204,1,1e-05
50423,1,1e-05
269098,1,1e-05
70665,1,1e-05
1745,1,1e-05
110443,1,1e-05
406766,1,1e-05
365728,1,1e-05
553856,1,1e-05
119828,1,1e-05
160378,1,1e-05
291061,1,1e-05
602670,1,1e-05
80239,1,1e-05
998604,1,1e-05
656177,1,1e-05
190731,1,1e-05
101214,1,1e-05
210352,1,1e-05
904071,1,1e-05
291298,1,1e-05
730012,1,1e-05
270420,1,1e-05
193874,1,1e-05
446115,1,1e-05
977578,1,1e-05
281274,1,1e-05
980486,1,1e-05
60483,1,1e-05
270478,1,1e-05
160218,1,1e-05
291136,1,1e-05
448705,1,1e-05
290330,1,1e-05
839293,1,1e-05
999963,1,1e-05
170951,1,1e-05
80851,1,1e-05
439901,1,1e-05
271086,1,1e-05
769884,1,1e-05
910661,1,1e-05
100213,1,1e-05
383802,1,1e-05
351171,1,1e-05
659862,1,1e-05
430981,1,1e-05
434699,1,1e-05
711322,1,1e-05
88179,1,1e-05
704520,1,1e-05
711029,1,1e-05
210897,1,1e-05
190800,1,1e-05
240195,1,1e-05
280996,1,1e-05
647242,1,1e-05
737951,1,1e-05
80748,1,1e-05
457389,1,1e-05
363667,1,1e-05
251109,1,1e-05
849873,1,1e-05
290674,1,1e-05
917263,1,1e-05
808920,1,1e-05
220748,1,1e-05
765980,1,1e-05
631945,1,1e-05
814683,1,1e-05
200701,1,1e-05
988576,1,1e-05
686238,1,1e-05
805306,1,1e-05
442244,1,1e-05
220830,1,1e-05
130055,1,1e-05
61243,1,1e-05
560056,1,1e-05
60552,1,1e-05
726973,1,1e-05
201037,1,1e-05
141143,1,1e-05
413077,1,1e-05
204284,1,1e-05
33109,1,1e-05
744973,1,1e-05
467765,1,1e-05
654836,1,1e-05
261049,1,1e-05
251178,1,1e-05
240997,1,1e-05
120628,1,1e-05
190401,1,1e-05
441940,1,1e-05
161408,1,1e-05
200364,1,1e-05
669731,1,1e-05
50551,1,1e-05
596513,1,1e-05
684878,1,1e-05
492360,1,1e-05
57612,1,1e-05
593377,1,1e-05
361227,1,1e-05
130230,1,1e-05
210776,1,1e-05
66592,1,1e-05
210476,1,1e-05
950130,1,1e-05
950824,1,1e-05
581998,1,1e-05
191222,1,1e-05
661502,1,1e-05
758537,1,1e-05
404505,1,1e-05
40187,1,1e-05
20606,1,1e-05
300972,1,1e-05
70631,1,1e-05
291099,1,1e-05
70205,1,1e-05
1016,1,1e-05
310576,1,1e-05
919270,1,1e-05
120272,1,1e-05
919390,1,1e-05
965449,1,1e-05
34232,1,1e-05
832715,1,1e-05
401664,1,1e-05
448968,1,1e-05
280850,1,1e-05
83470,1,1e-05
516937,1,1e-05
210683,1,1e-05
536282,1,1e-05
201175,1,1e-05
260109,1,1e-05
20921,1,1e-05
160540,1,1e-05
333557,1,1e-05
210947,1,1e-05
356641,1,1e-05
290405,1,1e-05
33911,1,1e-05
580488,1,1e-05
759121,1,1e-05
120842,1,1e-05
691131,1,1e-05
557190,1,1e-05
877492,1,1e-05
917538,1,1e-05
190276,1,1e-05
142307,1,1e-05
637074,1,1e-05
989380,1,1e-05
409752,1,1e-05
261245,1,1e-05
80620,1,1e-05
280838,1,1e-05
130792,1,1e-05
649853,1,1e-05
293418,1,1e-05
299069,1,1e-05
71020,1,1e-05
524811,1,1e-05
329708,1,1e-05
905827,1,1e-05
300557,1,1e-05
120428,1,1e-05
977817,1,1e-05
194193,1,1e-05
25490,1,1e-05
270721,1,1e-05
200141,1,1e-05
190666,1,1e-05
326797,1,1e-05
290447,1,1e-05
20782,1,1e-05
336136,1,1e-05
511488,1,1e-05
652814,1,1e-05
316350,1,1e-05
20251,1,1e-05
798417,1,1e-05
193329,1,1e-05
11236,1,1e-05
151125,1,1e-05
808264,1,1e-05
384964,1,1e-05
431469,1,1e-05
832232,1,1e-05
235044,1,1e-05
40336,1,1e-05
963041,1,1e-05
127879,1,1e-05
917459,1,1e-05
711923,1,1e-05
221182,1,1e-05
802115,1,1e-05
66298,1,1e-05
90585,1,1e-05
21045,1,1e-05
607823,1,1e-05
19381,1,1e-05
639313,1,1e-05
40281,1,1e-05
230184,1,1e-05
80242,1,1e-05
960964,1,1e-05
447475,1,1e-05
663051,1,1e-05
819141,1,1e-05
230519,1,1e-05
10158,1,1e-05
222931,1,1e-05
377998,1,1e-05
211687,1,1e-05
237205,1,1e-05
130259,1,1e-05
950507,1,1e-05
494718,1,1e-05
19715,1,1e-05
392529,1,1e-05
60972,1,1e-05
230999,1,1e-05
298698,1,1e-05
80205,1,1e-05
452742,1,1e-05
531779,1,1e-05
511637,1,1e-05
338349,1,1e-05
41262,1,1e-05
979028,1,1e-05
52503,1,1e-05
725999,1,1e-05
180795,1,1e-05
333054,1,1e-05
338391,1,1e-05
774966,1,1e-05
190566,1,1e-05
823945,1,1e-05
160477,1,1e-05
200214,1,1e-05
226058,1,1e-05
361215,1,1e-05
455618,1,1e-05
672678,1,1e-05
456885,1,1e-05
968559,1,1e-05
156150,1,1e-05
71124,1,1e-05
841748,1,1e-05
732576,1,1e-05
535534,1,1e-05
121058,1,1e-05
675389,1,1e-05
170494,1,1e-05
776997,1,1e-05
944682,1,1e-05
285362,1,1e-05
841477,1,1e-05
290956,1,1e-05
741031,1,1e-05
463521,1,1e-05
966786,1,1e-05
344569,1,1e-05
875225,1,1e-05
689732,1,1e-05
745116,1,1e-05
879193,1,1e-05
464545,1,1e-05
776626,1,1e-05
110511,1,1e-05
192629,1,1e-05
207641,1,1e-05
991917,1,1e-05
914491,1,1e-05
324948,1,1e-05
241149,1,1e-05
15084,1,1e-05
412175,1,1e-05
150453,1,1e-05
60380,1,1e-05
924984,1,1e-05
271249,1,1e-05
181112,1,1e-05
459677,1,1e-05
195553,1,1e-05
822489,1,1e-05
170896,1,1e-05
71177,1,1e-05
653495,1,1e-05
216611,1,1e-05
181618,1,1e-05
170617,1,1e-05
719068,1,1e-05
597190,1,1e-05
628004,1,1e-05
998100,1,1e-05
824413,1,1e-05
566661,1,1e-05
844415,1,1e-05
100500,1,1e-05
978196,1,1e-05
168047,1,1e-05
260132,1,1e-05
573136,1,1e-05
450918,1,1e-05
930980,1,1e-05
118888,1,1e-05
927885,1,1e-05
200968,1,1e-05
160627,1,1e-05
507112,1,1e-05
539775,1,1e-05
743554,1,1e-05
21273,1,1e-05
270947,1,1e-05
290863,1,1e-05
150221,1,1e-05
481629,1,1e-05
140623,1,1e-05
574109,1,1e-05
193191,1,1e-05
84310,1,1e-05
183143,1,1e-05
116651,1,1e-05
160469,1,1e-05
626691,1,1e-05
270797,1,1e-05
27577,1,1e-05
903616,1,1e-05
445598,1,1e-05
190460,1,1e-05
190955,1,1e-05
210858,1,1e-05
15735,1,1e-05
717858,1,1e-05
24805,1,1e-05
803404,1,1e-05
507707,1,1e-05
417729,1,1e-05
211130,1,1e-05
208667,1,1e-05
284254,1,1e-05
499564,1,1e-05
508304,1,1e-05
150396,1,1e-05
893367,1,1e-05
993306,1,1e-05
212818,1,1e-05
11606,1,1e-05
306223,1,1e-05
21016,1,1e-05
41016,1,1e-05
411378,1,1e-05
349836,1,1e-05
291531,1,1e-05
469041,1,1e-05
158801,1,1e-05
220248,1,1e-05
121011,1,1e-05
180414,1,1e-05
472690,1,1e-05
120678,1,1e-05
90236,1,1e-05
150182,1,1e-05
923617,1,1e-05
140915,1,1e-05
655955,1,1e-05
270377,1,1e-05
399777,1,1e-05
925616,1,1e-05
979027,1,1e-05
788294,1,1e-05
60373,1,1e-05
251351,1,1e-05
310441,1,1e-05
10592,1,1e-05
424147,1,1e-05
171180,1,1e-05
497010,1,1e-05
743726,1,1e-05
319879,1,1e-05
160525,1,1e-05
130941,1,1e-05
521848,1,1e-05
110979,1,1e-05
214516,1,1e-05
10271,1,1e-05
827937,1,1e-05
40530,1,1e-05
1827,1,1e-05
607531,1,1e-05
260621,1,1e-05
210451,1,1e-05
180740,1,1e-05
140845,1,1e-05
49265,1,1e-05
456860,1,1e-05
307413,1,1e-05
3316,1,1e-05
221140,1,1e-05
161122,1,1e-05
868296,1,1e-05
271424,1,1e-05
170145,1,1e-05
310285,1,1e-05
556631,1,1e-05
85036,1,1e-05
467524,1,1e-05
281138,1,1e-05
101069,1,1e-05
449323,1,1e-05
652113,1,1e-05
140983,1,1e-05
151112,1,1e-05
110436,1,1e-05
141160,1,1e-05
86706,1,1e-05
162351,1,1e-05
717799,1,1e-05
380919,1,1e-05
241829,1,1e-05
281121,1,1e-05
319173,1,1e-05
503804,1,1e-05
903458,1,1e-05
40481,1,1e-05
270986,1,1e-05
482552,1,1e-05
220261,1,1e-05
548130,1,1e-05
570779,1,1e-05
398111,1,1e-05
180760,1,1e-05
233195,1,1e-05
156270,1,1e-05
61164,1,1e-05
762630,1,1e-05
81079,1,1e-05
291036,1,1e-05
7431,1,1e-05
75429,1,1e-05
201105,1,1e-05
524596,1,1e-05
51020,1,1e-05
597811,1,1e-05
35929,1,1e-05
646454,1,1e-05
759405,1,1e-05
91280,1,1e-05
23083,1,1e-05
280103,1,1e-05
731340,1,1e-05
400215,1,1e-05
855941,1,1e-05
593597,1,1e-05
726746,1,1e-05
120356,1,1e-05
765992,1,1e-05
50449,1,1e-05
100542,1,1e-05
180657,1,1e-05
30585,1,1e-05
353522,1,1e-05
529431,1,1e-05
290586,1,1e-05
170501,1,1e-05
74259,1,1e-05
675271,1,1e-05
211265,1,1e-05
565142,1,1e-05
23180,1,1e-05
386810,1,1e-05
230774,1,1e-05
678287,1,1e-05
758290,1,1e-05
787701,1,1e-05
153012,1,1e-05
513203,1,1e-05
369846,1,1e-05
472795,1,1e-05
250515,1,1e-05
301191,1,1e-05
595020,1,1e-05
220478,1,1e-05
220035,1,1e-05
13641,1,1e-05
369290,1,1e-05
30647,1,1e-05
251076,1,1e-05
204838,1,1e-05
754774,1,1e-05
190309,1,1e-05
91196,1,1e-05
868333,1,1e-05
191330,1,1e-05
494459,1,1e-05
973291,1,1e-05
211147,1,1e-05
592846,1,1e-05
425010,1,1e-05
834592,1,1e-05
221152,1,1e-05
702698,1,1e-05
28700,1,1e-05
708450,1,1e-05
11338,1,1e-05
240747,1,1e-05
625257,1,1e-05
310841,1,1e-05
396201,1,1e-05
210141,1,1e-05
954736,1,1e-05
680462,1,1e-05
698823,1,1e-05
308561,1,1e-05
123288,1,1e-05
293691,1,1e-05
835917,1,1e-05
89732,1,1e-05
200971,1,1e-05
310191,1,1e-05
145374,1,1e-05
221003,1,1e-05
100700,1,1e-05
436328,1,1e-05
180605,1,1e-05
662703,1,1e-05
815031,1,1e-05
315641,1,1e-05
617812,1,1e-05
796824,1,1e-05
290712,1,1e-05
271014,1,1e-05
271231,1,1e-05
46479,1,1e-05
100600,1,1e-05
71134,1,1e-05
398788,1,1e-05
408210,1,1e-05
630517,1,1e-05
611206,1,1e-05
171107,1,1e-05
63542,1,1e-05
985001,1,1e-05
447529,1,1e-05
250773,1,1e-05
801466,1,1e-05
75542,1,1e-05
928808,1,1e-05
891946,1,1e-05
795022,1,1e-05
292622,1,1e-05
949046,1,1e-05
448771,1,1e-05
727480,1,1e-05
315328,1,1e-05
60599,1,1e-05
150183,1,1e-05
871987,1,1e-05
220120,1,1e-05
310778,1,1e-05
16327,1,1e-05
87573,1,1e-05
951024,1,1e-05
40827,1,1e-05
486395,1,1e-05
547645,1,1e-05
301097,1,1e-05
40305,1,1e-05
181009,1,1e-05
110567,1,1e-05
459007,1,1e-05
170986,1,1e-05
220516,1,1e-05
395863,1,1e-05
528202,1,1e-05
59200,1,1e-05
610050,1,1e-05
200186,1,1e-05
966826,1,1e-05
937327,1,1e-05
291211,1,1e-05
60268,1,1e-05
131987,1,1e-05
783964,1,1e-05
192739,1,1e-05
248024,1,1e-05
110537,1,1e-05
520572,1,1e-05
240835,1,1e-05
706297,1,1e-05
32459,1,1e-05
851900,1,1e-05
264618,1,1e-05
171042,1,1e-05
96649,1,1e-05
566603,1,1e-05
220569,1,1e-05
378648,1,1e-05
220213,1,1e-05
230365,1,1e-05
690261,1,1e-05
236664,1,1e-05
317609,1,1e-05
310548,1,1e-05
439311,1,1e-05
992535,1,1e-05
214578,1,1e-05
118331,1,1e-05
190518,1,1e-05
101147,1,1e-05
687145,1,1e-05
190603,1,1e-05
250967,1,1e-05
504306,1,1e-05
200830,1,1e-05
237653,1,1e-05
169776,1,1e-05
290427,1,1e-05
523443,1,1e-05
60680,1,1e-05
290672,1,1e-05
985454,1,1e-05
220541,1,1e-05
389730,1,1e-05
102908,1,1e-05
930643,1,1e-05
364186,1,1e-05
818432,1,1e-05
751382,1,1e-05
190659,1,1e-05
283896,1,1e-05
174518,1,1e-05
265818,1,1e-05
881745,1,1e-05
300281,1,1e-05
149243,1,1e-05
622447,1,1e-05
398682,1,1e-05
90463,1,1e-05
971337,1,1e-05
35274,1,1e-05
227798,1,1e-05
214358,1,1e-05
180194,1,1e-05
130580,1,1e-05
150604,1,1e-05
140201,1,1e-05
260314,1,1e-05
595654,1,1e-05
54354,1,1e-05
554710,1,1e-05
656367,1,1e-05
171958,1,1e-05
6997,1,1e-05
579051,1,1e-05
190884,1,1e-05
243652,1,1e-05
943688,1,1e-05
276997,1,1e-05
160911,1,1e-05
966856,1,1e-05
796761,1,1e-05
10507,1,1e-05
454860,1,1e-05
230712,1,1e-05
584942,1,1e-05
190917,1,1e-05
499934,1,1e-05
53022,1,1e-05
969698,1,1e-05
222349,1,1e-05
120526,1,1e-05
44678,1,1e-05
401568,1,1e-05
291044,1,1e-05
50914,1,1e-05
118885,1,1e-05
729213,1,1e-05
90887,1,1e-05
355783,1,1e-05
170546,1,1e-05
417995,1,1e-05
734956,1,1e-05
131132,1,1e-05
81272,1,1e-05
553930,1,1e-05
235691,1,1e-05
639598,1,1e-05
926639,1,1e-05
251278,1,1e-05
810604,1,1e-05
362583,1,1e-05
957536,1,1e-05
899726,1,1e-05
280230,1,1e-05
518181,1,1e-05
591741,1,1e-05
111169,1,1e-05
270946,1,1e-05
102246,1,1e-05
241905,1,1e-05
802337,1,1e-05
816683,1,1e-05
437308,1,1e-05
859087,1,1e-05
512388,1,1e-05
750019,1,1e-05
230641,1,1e-05
10705,1,1e-05
928734,1,1e-05
251032,1,1e-05
100463,1,1e-05
290556,1,1e-05
884513,1,1e-05
610049,1,1e-05
290730,1,1e-05
585853,1,1e-05
20600,1,1e-05
310753,1,1e-05
247189,1,1e-05
150632,1,1e-05
938577,1,1e-05
10188,1,1e-05
498363,1,1e-05
483284,1,1e-05
451456,1,1e-05
853594,1,1e-05
366709,1,1e-05
100973,1,1e-05
270495,1,1e-05
792392,1,1e-05
18280,1,1e-05
346123,1,1e-05
140383,1,1e-05
355332,1,1e-05
969665,1,1e-05
130520,1,1e-05
899287,1,1e-05
528034,1,1e-05
621309,1,1e-05
418985,1,1e-05
60934,1,1e-05
296407,1,1e-05
946942,1,1e-05
250624,1,1e-05
901000,1,1e-05
110359,1,1e-05
61920,1,1e-05
50567,1,1e-05
190780,1,1e-05
140652,1,1e-05
280392,1,1e-05
726262,1,1e-05
110941,1,1e-05
852491,1,1e-05
121106,1,1e-05
676130,1,1e-05
387632,1,1e-05
73108,1,1e-05
301280,1,1e-05
100490,1,1e-05
270260,1,1e-05
234777,1,1e-05
164336,1,1e-05
672468,1,1e-05
191723,1,1e-05
547655,1,1e-05
882519,1,1e-05
100412,1,1e-05
191111,1,1e-05
260216,1,1e-05
140108,1,1e-05
278844,1,1e-05
141171,1,1e-05
300847,1,1e-05
571695,1,1e-05
391232,1,1e-05
41041,1,1e-05
280654,1,1e-05
464950,1,1e-05
981226,1,1e-05
662547,1,1e-05
130618,1,1e-05
173258,1,1e-05
190714,1,1e-05
91354,1,1e-05
140766,1,1e-05
502901,1,1e-05
873492,1,1e-05
140752,1,1e-05
580995,1,1e-05
210411,1,1e-05
15255,1,1e-05
530808,1,1e-05
920447,1,1e-05
60199,1,1e-05
30568,1,1e-05
261121,1,1e-05
861353,1,1e-05
37637,1,1e-05
473042,1,1e-05
180310,1,1e-05
120615,1,1e-05
443763,1,1e-05
931626,1,1e-05
131084,1,1e-05
737534,1,1e-05
478416,1,1e-05
563765,1,1e-05
31177,1,1e-05
509837,1,1e-05
799822,1,1e-05
6769,1,1e-05
131117,1,1e-05
290743,1,1e-05
415398,1,1e-05
250828,1,1e-05
90539,1,1e-05
442788,1,1e-05
204525,1,1e-05
262383,1,1e-05
21106,1,1e-05
18678,1,1e-05
129377,1,1e-05
346711,1,1e-05
964926,1,1e-05
140546,1,1e-05
397244,1,1e-05
873753,1,1e-05
882141,1,1e-05
780415,1,1e-05
20750,1,1e-05
240241,1,1e-05
497608,1,1e-05
714295,1,1e-05
50860,1,1e-05
70900,1,1e-05
827605,1,1e-05
310863,1,1e-05
581120,1,1e-05
450907,1,1e-05
351973,1,1e-05
628009,1,1e-05
995540,1,1e-05
270390,1,1e-05
69021,1,1e-05
423883,1,1e-05
204208,1,1e-05
271047,1,1e-05
613894,1,1e-05
20500,1,1e-05
845338,1,1e-05
10187,1,1e-05
20266,1,1e-05
241048,1,1e-05
91132,1,1e-05
446294,1,1e-05
231215,1,1e-05
764519,1,1e-05
587105,1,1e-05
186623,1,1e-05
61633,1,1e-05
280278,1,1e-05
434322,1,1e-05
10136,1,1e-05
125349,1,1e-05
280510,1,1e-05
363888,1,1e-05
502722,1,1e-05
636642,1,1e-05
816472,1,1e-05
146563,1,1e-05
941551,1,1e-05
605710,1,1e-05
39535,1,1e-05
78614,1,1e-05
140989,1,1e-05
571376,1,1e-05
902959,1,1e-05
561806,1,1e-05
11046,1,1e-05
122339,1,1e-05
71201,1,1e-05
260716,1,1e-05
406696,1,1e-05
210254,1,1e-05
275034,1,1e-05
759689,1,1e-05
262556,1,1e-05
796964,1,1e-05
11105,1,1e-05
802755,1,1e-05
554907,1,1e-05
944655,1,1e-05
456511,1,1e-05
266040,1,1e-05
788287,1,1e-05
70919,1,1e-05
142618,1,1e-05
440465,1,1e-05
741630,1,1e-05
231126,1,1e-05
220138,1,1e-05
388428,1,1e-05
201280,1,1e-05
361112,1,1e-05
464976,1,1e-05
91191,1,1e-05
431851,1,1e-05
978981,1,1e-05
280636,1,1e-05
245359,1,1e-05
657872,1,1e-05
502710,1,1e-05
60393,1,1e-05
408616,1,1e-05
110533,1,1e-05
45408,1,1e-05
883041,1,1e-05
310478,1,1e-05
452147,1,1e-05
291094,1,1e-05
160886,1,1e-05
704345,1,1e-05
111024,1,1e-05
61111,1,1e-05
895978,1,1e-05
881346,1,1e-05
735555,1,1e-05
190989,1,1e-05
830671,1,1e-05
170663,1,1e-05
161014,1,1e-05
172144,1,1e-05
307716,1,1e-05
501465,1,1e-05
627232,1,1e-05
346324,1,1e-05
1589,1,1e-05
787914,1,1e-05
789948,1,1e-05
31053,1,1e-05
180916,1,1e-05
232879,1,1e-05
61258,1,1e-05
10933,1,1e-05
71997,1,1e-05
469821,1,1e-05
110817,1,1e-05
756813,1,1e-05
347129,1,1e-05
280106,1,1e-05
584465,1,1e-05
797438,1,1e-05
936308,1,1e-05
88193,1,1e-05
651514,1,1e-05
224460,1,1e-05
210632,1,1e-05
222584,1,1e-05
544586,1,1e-05
101292,1,1e-05
115509,1,1e-05
509661,1,1e-05
670183,1,1e-05
10421,1,1e-05
230726,1,1e-05
679112,1,1e-05
432871,1,1e-05
58340,1,1e-05
151434,1,1e-05
715170,1,1e-05
519416,1,1e-05
826164,1,1e-05
40641,1,1e-05
281032,1,1e-05
201238,1,1e-05
80644,1,1e-05
817163,1,1e-05
362046,1,1e-05
90486,1,1e-05
948973,1,1e-05
281231,1,1e-05
30290,1,1e-05
662205,1,1e-05
10335,1,1e-05
738934,1,1e-05
160293,1,1e-05
419363,1,1e-05
101092,1,1e-05
356885,1,1e-05
836987,1,1e-05
390383,1,1e-05
766791,1,1e-05
687827,1,1e-05
959023,1,1e-05
291050,1,1e-05
171726,1,1e-05
794504,1,1e-05
759353,1,1e-05
21218,1,1e-05
233250,1,1e-05
560668,1,1e-05
559666,1,1e-05
230501,1,1e-05
484223,1,1e-05
44509,1,1e-05
29394,1,1e-05
471636,1,1e-05
697100,1,1e-05
100169,1,1e-05
326970,1,1e-05
26492,1,1e-05
50666,1,1e-05
260378,1,1e-05
594972,1,1e-05
574060,1,1e-05
414005,1,1e-05
201233,1,1e-05
337597,1,1e-05
675937,1,1e-05
347060,1,1e-05
230381,1,1e-05
260647,1,1e-05
545020,1,1e-05
154896,1,1e-05
760645,1,1e-05
244259,1,1e-05
930888,1,1e-05
208731,1,1e-05
288424,1,1e-05
784310,1,1e-05
957335,1,1e-05
806448,1,1e-05
111166,1,1e-05
210346,1,1e-05
461689,1,1e-05
274304,1,1e-05
621550,1,1e-05
884651,1,1e-05
120622,1,1e-05
231096,1,1e-05
866611,1,1e-05
997371,1,1e-05
150208,1,1e-05
50295,1,1e-05
49485,1,1e-05
200752,1,1e-05
160804,1,1e-05
261107,1,1e-05
131147,1,1e-05
392401,1,1e-05
200872,1,1e-05
301005,1,1e-05
200700,1,1e-05
291229,1,1e-05
876003,1,1e-05
430849,1,1e-05
660830,1,1e-05
937117,1,1e-05
260779,1,1e-05
139253,1,1e-05
279436,1,1e-05
200781,1,1e-05
502809,1,1e-05
624219,1,1e-05
222799,1,1e-05
251465,1,1e-05
41027,1,1e-05
181113,1,1e-05
10450,1,1e-05
128365,1,1e-05
142018,1,1e-05
200612,1,1e-05
271114,1,1e-05
445166,1,1e-05
21255,1,1e-05
593191,1,1e-05
945068,1,1e-05
279026,1,1e-05
799089,1,1e-05
40919,1,1e-05
968547,1,1e-05
311226,1,1e-05
147676,1,1e-05
200914,1,1e-05
629267,1,1e-05
20592,1,1e-05
764374,1,1e-05
301261,1,1e-05
968894,1,1e-05
131124,1,1e-05
191021,1,1e-05
332132,1,1e-05
100573,1,1e-05
669937,1,1e-05
931335,1,1e-05
191028,1,1e-05
110596,1,1e-05
337680,1,1e-05
51268,1,1e-05
200351,1,1e-05
167717,1,1e-05
98479,1,1e-05
60206,1,1e-05
658928,1,1e-05
778886,1,1e-05
140202,1,1e-05
180833,1,1e-05
332846,1,1e-05
894317,1,1e-05
230859,1,1e-05
956268,1,1e-05
758844,1,1e-05
143635,1,1e-05
833369,1,1e-05
133558,1,1e-05
578901,1,1e-05
406864,1,1e-05
230258,1,1e-05
270074,1,1e-05
310897,1,1e-05
452183,1,1e-05
519007,1,1e-05
772942,1,1e-05
30701,1,1e-05
789271,1,1e-05
44258,1,1e-05
607190,1,1e-05
150188,1,1e-05
640888,1,1e-05
170456,1,1e-05
819818,1,1e-05
201255,1,1e-05
280266,1,1e-05
993528,1,1e-05
695563,1,1e-05
180536,1,1e-05
92092,1,1e-05
323523,1,1e-05
515474,1,1e-05
45466,1,1e-05
290337,1,1e-05
111147,1,1e-05
146703,1,1e-05
950509,1,1e-05
311812,1,1e-05
473901,1,1e-05
932704,1,1e-05
872046,1,1e-05
508181,1,1e-05
91139,1,1e-05
493784,1,1e-05
785951,1,1e-05
803957,1,1e-05
281036,1,1e-05
210662,1,1e-05
587397,1,1e-05
696608,1,1e-05
374903,1,1e-05
743,1,1e-05
130340,1,1e-05
218202,1,1e-05
110518,1,1e-05
80502,1,1e-05
607908,1,1e-05
725111,1,1e-05
921237,1,1e-05
70985,1,1e-05
260365,1,1e-05
303163,1,1e-05
310356,1,1e-05
310852,1,1e-05
356670,1,1e-05
229554,1,1e-05
918824,1,1e-05
300545,1,1e-05
201287,1,1e-05
656029,1,1e-05
411400,1,1e-05
668211,1,1e-05
80758,1,1e-05
502683,1,1e-05
180333,1,1e-05
920327,1,1e-05
90352,1,1e-05
650528,1,1e-05
632343,1,1e-05
150925,1,1e-05
310727,1,1e-05
201059,1,1e-05
108382,1,1e-05
666599,1,1e-05
180608,1,1e-05
742163,1,1e-05
54077,1,1e-05
559684,1,1e-05
293506,1,1e-05
542592,1,1e-05
705973,1,1e-05
929468,1,1e-05
140850,1,1e-05
39968,1,1e-05
703410,1,1e-05
291013,1,1e-05
220369,1,1e-05
98806,1,1e-05
240317,1,1e-05
181056,1,1e-05
760807,1,1e-05
530817,1,1e-05
120820,1,1e-05
881963,1,1e-05
772606,1,1e-05
240229,1,1e-05
134221,1,1e-05
160367,1,1e-05
505129,1,1e-05
160335,1,1e-05
476576,1,1e-05
915698,1,1e-05
845675,1,1e-05
679532,1,1e-05
347007,1,1e-05
227441,1,1e-05
312786,1,1e-05
666184,1,1e-05
713096,1,1e-05
932705,1,1e-05
463740,1,1e-05
675798,1,1e-05
101041,1,1e-05
794519,1,1e-05
893671,1,1e-05
597897,1,1e-05
958213,1,1e-05
160912,1,1e-05
150983,1,1e-05
298400,1,1e-05
478160,1,1e-05
519062,1,1e-05
971667,1,1e-05
271089,1,1e-05
872780,1,1e-05
60708,1,1e-05
110454,1,1e-05
22315,1,1e-05
140655,1,1e-05
71226,1,1e-05
131143,1,1e-05
805867,1,1e-05
17202,1,1e-05
744612,1,1e-05
485035,1,1e-05
61179,1,1e-05
745366,1,1e-05
60954,1,1e-05
171067,1,1e-05
206012,1,1e-05
140904,1,1e-05
131680,1,1e-05
404690,1,1e-05
573762,1,1e-05
392853,1,1e-05
837145,1,1e-05
764129,1,1e-05
121017,1,1e-05
328672,1,1e-05
112229,1,1e-05
170336,1,1e-05
718685,1,1e-05
40728,1,1e-05
772549,1,1e-05
120430,1,1e-05
70111,1,1e-05
93375,1,1e-05
973463,1,1e-05
171281,1,1e-05
536491,1,1e-05
4391,1,1e-05
18283,1,1e-05
225074,1,1e-05
300266,1,1e-05
240814,1,1e-05
280373,1,1e-05
310347,1,1e-05
626263,1,1e-05
447260,1,1e-05
653126,1,1e-05
918617,1,1e-05
100399,1,1e-05
458328,1,1e-05
40497,1,1e-05
20708,1,1e-05
80555,1,1e-05
80598,1,1e-05
301096,1,1e-05
281280,1,1e-05
51063,1,1e-05
398434,1,1e-05
180318,1,1e-05
316474,1,1e-05
40531,1,1e-05
957889,1,1e-05
914350,1,1e-05
113108,1,1e-05
488816,1,1e-05
10396,1,1e-05
634099,1,1e-05
110787,1,1e-05
729992,1,1e-05
150663,1,1e-05
280822,1,1e-05
860832,1,1e-05
50206,1,1e-05
356996,1,1e-05
703522,1,1e-05
280480,1,1e-05
566775,1,1e-05
90864,1,1e-05
62410,1,1e-05
110328,1,1e-05
140762,1,1e-05
170321,1,1e-05
129836,1,1e-05
874017,1,1e-05
71035,1,1e-05
52704,1,1e-05
30709,1,1e-05
300337,1,1e-05
496941,1,1e-05
898168,1,1e-05
300900,1,1e-05
343820,1,1e-05
908408,1,1e-05
218056,1,1e-05
748038,1,1e-05
244185,1,1e-05
20720,1,1e-05
601163,1,1e-05
770145,1,1e-05
91008,1,1e-05
521356,1,1e-05
230154,1,1e-05
250292,1,1e-05
260222,1,1e-05
563815,1,1e-05
378761,1,1e-05
471612,1,1e-05
287859,1,1e-05
90530,1,1e-05
840466,1,1e-05
739108,1,1e-05
200740,1,1e-05
749151,1,1e-05
160987,1,1e-05
950205,1,1e-05
271122,1,1e-05
213586,1,1e-05
940491,1,1e-05
513331,1,1e-05
531070,1,1e-05
334234,1,1e-05
357424,1,1e-05
60200,1,1e-05
756433,1,1e-05
813575,1,1e-05
385591,1,1e-05
875387,1,1e-05
210516,1,1e-05
41257,1,1e-05
249655,1,1e-05
202626,1,1e-05
110627,1,1e-05
926855,1,1e-05
931960,1,1e-05
499705,1,1e-05
291202,1,1e-05
101267,1,1e-05
977799,1,1e-05
301020,1,1e-05
60800,1,1e-05
483465,1,1e-05
71202,1,1e-05
972569,1,1e-05
93320,1,1e-05
428992,1,1e-05
889708,1,1e-05
386439,1,1e-05
110502,1,1e-05
59349,1,1e-05
71133,1,1e-05
262739,1,1e-05
654737,1,1e-05
61295,1,1e-05
270590,1,1e-05
737053,1,1e-05
676082,1,1e-05
149616,1,1e-05
10439,1,1e-05
221013,1,1e-05
637594,1,1e-05
301251,1,1e-05
660581,1,1e-05
663682,1,1e-05
158046,1,1e-05
140968,1,1e-05
306137,1,1e-05
562187,1,1e-05
346257,1,1e-05
123948,1,1e-05
481161,1,1e-05
240805,1,1e-05
608664,1,1e-05
693876,1,1e-05
77546,1,1e-05
211084,1,1e-05
30815,1,1e-05
105605,1,1e-05
10605,1,1e-05
687426,1,1e-05
900615,1,1e-05
978757,1,1e-05
190147,1,1e-05
74908,1,1e-05
682963,1,1e-05
218050,1,1e-05
37099,1,1e-05
588185,1,1e-05
116209,1,1e-05
54246,1,1e-05
30205,1,1e-05
21149,1,1e-05
274270,1,1e-05
120697,1,1e-05
795455,1,1e-05
373456,1,1e-05
799860,1,1e-05
684899,1,1e-05
831731,1,1e-05
921645,1,1e-05
469075,1,1e-05
60364,1,1e-05
20369,1,1e-05
902166,1,1e-05
482775,1,1e-05
230273,1,1e-05
283736,1,1e-05
310112,1,1e-05
160683,1,1e-05
190887,1,1e-05
100465,1,1e-05
823739,1,1e-05
981992,1,1e-05
40900,1,1e-05
290865,1,1e-05
300505,1,1e-05
269312,1,1e-05
281407,1,1e-05
40312,1,1e-05
230487,1,1e-05
220774,1,1e-05
849530,1,1e-05
182987,1,1e-05
648147,1,1e-05
556061,1,1e-05
130380,1,1e-05
120593,1,1e-05
710055,1,1e-05
170585,1,1e-05
532834,1,1e-05
21395,1,1e-05
101032,1,1e-05
90871,1,1e-05
200697,1,1e-05
50945,1,1e-05
170039,1,1e-05
470033,1,1e-05
814002,1,1e-05
589991,1,1e-05
446856,1,1e-05
347344,1,1e-05
151139,1,1e-05
444659,1,1e-05
806889,1,1e-05
969405,1,1e-05
648184,1,1e-05
70867,1,1e-05
348603,1,1e-05
514447,1,1e-05
128868,1,1e-05
575835,1,1e-05
425021,1,1e-05
325544,1,1e-05
230145,1,1e-05
200329,1,1e-05
127963,1,1e-05
12508,1,1e-05
595423,1,1e-05
199498,1,1e-05
498048,1,1e-05
982793,1,1e-05
821453,1,1e-05
171057,1,1e-05
40582,1,1e-05
161608,1,1e-05
179169,1,1e-05
116434,1,1e-05
411917,1,1e-05
250483,1,1e-05
879435,1,1e-05
738945,1,1e-05
950154,1,1e-05
713663,1,1e-05
453986,1,1e-05
347037,1,1e-05
336772,1,1e-05
121062,1,1e-05
41131,1,1e-05
199726,1,1e-05
312543,1,1e-05
158858,1,1e-05
310948,1,1e-05
26509,1,1e-05
24909,1,1e-05
318328,1,1e-05
91148,1,1e-05
20487,1,1e-05
527575,1,1e-05
515271,1,1e-05
661209,1,1e-05
300170,1,1e-05
107404,1,1e-05
300311,1,1e-05
294551,1,1e-05
131389,1,1e-05
51038,1,1e-05
101017,1,1e-05
846226,1,1e-05
140555,1,1e-05
50163,1,1e-05
735910,1,1e-05
866856,1,1e-05
250410,1,1e-05
571984,1,1e-05
142497,1,1e-05
980060,1,1e-05
151207,1,1e-05
918808,1,1e-05
174069,1,1e-05
142251,1,1e-05
119005,1,1e-05
40549,1,1e-05
982148,1,1e-05
612027,1,1e-05
171008,1,1e-05
280473,1,1e-05
90141,1,1e-05
529631,1,1e-05
194073,1,1e-05
411079,1,1e-05
845588,1,1e-05
48959,1,1e-05
366122,1,1e-05
760752,1,1e-05
763047,1,1e-05
240794,1,1e-05
510443,1,1e-05
323548,1,1e-05
929196,1,1e-05
100125,1,1e-05
357825,1,1e-05
356790,1,1e-05
201164,1,1e-05
170087,1,1e-05
93729,1,1e-05
22217,1,1e-05
201193,1,1e-05
234244,1,1e-05
269401,1,1e-05
55457,1,1e-05
594500,1,1e-05
150994,1,1e-05
31077,1,1e-05
211251,1,1e-05
554751,1,1e-05
347243,1,1e-05
160652,1,1e-05
50275,1,1e-05
547950,1,1e-05
603875,1,1e-05
872915,1,1e-05
100435,1,1e-05
802951,1,1e-05
191,1,1e-05
247134,1,1e-05
221054,1,1e-05
11167,1,1e-05
625789,1,1e-05
70175,1,1e-05
268193,1,1e-05
898526,1,1e-05
181106,1,1e-05
216905,1,1e-05
816060,1,1e-05
60187,1,1e-05
271020,1,1e-05
807513,1,1e-05
110645,1,1e-05
150374,1,1e-05
941569,1,1e-05
101683,1,1e-05
743568,1,1e-05
868201,1,1e-05
84599,1,1e-05
787310,1,1e-05
936204,1,1e-05
87205,1,1e-05
344202,1,1e-05
732754,1,1e-05
35733,1,1e-05
81252,1,1e-05
981142,1,1e-05
120517,1,1e-05
564312,1,1e-05
710149,1,1e-05
80123,1,1e-05
988014,1,1e-05
194223,1,1e-05
205231,1,1e-05
180945,1,1e-05
989301,1,1e-05
622538,1,1e-05
324157,1,1e-05
959418,1,1e-05
610680,1,1e-05
719163,1,1e-05
495012,1,1e-05
481237,1,1e-05
1789,1,1e-05
507147,1,1e-05
437459,1,1e-05
70238,1,1e-05
789920,1,1e-05
10476,1,1e-05
111265,1,1e-05
91006,1,1e-05
110109,1,1e-05
620053,1,1e-05
434846,1,1e-05
101048,1,1e-05
48304,1,1e-05
804639,1,1e-05
515840,1,1e-05
101022,1,1e-05
131116,1,1e-05
160470,1,1e-05
472204,1,1e-05
44923,1,1e-05
290248,1,1e-05
264967,1,1e-05
32027,1,1e-05
952791,1,1e-05
25637,1,1e-05
901845,1,1e-05
289796,1,1e-05
145111,1,1e-05
563586,1,1e-05
90433,1,1e-05
416297,1,1e-05
80179,1,1e-05
904662,1,1e-05
30437,1,1e-05
544614,1,1e-05
160876,1,1e-05
191182,1,1e-05
145966,1,1e-05
438893,1,1e-05
270803,1,1e-05
376164,1,1e-05
508110,1,1e-05
319774,1,1e-05
905,1,1e-05
868035,1,1e-05
290534,1,1e-05
211041,1,1e-05
170615,1,1e-05
989536,1,1e-05
947304,1,1e-05
992890,1,1e-05
70211,1,1e-05
871085,1,1e-05
669056,1,1e-05
739231,1,1e-05
191197,1,1e-05
808266,1,1e-05
324305,1,1e-05
356929,1,1e-05
419335,1,1e-05
259728,1,1e-05
527115,1,1e-05
271237,1,1e-05
426261,1,1e-05
720945,1,1e-05
300686,1,1e-05
55485,1,1e-05
160973,1,1e-05
750461,1,1e-05
46435,1,1e-05
611277,1,1e-05
485392,1,1e-05
100972,1,1e-05
141167,1,1e-05
81107,1,1e-05
55154,1,1e-05
240522,1,1e-05
478376,1,1e-05
100493,1,1e-05
220617,1,1e-05
110804,1,1e-05
20217,1,1e-05
3812,1,1e-05
84712,1,1e-05
11013,1,1e-05
270381,1,1e-05
180493,1,1e-05
300118,1,1e-05
161294,1,1e-05
526253,1,1e-05
301047,1,1e-05
535462,1,1e-05
736830,1,1e-05
440192,1,1e-05
863103,1,1e-05
270858,1,1e-05
260616,1,1e-05
330846,1,1e-05
670542,1,1e-05
400814,1,1e-05
281277,1,1e-05
119640,1,1e-05
926577,1,1e-05
823317,1,1e-05
140740,1,1e-05
436235,1,1e-05
783167,1,1e-05
183413,1,1e-05
94124,1,1e-05
59590,1,1e-05
899297,1,1e-05
265525,1,1e-05
122768,1,1e-05
934243,1,1e-05
507208,1,1e-05
211052,1,1e-05
913408,1,1e-05
859524,1,1e-05
100870,1,1e-05
350549,1,1e-05
140842,1,1e-05
241184,1,1e-05
165033,1,1e-05
209255,1,1e-05
142082,1,1e-05
801868,1,1e-05
524292,1,1e-05
83000,1,1e-05
280575,1,1e-05
741984,1,1e-05
701685,1,1e-05
181281,1,1e-05
221215,1,1e-05
963608,1,1e-05
933078,1,1e-05
358029,1,1e-05
221807,1,1e-05
952793,1,1e-05
232611,1,1e-05
129731,1,1e-05
180174,1,1e-05
230616,1,1e-05
99533,1,1e-05
386243,1,1e-05
269893,1,1e-05
353713,1,1e-05
130966,1,1e-05
270845,1,1e-05
300136,1,1e-05
175568,1,1e-05
701961,1,1e-05
606700,1,1e-05
99851,1,1e-05
160975,1,1e-05
76189,1,1e-05
80276,1,1e-05
190943,1,1e-05
735559,1,1e-05
548932,1,1e-05
599687,1,1e-05
352645,1,1e-05
298711,1,1e-05
140347,1,1e-05
80602,1,1e-05
280159,1,1e-05
374179,1,1e-05
503695,1,1e-05
170379,1,1e-05
201034,1,1e-05
190499,1,1e-05
491845,1,1e-05
30571,1,1e-05
275110,1,1e-05
200538,1,1e-05
445803,1,1e-05
508962,1,1e-05
601048,1,1e-05
285198,1,1e-05
310865,1,1e-05
331250,1,1e-05
544576,1,1e-05
314264,1,1e-05
338946,1,1e-05
140187,1,1e-05
406789,1,1e-05
643195,1,1e-05
10746,1,1e-05
432745,1,1e-05
753167,1,1e-05
685772,1,1e-05
266402,1,1e-05
384455,1,1e-05
250737,1,1e-05
31067,1,1e-05
871484,1,1e-05
933210,1,1e-05
972050,1,1e-05
636596,1,1e-05
504931,1,1e-05
580848,1,1e-05
979940,1,1e-05
50848,1,1e-05
944514,1,1e-05
255172,1,1e-05
589950,1,1e-05
240500,1,1e-05
180842,1,1e-05
950742,1,1e-05
524395,1,1e-05
20687,1,1e-05
123067,1,1e-05
925778,1,1e-05
80756,1,1e-05
90345,1,1e-05
270242,1,1e-05
110372,1,1e-05
210929,1,1e-05
215962,1,1e-05
82603,1,1e-05
679492,1,1e-05
116987,1,1e-05
345289,1,1e-05
518947,1,1e-05
142400,1,1e-05
20129,1,1e-05
982872,1,1e-05
11089,1,1e-05
878521,1,1e-05
872497,1,1e-05
210225,1,1e-05
501200,1,1e-05
50300,1,1e-05
901880,1,1e-05
312531,1,1e-05
697820,1,1e-05
81021,1,1e-05
882715,1,1e-05
337503,1,1e-05
150258,1,1e-05
241298,1,1e-05
421084,1,1e-05
860351,1,1e-05
451528,1,1e-05
100437,1,1e-05
260844,1,1e-05
90247,1,1e-05
174573,1,1e-05
251173,1,1e-05
301084,1,1e-05
201541,1,1e-05
450439,1,1e-05
667035,1,1e-05
535354,1,1e-05
162740,1,1e-05
978988,1,1e-05
190194,1,1e-05
270343,1,1e-05
629287,1,1e-05
271299,1,1e-05
976132,1,1e-05
709323,1,1e-05
130973,1,1e-05
290256,1,1e-05
386538,1,1e-05
270906,1,1e-05
860232,1,1e-05
180826,1,1e-05
973484,1,1e-05
801460,1,1e-05
983834,1,1e-05
856012,1,1e-05
552368,1,1e-05
414575,1,1e-05
35094,1,1e-05
341218,1,1e-05
565933,1,1e-05
224246,1,1e-05
160211,1,1e-05
303502,1,1e-05
150153,1,1e-05
151014,1,1e-05
485865,1,1e-05
255007,1,1e-05
75768,1,1e-05
629006,1,1e-05
20222,1,1e-05
110713,1,1e-05
32329,1,1e-05
27063,1,1e-05
158143,1,1e-05
310109,1,1e-05
398985,1,1e-05
351637,1,1e-05
180906,1,1e-05
449055,1,1e-05
280804,1,1e-05
812542,1,1e-05
448218,1,1e-05
50525,1,1e-05
110802,1,1e-05
419385,1,1e-05
220863,1,1e-05
164330,1,1e-05
890655,1,1e-05
44070,1,1e-05
896045,1,1e-05
659549,1,1e-05
185952,1,1e-05
120700,1,1e-05
150677,1,1e-05
70780,1,1e-05
401316,1,1e-05
693503,1,1e-05
261207,1,1e-05
747566,1,1e-05
939220,1,1e-05
454204,1,1e-05
4687,1,1e-05
458644,1,1e-05
230794,1,1e-05
448889,1,1e-05
31721,1,1e-05
950149,1,1e-05
192354,1,1e-05
380714,1,1e-05
813778,1,1e-05
965737,1,1e-05
101993,1,1e-05
200294,1,1e-05
260837,1,1e-05
568340,1,1e-05
849279,1,1e-05
197639,1,1e-05
290487,1,1e-05
71273,1,1e-05
772198,1,1e-05
998951,1,1e-05
11169,1,1e-05
570953,1,1e-05
167088,1,1e-05
190612,1,1e-05
211247,1,1e-05
704294,1,1e-05
885429,1,1e-05
254134,1,1e-05
54606,1,1e-05
856583,1,1e-05
585579,1,1e-05
699472,1,1e-05
626061,1,1e-05
41533,1,1e-05
120179,1,1e-05
956224,1,1e-05
41259,1,1e-05
608775,1,1e-05
80656,1,1e-05
100547,1,1e-05
95829,1,1e-05
857432,1,1e-05
50380,1,1e-05
15953,1,1e-05
7420,1,1e-05
231018,1,1e-05
294589,1,1e-05
687651,1,1e-05
110985,1,1e-05
832880,1,1e-05
359923,1,1e-05
13284,1,1e-05
381496,1,1e-05
335392,1,1e-05
80512,1,1e-05
930423,1,1e-05
860288,1,1e-05
70212,1,1e-05
148099,1,1e-05
434533,1,1e-05
992607,1,1e-05
295011,1,1e-05
120699,1,1e-05
10754,1,1e-05
110807,1,1e-05
120984,1,1e-05
773415,1,1e-05
776089,1,1e-05
221236,1,1e-05
20854,1,1e-05
210870,1,1e-05
753120,1,1e-05
498003,1,1e-05
190440,1,1e-05
890946,1,1e-05
998126,1,1e-05
857558,1,1e-05
614875,1,1e-05
50433,1,1e-05
183949,1,1e-05
371090,1,1e-05
35402,1,1e-05
110855,1,1e-05
203599,1,1e-05
204189,1,1e-05
80237,1,1e-05
168163,1,1e-05
651224,1,1e-05
146050,1,1e-05
260039,1,1e-05
325903,1,1e-05
164200,1,1e-05
210567,1,1e-05
521486,1,1e-05
656748,1,1e-05
750221,1,1e-05
60916,1,1e-05
140941,1,1e-05
454490,1,1e-05
180424,1,1e-05
270832,1,1e-05
413222,1,1e-05
219585,1,1e-05
261236,1,1e-05
177040,1,1e-05
944993,1,1e-05
449260,1,1e-05
580040,1,1e-05
30377,1,1e-05
486154,1,1e-05
792943,1,1e-05
200596,1,1e-05
808954,1,1e-05
402601,1,1e-05
894702,1,1e-05
161235,1,1e-05
238174,1,1e-05
160407,1,1e-05
80739,1,1e-05
250862,1,1e-05
535595,1,1e-05
577057,1,1e-05
190776,1,1e-05
291025,1,1e-05
288134,1,1e-05
895573,1,1e-05
510137,1,1e-05
366272,1,1e-05
955718,1,1e-05
14223,1,1e-05
220855,1,1e-05
581452,1,1e-05
859253,1,1e-05
20628,1,1e-05
620285,1,1e-05
452330,1,1e-05
372747,1,1e-05
231196,1,1e-05
869439,1,1e-05
363995,1,1e-05
341520,1,1e-05
620373,1,1e-05
525626,1,1e-05
70904,1,1e-05
131131,1,1e-05
478377,1,1e-05
486371,1,1e-05
916825,1,1e-05
261058,1,1e-05
341379,1,1e-05
70681,1,1e-05
480561,1,1e-05
249630,1,1e-05
918963,1,1e-05
21268,1,1e-05
207705,1,1e-05
20616,1,1e-05
358550,1,1e-05
90772,1,1e-05
515707,1,1e-05
38030,1,1e-05
286232,1,1e-05
737446,1,1e-05
100106,1,1e-05
210334,1,1e-05
117884,1,1e-05
211541,1,1e-05
230188,1,1e-05
758030,1,1e-05
50212,1,1e-05
574352,1,1e-05
454108,1,1e-05
695615,1,1e-05
522233,1,1e-05
310242,1,1e-05
837588,1,1e-05
459349,1,1e-05
71192,1,1e-05
13195,1,1e-05
281246,1,1e-05
774248,1,1e-05
210276,1,1e-05
41143,1,1e-05
529960,1,1e-05
140852,1,1e-05
582660,1,1e-05
250930,1,1e-05
210962,1,1e-05
100765,1,1e-05
462735,1,1e-05
898700,1,1e-05
110819,1,1e-05
725909,1,1e-05
370063,1,1e-05
29054,1,1e-05
381077,1,1e-05
776417,1,1e-05
945003,1,1e-05
921022,1,1e-05
533196,1,1e-05
250979,1,1e-05
651162,1,1e-05
846213,1,1e-05
130882,1,1e-05
448551,1,1e-05
606950,1,1e-05
600651,1,1e-05
917002,1,1e-05
782177,1,1e-05
462394,1,1e-05
728861,1,1e-05
40817,1,1e-05
640216,1,1e-05
420933,1,1e-05
838202,1,1e-05
706480,1,1e-05
338873,1,1e-05
908882,1,1e-05
270876,1,1e-05
931703,1,1e-05
210861,1,1e-05
365892,1,1e-05
213254,1,1e-05
977564,1,1e-05
841335,1,1e-05
140739,1,1e-05
510614,1,1e-05
454981,1,1e-05
180837,1,1e-05
223917,1,1e-05
10522,1,1e-05
489408,1,1e-05
828508,1,1e-05
374578,1,1e-05
181128,1,1e-05
183419,1,1e-05
81180,1,1e-05
890563,1,1e-05
319630,1,1e-05
567160,1,1e-05
921618,1,1e-05
40240,1,1e-05
196412,1,1e-05
261281,1,1e-05
21258,1,1e-05
611311,1,1e-05
240211,1,1e-05
485918,1,1e-05
632993,1,1e-05
53024,1,1e-05
634582,1,1e-05
993201,1,1e-05
498559,1,1e-05
978951,1,1e-05
130657,1,1e-05
161124,1,1e-05
598792,1,1e-05
77197,1,1e-05
419164,1,1e-05
525388,1,1e-05
130954,1,1e-05
783155,1,1e-05
544057,1,1e-05
551111,1,1e-05
494049,1,1e-05
145970,1,1e-05
812918,1,1e-05
336016,1,1e-05
170504,1,1e-05
223488,1,1e-05
210709,1,1e-05
20434,1,1e-05
210788,1,1e-05
319196,1,1e-05
210288,1,1e-05
688190,1,1e-05
260908,1,1e-05
180805,1,1e-05
248920,1,1e-05
333954,1,1e-05
290404,1,1e-05
633381,1,1e-05
779841,1,1e-05
442235,1,1e-05
160727,1,1e-05
109475,1,1e-05
742203,1,1e-05
231089,1,1e-05
512733,1,1e-05
710375,1,1e-05
512762,1,1e-05
219032,1,1e-05
220629,1,1e-05
31249,1,1e-05
516071,1,1e-05
856064,1,1e-05
604959,1,1e-05
477342,1,1e-05
131224,1,1e-05
260509,1,1e-05
603618,1,1e-05
593399,1,1e-05
21234,1,1e-05
40415,1,1e-05
629640,1,1e-05
382388,1,1e-05
876957,1,1e-05
148707,1,1e-05
380260,1,1e-05
862853,1,1e-05
290245,1,1e-05
310713,1,1e-05
571647,1,1e-05
220077,1,1e-05
934795,1,1e-05
426373,1,1e-05
310769,1,1e-05
220746,1,1e-05
572052,1,1e-05
271243,1,1e-05
3188,1,1e-05
10801,1,1e-05
291273,1,1e-05
194058,1,1e-05
342102,1,1e-05
262559,1,1e-05
200472,1,1e-05
879417,1,1e-05
272917,1,1e-05
550494,1,1e-05
742398,1,1e-05
569381,1,1e-05
60237,1,1e-05
324564,1,1e-05
176383,1,1e-05
92271,1,1e-05
220768,1,1e-05
150379,1,1e-05
188489,1,1e-05
338020,1,1e-05
862413,1,1e-05
361587,1,1e-05
170793,1,1e-05
37913,1,1e-05
744314,1,1e-05
150697,1,1e-05
609576,1,1e-05
630840,1,1e-05
983538,1,1e-05
30211,1,1e-05
160441,1,1e-05
938972,1,1e-05
140328,1,1e-05
734331,1,1e-05
219915,1,1e-05
123350,1,1e-05
140117,1,1e-05
701342,1,1e-05
21303,1,1e-05
372788,1,1e-05
150870,1,1e-05
291055,1,1e-05
974815,1,1e-05
798636,1,1e-05
483900,1,1e-05
235377,1,1e-05
987113,1,1e-05
674475,1,1e-05
469238,1,1e-05
599639,1,1e-05
750348,1,1e-05
313659,1,1e-05
160900,1,1e-05
480563,1,1e-05
241180,1,1e-05
383233,1,1e-05
577544,1,1e-05
521817,1,1e-05
170363,1,1e-05
473942,1,1e-05
547165,1,1e-05
40121,1,1e-05
20276,1,1e-05
50852,1,1e-05
260454,1,1e-05
300280,1,1e-05
180330,1,1e-05
504987,1,1e-05
90659,1,1e-05
424562,1,1e-05
892100,1,1e-05
508660,1,1e-05
349827,1,1e-05
397944,1,1e-05
151158,1,1e-05
303899,1,1e-05
427649,1,1e-05
721754,1,1e-05
239326,1,1e-05
170932,1,1e-05
429759,1,1e-05
210968,1,1e-05
536438,1,1e-05
929956,1,1e-05
942403,1,1e-05
110309,1,1e-05
769645,1,1e-05
977462,1,1e-05
631152,1,1e-05
151133,1,1e-05
655950,1,1e-05
241209,1,1e-05
288941,1,1e-05
812879,1,1e-05
190992,1,1e-05
143977,1,1e-05
470754,1,1e-05
131120,1,1e-05
778369,1,1e-05
150127,1,1e-05
535336,1,1e-05
532060,1,1e-05
114538,1,1e-05
276395,1,1e-05
91115,1,1e-05
649055,1,1e-05
90220,1,1e-05
570297,1,1e-05
51052,1,1e-05
332351,1,1e-05
135162,1,1e-05
492853,1,1e-05
23993,1,1e-05
145642,1,1e-05
356581,1,1e-05
84616,1,1e-05
130781,1,1e-05
527763,1,1e-05
721957,1,1e-05
955792,1,1e-05
310493,1,1e-05
525042,1,1e-05
171099,1,1e-05
243262,1,1e-05
977724,1,1e-05
227293,1,1e-05
543286,1,1e-05
51048,1,1e-05
851438,1,1e-05
447155,1,1e-05
604217,1,1e-05
160814,1,1e-05
350567,1,1e-05
192284,1,1e-05
40768,1,1e-05
293108,1,1e-05
480995,1,1e-05
150798,1,1e-05
294190,1,1e-05
250623,1,1e-05
484989,1,1e-05
131105,1,1e-05
109726,1,1e-05
451835,1,1e-05
667784,1,1e-05
3369,1,1e-05
310880,1,1e-05
60418,1,1e-05
20841,1,1e-05
221125,1,1e-05
70870,1,1e-05
589615,1,1e-05
208427,1,1e-05
931634,1,1e-05
75835,1,1e-05
917462,1,1e-05
221242,1,1e-05
622950,1,1e-05
546972,1,1e-05
50898,1,1e-05
181197,1,1e-05
237675,1,1e-05
510646,1,1e-05
232441,1,1e-05
920977,1,1e-05
270988,1,1e-05
30615,1,1e-05
837451,1,1e-05
944611,1,1e-05
290344,1,1e-05
150308,1,1e-05
260431,1,1e-05
255655,1,1e-05
64412,1,1e-05
196210,1,1e-05
325079,1,1e-05
541527,1,1e-05
131282,1,1e-05
462965,1,1e-05
280805,1,1e-05
871265,1,1e-05
891891,1,1e-05
992632,1,1e-05
260492,1,1e-05
842447,1,1e-05
597075,1,1e-05
160941,1,1e-05
170870,1,1e-05
708983,1,1e-05
325619,1,1e-05
622356,1,1e-05
300870,1,1e-05
90683,1,1e-05
81106,1,1e-05
151063,1,1e-05
141007,1,1e-05
856943,1,1e-05
31237,1,1e-05
198235,1,1e-05
408420,1,1e-05
419247,1,1e-05
876214,1,1e-05
180262,1,1e-05
290466,1,1e-05
291270,1,1e-05
395715,1,1e-05
895623,1,1e-05
100977,1,1e-05
649146,1,1e-05
520232,1,1e-05
130413,1,1e-05
840598,1,1e-05
651835,1,1e-05
236391,1,1e-05
518599,1,1e-05
879165,1,1e-05
678025,1,1e-05
60994,1,1e-05
10502,1,1e-05
240309,1,1e-05
424523,1,1e-05
240709,1,1e-05
170682,1,1e-05
706806,1,1e-05
814173,1,1e-05
90825,1,1e-05
13019,1,1e-05
270668,1,1e-05
583336,1,1e-05
260690,1,1e-05
81114,1,1e-05
195652,1,1e-05
230438,1,1e-05
230818,1,1e-05
834698,1,1e-05
514727,1,1e-05
160575,1,1e-05
452103,1,1e-05
758830,1,1e-05
992617,1,1e-05
615177,1,1e-05
249871,1,1e-05
120468,1,1e-05
17878,1,1e-05
480638,1,1e-05
815986,1,1e-05
507383,1,1e-05
40933,1,1e-05
738530,1,1e-05
11107,1,1e-05
513630,1,1e-05
724948,1,1e-05
774998,1,1e-05
19465,1,1e-05
77764,1,1e-05
542412,1,1e-05
50996,1,1e-05
659367,1,1e-05
191366,1,1e-05
91080,1,1e-05
70692,1,1e-05
211225,1,1e-05
190748,1,1e-05
120442,1,1e-05
765112,1,1e-05
110192,1,1e-05
294520,1,1e-05
221015,1,1e-05
585983,1,1e-05
121190,1,1e-05
230488,1,1e-05
323253,1,1e-05
479743,1,1e-05
160961,1,1e-05
60683,1,1e-05
81577,1,1e-05
300204,1,1e-05
151134,1,1e-05
230216,1,1e-05
786315,1,1e-05
138198,1,1e-05
230862,1,1e-05
30869,1,1e-05
614295,1,1e-05
516785,1,1e-05
255813,1,1e-05
20564,1,1e-05
415507,1,1e-05
383835,1,1e-05
96303,1,1e-05
994604,1,1e-05
487735,1,1e-05
895461,1,1e-05
953160,1,1e-05
20596,1,1e-05
485855,1,1e-05
21226,1,1e-05
251149,1,1e-05
290589,1,1e-05
897320,1,1e-05
211070,1,1e-05
782271,1,1e-05
636802,1,1e-05
71069,1,1e-05
326458,1,1e-05
305742,1,1e-05
373038,1,1e-05
14301,1,1e-05
719646,1,1e-05
120683,1,1e-05
901428,1,1e-05
60128,1,1e-05
328198,1,1e-05
415960,1,1e-05
97798,1,1e-05
278522,1,1e-05
260245,1,1e-05
811638,1,1e-05
476412,1,1e-05
803511,1,1e-05
6300,1,1e-05
221103,1,1e-05
300674,1,1e-05
300257,1,1e-05
940665,1,1e-05
330148,1,1e-05
467746,1,1e-05
180457,1,1e-05
746570,1,1e-05
134332,1,1e-05
943065,1,1e-05
50341,1,1e-05
748679,1,1e-05
286523,1,1e-05
251268,1,1e-05
365225,1,1e-05
210597,1,1e-05
339048,1,1e-05
369455,1,1e-05
497856,1,1e-05
371928,1,1e-05
310583,1,1e-05
719023,1,1e-05
539346,1,1e-05
350572,1,1e-05
119434,1,1e-05
489520,1,1e-05
572153,1,1e-05
737674,1,1e-05
445741,1,1e-05
237218,1,1e-05
40176,1,1e-05
230808,1,1e-05
140903,1,1e-05
190340,1,1e-05
893204,1,1e-05
640159,1,1e-05
190517,1,1e-05
516111,1,1e-05
455739,1,1e-05
290218,1,1e-05
290351,1,1e-05
727833,1,1e-05
290535,1,1e-05
378779,1,1e-05
222039,1,1e-05
120287,1,1e-05
111005,1,1e-05
171364,1,1e-05
266413,1,1e-05
468175,1,1e-05
535389,1,1e-05
616776,1,1e-05
799922,1,1e-05
305530,1,1e-05
10480,1,1e-05
578517,1,1e-05
830079,1,1e-05
959452,1,1e-05
161873,1,1e-05
59412,1,1e-05
110572,1,1e-05
895056,1,1e-05
220959,1,1e-05
271281,1,1e-05
41166,1,1e-05
284190,1,1e-05
794296,1,1e-05
768092,1,1e-05
774859,1,1e-05
290566,1,1e-05
899705,1,1e-05
490815,1,1e-05
11186,1,1e-05
230819,1,1e-05
190528,1,1e-05
180253,1,1e-05
851022,1,1e-05
124176,1,1e-05
173708,1,1e-05
181249,1,1e-05
905270,1,1e-05
251128,1,1e-05
220455,1,1e-05
788413,1,1e-05
20532,1,1e-05
489393,1,1e-05
684105,1,1e-05
654047,1,1e-05
91053,1,1e-05
55450,1,1e-05
401679,1,1e-05
960636,1,1e-05
989545,1,1e-05
334116,1,1e-05
684047,1,1e-05
656474,1,1e-05
930152,1,1e-05
230105,1,1e-05
767656,1,1e-05
50259,1,1e-05
907043,1,1e-05
786743,1,1e-05
565832,1,1e-05
175990,1,1e-05
808699,1,1e-05
261416,1,1e-05
210475,1,1e-05
838352,1,1e-05
273961,1,1e-05
582175,1,1e-05
70918,1,1e-05
705757,1,1e-05
731603,1,1e-05
986484,1,1e-05
230915,1,1e-05
448298,1,1e-05
131045,1,1e-05
800814,1,1e-05
616849,1,1e-05
290514,1,1e-05
2944,1,1e-05
170576,1,1e-05
492938,1,1e-05
80230,1,1e-05
40865,1,1e-05
713800,1,1e-05
187146,1,1e-05
161214,1,1e-05
977600,1,1e-05
81192,1,1e-05
816734,1,1e-05
61246,1,1e-05
81368,1,1e-05
181223,1,1e-05
190516,1,1e-05
131240,1,1e-05
180477,1,1e-05
922026,1,1e-05
155233,1,1e-05
984862,1,1e-05
290745,1,1e-05
90082,1,1e-05
337782,1,1e-05
564907,1,1e-05
301068,1,1e-05
767031,1,1e-05
532721,1,1e-05
221271,1,1e-05
311019,1,1e-05
931636,1,1e-05
494172,1,1e-05
125713,1,1e-05
241084,1,1e-05
140742,1,1e-05
220842,1,1e-05
270355,1,1e-05
281001,1,1e-05
220612,1,1e-05
210469,1,1e-05
421182,1,1e-05
861426,1,1e-05
130963,1,1e-05
933976,1,1e-05
125410,1,1e-05
706538,1,1e-05
887513,1,1e-05
140547,1,1e-05
522576,1,1e-05
120245,1,1e-05
290273,1,1e-05
379985,1,1e-05
557172,1,1e-05
706816,1,1e-05
181007,1,1e-05
12453,1,1e-05
81035,1,1e-05
160119,1,1e-05
595364,1,1e-05
299957,1,1e-05
190570,1,1e-05
90336,1,1e-05
50557,1,1e-05
811832,1,1e-05
935162,1,1e-05
993775,1,1e-05
260677,1,1e-05
925717,1,1e-05
535684,1,1e-05
7518,1,1e-05
198324,1,1e-05
271024,1,1e-05
96945,1,1e-05
708801,1,1e-05
21176,1,1e-05
156804,1,1e-05
50614,1,1e-05
184502,1,1e-05
34741,1,1e-05
181172,1,1e-05
295879,1,1e-05
243780,1,1e-05
404347,1,1e-05
466925,1,1e-05
897440,1,1e-05
451820,1,1e-05
933092,1,1e-05
278125,1,1e-05
100135,1,1e-05
975783,1,1e-05
110917,1,1e-05
48205,1,1e-05
171277,1,1e-05
433130,1,1e-05
150212,1,1e-05
406990,1,1e-05
471458,1,1e-05
111085,1,1e-05
130240,1,1e-05
429050,1,1e-05
178701,1,1e-05
88777,1,1e-05
180890,1,1e-05
839134,1,1e-05
140911,1,1e-05
161003,1,1e-05
130434,1,1e-05
775109,1,1e-05
602925,1,1e-05
37449,1,1e-05
919591,1,1e-05
250204,1,1e-05
778085,1,1e-05
25385,1,1e-05
525154,1,1e-05
146101,1,1e-05
190902,1,1e-05
863632,1,1e-05
678711,1,1e-05
20793,1,1e-05
222626,1,1e-05
106748,1,1e-05
94630,1,1e-05
63654,1,1e-05
280186,1,1e-05
149020,1,1e-05
304101,1,1e-05
788571,1,1e-05
40227,1,1e-05
231049,1,1e-05
230416,1,1e-05
930266,1,1e-05
25946,1,1e-05
4941,1,1e-05
555321,1,1e-05
59739,1,1e-05
669913,1,1e-05
745985,1,1e-05
70633,1,1e-05
648083,1,1e-05
840738,1,1e-05
230638,1,1e-05
351371,1,1e-05
120608,1,1e-05
589777,1,1e-05
296129,1,1e-05
442833,1,1e-05
248115,1,1e-05
180223,1,1e-05
121392,1,1e-05
928129,1,1e-05
80124,1,1e-05
712937,1,1e-05
50652,1,1e-05
751630,1,1e-05
659025,1,1e-05
998926,1,1e-05
982174,1,1e-05
270473,1,1e-05
21183,1,1e-05
233655,1,1e-05
60153,1,1e-05
271056,1,1e-05
561764,1,1e-05
700658,1,1e-05
854461,1,1e-05
231244,1,1e-05
832000,1,1e-05
490436,1,1e-05
98856,1,1e-05
502808,1,1e-05
623622,1,1e-05
240662,1,1e-05
290725,1,1e-05
258274,1,1e-05
117993,1,1e-05
398214,1,1e-05
673289,1,1e-05
18807,1,1e-05
150672,1,1e-05
211134,1,1e-05
301022,1,1e-05
80472,1,1e-05
40870,1,1e-05
250470,1,1e-05
201182,1,1e-05
911587,1,1e-05
661565,1,1e-05
762246,1,1e-05
191078,1,1e-05
271268,1,1e-05
733837,1,1e-05
230830,1,1e-05
20762,1,1e-05
80473,1,1e-05
138627,1,1e-05
388184,1,1e-05
870958,1,1e-05
399800,1,1e-05
138778,1,1e-05
473118,1,1e-05
280317,1,1e-05
537312,1,1e-05
605665,1,1e-05
20260,1,1e-05
500475,1,1e-05
892071,1,1e-05
126825,1,1e-05
151754,1,1e-05
383185,1,1e-05
170403,1,1e-05
230496,1,1e-05
499781,1,1e-05
225660,1,1e-05
11131,1,1e-05
781123,1,1e-05
813636,1,1e-05
767130,1,1e-05
210365,1,1e-05
27789,1,1e-05
151168,1,1e-05
701733,1,1e-05
858105,1,1e-05
928289,1,1e-05
230595,1,1e-05
828108,1,1e-05
70723,1,1e-05
614423,1,1e-05
620795,1,1e-05
272225,1,1e-05
271240,1,1e-05
507542,1,1e-05
41239,1,1e-05
863128,1,1e-05
366551,1,1e-05
191068,1,1e-05
660398,1,1e-05
110872,1,1e-05
848240,1,1e-05
223934,1,1e-05
91212,1,1e-05
970803,1,1e-05
848330,1,1e-05
31201,1,1e-05
66425,1,1e-05
433966,1,1e-05
267076,1,1e-05
21498,1,1e-05
180808,1,1e-05
271171,1,1e-05
857372,1,1e-05
107206,1,1e-05
554650,1,1e-05
100716,1,1e-05
923891,1,1e-05
704878,1,1e-05
253641,1,1e-05
180243,1,1e-05
411948,1,1e-05
880289,1,1e-05
229496,1,1e-05
383319,1,1e-05
276833,1,1e-05
726466,1,1e-05
40283,1,1e-05
42391,1,1e-05
61160,1,1e-05
78963,1,1e-05
181116,1,1e-05
110650,1,1e-05
120531,1,1e-05
485909,1,1e-05
719573,1,1e-05
201242,1,1e-05
231274,1,1e-05
256382,1,1e-05
503601,1,1e-05
918001,1,1e-05
885725,1,1e-05
677865,1,1e-05
30830,1,1e-05
730986,1,1e-05
611588,1,1e-05
384122,1,1e-05
625164,1,1e-05
30127,1,1e-05
433756,1,1e-05
21270,1,1e-05
310134,1,1e-05
851778,1,1e-05
225712,1,1e-05
119089,1,1e-05
106797,1,1e-05
213944,1,1e-05
596337,1,1e-05
229081,1,1e-05
602802,1,1e-05
180395,1,1e-05
432011,1,1e-05
761517,1,1e-05
844868,1,1e-05
31180,1,1e-05
280600,1,1e-05
256461,1,1e-05
72253,1,1e-05
293928,1,1e-05
405346,1,1e-05
630523,1,1e-05
55474,1,1e-05
281216,1,1e-05
760509,1,1e-05
779829,1,1e-05
100933,1,1e-05
21010,1,1e-05
141293,1,1e-05
963671,1,1e-05
99279,1,1e-05
858322,1,1e-05
120378,1,1e-05
307748,1,1e-05
280209,1,1e-05
896008,1,1e-05
637242,1,1e-05
100501,1,1e-05
630273,1,1e-05
261285,1,1e-05
270844,1,1e-05
904950,1,1e-05
276572,1,1e-05
859623,1,1e-05
527156,1,1e-05
886354,1,1e-05
593450,1,1e-05
71296,1,1e-05
251215,1,1e-05
180195,1,1e-05
354190,1,1e-05
238942,1,1e-05
297346,1,1e-05
699027,1,1e-05
214780,1,1e-05
303482,1,1e-05
122936,1,1e-05
691238,1,1e-05
666644,1,1e-05
300203,1,1e-05
40181,1,1e-05
156985,1,1e-05
81086,1,1e-05
707627,1,1e-05
832737,1,1e-05
960858,1,1e-05
147375,1,1e-05
795308,1,1e-05
160333,1,1e-05
693756,1,1e-05
548436,1,1e-05
155502,1,1e-05
280750,1,1e-05
104199,1,1e-05
161074,1,1e-05
80901,1,1e-05
910297,1,1e-05
938391,1,1e-05
50895,1,1e-05
70874,1,1e-05
120833,1,1e-05
100507,1,1e-05
33714,1,1e-05
120925,1,1e-05
417805,1,1e-05
91116,1,1e-05
310587,1,1e-05
191873,1,1e-05
50129,1,1e-05
963015,1,1e-05
794196,1,1e-05
110931,1,1e-05
579374,1,1e-05
74043,1,1e-05
101130,1,1e-05
865393,1,1e-05
859304,1,1e-05
310817,1,1e-05
731644,1,1e-05
994239,1,1e-05
261401,1,1e-05
180877,1,1e-05
39106,1,1e-05
707884,1,1e-05
46480,1,1e-05
689622,1,1e-05
592035,1,1e-05
240127,1,1e-05
40392,1,1e-05
141003,1,1e-05
290997,1,1e-05
40784,1,1e-05
714983,1,1e-05
171219,1,1e-05
120362,1,1e-05
847922,1,1e-05
470862,1,1e-05
953581,1,1e-05
653155,1,1e-05
738335,1,1e-05
442935,1,1e-05
30142,1,1e-05
240250,1,1e-05
910729,1,1e-05
634223,1,1e-05
101830,1,1e-05
450361,1,1e-05
273220,1,1e-05
46940,1,1e-05
30201,1,1e-05
535444,1,1e-05
159608,1,1e-05
40665,1,1e-05
532063,1,1e-05
10816,1,1e-05
120439,1,1e-05
68796,1,1e-05
575115,1,1e-05
759283,1,1e-05
589454,1,1e-05
470204,1,1e-05
290437,1,1e-05
280175,1,1e-05
201256,1,1e-05
869027,1,1e-05
311942,1,1e-05
60622,1,1e-05
596167,1,1e-05
240738,1,1e-05
470057,1,1e-05
280552,1,1e-05
3864,1,1e-05
204872,1,1e-05
250207,1,1e-05
110876,1,1e-05
477580,1,1e-05
852386,1,1e-05
240987,1,1e-05
916599,1,1e-05
140864,1,1e-05
170946,1,1e-05
849484,1,1e-05
210122,1,1e-05
207784,1,1e-05
80396,1,1e-05
100557,1,1e-05
489624,1,1e-05
528169,1,1e-05
71388,1,1e-05
562964,1,1e-05
974098,1,1e-05
366577,1,1e-05
10093,1,1e-05
281016,1,1e-05
831675,1,1e-05
140357,1,1e-05
349308,1,1e-05
190804,1,1e-05
228987,1,1e-05
160187,1,1e-05
646246,1,1e-05
50337,1,1e-05
700366,1,1e-05
230714,1,1e-05
310357,1,1e-05
20837,1,1e-05
628373,1,1e-05
120837,1,1e-05
260273,1,1e-05
69066,1,1e-05
130891,1,1e-05
200100,1,1e-05
765094,1,1e-05
690343,1,1e-05
291017,1,1e-05
459140,1,1e-05
725740,1,1e-05
856385,1,1e-05
599948,1,1e-05
755924,1,1e-05
940304,1,1e-05
268351,1,1e-05
538732,1,1e-05
196314,1,1e-05
86986,1,1e-05
91067,1,1e-05
70744,1,1e-05
397186,1,1e-05
166949,1,1e-05
431118,1,1e-05
80165,1,1e-05
179571,1,1e-05
80639,1,1e-05
404916,1,1e-05
21128,1,1e-05
687920,1,1e-05
280883,1,1e-05
825597,1,1e-05
90324,1,1e-05
329403,1,1e-05
290741,1,1e-05
541893,1,1e-05
925783,1,1e-05
815811,1,1e-05
180118,1,1e-05
51119,1,1e-05
828643,1,1e-05
501593,1,1e-05
984068,1,1e-05
688484,1,1e-05
729067,1,1e-05
81276,1,1e-05
230044,1,1e-05
20374,1,1e-05
213539,1,1e-05
20505,1,1e-05
20617,1,1e-05
170335,1,1e-05
240878,1,1e-05
956498,1,1e-05
165524,1,1e-05
101117,1,1e-05
246492,1,1e-05
110340,1,1e-05
609852,1,1e-05
971333,1,1e-05
220953,1,1e-05
110694,1,1e-05
498846,1,1e-05
230417,1,1e-05
60774,1,1e-05
91802,1,1e-05
300241,1,1e-05
433758,1,1e-05
43466,1,1e-05
290280,1,1e-05
829715,1,1e-05
70317,1,1e-05
150931,1,1e-05
120867,1,1e-05
637425,1,1e-05
905445,1,1e-05
685850,1,1e-05
445291,1,1e-05
251056,1,1e-05
545214,1,1e-05
268112,1,1e-05
798376,1,1e-05
922452,1,1e-05
767625,1,1e-05
857554,1,1e-05
835479,1,1e-05
227898,1,1e-05
70857,1,1e-05
520376,1,1e-05
141168,1,1e-05
873969,1,1e-05
575243,1,1e-05
736085,1,1e-05
190371,1,1e-05
180283,1,1e-05
977250,1,1e-05
845762,1,1e-05
571456,1,1e-05
202529,1,1e-05
270825,1,1e-05
883178,1,1e-05
306507,1,1e-05
20488,1,1e-05
408093,1,1e-05
140659,1,1e-05
950634,1,1e-05
311988,1,1e-05
44885,1,1e-05
241056,1,1e-05
288236,1,1e-05
324456,1,1e-05
115877,1,1e-05
328078,1,1e-05
422991,1,1e-05
981111,1,1e-05
250147,1,1e-05
231230,1,1e-05
140638,1,1e-05
220290,1,1e-05
291096,1,1e-05
910676,1,1e-05
310247,1,1e-05
50739,1,1e-05
673146,1,1e-05
960578,1,1e-05
799053,1,1e-05
829765,1,1e-05
61024,1,1e-05
270411,1,1e-05
920205,1,1e-05
507470,1,1e-05
260284,1,1e-05
221726,1,1e-05
848524,1,1e-05
111764,1,1e-05
719178,1,1e-05
210292,1,1e-05
505511,1,1e-05
80786,1,1e-05
651948,1,1e-05
873296,1,1e-05
684652,1,1e-05
467598,1,1e-05
119909,1,1e-05
967835,1,1e-05
461560,1,1e-05
314066,1,1e-05
71211,1,1e-05
290293,1,1e-05
251116,1,1e-05
218931,1,1e-05
770812,1,1e-05
661989,1,1e-05
988074,1,1e-05
193808,1,1e-05
171252,1,1e-05
210357,1,1e-05
773581,1,1e-05
130641,1,1e-05
224143,1,1e-05
881540,1,1e-05
30819,1,1e-05
40105,1,1e-05
927604,1,1e-05
961571,1,1e-05
150950,1,1e-05
140866,1,1e-05
618642,1,1e-05
261096,1,1e-05
140928,1,1e-05
212471,1,1e-05
310667,1,1e-05
51156,1,1e-05
708120,1,1e-05
863196,1,1e-05
80265,1,1e-05
300752,1,1e-05
683782,1,1e-05
240710,1,1e-05
817993,1,1e-05
655128,1,1e-05
141071,1,1e-05
178128,1,1e-05
211167,1,1e-05
979592,1,1e-05
659426,1,1e-05
950741,1,1e-05
84361,1,1e-05
303536,1,1e-05
140226,1,1e-05
978857,1,1e-05
239795,1,1e-05
789365,1,1e-05
201245,1,1e-05
130665,1,1e-05
431875,1,1e-05
701858,1,1e-05
976414,1,1e-05
933666,1,1e-05
120543,1,1e-05
50283,1,1e-05
807596,1,1e-05
774519,1,1e-05
637840,1,1e-05
993175,1,1e-05
291165,1,1e-05
635520,1,1e-05
30555,1,1e-05
110738,1,1e-05
843936,1,1e-05
257206,1,1e-05
23889,1,1e-05
892469,1,1e-05
280607,1,1e-05
300120,1,1e-05
960592,1,1e-05
290362,1,1e-05
305308,1,1e-05
170999,1,1e-05
994729,1,1e-05
747813,1,1e-05
89436,1,1e-05
161893,1,1e-05
877081,1,1e-05
829802,1,1e-05
993502,1,1e-05
958572,1,1e-05
486203,1,1e-05
188910,1,1e-05
140345,1,1e-05
567907,1,1e-05
585557,1,1e-05
261187,1,1e-05
615449,1,1e-05
260784,1,1e-05
110100,1,1e-05
171112,1,1e-05
170737,1,1e-05
419957,1,1e-05
9278,1,1e-05
410966,1,1e-05
225960,1,1e-05
157341,1,1e-05
933551,1,1e-05
161150,1,1e-05
566391,1,1e-05
290464,1,1e-05
371414,1,1e-05
250599,1,1e-05
87301,1,1e-05
230744,1,1e-05
625683,1,1e-05
165614,1,1e-05
779127,1,1e-05
198764,1,1e-05
310825,1,1e-05
150591,1,1e-05
70953,1,1e-05
433801,1,1e-05
120366,1,1e-05
573488,1,1e-05
67744,1,1e-05
554867,1,1e-05
273566,1,1e-05
648693,1,1e-05
50695,1,1e-05
50924,1,1e-05
51109,1,1e-05
30123,1,1e-05
528635,1,1e-05
214664,1,1e-05
220594,1,1e-05
268840,1,1e-05
799712,1,1e-05
880804,1,1e-05
993291,1,1e-05
100370,1,1e-05
282731,1,1e-05
378442,1,1e-05
300377,1,1e-05
500794,1,1e-05
663890,1,1e-05
161094,1,1e-05
30575,1,1e-05
484839,1,1e-05
584519,1,1e-05
261199,1,1e-05
896412,1,1e-05
211091,1,1e-05
235959,1,1e-05
677613,1,1e-05
290425,1,1e-05
966595,1,1e-05
306209,1,1e-05
70134,1,1e-05
206114,1,1e-05
373259,1,1e-05
50398,1,1e-05
639311,1,1e-05
78666,1,1e-05
224412,1,1e-05
105928,1,1e-05
155318,1,1e-05
20637,1,1e-05
497198,1,1e-05
100660,1,1e-05
635870,1,1e-05
634738,1,1e-05
475539,1,1e-05
160660,1,1e-05
660680,1,1e-05
468682,1,1e-05
401612,1,1e-05
671489,1,1e-05
161229,1,1e-05
347483,1,1e-05
21256,1,1e-05
342621,1,1e-05
170662,1,1e-05
598029,1,1e-05
60952,1,1e-05
285494,1,1e-05
53258,1,1e-05
121034,1,1e-05
310390,1,1e-05
452842,1,1e-05
187502,1,1e-05
560339,1,1e-05
81369,1,1e-05
300559,1,1e-05
493682,1,1e-05
210757,1,1e-05
336967,1,1e-05
614574,1,1e-05
582707,1,1e-05
369676,1,1e-05
40785,1,1e-05
221201,1,1e-05
780024,1,1e-05
718825,1,1e-05
432437,1,1e-05
333546,1,1e-05
980641,1,1e-05
51297,1,1e-05
170498,1,1e-05
111167,1,1e-05
81,1,1e-05
893198,1,1e-05
226337,1,1e-05
150342,1,1e-05
41044,1,1e-05
732613,1,1e-05
260414,1,1e-05
723401,1,1e-05
598169,1,1e-05
50986,1,1e-05
957082,1,1e-05
38216,1,1e-05
898939,1,1e-05
417521,1,1e-05
965306,1,1e-05
165227,1,1e-05
168244,1,1e-05
950030,1,1e-05
662990,1,1e-05
280100,1,1e-05
120496,1,1e-05
280693,1,1e-05
280995,1,1e-05
381602,1,1e-05
200514,1,1e-05
52328,1,1e-05
21042,1,1e-05
760805,1,1e-05
425432,1,1e-05
753287,1,1e-05
60982,1,1e-05
901584,1,1e-05
20858,1,1e-05
200864,1,1e-05
241315,1,1e-05
926203,1,1e-05
300514,1,1e-05
140472,1,1e-05
310799,1,1e-05
15472,1,1e-05
467078,1,1e-05
160387,1,1e-05
838413,1,1e-05
160518,1,1e-05
369853,1,1e-05
992520,1,1e-05
223193,1,1e-05
78798,1,1e-05
98684,1,1e-05
172320,1,1e-05
908811,1,1e-05
108355,1,1e-05
446246,1,1e-05
890501,1,1e-05
277972,1,1e-05
21284,1,1e-05
842791,1,1e-05
232673,1,1e-05
405344,1,1e-05
30767,1,1e-05
101177,1,1e-05
240976,1,1e-05
961893,1,1e-05
260139,1,1e-05
109401,1,1e-05
258849,1,1e-05
40762,1,1e-05
638123,1,1e-05
562610,1,1e-05
290393,1,1e-05
354632,1,1e-05
40491,1,1e-05
439609,1,1e-05
19372,1,1e-05
439368,1,1e-05
647075,1,1e-05
292751,1,1e-05
832529,1,1e-05
120788,1,1e-05
191161,1,1e-05
300422,1,1e-05
195418,1,1e-05
459207,1,1e-05
190619,1,1e-05
563157,1,1e-05
281128,1,1e-05
211495,1,1e-05
27718,1,1e-05
240827,1,1e-05
523413,1,1e-05
31800,1,1e-05
798032,1,1e-05
260598,1,1e-05
210824,1,1e-05
124291,1,1e-05
744889,1,1e-05
564900,1,1e-05
180292,1,1e-05
969779,1,1e-05
892939,1,1e-05
20384,1,1e-05
90962,1,1e-05
80765,1,1e-05
290352,1,1e-05
319412,1,1e-05
347168,1,1e-05
344152,1,1e-05
299507,1,1e-05
998828,1,1e-05
957393,1,1e-05
90384,1,1e-05
893119,1,1e-05
366127,1,1e-05
998554,1,1e-05
750864,1,1e-05
592163,1,1e-05
512810,1,1e-05
201252,1,1e-05
361570,1,1e-05
970174,1,1e-05
225593,1,1e-05
401418,1,1e-05
823954,1,1e-05
50571,1,1e-05
786740,1,1e-05
44159,1,1e-05
180326,1,1e-05
687517,1,1e-05
190663,1,1e-05
116109,1,1e-05
487771,1,1e-05
170105,1,1e-05
443805,1,1e-05
230221,1,1e-05
322039,1,1e-05
74813,1,1e-05
230817,1,1e-05
827919,1,1e-05
49938,1,1e-05
412205,1,1e-05
220493,1,1e-05
260924,1,1e-05
382811,1,1e-05
621618,1,1e-05
607840,1,1e-05
185194,1,1e-05
603807,1,1e-05
314843,1,1e-05
11278,1,1e-05
785306,1,1e-05
496244,1,1e-05
105628,1,1e-05
10920,1,1e-05
589580,1,1e-05
620629,1,1e-05
240516,1,1e-05
204820,1,1e-05
290340,1,1e-05
210126,1,1e-05
162515,1,1e-05
191005,1,1e-05
732633,1,1e-05
110903,1,1e-05
210548,1,1e-05
476404,1,1e-05
311257,1,1e-05
140944,1,1e-05
724918,1,1e-05
221109,1,1e-05
980039,1,1e-05
559663,1,1e-05
948070,1,1e-05
130263,1,1e-05
599480,1,1e-05
610702,1,1e-05
116798,1,1e-05
204431,1,1e-05
826564,1,1e-05
897781,1,1e-05
525189,1,1e-05
20524,1,1e-05
302892,1,1e-05
50611,1,1e-05
210977,1,1e-05
40178,1,1e-05
40567,1,1e-05
359004,1,1e-05
769060,1,1e-05
549649,1,1e-05
250760,1,1e-05
136524,1,1e-05
299038,1,1e-05
100414,1,1e-05
913136,1,1e-05
240338,1,1e-05
265223,1,1e-05
280880,1,1e-05
299556,1,1e-05
436249,1,1e-05
10624,1,1e-05
699695,1,1e-05
963805,1,1e-05
220425,1,1e-05
968454,1,1e-05
30327,1,1e-05
80877,1,1e-05
646229,1,1e-05
290575,1,1e-05
11213,1,1e-05
397151,1,1e-05
691790,1,1e-05
592227,1,1e-05
486839,1,1e-05
110223,1,1e-05
565122,1,1e-05
21282,1,1e-05
716722,1,1e-05
251060,1,1e-05
100679,1,1e-05
751843,1,1e-05
963427,1,1e-05
206957,1,1e-05
981203,1,1e-05
160959,1,1e-05
190111,1,1e-05
16382,1,1e-05
310760,1,1e-05
384332,1,1e-05
401419,1,1e-05
30464,1,1e-05
52294,1,1e-05
41206,1,1e-05
280799,1,1e-05
280136,1,1e-05
161161,1,1e-05
140719,1,1e-05
769618,1,1e-05
119940,1,1e-05
253957,1,1e-05
220786,1,1e-05
242958,1,1e-05
48670,1,1e-05
140725,1,1e-05
905991,1,1e-05
370508,1,1e-05
161788,1,1e-05
906522,1,1e-05
771988,1,1e-05
260496,1,1e-05
525449,1,1e-05
645589,1,1e-05
674007,1,1e-05
270416,1,1e-05
394708,1,1e-05
270188,1,1e-05
388458,1,1e-05
489679,1,1e-05
592703,1,1e-05
585184,1,1e-05
452334,1,1e-05
230425,1,1e-05
150112,1,1e-05
91068,1,1e-05
41168,1,1e-05
450488,1,1e-05
794750,1,1e-05
507519,1,1e-05
127914,1,1e-05
689591,1,1e-05
200422,1,1e-05
120740,1,1e-05
764484,1,1e-05
702058,1,1e-05
90481,1,1e-05
978634,1,1e-05
332269,1,1e-05
191243,1,1e-05
150936,1,1e-05
755672,1,1e-05
403517,1,1e-05
100143,1,1e-05
976445,1,1e-05
139709,1,1e-05
160537,1,1e-05
809750,1,1e-05
305510,1,1e-05
72209,1,1e-05
960522,1,1e-05
841675,1,1e-05
111103,1,1e-05
73102,1,1e-05
748964,1,1e-05
297543,1,1e-05
150398,1,1e-05
40272,1,1e-05
188717,1,1e-05
233751,1,1e-05
230301,1,1e-05
60802,1,1e-05
888069,1,1e-05
881919,1,1e-05
42037,1,1e-05
170159,1,1e-05
834882,1,1e-05
583065,1,1e-05
95314,1,1e-05
20765,1,1e-05
846636,1,1e-05
917094,1,1e-05
537531,1,1e-05
414332,1,1e-05
374708,1,1e-05
789322,1,1e-05
416914,1,1e-05
41036,1,1e-05
735114,1,1e-05
154008,1,1e-05
115593,1,1e-05
349688,1,1e-05
419213,1,1e-05
675299,1,1e-05
737583,1,1e-05
102866,1,1e-05
792684,1,1e-05
291212,1,1e-05
312487,1,1e-05
244375,1,1e-05
90633,1,1e-05
259207,1,1e-05
311076,1,1e-05
136549,1,1e-05
357078,1,1e-05
151181,1,1e-05
20146,1,1e-05
130936,1,1e-05
219922,1,1e-05
280259,1,1e-05
503756,1,1e-05
21102,1,1e-05
948827,1,1e-05
436928,1,1e-05
144307,1,1e-05
627815,1,1e-05
90293,1,1e-05
202089,1,1e-05
774660,1,1e-05
446228,1,1e-05
270471,1,1e-05
12426,1,1e-05
959862,1,1e-05
150836,1,1e-05
537500,1,1e-05
672908,1,1e-05
310833,1,1e-05
15684,1,1e-05
160696,1,1e-05
221017,1,1e-05
74194,1,1e-05
866956,1,1e-05
80615,1,1e-05
151253,1,1e-05
200431,1,1e-05
10262,1,1e-05
201832,1,1e-05
240499,1,1e-05
193781,1,1e-05
839331,1,1e-05
657687,1,1e-05
434468,1,1e-05
60111,1,1e-05
2056,1,1e-05
181046,1,1e-05
230588,1,1e-05
337372,1,1e-05
90822,1,1e-05
181266,1,1e-05
533067,1,1e-05
200300,1,1e-05
309975,1,1e-05
903986,1,1e-05
440941,1,1e-05
848315,1,1e-05
986657,1,1e-05
396742,1,1e-05
431102,1,1e-05
220477,1,1e-05
282254,1,1e-05
198266,1,1e-05
292244,1,1e-05
130280,1,1e-05
247024,1,1e-05
549082,1,1e-05
160536,1,1e-05
281130,1,1e-05
492832,1,1e-05
218764,1,1e-05
210165,1,1e-05
315216,1,1e-05
280700,1,1e-05
416247,1,1e-05
546696,1,1e-05
185709,1,1e-05
649783,1,1e-05
51191,1,1e-05
482375,1,1e-05
388513,1,1e-05
168317,1,1e-05
835941,1,1e-05
291200,1,1e-05
960094,1,1e-05
584298,1,1e-05
872164,1,1e-05
73393,1,1e-05
603183,1,1e-05
396035,1,1e-05
161043,1,1e-05
560608,1,1e-05
969532,1,1e-05
669033,1,1e-05
110790,1,1e-05
998669,1,1e-05
221123,1,1e-05
220563,1,1e-05
465760,1,1e-05
882619,1,1e-05
918038,1,1e-05
88554,1,1e-05
290665,1,1e-05
826776,1,1e-05
240134,1,1e-05
291120,1,1e-05
499482,1,1e-05
50592,1,1e-05
880635,1,1e-05
915513,1,1e-05
871223,1,1e-05
849229,1,1e-05
10582,1,1e-05
193157,1,1e-05
260260,1,1e-05
951067,1,1e-05
60973,1,1e-05
633434,1,1e-05
720671,1,1e-05
863065,1,1e-05
200989,1,1e-05
100300,1,1e-05
30818,1,1e-05
140326,1,1e-05
90775,1,1e-05
130646,1,1e-05
25117,1,1e-05
648919,1,1e-05
336797,1,1e-05
394057,1,1e-05
200185,1,1e-05
20267,1,1e-05
122563,1,1e-05
181122,1,1e-05
90206,1,1e-05
280715,1,1e-05
151089,1,1e-05
100926,1,1e-05
281259,1,1e-05
866607,1,1e-05
387227,1,1e-05
689915,1,1e-05
727664,1,1e-05
449755,1,1e-05
959988,1,1e-05
310886,1,1e-05
137953,1,1e-05
289911,1,1e-05
140305,1,1e-05
420013,1,1e-05
778849,1,1e-05
131258,1,1e-05
280707,1,1e-05
86613,1,1e-05
86718,1,1e-05
706199,1,1e-05
310146,1,1e-05
505601,1,1e-05
120670,1,1e-05
120289,1,1e-05
201047,1,1e-05
194243,1,1e-05
625521,1,1e-05
310539,1,1e-05
273723,1,1e-05
328176,1,1e-05
886996,1,1e-05
978279,1,1e-05
919589,1,1e-05
746658,1,1e-05
56546,1,1e-05
111099,1,1e-05
280290,1,1e-05
250485,1,1e-05
90892,1,1e-05
270129,1,1e-05
738290,1,1e-05
106490,1,1e-05
420141,1,1e-05
90945,1,1e-05
910232,1,1e-05
166470,1,1e-05
998216,1,1e-05
418080,1,1e-05
230962,1,1e-05
81010,1,1e-05
100917,1,1e-05
260938,1,1e-05
140180,1,1e-05
130164,1,1e-05
663578,1,1e-05
532064,1,1e-05
83797,1,1e-05
257072,1,1e-05
252121,1,1e-05
260466,1,1e-05
90105,1,1e-05
250957,1,1e-05
223358,1,1e-05
271232,1,1e-05
170914,1,1e-05
475517,1,1e-05
280594,1,1e-05
90427,1,1e-05
510261,1,1e-05
200191,1,1e-05
481163,1,1e-05
130571,1,1e-05
302407,1,1e-05
314489,1,1e-05
90532,1,1e-05
683773,1,1e-05
65481,1,1e-05
147838,1,1e-05
455922,1,1e-05
5012,1,1e-05
159635,1,1e-05
666468,1,1e-05
185036,1,1e-05
926781,1,1e-05
926704,1,1e-05
181257,1,1e-05
632223,1,1e-05
492871,1,1e-05
250240,1,1e-05
49152,1,1e-05
187914,1,1e-05
50113,1,1e-05
933406,1,1e-05
452731,1,1e-05
107652,1,1e-05
511312,1,1e-05
480745,1,1e-05
544790,1,1e-05
190839,1,1e-05
311573,1,1e-05
80352,1,1e-05
49831,1,1e-05
311390,1,1e-05
250650,1,1e-05
100518,1,1e-05
826108,1,1e-05
799420,1,1e-05
156754,1,1e-05
310373,1,1e-05
131621,1,1e-05
111090,1,1e-05
637597,1,1e-05
371966,1,1e-05
988451,1,1e-05
260981,1,1e-05
613699,1,1e-05
130707,1,1e-05
985661,1,1e-05
822515,1,1e-05
200848,1,1e-05
586330,1,1e-05
160938,1,1e-05
187602,1,1e-05
986010,1,1e-05
219467,1,1e-05
180669,1,1e-05
730629,1,1e-05
13428,1,1e-05
85439,1,1e-05
160588,1,1e-05
778664,1,1e-05
21263,1,1e-05
255790,1,1e-05
70590,1,1e-05
235291,1,1e-05
290271,1,1e-05
913658,1,1e-05
531136,1,1e-05
761810,1,1e-05
611640,1,1e-05
383361,1,1e-05
240132,1,1e-05
51881,1,1e-05
570347,1,1e-05
50948,1,1e-05
11229,1,1e-05
397401,1,1e-05
963231,1,1e-05
731083,1,1e-05
226977,1,1e-05
151553,1,1e-05
131161,1,1e-05
190497,1,1e-05
992073,1,1e-05
893085,1,1e-05
704945,1,1e-05
160543,1,1e-05
673375,1,1e-05
110933,1,1e-05
821545,1,1e-05
100958,1,1e-05
263476,1,1e-05
13705,1,1e-05
260978,1,1e-05
311085,1,1e-05
19330,1,1e-05
395943,1,1e-05
592642,1,1e-05
91044,1,1e-05
615881,1,1e-05
10863,1,1e-05
130359,1,1e-05
60527,1,1e-05
90197,1,1e-05
134925,1,1e-05
665158,1,1e-05
184198,1,1e-05
910879,1,1e-05
160265,1,1e-05
602095,1,1e-05
155665,1,1e-05
752585,1,1e-05
123174,1,1e-05
920077,1,1e-05
90517,1,1e-05
992381,1,1e-05
818846,1,1e-05
391767,1,1e-05
300152,1,1e-05
161233,1,1e-05
140104,1,1e-05
280431,1,1e-05
665268,1,1e-05
782186,1,1e-05
918447,1,1e-05
210847,1,1e-05
826656,1,1e-05
80703,1,1e-05
528106,1,1e-05
280437,1,1e-05
642504,1,1e-05
412527,1,1e-05
300321,1,1e-05
926875,1,1e-05
10310,1,1e-05
61053,1,1e-05
160226,1,1e-05
408787,1,1e-05
471265,1,1e-05
637157,1,1e-05
45810,1,1e-05
578044,1,1e-05
264658,1,1e-05
120584,1,1e-05
499475,1,1e-05
642829,1,1e-05
418120,1,1e-05
552006,1,1e-05
120635,1,1e-05
938839,1,1e-05
140258,1,1e-05
336415,1,1e-05
110780,1,1e-05
956909,1,1e-05
51174,1,1e-05
767097,1,1e-05
160793,1,1e-05
404204,1,1e-05
497861,1,1e-05
682052,1,1e-05
379507,1,1e-05
151265,1,1e-05
692172,1,1e-05
528152,1,1e-05
64490,1,1e-05
41177,1,1e-05
31132,1,1e-05
131254,1,1e-05
110637,1,1e-05
516885,1,1e-05
80890,1,1e-05
244725,1,1e-05
290557,1,1e-05
495953,1,1e-05
890968,1,1e-05
20589,1,1e-05
109471,1,1e-05
741095,1,1e-05
881871,1,1e-05
406771,1,1e-05
153279,1,1e-05
280496,1,1e-05
914817,1,1e-05
70517,1,1e-05
151116,1,1e-05
744047,1,1e-05
629119,1,1e-05
842134,1,1e-05
211132,1,1e-05
890283,1,1e-05
867677,1,1e-05
221031,1,1e-05
180982,1,1e-05
11197,1,1e-05
294881,1,1e-05
664994,1,1e-05
150276,1,1e-05
260233,1,1e-05
151151,1,1e-05
91494,1,1e-05
82902,1,1e-05
105905,1,1e-05
507281,1,1e-05
254680,1,1e-05
418428,1,1e-05
220683,1,1e-05
110441,1,1e-05
450828,1,1e-05
628269,1,1e-05
819970,1,1e-05
180341,1,1e-05
582334,1,1e-05
230685,1,1e-05
270839,1,1e-05
463019,1,1e-05
711250,1,1e-05
846502,1,1e-05
10593,1,1e-05
153788,1,1e-05
261074,1,1e-05
902167,1,1e-05
817945,1,1e-05
270821,1,1e-05
119231,1,1e-05
901379,1,1e-05
863331,1,1e-05
141202,1,1e-05
514528,1,1e-05
721706,1,1e-05
240360,1,1e-05
835182,1,1e-05
366368,1,1e-05
779799,1,1e-05
598098,1,1e-05
591535,1,1e-05
298815,1,1e-05
645569,1,1e-05
933926,1,1e-05
599815,1,1e-05
782019,1,1e-05
779059,1,1e-05
600399,1,1e-05
305784,1,1e-05
260251,1,1e-05
900725,1,1e-05
843852,1,1e-05
495745,1,1e-05
80363,1,1e-05
111080,1,1e-05
645168,1,1e-05
230803,1,1e-05
963890,1,1e-05
60658,1,1e-05
789092,1,1e-05
473490,1,1e-05
200515,1,1e-05
41298,1,1e-05
862737,1,1e-05
44784,1,1e-05
90399,1,1e-05
260891,1,1e-05
170202,1,1e-05
150101,1,1e-05
709514,1,1e-05
636534,1,1e-05
10442,1,1e-05
468892,1,1e-05
537429,1,1e-05
626644,1,1e-05
593457,1,1e-05
30640,1,1e-05
291029,1,1e-05
807589,1,1e-05
40571,1,1e-05
166589,1,1e-05
668316,1,1e-05
301226,1,1e-05
80267,1,1e-05
497360,1,1e-05
90620,1,1e-05
281133,1,1e-05
768517,1,1e-05
321311,1,1e-05
111194,1,1e-05
474219,1,1e-05
40388,1,1e-05
190768,1,1e-05
809600,1,1e-05
511539,1,1e-05
61069,1,1e-05
256134,1,1e-05
201254,1,1e-05
291284,1,1e-05
20536,1,1e-05
292048,1,1e-05
707721,1,1e-05
230716,1,1e-05
30799,1,1e-05
78128,1,1e-05
210143,1,1e-05
829416,1,1e-05
91719,1,1e-05
139710,1,1e-05
169622,1,1e-05
518101,1,1e-05
366205,1,1e-05
426010,1,1e-05
50548,1,1e-05
307939,1,1e-05
70475,1,1e-05
183461,1,1e-05
470462,1,1e-05
758705,1,1e-05
944872,1,1e-05
120742,1,1e-05
171004,1,1e-05
331825,1,1e-05
60299,1,1e-05
300450,1,1e-05
325078,1,1e-05
696225,1,1e-05
185148,1,1e-05
150993,1,1e-05
459906,1,1e-05
231493,1,1e-05
712543,1,1e-05
248438,1,1e-05
58169,1,1e-05
473076,1,1e-05
471021,1,1e-05
990362,1,1e-05
503049,1,1e-05
190546,1,1e-05
852233,1,1e-05
171161,1,1e-05
622385,1,1e-05
70610,1,1e-05
240552,1,1e-05
110588,1,1e-05
261228,1,1e-05
240749,1,1e-05
350902,1,1e-05
205133,1,1e-05
794536,1,1e-05
617268,1,1e-05
50346,1,1e-05
150655,1,1e-05
251237,1,1e-05
961835,1,1e-05
262851,1,1e-05
56204,1,1e-05
241017,1,1e-05
190798,1,1e-05
140140,1,1e-05
942887,1,1e-05
674382,1,1e-05
776010,1,1e-05
471503,1,1e-05
620520,1,1e-05
271030,1,1e-05
210557,1,1e-05
20446,1,1e-05
41114,1,1e-05
60256,1,1e-05
40120,1,1e-05
411153,1,1e-05
404253,1,1e-05
798430,1,1e-05
823777,1,1e-05
740296,1,1e-05
617046,1,1e-05
808688,1,1e-05
855822,1,1e-05
650717,1,1e-05
61180,1,1e-05
219775,1,1e-05
131059,1,1e-05
561053,1,1e-05
386686,1,1e-05
81265,1,1e-05
901362,1,1e-05
191481,1,1e-05
521619,1,1e-05
144728,1,1e-05
379884,1,1e-05
310974,1,1e-05
196492,1,1e-05
565576,1,1e-05
50106,1,1e-05
350508,1,1e-05
61291,1,1e-05
885677,1,1e-05
749821,1,1e-05
136333,1,1e-05
91077,1,1e-05
21228,1,1e-05
151687,1,1e-05
241096,1,1e-05
51092,1,1e-05
728254,1,1e-05
878760,1,1e-05
131178,1,1e-05
260404,1,1e-05
170642,1,1e-05
34869,1,1e-05
464534,1,1e-05
588547,1,1e-05
101158,1,1e-05
261256,1,1e-05
160553,1,1e-05
816765,1,1e-05
159036,1,1e-05
300543,1,1e-05
46060,1,1e-05
210982,1,1e-05
94798,1,1e-05
230570,1,1e-05
130971,1,1e-05
332493,1,1e-05
961042,1,1e-05
689499,1,1e-05
201062,1,1e-05
110661,1,1e-05
577875,1,1e-05
62174,1,1e-05
41338,1,1e-05
416218,1,1e-05
94659,1,1e-05
612743,1,1e-05
102120,1,1e-05
190351,1,1e-05
940833,1,1e-05
271685,1,1e-05
143688,1,1e-05
487014,1,1e-05
240651,1,1e-05
820359,1,1e-05
212206,1,1e-05
795836,1,1e-05
599765,1,1e-05
30407,1,1e-05
371723,1,1e-05
517196,1,1e-05
459804,1,1e-05
794199,1,1e-05
270453,1,1e-05
336295,1,1e-05
200791,1,1e-05
611639,1,1e-05
310600,1,1e-05
372156,1,1e-05
125451,1,1e-05
180631,1,1e-05
140583,1,1e-05
625007,1,1e-05
200624,1,1e-05
413199,1,1e-05
876329,1,1e-05
120307,1,1e-05
878656,1,1e-05
130272,1,1e-05
241150,1,1e-05
718889,1,1e-05
140133,1,1e-05
31764,1,1e-05
51227,1,1e-05
260367,1,1e-05
636402,1,1e-05
30710,1,1e-05
734271,1,1e-05
241047,1,1e-05
689145,1,1e-05
220296,1,1e-05
661942,1,1e-05
640727,1,1e-05
260947,1,1e-05
975659,1,1e-05
290960,1,1e-05
250219,1,1e-05
51237,1,1e-05
757143,1,1e-05
705696,1,1e-05
96117,1,1e-05
298873,1,1e-05
586466,1,1e-05
561657,1,1e-05
645570,1,1e-05
710357,1,1e-05
204903,1,1e-05
702571,1,1e-05
110535,1,1e-05
407148,1,1e-05
210926,1,1e-05
17179,1,1e-05
301305,1,1e-05
791995,1,1e-05
110140,1,1e-05
203807,1,1e-05
91170,1,1e-05
916757,1,1e-05
180893,1,1e-05
717961,1,1e-05
601532,1,1e-05
71149,1,1e-05
838823,1,1e-05
745672,1,1e-05
896249,1,1e-05
787375,1,1e-05
300637,1,1e-05
523666,1,1e-05
250616,1,1e-05
460498,1,1e-05
773725,1,1e-05
250415,1,1e-05
297525,1,1e-05
228071,1,1e-05
906677,1,1e-05
210443,1,1e-05
288185,1,1e-05
190675,1,1e-05
633795,1,1e-05
200759,1,1e-05
756390,1,1e-05
40126,1,1e-05
753863,1,1e-05
967530,1,1e-05
444800,1,1e-05
100844,1,1e-05
994498,1,1e-05
310187,1,1e-05
571819,1,1e-05
360464,1,1e-05
708351,1,1e-05
573197,1,1e-05
891639,1,1e-05
243412,1,1e-05
130213,1,1e-05
900033,1,1e-05
310606,1,1e-05
38542,1,1e-05
939546,1,1e-05
447682,1,1e-05
130458,1,1e-05
281061,1,1e-05
40103,1,1e-05
211191,1,1e-05
310938,1,1e-05
200856,1,1e-05
61184,1,1e-05
240655,1,1e-05
625955,1,1e-05
844401,1,1e-05
60240,1,1e-05
40173,1,1e-05
211295,1,1e-05
180565,1,1e-05
645989,1,1e-05
40619,1,1e-05
712975,1,1e-05
126253,1,1e-05
540793,1,1e-05
191024,1,1e-05
260897,1,1e-05
708310,1,1e-05
760192,1,1e-05
326247,1,1e-05
20970,1,1e-05
40648,1,1e-05
623393,1,1e-05
220968,1,1e-05
30785,1,1e-05
963301,1,1e-05
748757,1,1e-05
780784,1,1e-05
250444,1,1e-05
524259,1,1e-05
416033,1,1e-05
120402,1,1e-05
280780,1,1e-05
310438,1,1e-05
246507,1,1e-05
456525,1,1e-05
11777,1,1e-05
330373,1,1e-05
747173,1,1e-05
220467,1,1e-05
491953,1,1e-05
290964,1,1e-05
1616,1,1e-05
994688,1,1e-05
853715,1,1e-05
91013,1,1e-05
31251,1,1e-05
655769,1,1e-05
501307,1,1e-05
876714,1,1e-05
70484,1,1e-05
199169,1,1e-05
379463,1,1e-05
24344,1,1e-05
758196,1,1e-05
627048,1,1e-05
51275,1,1e-05
70503,1,1e-05
543876,1,1e-05
130914,1,1e-05
101295,1,1e-05
250224,1,1e-05
70570,1,1e-05
160589,1,1e-05
193254,1,1e-05
359345,1,1e-05
337301,1,1e-05
53460,1,1e-05
250765,1,1e-05
91017,1,1e-05
230265,1,1e-05
24384,1,1e-05
416012,1,1e-05
90396,1,1e-05
614704,1,1e-05
424681,1,1e-05
170584,1,1e-05
241112,1,1e-05
541160,1,1e-05
404725,1,1e-05
20950,1,1e-05
161111,1,1e-05
789515,1,1e-05
181134,1,1e-05
827802,1,1e-05
40836,1,1e-05
290270,1,1e-05
281024,1,1e-05
402438,1,1e-05
286508,1,1e-05
295526,1,1e-05
281579,1,1e-05
90364,1,1e-05
271234,1,1e-05
241146,1,1e-05
714143,1,1e-05
100280,1,1e-05
60173,1,1e-05
153976,1,1e-05
580974,1,1e-05
198367,1,1e-05
60546,1,1e-05
638716,1,1e-05
472425,1,1e-05
374239,1,1e-05
653098,1,1e-05
13989,1,1e-05
91884,1,1e-05
70638,1,1e-05
226189,1,1e-05
599895,1,1e-05
106911,1,1e-05
73160,1,1e-05
891991,1,1e-05
387635,1,1e-05
430658,1,1e-05
949447,1,1e-05
495233,1,1e-05
101275,1,1e-05
373159,1,1e-05
160109,1,1e-05
10952,1,1e-05
3897,1,1e-05
870232,1,1e-05
723203,1,1e-05
181899,1,1e-05
140848,1,1e-05
200776,1,1e-05
313898,1,1e-05
656298,1,1e-05
261268,1,1e-05
911556,1,1e-05
172073,1,1e-05
290754,1,1e-05
60184,1,1e-05
198594,1,1e-05
584512,1,1e-05
498908,1,1e-05
190117,1,1e-05
889073,1,1e-05
767039,1,1e-05
657415,1,1e-05
963990,1,1e-05
199358,1,1e-05
70489,1,1e-05
305001,1,1e-05
877457,1,1e-05
897455,1,1e-05
251180,1,1e-05
310575,1,1e-05
280868,1,1e-05
103047,1,1e-05
573418,1,1e-05
40175,1,1e-05
120927,1,1e-05
40767,1,1e-05
565912,1,1e-05
273759,1,1e-05
80406,1,1e-05
276018,1,1e-05
20506,1,1e-05
76538,1,1e-05
412805,1,1e-05
787936,1,1e-05
782202,1,1e-05
506436,1,1e-05
294305,1,1e-05
81476,1,1e-05
237219,1,1e-05
161118,1,1e-05
492783,1,1e-05
329188,1,1e-05
111292,1,1e-05
460336,1,1e-05
161240,1,1e-05
629032,1,1e-05
306958,1,1e-05
157385,1,1e-05
276904,1,1e-05
788415,1,1e-05
539180,1,1e-05
310166,1,1e-05
155917,1,1e-05
931717,1,1e-05
300269,1,1e-05
250478,1,1e-05
130146,1,1e-05
960462,1,1e-05
301733,1,1e-05
517119,1,1e-05
660729,1,1e-05
200551,1,1e-05
186891,1,1e-05
627754,1,1e-05
590056,1,1e-05
593407,1,1e-05
41208,1,1e-05
488164,1,1e-05
110194,1,1e-05
411291,1,1e-05
120702,1,1e-05
778054,1,1e-05
888171,1,1e-05
536511,1,1e-05
10916,1,1e-05
856401,1,1e-05
626345,1,1e-05
390249,1,1e-05
425624,1,1e-05
919674,1,1e-05
575367,1,1e-05
719319,1,1e-05
962189,1,1e-05
773717,1,1e-05
197268,1,1e-05
291257,1,1e-05
661709,1,1e-05
160370,1,1e-05
55766,1,1e-05
11138,1,1e-05
983899,1,1e-05
209102,1,1e-05
160151,1,1e-05
748290,1,1e-05
755025,1,1e-05
310963,1,1e-05
260225,1,1e-05
252806,1,1e-05
822215,1,1e-05
509529,1,1e-05
211003,1,1e-05
40445,1,1e-05
649727,1,1e-05
5732,1,1e-05
600980,1,1e-05
4150,1,1e-05
60676,1,1e-05
102701,1,1e-05
180677,1,1e-05
76796,1,1e-05
556185,1,1e-05
90943,1,1e-05
606385,1,1e-05
382929,1,1e-05
956120,1,1e-05
619035,1,1e-05
918106,1,1e-05
68216,1,1e-05
171216,1,1e-05
662237,1,1e-05
104966,1,1e-05
242510,1,1e-05
211158,1,1e-05
502469,1,1e-05
589876,1,1e-05
796385,1,1e-05
441160,1,1e-05
199423,1,1e-05
818169,1,1e-05
732931,1,1e-05
260419,1,1e-05
143514,1,1e-05
90359,1,1e-05
552917,1,1e-05
206343,1,1e-05
266946,1,1e-05
769005,1,1e-05
355599,1,1e-05
255323,1,1e-05
9929,1,1e-05
220597,1,1e-05
300717,1,1e-05
216522,1,1e-05
883083,1,1e-05
713135,1,1e-05
226755,1,1e-05
657628,1,1e-05
50100,1,1e-05
21007,1,1e-05
911734,1,1e-05
2373,1,1e-05
137757,1,1e-05
976062,1,1e-05
110642,1,1e-05
318541,1,1e-05
892606,1,1e-05
270159,1,1e-05
170476,1,1e-05
191249,1,1e-05
482946,1,1e-05
113026,1,1e-05
657627,1,1e-05
60647,1,1e-05
110424,1,1e-05
936648,1,1e-05
443170,1,1e-05
40681,1,1e-05
60416,1,1e-05
899724,1,1e-05
115349,1,1e-05
778445,1,1e-05
31041,1,1e-05
792188,1,1e-05
310449,1,1e-05
993585,1,1e-05
507455,1,1e-05
554783,1,1e-05
942426,1,1e-05
180111,1,1e-05
679499,1,1e-05
268759,1,1e-05
887911,1,1e-05
312434,1,1e-05
381297,1,1e-05
251251,1,1e-05
727072,1,1e-05
456338,1,1e-05
173798,1,1e-05
404292,1,1e-05
311013,1,1e-05
40711,1,1e-05
561445,1,1e-05
761327,1,1e-05
271857,1,1e-05
771412,1,1e-05
59995,1,1e-05
774525,1,1e-05
310630,1,1e-05
278605,1,1e-05
702048,1,1e-05
181282,1,1e-05
615452,1,1e-05
962475,1,1e-05
71089,1,1e-05
40359,1,1e-05
281220,1,1e-05
301108,1,1e-05
276790,1,1e-05
515617,1,1e-05
86048,1,1e-05
242176,1,1e-05
81815,1,1e-05
201660,1,1e-05
221801,1,1e-05
250927,1,1e-05
628585,1,1e-05
109161,1,1e-05
230534,1,1e-05
356189,1,1e-05
200601,1,1e-05
559433,1,1e-05
932914,1,1e-05
912665,1,1e-05
675097,1,1e-05
291019,1,1e-05
180775,1,1e-05
528547,1,1e-05
706448,1,1e-05
81064,1,1e-05
93188,1,1e-05
280481,1,1e-05
432354,1,1e-05
747250,1,1e-05
780692,1,1e-05
941345,1,1e-05
20186,1,1e-05
736308,1,1e-05
85668,1,1e-05
11199,1,1e-05
290168,1,1e-05
472486,1,1e-05
230812,1,1e-05
110444,1,1e-05
111274,1,1e-05
270456,1,1e-05
40525,1,1e-05
255781,1,1e-05
324556,1,1e-05
139030,1,1e-05
280969,1,1e-05
793499,1,1e-05
4253,1,1e-05
313175,1,1e-05
176191,1,1e-05
42308,1,1e-05
251170,1,1e-05
918503,1,1e-05
234988,1,1e-05
228058,1,1e-05
439882,1,1e-05
232737,1,1e-05
404776,1,1e-05
771556,1,1e-05
425349,1,1e-05
48439,1,1e-05
881334,1,1e-05
301062,1,1e-05
715348,1,1e-05
50857,1,1e-05
17524,1,1e-05
130660,1,1e-05
698401,1,1e-05
250321,1,1e-05
843676,1,1e-05
250839,1,1e-05
297369,1,1e-05
210564,1,1e-05
310716,1,1e-05
463093,1,1e-05
191077,1,1e-05
110284,1,1e-05
140119,1,1e-05
195729,1,1e-05
571798,1,1e-05
131690,1,1e-05
569484,1,1e-05
502899,1,1e-05
566468,1,1e-05
5769,1,1e-05
130126,1,1e-05
170224,1,1e-05
708300,1,1e-05
140385,1,1e-05
60795,1,1e-05
688138,1,1e-05
491429,1,1e-05
27589,1,1e-05
342984,1,1e-05
404898,1,1e-05
461971,1,1e-05
221285,1,1e-05
190515,1,1e-05
121285,1,1e-05
301279,1,1e-05
151255,1,1e-05
51082,1,1e-05
206615,1,1e-05
814649,1,1e-05
185219,1,1e-05
190349,1,1e-05
120887,1,1e-05
33425,1,1e-05
229484,1,1e-05
100796,1,1e-05
426629,1,1e-05
291147,1,1e-05
307656,1,1e-05
871707,1,1e-05
180102,1,1e-05
210111,1,1e-05
891028,1,1e-05
803093,1,1e-05
967192,1,1e-05
990183,1,1e-05
251166,1,1e-05
379880,1,1e-05
160580,1,1e-05
143809,1,1e-05
71181,1,1e-05
522210,1,1e-05
886730,1,1e-05
160313,1,1e-05
685494,1,1e-05
72298,1,1e-05
100994,1,1e-05
650484,1,1e-05
905413,1,1e-05
170927,1,1e-05
635057,1,1e-05
484300,1,1e-05
939979,1,1e-05
616543,1,1e-05
651833,1,1e-05
72004,1,1e-05
687842,1,1e-05
201002,1,1e-05
449833,1,1e-05
938697,1,1e-05
43265,1,1e-05
270677,1,1e-05
260550,1,1e-05
10666,1,1e-05
160720,1,1e-05
500316,1,1e-05
76824,1,1e-05
909972,1,1e-05
821723,1,1e-05
533011,1,1e-05
639161,1,1e-05
240399,1,1e-05
412522,1,1e-05
125608,1,1e-05
873968,1,1e-05
296916,1,1e-05
176304,1,1e-05
742550,1,1e-05
511624,1,1e-05
74403,1,1e-05
50401,1,1e-05
215836,1,1e-05
151234,1,1e-05
292523,1,1e-05
425687,1,1e-05
37936,1,1e-05
163611,1,1e-05
41178,1,1e-05
156022,1,1e-05
285965,1,1e-05
954906,1,1e-05
80272,1,1e-05
212667,1,1e-05
458111,1,1e-05
181537,1,1e-05
310558,1,1e-05
639117,1,1e-05
977532,1,1e-05
120738,1,1e-05
62265,1,1e-05
891169,1,1e-05
60740,1,1e-05
286696,1,1e-05
391034,1,1e-05
421787,1,1e-05
899643,1,1e-05
989309,1,1e-05
240286,1,1e-05
817629,1,1e-05
270140,1,1e-05
826101,1,1e-05
20453,1,1e-05
185896,1,1e-05
496955,1,1e-05
211223,1,1e-05
10904,1,1e-05
820350,1,1e-05
326757,1,1e-05
20702,1,1e-05
691508,1,1e-05
25339,1,1e-05
110439,1,1e-05
8507,1,1e-05
240815,1,1e-05
42845,1,1e-05
150353,1,1e-05
116142,1,1e-05
208617,1,1e-05
200723,1,1e-05
20928,1,1e-05
466503,1,1e-05
160267,1,1e-05
518305,1,1e-05
410356,1,1e-05
113679,1,1e-05
207292,1,1e-05
512012,1,1e-05
235331,1,1e-05
985791,1,1e-05
928720,1,1e-05
56056,1,1e-05
753079,1,1e-05
42018,1,1e-05
214187,1,1e-05
270995,1,1e-05
592476,1,1e-05
190186,1,1e-05
972820,1,1e-05
635315,1,1e-05
210756,1,1e-05
311007,1,1e-05
990808,1,1e-05
821781,1,1e-05
150385,1,1e-05
428899,1,1e-05
640368,1,1e-05
364678,1,1e-05
693656,1,1e-05
197796,1,1e-05
695492,1,1e-05
431988,1,1e-05
910507,1,1e-05
230957,1,1e-05
10105,1,1e-05
601583,1,1e-05
472284,1,1e-05
873006,1,1e-05
281206,1,1e-05
300636,1,1e-05
86782,1,1e-05
636945,1,1e-05
334793,1,1e-05
70771,1,1e-05
26450,1,1e-05
80340,1,1e-05
209714,1,1e-05
276994,1,1e-05
357910,1,1e-05
641742,1,1e-05
852428,1,1e-05
201733,1,1e-05
211289,1,1e-05
60057,1,1e-05
290179,1,1e-05
60673,1,1e-05
250106,1,1e-05
398269,1,1e-05
280581,1,1e-05
357033,1,1e-05
270951,1,1e-05
210581,1,1e-05
577359,1,1e-05
21135,1,1e-05
889340,1,1e-05
611760,1,1e-05
820692,1,1e-05
425824,1,1e-05
10255,1,1e-05
220982,1,1e-05
483880,1,1e-05
620514,1,1e-05
261671,1,1e-05
155026,1,1e-05
507414,1,1e-05
751011,1,1e-05
240282,1,1e-05
442443,1,1e-05
200202,1,1e-05
170940,1,1e-05
10738,1,1e-05
886783,1,1e-05
757772,1,1e-05
900264,1,1e-05
188807,1,1e-05
216259,1,1e-05
221224,1,1e-05
380065,1,1e-05
300884,1,1e-05
962074,1,1e-05
30893,1,1e-05
51135,1,1e-05
687180,1,1e-05
149321,1,1e-05
150794,1,1e-05
253063,1,1e-05
270990,1,1e-05
535487,1,1e-05
653987,1,1e-05
120152,1,1e-05
900896,1,1e-05
194906,1,1e-05
180667,1,1e-05
628052,1,1e-05
60588,1,1e-05
474115,1,1e-05
390448,1,1e-05
230440,1,1e-05
445183,1,1e-05
848104,1,1e-05
160723,1,1e-05
822979,1,1e-05
769619,1,1e-05
388869,1,1e-05
21013,1,1e-05
996271,1,1e-05
300413,1,1e-05
81102,1,1e-05
50620,1,1e-05
481513,1,1e-05
566861,1,1e-05
760625,1,1e-05
151132,1,1e-05
707469,1,1e-05
446223,1,1e-05
861890,1,1e-05
250881,1,1e-05
508500,1,1e-05
291183,1,1e-05
250769,1,1e-05
251029,1,1e-05
371553,1,1e-05
433610,1,1e-05
637211,1,1e-05
51295,1,1e-05
100374,1,1e-05
106692,1,1e-05
835884,1,1e-05
125876,1,1e-05
400657,1,1e-05
851771,1,1e-05
200592,1,1e-05
368329,1,1e-05
686601,1,1e-05
409678,1,1e-05
254407,1,1e-05
150529,1,1e-05
531568,1,1e-05
122740,1,1e-05
751920,1,1e-05
328833,1,1e-05
600820,1,1e-05
690359,1,1e-05
180846,1,1e-05
330104,1,1e-05
762934,1,1e-05
180530,1,1e-05
980570,1,1e-05
170120,1,1e-05
986277,1,1e-05
954935,1,1e-05
110837,1,1e-05
454119,1,1e-05
377238,1,1e-05
510757,1,1e-05
130677,1,1e-05
339746,1,1e-05
90122,1,1e-05
369584,1,1e-05
250666,1,1e-05
857929,1,1e-05
188611,1,1e-05
901691,1,1e-05
867631,1,1e-05
290610,1,1e-05
709772,1,1e-05
527466,1,1e-05
345401,1,1e-05
290884,1,1e-05
90355,1,1e-05
321958,1,1e-05
934220,1,1e-05
196350,1,1e-05
300476,1,1e-05
386912,1,1e-05
302600,1,1e-05
937715,1,1e-05
300512,1,1e-05
817035,1,1e-05
76594,1,1e-05
545742,1,1e-05
752094,1,1e-05
11039,1,1e-05
30800,1,1e-05
160266,1,1e-05
525801,1,1e-05
894077,1,1e-05
512111,1,1e-05
330854,1,1e-05
22664,1,1e-05
824218,1,1e-05
596505,1,1e-05
870770,1,1e-05
596574,1,1e-05
130249,1,1e-05
228593,1,1e-05
90545,1,1e-05
110703,1,1e-05
626280,1,1e-05
110516,1,1e-05
804059,1,1e-05
375228,1,1e-05
180357,1,1e-05
94643,1,1e-05
20435,1,1e-05
719096,1,1e-05
157082,1,1e-05
310387,1,1e-05
130273,1,1e-05
660078,1,1e-05
494021,1,1e-05
657541,1,1e-05
161091,1,1e-05
70574,1,1e-05
201088,1,1e-05
232149,1,1e-05
916057,1,1e-05
60282,1,1e-05
120710,1,1e-05
512082,1,1e-05
855936,1,1e-05
60925,1,1e-05
333040,1,1e-05
463880,1,1e-05
524655,1,1e-05
34766,1,1e-05
81233,1,1e-05
240830,1,1e-05
568139,1,1e-05
170391,1,1e-05
51045,1,1e-05
48831,1,1e-05
509414,1,1e-05
176736,1,1e-05
47186,1,1e-05
722211,1,1e-05
144224,1,1e-05
871236,1,1e-05
76533,1,1e-05
953401,1,1e-05
11222,1,1e-05
160142,1,1e-05
240970,1,1e-05
101009,1,1e-05
261243,1,1e-05
679311,1,1e-05
223035,1,1e-05
121729,1,1e-05
318894,1,1e-05
872025,1,1e-05
240605,1,1e-05
163745,1,1e-05
871498,1,1e-05
375929,1,1e-05
291224,1,1e-05
459730,1,1e-05
874470,1,1e-05
300138,1,1e-05
998368,1,1e-05
617587,1,1e-05
927811,1,1e-05
785195,1,1e-05
931678,1,1e-05
282373,1,1e-05
685099,1,1e-05
825758,1,1e-05
846987,1,1e-05
569057,1,1e-05
40465,1,1e-05
648694,1,1e-05
120983,1,1e-05
97038,1,1e-05
381040,1,1e-05
140378,1,1e-05
252275,1,1e-05
330597,1,1e-05
24120,1,1e-05
243811,1,1e-05
891696,1,1e-05
230796,1,1e-05
524312,1,1e-05
50304,1,1e-05
61178,1,1e-05
339875,1,1e-05
776553,1,1e-05
595395,1,1e-05
369064,1,1e-05
210768,1,1e-05
786857,1,1e-05
136041,1,1e-05
294528,1,1e-05
311122,1,1e-05
564327,1,1e-05
230806,1,1e-05
358224,1,1e-05
554890,1,1e-05
31085,1,1e-05
505229,1,1e-05
90358,1,1e-05
978661,1,1e-05
899252,1,1e-05
51152,1,1e-05
40452,1,1e-05
245484,1,1e-05
645226,1,1e-05
453770,1,1e-05
402813,1,1e-05
776630,1,1e-05
190362,1,1e-05
81205,1,1e-05
200935,1,1e-05
593356,1,1e-05
90796,1,1e-05
625190,1,1e-05
662379,1,1e-05
236396,1,1e-05
983252,1,1e-05
40943,1,1e-05
743027,1,1e-05
932311,1,1e-05
945121,1,1e-05
233822,1,1e-05
974628,1,1e-05
270273,1,1e-05
128153,1,1e-05
989432,1,1e-05
141181,1,1e-05
397431,1,1e-05
220470,1,1e-05
534835,1,1e-05
7865,1,1e-05
18169,1,1e-05
27828,1,1e-05
211143,1,1e-05
280478,1,1e-05
647319,1,1e-05
270540,1,1e-05
70815,1,1e-05
1153,1,1e-05
922783,1,1e-05
293486,1,1e-05
785980,1,1e-05
559857,1,1e-05
855890,1,1e-05
795605,1,1e-05
112795,1,1e-05
280443,1,1e-05
820084,1,1e-05
555586,1,1e-05
222668,1,1e-05
226487,1,1e-05
833492,1,1e-05
190299,1,1e-05
608276,1,1e-05
200674,1,1e-05
440649,1,1e-05
60288,1,1e-05
909118,1,1e-05
918225,1,1e-05
660426,1,1e-05
281056,1,1e-05
537869,1,1e-05
949910,1,1e-05
235389,1,1e-05
112867,1,1e-05
889311,1,1e-05
326628,1,1e-05
906009,1,1e-05
857999,1,1e-05
775890,1,1e-05
181296,1,1e-05
160647,1,1e-05
740881,1,1e-05
40695,1,1e-05
973661,1,1e-05
140857,1,1e-05
870537,1,1e-05
464716,1,1e-05
210240,1,1e-05
512641,1,1e-05
465601,1,1e-05
150382,1,1e-05
94193,1,1e-05
20967,1,1e-05
151268,1,1e-05
311106,1,1e-05
92671,1,1e-05
432116,1,1e-05
712397,1,1e-05
974501,1,1e-05
604621,1,1e-05
920597,1,1e-05
358246,1,1e-05
449932,1,1e-05
70110,1,1e-05
658894,1,1e-05
227147,1,1e-05
288598,1,1e-05
716871,1,1e-05
121041,1,1e-05
339949,1,1e-05
60908,1,1e-05
967508,1,1e-05
110818,1,1e-05
503062,1,1e-05
333109,1,1e-05
587770,1,1e-05
287015,1,1e-05
884765,1,1e-05
333290,1,1e-05
71037,1,1e-05
38826,1,1e-05
426385,1,1e-05
141008,1,1e-05
300935,1,1e-05
180225,1,1e-05
970531,1,1e-05
140724,1,1e-05
739932,1,1e-05
90269,1,1e-05
170198,1,1e-05
190256,1,1e-05
40732,1,1e-05
4577,1,1e-05
609679,1,1e-05
80259,1,1e-05
582844,1,1e-05
673358,1,1e-05
361941,1,1e-05
250669,1,1e-05
158098,1,1e-05
30811,1,1e-05
281090,1,1e-05
964599,1,1e-05
767733,1,1e-05
110943,1,1e-05
455970,1,1e-05
441959,1,1e-05
875644,1,1e-05
80762,1,1e-05
965607,1,1e-05
60764,1,1e-05
996437,1,1e-05
90782,1,1e-05
282104,1,1e-05
348513,1,1e-05
356075,1,1e-05
21067,1,1e-05
662091,1,1e-05
439399,1,1e-05
51172,1,1e-05
446664,1,1e-05
171224,1,1e-05
60580,1,1e-05
180704,1,1e-05
72033,1,1e-05
258138,1,1e-05
594162,1,1e-05
865011,1,1e-05
626338,1,1e-05
160212,1,1e-05
270310,1,1e-05
487896,1,1e-05
693996,1,1e-05
246597,1,1e-05
180967,1,1e-05
20984,1,1e-05
176236,1,1e-05
60170,1,1e-05
531145,1,1e-05
767009,1,1e-05
200109,1,1e-05
270222,1,1e-05
748184,1,1e-05
210650,1,1e-05
150844,1,1e-05
110586,1,1e-05
674913,1,1e-05
93819,1,1e-05
953576,1,1e-05
806813,1,1e-05
261102,1,1e-05
81459,1,1e-05
853151,1,1e-05
454735,1,1e-05
396445,1,1e-05
30909,1,1e-05
656417,1,1e-05
503658,1,1e-05
930521,1,1e-05
740906,1,1e-05
654426,1,1e-05
282901,1,1e-05
240810,1,1e-05
301011,1,1e-05
10514,1,1e-05
338739,1,1e-05
126448,1,1e-05
358969,1,1e-05
362771,1,1e-05
532556,1,1e-05
120720,1,1e-05
816351,1,1e-05
160374,1,1e-05
282423,1,1e-05
673593,1,1e-05
191236,1,1e-05
20192,1,1e-05
3952,1,1e-05
982909,1,1e-05
220537,1,1e-05
678008,1,1e-05
187363,1,1e-05
110381,1,1e-05
710354,1,1e-05
811296,1,1e-05
260552,1,1e-05
593397,1,1e-05
207404,1,1e-05
328123,1,1e-05
230667,1,1e-05
210621,1,1e-05
241199,1,1e-05
40843,1,1e-05
524345,1,1e-05
170895,1,1e-05
260237,1,1e-05
279885,1,1e-05
267456,1,1e-05
242601,1,1e-05
215918,1,1e-05
419417,1,1e-05
371111,1,1e-05
58688,1,1e-05
310807,1,1e-05
140705,1,1e-05
837611,1,1e-05
100721,1,1e-05
326664,1,1e-05
252414,1,1e-05
200535,1,1e-05
131155,1,1e-05
468380,1,1e-05
294195,1,1e-05
230614,1,1e-05
705569,1,1e-05
70567,1,1e-05
35860,1,1e-05
988374,1,1e-05
485209,1,1e-05
270249,1,1e-05
301276,1,1e-05
360184,1,1e-05
329672,1,1e-05
937630,1,1e-05
181211,1,1e-05
776242,1,1e-05
242526,1,1e-05
230533,1,1e-05
32134,1,1e-05
60770,1,1e-05
804215,1,1e-05
151053,1,1e-05
130267,1,1e-05
298236,1,1e-05
81174,1,1e-05
86359,1,1e-05
151030,1,1e-05
546614,1,1e-05
537332,1,1e-05
736493,1,1e-05
789112,1,1e-05
747884,1,1e-05
432101,1,1e-05
457480,1,1e-05
151119,1,1e-05
110398,1,1e-05
265903,1,1e-05
280202,1,1e-05
169788,1,1e-05
21201,1,1e-05
180581,1,1e-05
879144,1,1e-05
120814,1,1e-05
803234,1,1e-05
755203,1,1e-05
105322,1,1e-05
91032,1,1e-05
210455,1,1e-05
170170,1,1e-05
210983,1,1e-05
21272,1,1e-05
40627,1,1e-05
310936,1,1e-05
131195,1,1e-05
40779,1,1e-05
608101,1,1e-05
826693,1,1e-05
233974,1,1e-05
578153,1,1e-05
37956,1,1e-05
830624,1,1e-05
469112,1,1e-05
119157,1,1e-05
80206,1,1e-05
705776,1,1e-05
832728,1,1e-05
558604,1,1e-05
270516,1,1e-05
350316,1,1e-05
933032,1,1e-05
194866,1,1e-05
140234,1,1e-05
463483,1,1e-05
61234,1,1e-05
350244,1,1e-05
562254,1,1e-05
290224,1,1e-05
140271,1,1e-05
526039,1,1e-05
160276,1,1e-05
120836,1,1e-05
300709,1,1e-05
214985,1,1e-05
261203,1,1e-05
858595,1,1e-05
519444,1,1e-05
50121,1,1e-05
211129,1,1e-05
231570,1,1e-05
46624,1,1e-05
232367,1,1e-05
639673,1,1e-05
602104,1,1e-05
504879,1,1e-05
93395,1,1e-05
161149,1,1e-05
151338,1,1e-05
280739,1,1e-05
985561,1,1e-05
921435,1,1e-05
291078,1,1e-05
40143,1,1e-05
920601,1,1e-05
270777,1,1e-05
789688,1,1e-05
878909,1,1e-05
231044,1,1e-05
14878,1,1e-05
189355,1,1e-05
746616,1,1e-05
90934,1,1e-05
180777,1,1e-05
622551,1,1e-05
67701,1,1e-05
221734,1,1e-05
396802,1,1e-05
158569,1,1e-05
71261,1,1e-05
250542,1,1e-05
823076,1,1e-05
857979,1,1e-05
176265,1,1e-05
160989,1,1e-05
939124,1,1e-05
62420,1,1e-05
169800,1,1e-05
346440,1,1e-05
168661,1,1e-05
150514,1,1e-05
170271,1,1e-05
779612,1,1e-05
37802,1,1e-05
81049,1,1e-05
222860,1,1e-05
20430,1,1e-05
131527,1,1e-05
240221,1,1e-05
934712,1,1e-05
508091,1,1e-05
753546,1,1e-05
822263,1,1e-05
577068,1,1e-05
617143,1,1e-05
271059,1,1e-05
170377,1,1e-05
759402,1,1e-05
200843,1,1e-05
160955,1,1e-05
78508,1,1e-05
315184,1,1e-05
60197,1,1e-05
128632,1,1e-05
23635,1,1e-05
211096,1,1e-05
630183,1,1e-05
784531,1,1e-05
296134,1,1e-05
285090,1,1e-05
300544,1,1e-05
780657,1,1e-05
659422,1,1e-05
925041,1,1e-05
26855,1,1e-05
901755,1,1e-05
39785,1,1e-05
200983,1,1e-05
570411,1,1e-05
221725,1,1e-05
908967,1,1e-05
793939,1,1e-05
714651,1,1e-05
120695,1,1e-05
549135,1,1e-05
740989,1,1e-05
285686,1,1e-05
997487,1,1e-05
883615,1,1e-05
586671,1,1e-05
319817,1,1e-05
351,1,1e-05
160669,1,1e-05
744970,1,1e-05
190386,1,1e-05
983141,1,1e-05
775690,1,1e-05
510922,1,1e-05
300724,1,1e-05
100839,1,1e-05
44125,1,1e-05
822087,1,1e-05
141176,1,1e-05
922217,1,1e-05
30668,1,1e-05
90986,1,1e-05
503489,1,1e-05
90142,1,1e-05
879463,1,1e-05
875357,1,1e-05
320521,1,1e-05
747340,1,1e-05
595740,1,1e-05
960168,1,1e-05
311068,1,1e-05
200838,1,1e-05
179610,1,1e-05
31009,1,1e-05
90448,1,1e-05
190381,1,1e-05
872813,1,1e-05
918409,1,1e-05
849544,1,1e-05
71752,1,1e-05
100424,1,1e-05
790109,1,1e-05
808252,1,1e-05
224332,1,1e-05
171030,1,1e-05
156813,1,1e-05
31282,1,1e-05
40324,1,1e-05
310694,1,1e-05
261026,1,1e-05
90261,1,1e-05
89856,1,1e-05
280815,1,1e-05
107358,1,1e-05
30156,1,1e-05
221038,1,1e-05
807120,1,1e-05
160827,1,1e-05
511837,1,1e-05
932842,1,1e-05
47053,1,1e-05
722142,1,1e-05
855458,1,1e-05
824309,1,1e-05
91098,1,1e-05
316644,1,1e-05
246278,1,1e-05
878428,1,1e-05
15405,1,1e-05
261295,1,1e-05
545293,1,1e-05
101191,1,1e-05
257172,1,1e-05
150488,1,1e-05
220179,1,1e-05
90515,1,1e-05
291142,1,1e-05
88948,1,1e-05
722270,1,1e-05
503176,1,1e-05
114556,1,1e-05
133723,1,1e-05
602573,1,1e-05
270984,1,1e-05
439034,1,1e-05
621260,1,1e-05
737310,1,1e-05
52195,1,1e-05
874359,1,1e-05
593755,1,1e-05
401689,1,1e-05
299835,1,1e-05
715894,1,1e-05
367851,1,1e-05
565146,1,1e-05
273370,1,1e-05
160689,1,1e-05
315762,1,1e-05
614359,1,1e-05
270494,1,1e-05
364467,1,1e-05
757749,1,1e-05
200704,1,1e-05
240177,1,1e-05
300286,1,1e-05
230114,1,1e-05
310185,1,1e-05
230518,1,1e-05
272404,1,1e-05
658638,1,1e-05
180252,1,1e-05
210289,1,1e-05
712343,1,1e-05
31095,1,1e-05
339693,1,1e-05
140642,1,1e-05
924683,1,1e-05
70365,1,1e-05
506810,1,1e-05
30490,1,1e-05
728763,1,1e-05
234581,1,1e-05
809088,1,1e-05
612359,1,1e-05
957242,1,1e-05
615664,1,1e-05
181176,1,1e-05
973391,1,1e-05
235599,1,1e-05
934962,1,1e-05
80318,1,1e-05
260442,1,1e-05
26694,1,1e-05
181067,1,1e-05
150461,1,1e-05
337197,1,1e-05
67340,1,1e-05
894364,1,1e-05
847745,1,1e-05
985758,1,1e-05
847541,1,1e-05
110939,1,1e-05
461493,1,1e-05
230409,1,1e-05
281242,1,1e-05
61282,1,1e-05
245947,1,1e-05
90905,1,1e-05
72649,1,1e-05
643129,1,1e-05
78333,1,1e-05
171297,1,1e-05
223516,1,1e-05
240597,1,1e-05
304830,1,1e-05
205518,1,1e-05
10733,1,1e-05
906485,1,1e-05
148852,1,1e-05
71070,1,1e-05
90571,1,1e-05
815852,1,1e-05
996534,1,1e-05
280760,1,1e-05
120604,1,1e-05
271052,1,1e-05
260996,1,1e-05
521554,1,1e-05
376873,1,1e-05
170767,1,1e-05
100351,1,1e-05
339369,1,1e-05
250847,1,1e-05
417657,1,1e-05
559432,1,1e-05
464096,1,1e-05
20749,1,1e-05
640,1,1e-05
21280,1,1e-05
4601,1,1e-05
418910,1,1e-05
595873,1,1e-05
261238,1,1e-05
40375,1,1e-05
698466,1,1e-05
364373,1,1e-05
633675,1,1e-05
671179,1,1e-05
994682,1,1e-05
19357,1,1e-05
46112,1,1e-05
200611,1,1e-05
960470,1,1e-05
25471,1,1e-05
621772,1,1e-05
210204,1,1e-05
300558,1,1e-05
904869,1,1e-05
101042,1,1e-05
20619,1,1e-05
200137,1,1e-05
63417,1,1e-05
301076,1,1e-05
270511,1,1e-05
60784,1,1e-05
409392,1,1e-05
920935,1,1e-05
181853,1,1e-05
71204,1,1e-05
351022,1,1e-05
456929,1,1e-05
200128,1,1e-05
77754,1,1e-05
150360,1,1e-05
10906,1,1e-05
240299,1,1e-05
881276,1,1e-05
21003,1,1e-05
288233,1,1e-05
21374,1,1e-05
106798,1,1e-05
190655,1,1e-05
101553,1,1e-05
51210,1,1e-05
261818,1,1e-05
352416,1,1e-05
30553,1,1e-05
894331,1,1e-05
39295,1,1e-05
300112,1,1e-05
910104,1,1e-05
90809,1,1e-05
594279,1,1e-05
30315,1,1e-05
529658,1,1e-05
90173,1,1e-05
130463,1,1e-05
949932,1,1e-05
721164,1,1e-05
150881,1,1e-05
91050,1,1e-05
151198,1,1e-05
180636,1,1e-05
465904,1,1e-05
200964,1,1e-05
618315,1,1e-05
291274,1,1e-05
553344,1,1e-05
738744,1,1e-05
720814,1,1e-05
372938,1,1e-05
60155,1,1e-05
966423,1,1e-05
70934,1,1e-05
556813,1,1e-05
791037,1,1e-05
273176,1,1e-05
981621,1,1e-05
41768,1,1e-05
159222,1,1e-05
14458,1,1e-05
200575,1,1e-05
40928,1,1e-05
784852,1,1e-05
130611,1,1e-05
937922,1,1e-05
824867,1,1e-05
326647,1,1e-05
671669,1,1e-05
551753,1,1e-05
976,1,1e-05
146937,1,1e-05
736269,1,1e-05
436136,1,1e-05
310612,1,1e-05
216992,1,1e-05
280214,1,1e-05
223835,1,1e-05
924895,1,1e-05
156604,1,1e-05
441427,1,1e-05
682631,1,1e-05
238668,1,1e-05
70325,1,1e-05
50832,1,1e-05
30459,1,1e-05
310148,1,1e-05
230737,1,1e-05
784076,1,1e-05
340453,1,1e-05
631993,1,1e-05
990750,1,1e-05
251847,1,1e-05
883569,1,1e-05
864843,1,1e-05
533013,1,1e-05
732400,1,1e-05
702512,1,1e-05
24323,1,1e-05
32740,1,1e-05
363724,1,1e-05
746972,1,1e-05
251131,1,1e-05
855378,1,1e-05
160701,1,1e-05
294130,1,1e-05
30392,1,1e-05
845239,1,1e-05
418407,1,1e-05
100375,1,1e-05
195303,1,1e-05
240358,1,1e-05
969179,1,1e-05
887681,1,1e-05
291195,1,1e-05
51216,1,1e-05
270960,1,1e-05
713328,1,1e-05
120547,1,1e-05
1525,1,1e-05
465311,1,1e-05
220181,1,1e-05
130932,1,1e-05
290459,1,1e-05
840754,1,1e-05
261117,1,1e-05
453462,1,1e-05
687971,1,1e-05
281207,1,1e-05
270247,1,1e-05
316051,1,1e-05
974400,1,1e-05
780269,1,1e-05
70251,1,1e-05
227613,1,1e-05
240346,1,1e-05
386331,1,1e-05
336892,1,1e-05
200694,1,1e-05
234900,1,1e-05
50744,1,1e-05
260773,1,1e-05
20713,1,1e-05
239227,1,1e-05
245332,1,1e-05
20932,1,1e-05
519289,1,1e-05
417500,1,1e-05
152366,1,1e-05
445333,1,1e-05
837600,1,1e-05
277847,1,1e-05
200291,1,1e-05
33773,1,1e-05
568099,1,1e-05
507048,1,1e-05
103694,1,1e-05
161185,1,1e-05
562379,1,1e-05
845570,1,1e-05
963419,1,1e-05
917779,1,1e-05
65354,1,1e-05
446603,1,1e-05
366285,1,1e-05
594819,1,1e-05
978892,1,1e-05
393654,1,1e-05
916794,1,1e-05
280980,1,1e-05
251047,1,1e-05
700632,1,1e-05
422702,1,1e-05
20469,1,1e-05
210278,1,1e-05
74464,1,1e-05
200297,1,1e-05
44241,1,1e-05
51146,1,1e-05
978361,1,1e-05
130277,1,1e-05
910684,1,1e-05
20653,1,1e-05
221228,1,1e-05
210664,1,1e-05
821450,1,1e-05
140956,1,1e-05
156487,1,1e-05
81012,1,1e-05
30665,1,1e-05
668723,1,1e-05
151018,1,1e-05
32309,1,1e-05
180806,1,1e-05
32774,1,1e-05
20775,1,1e-05
11670,1,1e-05
311274,1,1e-05
879197,1,1e-05
21054,1,1e-05
150873,1,1e-05
206163,1,1e-05
199105,1,1e-05
625489,1,1e-05
435828,1,1e-05
19432,1,1e-05
120782,1,1e-05
564487,1,1e-05
50876,1,1e-05
764860,1,1e-05
948432,1,1e-05
488342,1,1e-05
120793,1,1e-05
211016,1,1e-05
131189,1,1e-05
690197,1,1e-05
978871,1,1e-05
356476,1,1e-05
310981,1,1e-05
280657,1,1e-05
347535,1,1e-05
209556,1,1e-05
784010,1,1e-05
261013,1,1e-05
771965,1,1e-05
866424,1,1e-05
261155,1,1e-05
270219,1,1e-05
476413,1,1e-05
795673,1,1e-05
56896,1,1e-05
210356,1,1e-05
140324,1,1e-05
714827,1,1e-05
180331,1,1e-05
250414,1,1e-05
103321,1,1e-05
343682,1,1e-05
316320,1,1e-05
936294,1,1e-05
654468,1,1e-05
604696,1,1e-05
336639,1,1e-05
251053,1,1e-05
931533,1,1e-05
270656,1,1e-05
466814,1,1e-05
329203,1,1e-05
132771,1,1e-05
386798,1,1e-05
378871,1,1e-05
904220,1,1e-05
229011,1,1e-05
196716,1,1e-05
567977,1,1e-05
856604,1,1e-05
694871,1,1e-05
982056,1,1e-05
200654,1,1e-05
144413,1,1e-05
579956,1,1e-05
140499,1,1e-05
101265,1,1e-05
265869,1,1e-05
605009,1,1e-05
31924,1,1e-05
29792,1,1e-05
10697,1,1e-05
347843,1,1e-05
403029,1,1e-05
300635,1,1e-05
240673,1,1e-05
310969,1,1e-05
782887,1,1e-05
972795,1,1e-05
90834,1,1e-05
60866,1,1e-05
120379,1,1e-05
130684,1,1e-05
110536,1,1e-05
131101,1,1e-05
969812,1,1e-05
77753,1,1e-05
368662,1,1e-05
240668,1,1e-05
696449,1,1e-05
409733,1,1e-05
387432,1,1e-05
310335,1,1e-05
806462,1,1e-05
181269,1,1e-05
625157,1,1e-05
567929,1,1e-05
619881,1,1e-05
202585,1,1e-05
399741,1,1e-05
290623,1,1e-05
273550,1,1e-05
390811,1,1e-05
403175,1,1e-05
15945,1,1e-05
170970,1,1e-05
40226,1,1e-05
230136,1,1e-05
657059,1,1e-05
190214,1,1e-05
691388,1,1e-05
180696,1,1e-05
313852,1,1e-05
28807,1,1e-05
210320,1,1e-05
716527,1,1e-05
669108,1,1e-05
571427,1,1e-05
50472,1,1e-05
863774,1,1e-05
258221,1,1e-05
100401,1,1e-05
303869,1,1e-05
920905,1,1e-05
866040,1,1e-05
170723,1,1e-05
512128,1,1e-05
310951,1,1e-05
176917,1,1e-05
443070,1,1e-05
878219,1,1e-05
230722,1,1e-05
221092,1,1e-05
103481,1,1e-05
475522,1,1e-05
170138,1,1e-05
726400,1,1e-05
20548,1,1e-05
280361,1,1e-05
110523,1,1e-05
908286,1,1e-05
190422,1,1e-05
20943,1,1e-05
270961,1,1e-05
879421,1,1e-05
245937,1,1e-05
16652,1,1e-05
235243,1,1e-05
971392,1,1e-05
843477,1,1e-05
180461,1,1e-05
311237,1,1e-05
642055,1,1e-05
70335,1,1e-05
966069,1,1e-05
210603,1,1e-05
155141,1,1e-05
14294,1,1e-05
320341,1,1e-05
458172,1,1e-05
127548,1,1e-05
254476,1,1e-05
809032,1,1e-05
76404,1,1e-05
659662,1,1e-05
120783,1,1e-05
419027,1,1e-05
833284,1,1e-05
501751,1,1e-05
946791,1,1e-05
230353,1,1e-05
922726,1,1e-05
227885,1,1e-05
655276,1,1e-05
300794,1,1e-05
781559,1,1e-05
170380,1,1e-05
280483,1,1e-05
291030,1,1e-05
228342,1,1e-05
170581,1,1e-05
734784,1,1e-05
300928,1,1e-05
911319,1,1e-05
212573,1,1e-05
91906,1,1e-05
755425,1,1e-05
80138,1,1e-05
955923,1,1e-05
210231,1,1e-05
845969,1,1e-05
629255,1,1e-05
346052,1,1e-05
956007,1,1e-05
141031,1,1e-05
80595,1,1e-05
209150,1,1e-05
365500,1,1e-05
151293,1,1e-05
951523,1,1e-05
836721,1,1e-05
194594,1,1e-05
81094,1,1e-05
735589,1,1e-05
613614,1,1e-05
766491,1,1e-05
150181,1,1e-05
549142,1,1e-05
280596,1,1e-05
80525,1,1e-05
894748,1,1e-05
10585,1,1e-05
808503,1,1e-05
707654,1,1e-05
290204,1,1e-05
412188,1,1e-05
50653,1,1e-05
598706,1,1e-05
987413,1,1e-05
774097,1,1e-05
210877,1,1e-05
533556,1,1e-05
861982,1,1e-05
270394,1,1e-05
398684,1,1e-05
310434,1,1e-05
650307,1,1e-05
261038,1,1e-05
457131,1,1e-05
571861,1,1e-05
220589,1,1e-05
280870,1,1e-05
90497,1,1e-05
348297,1,1e-05
739462,1,1e-05
427026,1,1e-05
202096,1,1e-05
728598,1,1e-05
166666,1,1e-05
655269,1,1e-05
264930,1,1e-05
20771,1,1e-05
45797,1,1e-05
694388,1,1e-05
247450,1,1e-05
411207,1,1e-05
160725,1,1e-05
164251,1,1e-05
667180,1,1e-05
428839,1,1e-05
170510,1,1e-05
134194,1,1e-05
520275,1,1e-05
301299,1,1e-05
384993,1,1e-05
683837,1,1e-05
213953,1,1e-05
624904,1,1e-05
758873,1,1e-05
740862,1,1e-05
70752,1,1e-05
259661,1,1e-05
812385,1,1e-05
221922,1,1e-05
210775,1,1e-05
532803,1,1e-05
100769,1,1e-05
85650,1,1e-05
122004,1,1e-05
60808,1,1e-05
281210,1,1e-05
187210,1,1e-05
200957,1,1e-05
898209,1,1e-05
100860,1,1e-05
251039,1,1e-05
110290,1,1e-05
243020,1,1e-05
920153,1,1e-05
842299,1,1e-05
240993,1,1e-05
95957,1,1e-05
378078,1,1e-05
617614,1,1e-05
119213,1,1e-05
387998,1,1e-05
162895,1,1e-05
130325,1,1e-05
212373,1,1e-05
473874,1,1e-05
373348,1,1e-05
538491,1,1e-05
110811,1,1e-05
90363,1,1e-05
230718,1,1e-05
450098,1,1e-05
71023,1,1e-05
162411,1,1e-05
290861,1,1e-05
310407,1,1e-05
10973,1,1e-05
506071,1,1e-05
300529,1,1e-05
131541,1,1e-05
160792,1,1e-05
23520,1,1e-05
90540,1,1e-05
230872,1,1e-05
190586,1,1e-05
521318,1,1e-05
300198,1,1e-05
63005,1,1e-05
171119,1,1e-05
542733,1,1e-05
607623,1,1e-05
870353,1,1e-05
220338,1,1e-05
852735,1,1e-05
70887,1,1e-05
110988,1,1e-05
965904,1,1e-05
171199,1,1e-05
243284,1,1e-05
338414,1,1e-05
201124,1,1e-05
730941,1,1e-05
613573,1,1e-05
220557,1,1e-05
723762,1,1e-05
288004,1,1e-05
598694,1,1e-05
528514,1,1e-05
215835,1,1e-05
120197,1,1e-05
170979,1,1e-05
211050,1,1e-05
200104,1,1e-05
420872,1,1e-05
49833,1,1e-05
230904,1,1e-05
120409,1,1e-05
598770,1,1e-05
229274,1,1e-05
920906,1,1e-05
160222,1,1e-05
130243,1,1e-05
11116,1,1e-05
732625,1,1e-05
240280,1,1e-05
921715,1,1e-05
290279,1,1e-05
317686,1,1e-05
329231,1,1e-05
170325,1,1e-05
310990,1,1e-05
693817,1,1e-05
311212,1,1e-05
89147,1,1e-05
90415,1,1e-05
180756,1,1e-05
20864,1,1e-05
270169,1,1e-05
563297,1,1e-05
667374,1,1e-05
111162,1,1e-05
820938,1,1e-05
192649,1,1e-05
811193,1,1e-05
964455,1,1e-05
310135,1,1e-05
907538,1,1e-05
228188,1,1e-05
577477,1,1e-05
628217,1,1e-05
656140,1,1e-05
200125,1,1e-05
542283,1,1e-05
942305,1,1e-05
811885,1,1e-05
279931,1,1e-05
744850,1,1e-05
50450,1,1e-05
100661,1,1e-05
794839,1,1e-05
260195,1,1e-05
306820,1,1e-05
827503,1,1e-05
55394,1,1e-05
251054,1,1e-05
258418,1,1e-05
434034,1,1e-05
834947,1,1e-05
486339,1,1e-05
81544,1,1e-05
270652,1,1e-05
652874,1,1e-05
246672,1,1e-05
97524,1,1e-05
775240,1,1e-05
308960,1,1e-05
130622,1,1e-05
758831,1,1e-05
680268,1,1e-05
825913,1,1e-05
813797,1,1e-05
280712,1,1e-05
50678,1,1e-05
889146,1,1e-05
194419,1,1e-05
315072,1,1e-05
707746,1,1e-05
77374,1,1e-05
830069,1,1e-05
128463,1,1e-05
687240,1,1e-05
791793,1,1e-05
974291,1,1e-05
736955,1,1e-05
985745,1,1e-05
150351,1,1e-05
304396,1,1e-05
167620,1,1e-05
220346,1,1e-05
349575,1,1e-05
553594,1,1e-05
138209,1,1e-05
388045,1,1e-05
151899,1,1e-05
110607,1,1e-05
71010,1,1e-05
889561,1,1e-05
87055,1,1e-05
660134,1,1e-05
155452,1,1e-05
822312,1,1e-05
250366,1,1e-05
21407,1,1e-05
364252,1,1e-05
651306,1,1e-05
130420,1,1e-05
270363,1,1e-05
100175,1,1e-05
698904,1,1e-05
144463,1,1e-05
480029,1,1e-05
375009,1,1e-05
997405,1,1e-05
210771,1,1e-05
624955,1,1e-05
769238,1,1e-05
140967,1,1e-05
963857,1,1e-05
271098,1,1e-05
192328,1,1e-05
190318,1,1e-05
303119,1,1e-05
356972,1,1e-05
411320,1,1e-05
31226,1,1e-05
431818,1,1e-05
260429,1,1e-05
135925,1,1e-05
201243,1,1e-05
161271,1,1e-05
553738,1,1e-05
310634,1,1e-05
140858,1,1e-05
837035,1,1e-05
220103,1,1e-05
290627,1,1e-05
301124,1,1e-05
160451,1,1e-05
695213,1,1e-05
131076,1,1e-05
361548,1,1e-05
50956,1,1e-05
300707,1,1e-05
207597,1,1e-05
120642,1,1e-05
350719,1,1e-05
960563,1,1e-05
609143,1,1e-05
65448,1,1e-05
919653,1,1e-05
368363,1,1e-05
43768,1,1e-05
150961,1,1e-05
678122,1,1e-05
310901,1,1e-05
137014,1,1e-05
695481,1,1e-05
869874,1,1e-05
160797,1,1e-05
670893,1,1e-05
310970,1,1e-05
866247,1,1e-05
281153,1,1e-05
110406,1,1e-05
90711,1,1e-05
852018,1,1e-05
952608,1,1e-05
251030,1,1e-05
241247,1,1e-05
644256,1,1e-05
958927,1,1e-05
120587,1,1e-05
152060,1,1e-05
218779,1,1e-05
650910,1,1e-05
175599,1,1e-05
240434,1,1e-05
950710,1,1e-05
5729,1,1e-05
687731,1,1e-05
200608,1,1e-05
854426,1,1e-05
603112,1,1e-05
220331,1,1e-05
493918,1,1e-05
551604,1,1e-05
600764,1,1e-05
33709,1,1e-05
346730,1,1e-05
795646,1,1e-05
90754,1,1e-05
50260,1,1e-05
503504,1,1e-05
310359,1,1e-05
496493,1,1e-05
988082,1,1e-05
237774,1,1e-05
679587,1,1e-05
170918,1,1e-05
525786,1,1e-05
274324,1,1e-05
512859,1,1e-05
174549,1,1e-05
724949,1,1e-05
314772,1,1e-05
191224,1,1e-05
607160,1,1e-05
206835,1,1e-05
607359,1,1e-05
40599,1,1e-05
73881,1,1e-05
228063,1,1e-05
357947,1,1e-05
587143,1,1e-05
432959,1,1e-05
519309,1,1e-05
963842,1,1e-05
239057,1,1e-05
462578,1,1e-05
891428,1,1e-05
448264,1,1e-05
101087,1,1e-05
682366,1,1e-05
77693,1,1e-05
136935,1,1e-05
569986,1,1e-05
200988,1,1e-05
10905,1,1e-05
30783,1,1e-05
140294,1,1e-05
21181,1,1e-05
837331,1,1e-05
749760,1,1e-05
818762,1,1e-05
170955,1,1e-05
711407,1,1e-05
846324,1,1e-05
100284,1,1e-05
686182,1,1e-05
301072,1,1e-05
782760,1,1e-05
939913,1,1e-05
895277,1,1e-05
794147,1,1e-05
100492,1,1e-05
8421,1,1e-05
252676,1,1e-05
815571,1,1e-05
160695,1,1e-05
19156,1,1e-05
260257,1,1e-05
281161,1,1e-05
91087,1,1e-05
70359,1,1e-05
497263,1,1e-05
175512,1,1e-05
576175,1,1e-05
622843,1,1e-05
150536,1,1e-05
615464,1,1e-05
270209,1,1e-05
993018,1,1e-05
230929,1,1e-05
607757,1,1e-05
572468,1,1e-05
310686,1,1e-05
120623,1,1e-05
51144,1,1e-05
95476,1,1e-05
850746,1,1e-05
716625,1,1e-05
625523,1,1e-05
155990,1,1e-05
91079,1,1e-05
951657,1,1e-05
817898,1,1e-05
45558,1,1e-05
715226,1,1e-05
447195,1,1e-05
139101,1,1e-05
126673,1,1e-05
80325,1,1e-05
70443,1,1e-05
315582,1,1e-05
186715,1,1e-05
280845,1,1e-05
244808,1,1e-05
116721,1,1e-05
539575,1,1e-05
280854,1,1e-05
476438,1,1e-05
40487,1,1e-05
677616,1,1e-05
150891,1,1e-05
100998,1,1e-05
963046,1,1e-05
832584,1,1e-05
674544,1,1e-05
947657,1,1e-05
69538,1,1e-05
946248,1,1e-05
309903,1,1e-05
800630,1,1e-05
300951,1,1e-05
895629,1,1e-05
200597,1,1e-05
761840,1,1e-05
70358,1,1e-05
819226,1,1e-05
58713,1,1e-05
376905,1,1e-05
556215,1,1e-05
241100,1,1e-05
250476,1,1e-05
348573,1,1e-05
747301,1,1e-05
554211,1,1e-05
492892,1,1e-05
327366,1,1e-05
230450,1,1e-05
5172,1,1e-05
393700,1,1e-05
270172,1,1e-05
653437,1,1e-05
527239,1,1e-05
48083,1,1e-05
361373,1,1e-05
833820,1,1e-05
232430,1,1e-05
887151,1,1e-05
477488,1,1e-05
121205,1,1e-05
413534,1,1e-05
743622,1,1e-05
250327,1,1e-05
758702,1,1e-05
966063,1,1e-05
88628,1,1e-05
524344,1,1e-05
233701,1,1e-05
594215,1,1e-05
240538,1,1e-05
220981,1,1e-05
847308,1,1e-05
521305,1,1e-05
307384,1,1e-05
231740,1,1e-05
967981,1,1e-05
335446,1,1e-05
201074,1,1e-05
241258,1,1e-05
120425,1,1e-05
120891,1,1e-05
596339,1,1e-05
51096,1,1e-05
240611,1,1e-05
30188,1,1e-05
30356,1,1e-05
147077,1,1e-05
180729,1,1e-05
741638,1,1e-05
113319,1,1e-05
90647,1,1e-05
103604,1,1e-05
490954,1,1e-05
261267,1,1e-05
791032,1,1e-05
110869,1,1e-05
425738,1,1e-05
227423,1,1e-05
330101,1,1e-05
239152,1,1e-05
200426,1,1e-05
522301,1,1e-05
98639,1,1e-05
281169,1,1e-05
74708,1,1e-05
848225,1,1e-05
241001,1,1e-05
10776,1,1e-05
733641,1,1e-05
246879,1,1e-05
151023,1,1e-05
147365,1,1e-05
995931,1,1e-05
792523,1,1e-05
523139,1,1e-05
221681,1,1e-05
190490,1,1e-05
30441,1,1e-05
28723,1,1e-05
160179,1,1e-05
541787,1,1e-05
338624,1,1e-05
110630,1,1e-05
479656,1,1e-05
821462,1,1e-05
28146,1,1e-05
621019,1,1e-05
261125,1,1e-05
161017,1,1e-05
220412,1,1e-05
260912,1,1e-05
40287,1,1e-05
171283,1,1e-05
20399,1,1e-05
475882,1,1e-05
345292,1,1e-05
180421,1,1e-05
190258,1,1e-05
66708,1,1e-05
180791,1,1e-05
260933,1,1e-05
123234,1,1e-05
13437,1,1e-05
151117,1,1e-05
580158,1,1e-05
412116,1,1e-05
393966,1,1e-05
437574,1,1e-05
705943,1,1e-05
34117,1,1e-05
484946,1,1e-05
170826,1,1e-05
170720,1,1e-05
100531,1,1e-05
14676,1,1e-05
230181,1,1e-05
234929,1,1e-05
19399,1,1e-05
692048,1,1e-05
828747,1,1e-05
548849,1,1e-05
486936,1,1e-05
880324,1,1e-05
841676,1,1e-05
363136,1,1e-05
474567,1,1e-05
150551,1,1e-05
21089,1,1e-05
237133,1,1e-05
271160,1,1e-05
627725,1,1e-05
354178,1,1e-05
51954,1,1e-05
270176,1,1e-05
30214,1,1e-05
128156,1,1e-05
234661,1,1e-05
798349,1,1e-05
564057,1,1e-05
40970,1,1e-05
904090,1,1e-05
220752,1,1e-05
11293,1,1e-05
358037,1,1e-05
120640,1,1e-05
20763,1,1e-05
10803,1,1e-05
30455,1,1e-05
560419,1,1e-05
924258,1,1e-05
300696,1,1e-05
641846,1,1e-05
290896,1,1e-05
43938,1,1e-05
690845,1,1e-05
69488,1,1e-05
357433,1,1e-05
150247,1,1e-05
235993,1,1e-05
418521,1,1e-05
251167,1,1e-05
885984,1,1e-05
713095,1,1e-05
786639,1,1e-05
28791,1,1e-05
337398,1,1e-05
104913,1,1e-05
772643,1,1e-05
567365,1,1e-05
310637,1,1e-05
90656,1,1e-05
90569,1,1e-05
850547,1,1e-05
452676,1,1e-05
636912,1,1e-05
32437,1,1e-05
56993,1,1e-05
130712,1,1e-05
641956,1,1e-05
161231,1,1e-05
401264,1,1e-05
250226,1,1e-05
224543,1,1e-05
50809,1,1e-05
199199,1,1e-05
593255,1,1e-05
31212,1,1e-05
161734,1,1e-05
281198,1,1e-05
190134,1,1e-05
240480,1,1e-05
100273,1,1e-05
641481,1,1e-05
662876,1,1e-05
150661,1,1e-05
957350,1,1e-05
269751,1,1e-05
271172,1,1e-05
160954,1,1e-05
347723,1,1e-05
615501,1,1e-05
479375,1,1e-05
870412,1,1e-05
403738,1,1e-05
139879,1,1e-05
318339,1,1e-05
893170,1,1e-05
11247,1,1e-05
140363,1,1e-05
729879,1,1e-05
326943,1,1e-05
131081,1,1e-05
575048,1,1e-05
61156,1,1e-05
315966,1,1e-05
80790,1,1e-05
361343,1,1e-05
41152,1,1e-05
121267,1,1e-05
80423,1,1e-05
341860,1,1e-05
485597,1,1e-05
991165,1,1e-05
100807,1,1e-05
86434,1,1e-05
11254,1,1e-05
300924,1,1e-05
196827,1,1e-05
150758,1,1e-05
895046,1,1e-05
14658,1,1e-05
660065,1,1e-05
673023,1,1e-05
120419,1,1e-05
75023,1,1e-05
668763,1,1e-05
780683,1,1e-05
160246,1,1e-05
142381,1,1e-05
640877,1,1e-05
110937,1,1e-05
939618,1,1e-05
110445,1,1e-05
424979,1,1e-05
587415,1,1e-05
698545,1,1e-05
580627,1,1e-05
103521,1,1e-05
300586,1,1e-05
240811,1,1e-05
140268,1,1e-05
610392,1,1e-05
192462,1,1e-05
678577,1,1e-05
898541,1,1e-05
250174,1,1e-05
31240,1,1e-05
281023,1,1e-05
477601,1,1e-05
100390,1,1e-05
508357,1,1e-05
180797,1,1e-05
372100,1,1e-05
838225,1,1e-05
662229,1,1e-05
90127,1,1e-05
307303,1,1e-05
735776,1,1e-05
133571,1,1e-05
486171,1,1e-05
285811,1,1e-05
399484,1,1e-05
289759,1,1e-05
385001,1,1e-05
55599,1,1e-05
181096,1,1e-05
300521,1,1e-05
842436,1,1e-05
240349,1,1e-05
464889,1,1e-05
291052,1,1e-05
210322,1,1e-05
240645,1,1e-05
10607,1,1e-05
310312,1,1e-05
200043,1,1e-05
663667,1,1e-05
832907,1,1e-05
661621,1,1e-05
758297,1,1e-05
280468,1,1e-05
100922,1,1e-05
572102,1,1e-05
310152,1,1e-05
130253,1,1e-05
604067,1,1e-05
537409,1,1e-05
20237,1,1e-05
41583,1,1e-05
55553,1,1e-05
789508,1,1e-05
80451,1,1e-05
290850,1,1e-05
342955,1,1e-05
146197,1,1e-05
74231,1,1e-05
173196,1,1e-05
126922,1,1e-05
902925,1,1e-05
716361,1,1e-05
835707,1,1e-05
666731,1,1e-05
447474,1,1e-05
151241,1,1e-05
697934,1,1e-05
190660,1,1e-05
252796,1,1e-05
621976,1,1e-05
140900,1,1e-05
496783,1,1e-05
290444,1,1e-05
303829,1,1e-05
883002,1,1e-05
381399,1,1e-05
40556,1,1e-05
242063,1,1e-05
20740,1,1e-05
244193,1,1e-05
525535,1,1e-05
15504,1,1e-05
130777,1,1e-05
181030,1,1e-05
210928,1,1e-05
676699,1,1e-05
140130,1,1e-05
40180,1,1e-05
7608,1,1e-05
713212,1,1e-05
418672,1,1e-05
60429,1,1e-05
469265,1,1e-05
60251,1,1e-05
120414,1,1e-05
988983,1,1e-05
352303,1,1e-05
160608,1,1e-05
81229,1,1e-05
260895,1,1e-05
273704,1,1e-05
409284,1,1e-05
318831,1,1e-05
441579,1,1e-05
895524,1,1e-05
153349,1,1e-05
371008,1,1e-05
260775,1,1e-05
171184,1,1e-05
727093,1,1e-05
30635,1,1e-05
384132,1,1e-05
28951,1,1e-05
302735,1,1e-05
50624,1,1e-05
384648,1,1e-05
779284,1,1e-05
60372,1,1e-05
96533,1,1e-05
326286,1,1e-05
50384,1,1e-05
926883,1,1e-05
653710,1,1e-05
107745,1,1e-05
481611,1,1e-05
237306,1,1e-05
787357,1,1e-05
834856,1,1e-05
230160,1,1e-05
897993,1,1e-05
330813,1,1e-05
618160,1,1e-05
71218,1,1e-05
340788,1,1e-05
568276,1,1e-05
135467,1,1e-05
43485,1,1e-05
221131,1,1e-05
636361,1,1e-05
747059,1,1e-05
532486,1,1e-05
702176,1,1e-05
160397,1,1e-05
881996,1,1e-05
231187,1,1e-05
208861,1,1e-05
191127,1,1e-05
190445,1,1e-05
161293,1,1e-05
321719,1,1e-05
98572,1,1e-05
130958,1,1e-05
589794,1,1e-05
406687,1,1e-05
425718,1,1e-05
725699,1,1e-05
101050,1,1e-05
429853,1,1e-05
250712,1,1e-05
210477,1,1e-05
210958,1,1e-05
715292,1,1e-05
244308,1,1e-05
352258,1,1e-05
70199,1,1e-05
769180,1,1e-05
159262,1,1e-05
663994,1,1e-05
20809,1,1e-05
110832,1,1e-05
126523,1,1e-05
502265,1,1e-05
78777,1,1e-05
946614,1,1e-05
130671,1,1e-05
10552,1,1e-05
180547,1,1e-05
110298,1,1e-05
121064,1,1e-05
528593,1,1e-05
742274,1,1e-05
888945,1,1e-05
10483,1,1e-05
50511,1,1e-05
929512,1,1e-05
271238,1,1e-05
53511,1,1e-05
50599,1,1e-05
961710,1,1e-05
20409,1,1e-05
47334,1,1e-05
760066,1,1e-05
281068,1,1e-05
110401,1,1e-05
984869,1,1e-05
200165,1,1e-05
141282,1,1e-05
715633,1,1e-05
280435,1,1e-05
26328,1,1e-05
230879,1,1e-05
310580,1,1e-05
130554,1,1e-05
829186,1,1e-05
121323,1,1e-05
401118,1,1e-05
115828,1,1e-05
188059,1,1e-05
250575,1,1e-05
134051,1,1e-05
420452,1,1e-05
602962,1,1e-05
340743,1,1e-05
60672,1,1e-05
129538,1,1e-05
50195,1,1e-05
101077,1,1e-05
944354,1,1e-05
171195,1,1e-05
975449,1,1e-05
221250,1,1e-05
479307,1,1e-05
276895,1,1e-05
626786,1,1e-05
141088,1,1e-05
506252,1,1e-05
963829,1,1e-05
651053,1,1e-05
477265,1,1e-05
9993,1,1e-05
130853,1,1e-05
310127,1,1e-05
296583,1,1e-05
214324,1,1e-05
693816,1,1e-05
830203,1,1e-05
180738,1,1e-05
31266,1,1e-05
804794,1,1e-05
310378,1,1e-05
972113,1,1e-05
280112,1,1e-05
90382,1,1e-05
826827,1,1e-05
40794,1,1e-05
269596,1,1e-05
695634,1,1e-05
612019,1,1e-05
802850,1,1e-05
150885,1,1e-05
378041,1,1e-05
170758,1,1e-05
495149,1,1e-05
270300,1,1e-05
240393,1,1e-05
50545,1,1e-05
291161,1,1e-05
977277,1,1e-05
191047,1,1e-05
975481,1,1e-05
101073,1,1e-05
300793,1,1e-05
395431,1,1e-05
110674,1,1e-05
937232,1,1e-05
501109,1,1e-05
414336,1,1e-05
617698,1,1e-05
417516,1,1e-05
270972,1,1e-05
587141,1,1e-05
231200,1,1e-05
62361,1,1e-05
414123,1,1e-05
261120,1,1e-05
50845,1,1e-05
649765,1,1e-05
60781,1,1e-05
805150,1,1e-05
180868,1,1e-05
162849,1,1e-05
717209,1,1e-05
304389,1,1e-05
50141,1,1e-05
677867,1,1e-05
310613,1,1e-05
220434,1,1e-05
394853,1,1e-05
378007,1,1e-05
210636,1,1e-05
515636,1,1e-05
350330,1,1e-05
29443,1,1e-05
112823,1,1e-05
120218,1,1e-05
219873,1,1e-05
90379,1,1e-05
563491,1,1e-05
39684,1,1e-05
200871,1,1e-05
797169,1,1e-05
631812,1,1e-05
479881,1,1e-05
200594,1,1e-05
967278,1,1e-05
200994,1,1e-05
100472,1,1e-05
646527,1,1e-05
735964,1,1e-05
260739,1,1e-05
803528,1,1e-05
699854,1,1e-05
296440,1,1e-05
621875,1,1e-05
471294,1,1e-05
500876,1,1e-05
860199,1,1e-05
241022,1,1e-05
96807,1,1e-05
243847,1,1e-05
330986,1,1e-05
17531,1,1e-05
917154,1,1e-05
151051,1,1e-05
30318,1,1e-05
50483,1,1e-05
210202,1,1e-05
292993,1,1e-05
230581,1,1e-05
280947,1,1e-05
190626,1,1e-05
189671,1,1e-05
290331,1,1e-05
622261,1,1e-05
501335,1,1e-05
823696,1,1e-05
767787,1,1e-05
692952,1,1e-05
191227,1,1e-05
227774,1,1e-05
100196,1,1e-05
10444,1,1e-05
86599,1,1e-05
61046,1,1e-05
191114,1,1e-05
854936,1,1e-05
246076,1,1e-05
907105,1,1e-05
101101,1,1e-05
260553,1,1e-05
81082,1,1e-05
568995,1,1e-05
91120,1,1e-05
665649,1,1e-05
807945,1,1e-05
906877,1,1e-05
566790,1,1e-05
100901,1,1e-05
780113,1,1e-05
71232,1,1e-05
354405,1,1e-05
110248,1,1e-05
877088,1,1e-05
206068,1,1e-05
338276,1,1e-05
301105,1,1e-05
71145,1,1e-05
41378,1,1e-05
760407,1,1e-05
228844,1,1e-05
575088,1,1e-05
631257,1,1e-05
858408,1,1e-05
80654,1,1e-05
756291,1,1e-05
698765,1,1e-05
62603,1,1e-05
270890,1,1e-05
552343,1,1e-05
250262,1,1e-05
432469,1,1e-05
686430,1,1e-05
602571,1,1e-05
557912,1,1e-05
784412,1,1e-05
210243,1,1e-05
61039,1,1e-05
515656,1,1e-05
968381,1,1e-05
826239,1,1e-05
657758,1,1e-05
250567,1,1e-05
19884,1,1e-05
50863,1,1e-05
445703,1,1e-05
661362,1,1e-05
662534,1,1e-05
250268,1,1e-05
97974,1,1e-05
258126,1,1e-05
51153,1,1e-05
180685,1,1e-05
50880,1,1e-05
777009,1,1e-05
70471,1,1e-05
110382,1,1e-05
140168,1,1e-05
150109,1,1e-05
21051,1,1e-05
260927,1,1e-05
566166,1,1e-05
720734,1,1e-05
141265,1,1e-05
392413,1,1e-05
70390,1,1e-05
170809,1,1e-05
397121,1,1e-05
740008,1,1e-05
41028,1,1e-05
840441,1,1e-05
210349,1,1e-05
285099,1,1e-05
70399,1,1e-05
713194,1,1e-05
121193,1,1e-05
722447,1,1e-05
71016,1,1e-05
621007,1,1e-05
726439,1,1e-05
557626,1,1e-05
90347,1,1e-05
567230,1,1e-05
100794,1,1e-05
161064,1,1e-05
834328,1,1e-05
90264,1,1e-05
140671,1,1e-05
808217,1,1e-05
679622,1,1e-05
71028,1,1e-05
90846,1,1e-05
20411,1,1e-05
785446,1,1e-05
477351,1,1e-05
50966,1,1e-05
84817,1,1e-05
40590,1,1e-05
215234,1,1e-05
110474,1,1e-05
185292,1,1e-05
955598,1,1e-05
200316,1,1e-05
790477,1,1e-05
141407,1,1e-05
170436,1,1e-05
748234,1,1e-05
971177,1,1e-05
600668,1,1e-05
83664,1,1e-05
310203,1,1e-05
61122,1,1e-05
93772,1,1e-05
748477,1,1e-05
426268,1,1e-05
937107,1,1e-05
660562,1,1e-05
649059,1,1e-05
90210,1,1e-05
888484,1,1e-05
574303,1,1e-05
180689,1,1e-05
280272,1,1e-05
182743,1,1e-05
11411,1,1e-05
190820,1,1e-05
230991,1,1e-05
140811,1,1e-05
947489,1,1e-05
651991,1,1e-05
945101,1,1e-05
46610,1,1e-05
998818,1,1e-05
151209,1,1e-05
251203,1,1e-05
281005,1,1e-05
250692,1,1e-05
345462,1,1e-05
204376,1,1e-05
91052,1,1e-05
141283,1,1e-05
220282,1,1e-05
275931,1,1e-05
676275,1,1e-05
987821,1,1e-05
247570,1,1e-05
141227,1,1e-05
290979,1,1e-05
51001,1,1e-05
179198,1,1e-05
415457,1,1e-05
101007,1,1e-05
581582,1,1e-05
227469,1,1e-05
18917,1,1e-05
434833,1,1e-05
70892,1,1e-05
180280,1,1e-05
826965,1,1e-05
480347,1,1e-05
716972,1,1e-05
948786,1,1e-05
297825,1,1e-05
181227,1,1e-05
60479,1,1e-05
924384,1,1e-05
782427,1,1e-05
750266,1,1e-05
478811,1,1e-05
140778,1,1e-05
200282,1,1e-05
479109,1,1e-05
230412,1,1e-05
955007,1,1e-05
140411,1,1e-05
90533,1,1e-05
201084,1,1e-05
50436,1,1e-05
120585,1,1e-05
130293,1,1e-05
333627,1,1e-05
280402,1,1e-05
67537,1,1e-05
19473,1,1e-05
866287,1,1e-05
180453,1,1e-05
813929,1,1e-05
307928,1,1e-05
672966,1,1e-05
634150,1,1e-05
939836,1,1e-05
61075,1,1e-05
955711,1,1e-05
40704,1,1e-05
496883,1,1e-05
429305,1,1e-05
150300,1,1e-05
281166,1,1e-05
200584,1,1e-05
258119,1,1e-05
659176,1,1e-05
151191,1,1e-05
71001,1,1e-05
241231,1,1e-05
516119,1,1e-05
897799,1,1e-05
150393,1,1e-05
70777,1,1e-05
270688,1,1e-05
140656,1,1e-05
151001,1,1e-05
270661,1,1e-05
631049,1,1e-05
768481,1,1e-05
888254,1,1e-05
220579,1,1e-05
80261,1,1e-05
455476,1,1e-05
532979,1,1e-05
941478,1,1e-05
40592,1,1e-05
326172,1,1e-05
201795,1,1e-05
958356,1,1e-05
10847,1,1e-05
71064,1,1e-05
110896,1,1e-05
877181,1,1e-05
672310,1,1e-05
110821,1,1e-05
171085,1,1e-05
468577,1,1e-05
333327,1,1e-05
750812,1,1e-05
35633,1,1e-05
293842,1,1e-05
57776,1,1e-05
50416,1,1e-05
60504,1,1e-05
963358,1,1e-05
809897,1,1e-05
383135,1,1e-05
944767,1,1e-05
868836,1,1e-05
90810,1,1e-05
199709,1,1e-05
84620,1,1e-05
149577,1,1e-05
150689,1,1e-05
31045,1,1e-05
726828,1,1e-05
190746,1,1e-05
365935,1,1e-05
381255,1,1e-05
210809,1,1e-05
58021,1,1e-05
280572,1,1e-05
880674,1,1e-05
279252,1,1e-05
525550,1,1e-05
978180,1,1e-05
367118,1,1e-05
314559,1,1e-05
444560,1,1e-05
164749,1,1e-05
35390,1,1e-05
310677,1,1e-05
184765,1,1e-05
291056,1,1e-05
300975,1,1e-05
46924,1,1e-05
299505,1,1e-05
300673,1,1e-05
776245,1,1e-05
824272,1,1e-05
485031,1,1e-05
190545,1,1e-05
851158,1,1e-05
70852,1,1e-05
251082,1,1e-05
583194,1,1e-05
346860,1,1e-05
230837,1,1e-05
594860,1,1e-05
942324,1,1e-05
944289,1,1e-05
50698,1,1e-05
932230,1,1e-05
643534,1,1e-05
80341,1,1e-05
271770,1,1e-05
953119,1,1e-05
515883,1,1e-05
80115,1,1e-05
777596,1,1e-05
252966,1,1e-05
110854,1,1e-05
260693,1,1e-05
670898,1,1e-05
264234,1,1e-05
475027,1,1e-05
986879,1,1e-05
681062,1,1e-05
433188,1,1e-05
500771,1,1e-05
60782,1,1e-05
996195,1,1e-05
793994,1,1e-05
995728,1,1e-05
231899,1,1e-05
686924,1,1e-05
942187,1,1e-05
649027,1,1e-05
60879,1,1e-05
918282,1,1e-05
818969,1,1e-05
200167,1,1e-05
922128,1,1e-05
91151,1,1e-05
490931,1,1e-05
85381,1,1e-05
728745,1,1e-05
723841,1,1e-05
130635,1,1e-05
280347,1,1e-05
261255,1,1e-05
260345,1,1e-05
161273,1,1e-05
305313,1,1e-05
340988,1,1e-05
130171,1,1e-05
974953,1,1e-05
803935,1,1e-05
150356,1,1e-05
61033,1,1e-05
411771,1,1e-05
984573,1,1e-05
260613,1,1e-05
763035,1,1e-05
933784,1,1e-05
625095,1,1e-05
150719,1,1e-05
121085,1,1e-05
320254,1,1e-05
60370,1,1e-05
170289,1,1e-05
866130,1,1e-05
271025,1,1e-05
281268,1,1e-05
684814,1,1e-05
487605,1,1e-05
17197,1,1e-05
50726,1,1e-05
839859,1,1e-05
131103,1,1e-05
709076,1,1e-05
978939,1,1e-05
563264,1,1e-05
244381,1,1e-05
281180,1,1e-05
10339,1,1e-05
175166,1,1e-05
81122,1,1e-05
466931,1,1e-05
444019,1,1e-05
412938,1,1e-05
151285,1,1e-05
724921,1,1e-05
849151,1,1e-05
209184,1,1e-05
205800,1,1e-05
140198,1,1e-05
832948,1,1e-05
977758,1,1e-05
40744,1,1e-05
180794,1,1e-05
739952,1,1e-05
231197,1,1e-05
796269,1,1e-05
50324,1,1e-05
130577,1,1e-05
795425,1,1e-05
291131,1,1e-05
10606,1,1e-05
289810,1,1e-05
280683,1,1e-05
929076,1,1e-05
120033,1,1e-05
10555,1,1e-05
186988,1,1e-05
70431,1,1e-05
979992,1,1e-05
612338,1,1e-05
250628,1,1e-05
443910,1,1e-05
899804,1,1e-05
510629,1,1e-05
383815,1,1e-05
150549,1,1e-05
210287,1,1e-05
724830,1,1e-05
270747,1,1e-05
40540,1,1e-05
639784,1,1e-05
155206,1,1e-05
399738,1,1e-05
978188,1,1e-05
140952,1,1e-05
21033,1,1e-05
841741,1,1e-05
181063,1,1e-05
462496,1,1e-05
260847,1,1e-05
2548,1,1e-05
403410,1,1e-05
100628,1,1e-05
70397,1,1e-05
485125,1,1e-05
245829,1,1e-05
172309,1,1e-05
270193,1,1e-05
241551,1,1e-05
40634,1,1e-05
27536,1,1e-05
91033,1,1e-05
247337,1,1e-05
521504,1,1e-05
911522,1,1e-05
310617,1,1e-05
123278,1,1e-05
419347,1,1e-05
319526,1,1e-05
191100,1,1e-05
310156,1,1e-05
429430,1,1e-05
161138,1,1e-05
876827,1,1e-05
931563,1,1e-05
150470,1,1e-05
652031,1,1e-05
418254,1,1e-05
181156,1,1e-05
71999,1,1e-05
237614,1,1e-05
291148,1,1e-05
453834,1,1e-05
284701,1,1e-05
917121,1,1e-05
20805,1,1e-05
978635,1,1e-05
627042,1,1e-05
120192,1,1e-05
30952,1,1e-05
592060,1,1e-05
787436,1,1e-05
288992,1,1e-05
524727,1,1e-05
787331,1,1e-05
290973,1,1e-05
130124,1,1e-05
905210,1,1e-05
768053,1,1e-05
251003,1,1e-05
70119,1,1e-05
120779,1,1e-05
121043,1,1e-05
260455,1,1e-05
776181,1,1e-05
172869,1,1e-05
41217,1,1e-05
31192,1,1e-05
61145,1,1e-05
437671,1,1e-05
884443,1,1e-05
16951,1,1e-05
130152,1,1e-05
520315,1,1e-05
571629,1,1e-05
130123,1,1e-05
80328,1,1e-05
551005,1,1e-05
163449,1,1e-05
440016,1,1e-05
540289,1,1e-05
70193,1,1e-05
150978,1,1e-05
280958,1,1e-05
70664,1,1e-05
30475,1,1e-05
737721,1,1e-05
985605,1,1e-05
190950,1,1e-05
181807,1,1e-05
121433,1,1e-05
130697,1,1e-05
160201,1,1e-05
64676,1,1e-05
50881,1,1e-05
367355,1,1e-05
528099,1,1e-05
294339,1,1e-05
719542,1,1e-05
10553,1,1e-05
50746,1,1e-05
20917,1,1e-05
532052,1,1e-05
554747,1,1e-05
130261,1,1e-05
161216,1,1e-05
411386,1,1e-05
30385,1,1e-05
170804,1,1e-05
318847,1,1e-05
185401,1,1e-05
8371,1,1e-05
372348,1,1e-05
928809,1,1e-05
283266,1,1e-05
29978,1,1e-05
636405,1,1e-05
563600,1,1e-05
197245,1,1e-05
714675,1,1e-05
623796,1,1e-05
70716,1,1e-05
220350,1,1e-05
60264,1,1e-05
71129,1,1e-05
631050,1,1e-05
162021,1,1e-05
564078,1,1e-05
161036,1,1e-05
70841,1,1e-05
701104,1,1e-05
673898,1,1e-05
150846,1,1e-05
431183,1,1e-05
437638,1,1e-05
170106,1,1e-05
576755,1,1e-05
262621,1,1e-05
961748,1,1e-05
859663,1,1e-05
20176,1,1e-05
30849,1,1e-05
57887,1,1e-05
85452,1,1e-05
339334,1,1e-05
72363,1,1e-05
845815,1,1e-05
191041,1,1e-05
767554,1,1e-05
402564,1,1e-05
467456,1,1e-05
594630,1,1e-05
963234,1,1e-05
233762,1,1e-05
101202,1,1e-05
23719,1,1e-05
834247,1,1e-05
428123,1,1e-05
763263,1,1e-05
314851,1,1e-05
100252,1,1e-05
251246,1,1e-05
380291,1,1e-05
258926,1,1e-05
136459,1,1e-05
420167,1,1e-05
110716,1,1e-05
231793,1,1e-05
110693,1,1e-05
250798,1,1e-05
654144,1,1e-05
21025,1,1e-05
332023,1,1e-05
140979,1,1e-05
732126,1,1e-05
172449,1,1e-05
141156,1,1e-05
278438,1,1e-05
946361,1,1e-05
150232,1,1e-05
515256,1,1e-05
240223,1,1e-05
555285,1,1e-05
408930,1,1e-05
51188,1,1e-05
309881,1,1e-05
866260,1,1e-05
215996,1,1e-05
368929,1,1e-05
834622,1,1e-05
80736,1,1e-05
567815,1,1e-05
940104,1,1e-05
120174,1,1e-05
335362,1,1e-05
278618,1,1e-05
200156,1,1e-05
331281,1,1e-05
901693,1,1e-05
427607,1,1e-05
290043,1,1e-05
40710,1,1e-05
698857,1,1e-05
542648,1,1e-05
51055,1,1e-05
190281,1,1e-05
220444,1,1e-05
260186,1,1e-05
583255,1,1e-05
807834,1,1e-05
791221,1,1e-05
231060,1,1e-05
146684,1,1e-05
90898,1,1e-05
815338,1,1e-05
991640,1,1e-05
90953,1,1e-05
281073,1,1e-05
211002,1,1e-05
166106,1,1e-05
376900,1,1e-05
607935,1,1e-05
158056,1,1e-05
120941,1,1e-05
930205,1,1e-05
345996,1,1e-05
123703,1,1e-05
60419,1,1e-05
50859,1,1e-05
889948,1,1e-05
170631,1,1e-05
435230,1,1e-05
735108,1,1e-05
429266,1,1e-05
40808,1,1e-05
180236,1,1e-05
160124,1,1e-05
230556,1,1e-05
290969,1,1e-05
501156,1,1e-05
555888,1,1e-05
270111,1,1e-05
150735,1,1e-05
60249,1,1e-05
181292,1,1e-05
250507,1,1e-05
575322,1,1e-05
336841,1,1e-05
842811,1,1e-05
849497,1,1e-05
416252,1,1e-05
40712,1,1e-05
190237,1,1e-05
25788,1,1e-05
476289,1,1e-05
755138,1,1e-05
138975,1,1e-05
150900,1,1e-05
424277,1,1e-05
193463,1,1e-05
573823,1,1e-05
131098,1,1e-05
115245,1,1e-05
604582,1,1e-05
63180,1,1e-05
997779,1,1e-05
30101,1,1e-05
597532,1,1e-05
81002,1,1e-05
933846,1,1e-05
632581,1,1e-05
690995,1,1e-05
19949,1,1e-05
210751,1,1e-05
68551,1,1e-05
996519,1,1e-05
26167,1,1e-05
851951,1,1e-05
345404,1,1e-05
221146,1,1e-05
619862,1,1e-05
879158,1,1e-05
180288,1,1e-05
527218,1,1e-05
874671,1,1e-05
326710,1,1e-05
979945,1,1e-05
293392,1,1e-05
19434,1,1e-05
766045,1,1e-05
707111,1,1e-05
642733,1,1e-05
240359,1,1e-05
110956,1,1e-05
310623,1,1e-05
180742,1,1e-05
546871,1,1e-05
21164,1,1e-05
125804,1,1e-05
164061,1,1e-05
690384,1,1e-05
411310,1,1e-05
290847,1,1e-05
706450,1,1e-05
126490,1,1e-05
20144,1,1e-05
376271,1,1e-05
334460,1,1e-05
212287,1,1e-05
18286,1,1e-05
785632,1,1e-05
719515,1,1e-05
892631,1,1e-05
211297,1,1e-05
180305,1,1e-05
200355,1,1e-05
60315,1,1e-05
247334,1,1e-05
452548,1,1e-05
930012,1,1e-05
576442,1,1e-05
310578,1,1e-05
225059,1,1e-05
329534,1,1e-05
240504,1,1e-05
907724,1,1e-05
150788,1,1e-05
439448,1,1e-05
749198,1,1e-05
783751,1,1e-05
50884,1,1e-05
598956,1,1e-05
873785,1,1e-05
982040,1,1e-05
789296,1,1e-05
473146,1,1e-05
117944,1,1e-05
32752,1,1e-05
959867,1,1e-05
60688,1,1e-05
280726,1,1e-05
781610,1,1e-05
247319,1,1e-05
41173,1,1e-05
240125,1,1e-05
206610,1,1e-05
290667,1,1e-05
210821,1,1e-05
30316,1,1e-05
493096,1,1e-05
666943,1,1e-05
230763,1,1e-05
447386,1,1e-05
989094,1,1e-05
596320,1,1e-05
177108,1,1e-05
141042,1,1e-05
862206,1,1e-05
160794,1,1e-05
445481,1,1e-05
110791,1,1e-05
446183,1,1e-05
605107,1,1e-05
862287,1,1e-05
164488,1,1e-05
50306,1,1e-05
57226,1,1e-05
224468,1,1e-05
98686,1,1e-05
235312,1,1e-05
877639,1,1e-05
291239,1,1e-05
53373,1,1e-05
50942,1,1e-05
846048,1,1e-05
724017,1,1e-05
695058,1,1e-05
310288,1,1e-05
461520,1,1e-05
110643,1,1e-05
150209,1,1e-05
90109,1,1e-05
241021,1,1e-05
61276,1,1e-05
425393,1,1e-05
184071,1,1e-05
807843,1,1e-05
934210,1,1e-05
190767,1,1e-05
620980,1,1e-05
880469,1,1e-05
592206,1,1e-05
181191,1,1e-05
231267,1,1e-05
846756,1,1e-05
190399,1,1e-05
140151,1,1e-05
151146,1,1e-05
358825,1,1e-05
50373,1,1e-05
240206,1,1e-05
310332,1,1e-05
150774,1,1e-05
290697,1,1e-05
391515,1,1e-05
392165,1,1e-05
191165,1,1e-05
923586,1,1e-05
100930,1,1e-05
314799,1,1e-05
504880,1,1e-05
374847,1,1e-05
651462,1,1e-05
291176,1,1e-05
621444,1,1e-05
200363,1,1e-05
529411,1,1e-05
260829,1,1e-05
260412,1,1e-05
231120,1,1e-05
746032,1,1e-05
19753,1,1e-05
602276,1,1e-05
257689,1,1e-05
291057,1,1e-05
869141,1,1e-05
838436,1,1e-05
941787,1,1e-05
539692,1,1e-05
40332,1,1e-05
60160,1,1e-05
31121,1,1e-05
270489,1,1e-05
240235,1,1e-05
487977,1,1e-05
508122,1,1e-05
39454,1,1e-05
770490,1,1e-05
163065,1,1e-05
342147,1,1e-05
130311,1,1e-05
823201,1,1e-05
664933,1,1e-05
477913,1,1e-05
20659,1,1e-05
839950,1,1e-05
58783,1,1e-05
291242,1,1e-05
357107,1,1e-05
816254,1,1e-05
170724,1,1e-05
797528,1,1e-05
481026,1,1e-05
342199,1,1e-05
839313,1,1e-05
260757,1,1e-05
80992,1,1e-05
155971,1,1e-05
250901,1,1e-05
899688,1,1e-05
452861,1,1e-05
220870,1,1e-05
639327,1,1e-05
292321,1,1e-05
722083,1,1e-05
181625,1,1e-05
20821,1,1e-05
679817,1,1e-05
950053,1,1e-05
401455,1,1e-05
220485,1,1e-05
567268,1,1e-05
530316,1,1e-05
100646,1,1e-05
41150,1,1e-05
160229,1,1e-05
552562,1,1e-05
180746,1,1e-05
142407,1,1e-05
425758,1,1e-05
702028,1,1e-05
176844,1,1e-05
260401,1,1e-05
10531,1,1e-05
191095,1,1e-05
685172,1,1e-05
290428,1,1e-05
161258,1,1e-05
21121,1,1e-05
955150,1,1e-05
200231,1,1e-05
30391,1,1e-05
992110,1,1e-05
879560,1,1e-05
190417,1,1e-05
200617,1,1e-05
180596,1,1e-05
595251,1,1e-05
513897,1,1e-05
419915,1,1e-05
898554,1,1e-05
210790,1,1e-05
864438,1,1e-05
805626,1,1e-05
988543,1,1e-05
1852,1,1e-05
37455,1,1e-05
101861,1,1e-05
667464,1,1e-05
230395,1,1e-05
46363,1,1e-05
566087,1,1e-05
830731,1,1e-05
100101,1,1e-05
596840,1,1e-05
4845,1,1e-05
482291,1,1e-05
881917,1,1e-05
989486,1,1e-05
459936,1,1e-05
262865,1,1e-05
462458,1,1e-05
939887,1,1e-05
530738,1,1e-05
539832,1,1e-05
281015,1,1e-05
288086,1,1e-05
250830,1,1e-05
310949,1,1e-05
619679,1,1e-05
151224,1,1e-05
180251,1,1e-05
693034,1,1e-05
656957,1,1e-05
966763,1,1e-05
140415,1,1e-05
405266,1,1e-05
353048,1,1e-05
237022,1,1e-05
610904,1,1e-05
20718,1,1e-05
239941,1,1e-05
674061,1,1e-05
520765,1,1e-05
925477,1,1e-05
120630,1,1e-05
326559,1,1e-05
944814,1,1e-05
301067,1,1e-05
225855,1,1e-05
276686,1,1e-05
325089,1,1e-05
300331,1,1e-05
893810,1,1e-05
989041,1,1e-05
85185,1,1e-05
30843,1,1e-05
90878,1,1e-05
129467,1,1e-05
104466,1,1e-05
97336,1,1e-05
91186,1,1e-05
280527,1,1e-05
50412,1,1e-05
594186,1,1e-05
424204,1,1e-05
40652,1,1e-05
471216,1,1e-05
854517,1,1e-05
602206,1,1e-05
372713,1,1e-05
549521,1,1e-05
281167,1,1e-05
600913,1,1e-05
151408,1,1e-05
82315,1,1e-05
940336,1,1e-05
176018,1,1e-05
131288,1,1e-05
111160,1,1e-05
987881,1,1e-05
402382,1,1e-05
471491,1,1e-05
117071,1,1e-05
99694,1,1e-05
221118,1,1e-05
499554,1,1e-05
300594,1,1e-05
627578,1,1e-05
120385,1,1e-05
190891,1,1e-05
290576,1,1e-05
918814,1,1e-05
929197,1,1e-05
150367,1,1e-05
631950,1,1e-05
241172,1,1e-05
150919,1,1e-05
570984,1,1e-05
941343,1,1e-05
476061,1,1e-05
659493,1,1e-05
930769,1,1e-05
40607,1,1e-05
906291,1,1e-05
908088,1,1e-05
602865,1,1e-05
821014,1,1e-05
150273,1,1e-05
575030,1,1e-05
190251,1,1e-05
325075,1,1e-05
708537,1,1e-05
160716,1,1e-05
437355,1,1e-05
130655,1,1e-05
79564,1,1e-05
959845,1,1e-05
301002,1,1e-05
964537,1,1e-05
30955,1,1e-05
494834,1,1e-05
310761,1,1e-05
805016,1,1e-05
329190,1,1e-05
7968,1,1e-05
160264,1,1e-05
149672,1,1e-05
100331,1,1e-05
200545,1,1e-05
419518,1,1e-05
593649,1,1e-05
885462,1,1e-05
294438,1,1e-05
753387,1,1e-05
246111,1,1e-05
180549,1,1e-05
395420,1,1e-05
772655,1,1e-05
20205,1,1e-05
222813,1,1e-05
507306,1,1e-05
502883,1,1e-05
90023,1,1e-05
111135,1,1e-05
901883,1,1e-05
808829,1,1e-05
602776,1,1e-05
272802,1,1e-05
607656,1,1e-05
773856,1,1e-05
337240,1,1e-05
241226,1,1e-05
182048,1,1e-05
270572,1,1e-05
267375,1,1e-05
606163,1,1e-05
168556,1,1e-05
459646,1,1e-05
880379,1,1e-05
291042,1,1e-05
83759,1,1e-05
50791,1,1e-05
340961,1,1e-05
794497,1,1e-05
41278,1,1e-05
240866,1,1e-05
496757,1,1e-05
910283,1,1e-05
403657,1,1e-05
90021,1,1e-05
120566,1,1e-05
308871,1,1e-05
651968,1,1e-05
120649,1,1e-05
71212,1,1e-05
245101,1,1e-05
605178,1,1e-05
51175,1,1e-05
290259,1,1e-05
90223,1,1e-05
626430,1,1e-05
925956,1,1e-05
274790,1,1e-05
983352,1,1e-05
646035,1,1e-05
20314,1,1e-05
148623,1,1e-05
275561,1,1e-05
104147,1,1e-05
4471,1,1e-05
983303,1,1e-05
620452,1,1e-05
422269,1,1e-05
874608,1,1e-05
366293,1,1e-05
181095,1,1e-05
545253,1,1e-05
416040,1,1e-05
941610,1,1e-05
639719,1,1e-05
932898,1,1e-05
853633,1,1e-05
140676,1,1e-05
11059,1,1e-05
546159,1,1e-05
125683,1,1e-05
150958,1,1e-05
502590,1,1e-05
613061,1,1e-05
51158,1,1e-05
704126,1,1e-05
150787,1,1e-05
200603,1,1e-05
290492,1,1e-05
10368,1,1e-05
160409,1,1e-05
150998,1,1e-05
211033,1,1e-05
200829,1,1e-05
349296,1,1e-05
70273,1,1e-05
194080,1,1e-05
111065,1,1e-05
872704,1,1e-05
8022,1,1e-05
10194,1,1e-05
103906,1,1e-05
605186,1,1e-05
56481,1,1e-05
961211,1,1e-05
69020,1,1e-05
70448,1,1e-05
944232,1,1e-05
20421,1,1e-05
530119,1,1e-05
429574,1,1e-05
501049,1,1e-05
479891,1,1e-05
70462,1,1e-05
709829,1,1e-05
594652,1,1e-05
85645,1,1e-05
200275,1,1e-05
90437,1,1e-05
148902,1,1e-05
310616,1,1e-05
532308,1,1e-05
280584,1,1e-05
160189,1,1e-05
756735,1,1e-05
139564,1,1e-05
10203,1,1e-05
180825,1,1e-05
390438,1,1e-05
637510,1,1e-05
197386,1,1e-05
51050,1,1e-05
333849,1,1e-05
545610,1,1e-05
816830,1,1e-05
65330,1,1e-05
20126,1,1e-05
190174,1,1e-05
111126,1,1e-05
10877,1,1e-05
220454,1,1e-05
20302,1,1e-05
764594,1,1e-05
221203,1,1e-05
220555,1,1e-05
243265,1,1e-05
30519,1,1e-05
201026,1,1e-05
301323,1,1e-05
253540,1,1e-05
875572,1,1e-05
120607,1,1e-05
61073,1,1e-05
370381,1,1e-05
140617,1,1e-05
414532,1,1e-05
837214,1,1e-05
20157,1,1e-05
663085,1,1e-05
120180,1,1e-05
300185,1,1e-05
291172,1,1e-05
51805,1,1e-05
110604,1,1e-05
365925,1,1e-05
401347,1,1e-05
808257,1,1e-05
104321,1,1e-05
114897,1,1e-05
514905,1,1e-05
39228,1,1e-05
191842,1,1e-05
30161,1,1e-05
100554,1,1e-05
913360,1,1e-05
95424,1,1e-05
231209,1,1e-05
783552,1,1e-05
869345,1,1e-05
672926,1,1e-05
215441,1,1e-05
635268,1,1e-05
551699,1,1e-05
526932,1,1e-05
91136,1,1e-05
200821,1,1e-05
310837,1,1e-05
198390,1,1e-05
70616,1,1e-05
10765,1,1e-05
141102,1,1e-05
20825,1,1e-05
40345,1,1e-05
120681,1,1e-05
131090,1,1e-05
170489,1,1e-05
823732,1,1e-05
479047,1,1e-05
396017,1,1e-05
20631,1,1e-05
737150,1,1e-05
120339,1,1e-05
229696,1,1e-05
532879,1,1e-05
743506,1,1e-05
41352,1,1e-05
978813,1,1e-05
154703,1,1e-05
120126,1,1e-05
699844,1,1e-05
179849,1,1e-05
300336,1,1e-05
120508,1,1e-05
80218,1,1e-05
170406,1,1e-05
40610,1,1e-05
329387,1,1e-05
927963,1,1e-05
546761,1,1e-05
10523,1,1e-05
419861,1,1e-05
271043,1,1e-05
310995,1,1e-05
671613,1,1e-05
220926,1,1e-05
61004,1,1e-05
749085,1,1e-05
280814,1,1e-05
63904,1,1e-05
124633,1,1e-05
99551,1,1e-05
833748,1,1e-05
170801,1,1e-05
526347,1,1e-05
715364,1,1e-05
356918,1,1e-05
50347,1,1e-05
855061,1,1e-05
973837,1,1e-05
120326,1,1e-05
300439,1,1e-05
584645,1,1e-05
194675,1,1e-05
230574,1,1e-05
220487,1,1e-05
110808,1,1e-05
70509,1,1e-05
74855,1,1e-05
80629,1,1e-05
91165,1,1e-05
338482,1,1e-05
220141,1,1e-05
734821,1,1e-05
192913,1,1e-05
50243,1,1e-05
258412,1,1e-05
563580,1,1e-05
210931,1,1e-05
150513,1,1e-05
182593,1,1e-05
125932,1,1e-05
367117,1,1e-05
512441,1,1e-05
10341,1,1e-05
181137,1,1e-05
115501,1,1e-05
130709,1,1e-05
81163,1,1e-05
672911,1,1e-05
230653,1,1e-05
287773,1,1e-05
344938,1,1e-05
10987,1,1e-05
20244,1,1e-05
694320,1,1e-05
130719,1,1e-05
147437,1,1e-05
49847,1,1e-05
456004,1,1e-05
291194,1,1e-05
869435,1,1e-05
193303,1,1e-05
670003,1,1e-05
783348,1,1e-05
260332,1,1e-05
310469,1,1e-05
70548,1,1e-05
132284,1,1e-05
969429,1,1e-05
656271,1,1e-05
118196,1,1e-05
355383,1,1e-05
260283,1,1e-05
608330,1,1e-05
868556,1,1e-05
260490,1,1e-05
794570,1,1e-05
61025,1,1e-05
381750,1,1e-05
60761,1,1e-05
10753,1,1e-05
762136,1,1e-05
150623,1,1e-05
310358,1,1e-05
429793,1,1e-05
200595,1,1e-05
678297,1,1e-05
130529,1,1e-05
524631,1,1e-05
396545,1,1e-05
684956,1,1e-05
130436,1,1e-05
775436,1,1e-05
429586,1,1e-05
787533,1,1e-05
87767,1,1e-05
454806,1,1e-05
285606,1,1e-05
400842,1,1e-05
539339,1,1e-05
438375,1,1e-05
62014,1,1e-05
180780,1,1e-05
279483,1,1e-05
310621,1,1e-05
260783,1,1e-05
314083,1,1e-05
150483,1,1e-05
200928,1,1e-05
906102,1,1e-05
601035,1,1e-05
74990,1,1e-05
261089,1,1e-05
311031,1,1e-05
665176,1,1e-05
726552,1,1e-05
805336,1,1e-05
251224,1,1e-05
120774,1,1e-05
753469,1,1e-05
303046,1,1e-05
464407,1,1e-05
29622,1,1e-05
681410,1,1e-05
916478,1,1e-05
175347,1,1e-05
290982,1,1e-05
280318,1,1e-05
956682,1,1e-05
117001,1,1e-05
915001,1,1e-05
10734,1,1e-05
80459,1,1e-05
289989,1,1e-05
279641,1,1e-05
240257,1,1e-05
75304,1,1e-05
220173,1,1e-05
121117,1,1e-05
61215,1,1e-05
266104,1,1e-05
647209,1,1e-05
62807,1,1e-05
384854,1,1e-05
300184,1,1e-05
49826,1,1e-05
214612,1,1e-05
860041,1,1e-05
862410,1,1e-05
231232,1,1e-05
316481,1,1e-05
120277,1,1e-05
633946,1,1e-05
919386,1,1e-05
488284,1,1e-05
230411,1,1e-05
355878,1,1e-05
60832,1,1e-05
257585,1,1e-05
90474,1,1e-05
170446,1,1e-05
91526,1,1e-05
512624,1,1e-05
514897,1,1e-05
504951,1,1e-05
271976,1,1e-05
120870,1,1e-05
367427,1,1e-05
554298,1,1e-05
237428,1,1e-05
476211,1,1e-05
130535,1,1e-05
231167,1,1e-05
533146,1,1e-05
141285,1,1e-05
280764,1,1e-05
91270,1,1e-05
896381,1,1e-05
292064,1,1e-05
660385,1,1e-05
319967,1,1e-05
562563,1,1e-05
625092,1,1e-05
770596,1,1e-05
570133,1,1e-05
280894,1,1e-05
767275,1,1e-05
161173,1,1e-05
260809,1,1e-05
306416,1,1e-05
11091,1,1e-05
500688,1,1e-05
80977,1,1e-05
110524,1,1e-05
518660,1,1e-05
456355,1,1e-05
653993,1,1e-05
799626,1,1e-05
302129,1,1e-05
755158,1,1e-05
40147,1,1e-05
20735,1,1e-05
20801,1,1e-05
240341,1,1e-05
134962,1,1e-05
180439,1,1e-05
80313,1,1e-05
14072,1,1e-05
230992,1,1e-05
291127,1,1e-05
618682,1,1e-05
699590,1,1e-05
130839,1,1e-05
240922,1,1e-05
151975,1,1e-05
90942,1,1e-05
302659,1,1e-05
80585,1,1e-05
70195,1,1e-05
826462,1,1e-05
250682,1,1e-05
10113,1,1e-05
431449,1,1e-05
528642,1,1e-05
689234,1,1e-05
301158,1,1e-05
190126,1,1e-05
753155,1,1e-05
250416,1,1e-05
30421,1,1e-05
403192,1,1e-05
973630,1,1e-05
90640,1,1e-05
810291,1,1e-05
591623,1,1e-05
414498,1,1e-05
274411,1,1e-05
767610,1,1e-05
140693,1,1e-05
193064,1,1e-05
373023,1,1e-05
724500,1,1e-05
38586,1,1e-05
847543,1,1e-05
251042,1,1e-05
909730,1,1e-05
456550,1,1e-05
130794,1,1e-05
130672,1,1e-05
426488,1,1e-05
159452,1,1e-05
895408,1,1e-05
100319,1,1e-05
465585,1,1e-05
120884,1,1e-05
242392,1,1e-05
221287,1,1e-05
655312,1,1e-05
246455,1,1e-05
102784,1,1e-05
290494,1,1e-05
492566,1,1e-05
90148,1,1e-05
79108,1,1e-05
642245,1,1e-05
632301,1,1e-05
456769,1,1e-05
179573,1,1e-05
879132,1,1e-05
221335,1,1e-05
838548,1,1e-05
634157,1,1e-05
61838,1,1e-05
40741,1,1e-05
290346,1,1e-05
541598,1,1e-05
40421,1,1e-05
231058,1,1e-05
90367,1,1e-05
291114,1,1e-05
60278,1,1e-05
794410,1,1e-05
893603,1,1e-05
170996,1,1e-05
403120,1,1e-05
532257,1,1e-05
85326,1,1e-05
220167,1,1e-05
160657,1,1e-05
230128,1,1e-05
101020,1,1e-05
678864,1,1e-05
617989,1,1e-05
150909,1,1e-05
225382,1,1e-05
398802,1,1e-05
633754,1,1e-05
71044,1,1e-05
191186,1,1e-05
266071,1,1e-05
378745,1,1e-05
870190,1,1e-05
277215,1,1e-05
961503,1,1e-05
440330,1,1e-05
30661,1,1e-05
428678,1,1e-05
261129,1,1e-05
372431,1,1e-05
865901,1,1e-05
617080,1,1e-05
538160,1,1e-05
180713,1,1e-05
80337,1,1e-05
977547,1,1e-05
220321,1,1e-05
990629,1,1e-05
738466,1,1e-05
503451,1,1e-05
821047,1,1e-05
146804,1,1e-05
230631,1,1e-05
140153,1,1e-05
290654,1,1e-05
158902,1,1e-05
220677,1,1e-05
30013,1,1e-05
270470,1,1e-05
81268,1,1e-05
50432,1,1e-05
65005,1,1e-05
697441,1,1e-05
270692,1,1e-05
40930,1,1e-05
751604,1,1e-05
4893,1,1e-05
291100,1,1e-05
420200,1,1e-05
265020,1,1e-05
674503,1,1e-05
385811,1,1e-05
445059,1,1e-05
806534,1,1e-05
615723,1,1e-05
74744,1,1e-05
548736,1,1e-05
120673,1,1e-05
150512,1,1e-05
161445,1,1e-05
324505,1,1e-05
260338,1,1e-05
130526,1,1e-05
438721,1,1e-05
482905,1,1e-05
260293,1,1e-05
55282,1,1e-05
270301,1,1e-05
474697,1,1e-05
90150,1,1e-05
301234,1,1e-05
399699,1,1e-05
706459,1,1e-05
191050,1,1e-05
259674,1,1e-05
126648,1,1e-05
261047,1,1e-05
501318,1,1e-05
499872,1,1e-05
125228,1,1e-05
458162,1,1e-05
280359,1,1e-05
423247,1,1e-05
170559,1,1e-05
482968,1,1e-05
454154,1,1e-05
270359,1,1e-05
34219,1,1e-05
914737,1,1e-05
60189,1,1e-05
130594,1,1e-05
133706,1,1e-05
696829,1,1e-05
110982,1,1e-05
332660,1,1e-05
301186,1,1e-05
444371,1,1e-05
603408,1,1e-05
708129,1,1e-05
536516,1,1e-05
220371,1,1e-05
463150,1,1e-05
251006,1,1e-05
880012,1,1e-05
230379,1,1e-05
739822,1,1e-05
121038,1,1e-05
81274,1,1e-05
41154,1,1e-05
130732,1,1e-05
238284,1,1e-05
760972,1,1e-05
987132,1,1e-05
60557,1,1e-05
383362,1,1e-05
351334,1,1e-05
248190,1,1e-05
792322,1,1e-05
60742,1,1e-05
847048,1,1e-05
121047,1,1e-05
719580,1,1e-05
260761,1,1e-05
130897,1,1e-05
280135,1,1e-05
178388,1,1e-05
30946,1,1e-05
260452,1,1e-05
789840,1,1e-05
288336,1,1e-05
250859,1,1e-05
50135,1,1e-05
143151,1,1e-05
330538,1,1e-05
230334,1,1e-05
191093,1,1e-05
120303,1,1e-05
401113,1,1e-05
210880,1,1e-05
817185,1,1e-05
873287,1,1e-05
280560,1,1e-05
415813,1,1e-05
193947,1,1e-05
459693,1,1e-05
201103,1,1e-05
280302,1,1e-05
606829,1,1e-05
779959,1,1e-05
30836,1,1e-05
190124,1,1e-05
61035,1,1e-05
42741,1,1e-05
10259,1,1e-05
10101,1,1e-05
243721,1,1e-05
985515,1,1e-05
120923,1,1e-05
81164,1,1e-05
887464,1,1e-05
484423,1,1e-05
220977,1,1e-05
281200,1,1e-05
832928,1,1e-05
200444,1,1e-05
168320,1,1e-05
377696,1,1e-05
89379,1,1e-05
130111,1,1e-05
250364,1,1e-05
60193,1,1e-05
10114,1,1e-05
642482,1,1e-05
131298,1,1e-05
707857,1,1e-05
181034,1,1e-05
632114,1,1e-05
158482,1,1e-05
28080,1,1e-05
87454,1,1e-05
170949,1,1e-05
200442,1,1e-05
891712,1,1e-05
871037,1,1e-05
513211,1,1e-05
749110,1,1e-05
213946,1,1e-05
100900,1,1e-05
471621,1,1e-05
291964,1,1e-05
634771,1,1e-05
170108,1,1e-05
371464,1,1e-05
201024,1,1e-05
603847,1,1e-05
323591,1,1e-05
990646,1,1e-05
220710,1,1e-05
177312,1,1e-05
950800,1,1e-05
544125,1,1e-05
906604,1,1e-05
129342,1,1e-05
782498,1,1e-05
881403,1,1e-05
858101,1,1e-05
629478,1,1e-05
230558,1,1e-05
781193,1,1e-05
821713,1,1e-05
530307,1,1e-05
850440,1,1e-05
618151,1,1e-05
335516,1,1e-05
435102,1,1e-05
310511,1,1e-05
191079,1,1e-05
10135,1,1e-05
262465,1,1e-05
976582,1,1e-05
10225,1,1e-05
722465,1,1e-05
360135,1,1e-05
239411,1,1e-05
923184,1,1e-05
100966,1,1e-05
21184,1,1e-05
191013,1,1e-05
300433,1,1e-05
100918,1,1e-05
603993,1,1e-05
768877,1,1e-05
97742,1,1e-05
299800,1,1e-05
219411,1,1e-05
170364,1,1e-05
583019,1,1e-05
80148,1,1e-05
647216,1,1e-05
157311,1,1e-05
124528,1,1e-05
434834,1,1e-05
461175,1,1e-05
804560,1,1e-05
110380,1,1e-05
623570,1,1e-05
426502,1,1e-05
799472,1,1e-05
270851,1,1e-05
541016,1,1e-05
830853,1,1e-05
694915,1,1e-05
241284,1,1e-05
310248,1,1e-05
130200,1,1e-05
769777,1,1e-05
210979,1,1e-05
140296,1,1e-05
170518,1,1e-05
160564,1,1e-05
138379,1,1e-05
240380,1,1e-05
300101,1,1e-05
228760,1,1e-05
412944,1,1e-05
271088,1,1e-05
570796,1,1e-05
373237,1,1e-05
755727,1,1e-05
60805,1,1e-05
403791,1,1e-05
261098,1,1e-05
170319,1,1e-05
210613,1,1e-05
130191,1,1e-05
390739,1,1e-05
260824,1,1e-05
771248,1,1e-05
51236,1,1e-05
503079,1,1e-05
84440,1,1e-05
191193,1,1e-05
133930,1,1e-05
584327,1,1e-05
818076,1,1e-05
858550,1,1e-05
230149,1,1e-05
113547,1,1e-05
544930,1,1e-05
270297,1,1e-05
70400,1,1e-05
130644,1,1e-05
895545,1,1e-05
220582,1,1e-05
494243,1,1e-05
93523,1,1e-05
255317,1,1e-05
657351,1,1e-05
76051,1,1e-05
210472,1,1e-05
694686,1,1e-05
882946,1,1e-05
738456,1,1e-05
557651,1,1e-05
312277,1,1e-05
158217,1,1e-05
813632,1,1e-05
30886,1,1e-05
165721,1,1e-05
579386,1,1e-05
637012,1,1e-05
220376,1,1e-05
291558,1,1e-05
200602,1,1e-05
120391,1,1e-05
36504,1,1e-05
220512,1,1e-05
140355,1,1e-05
978258,1,1e-05
122827,1,1e-05
20247,1,1e-05
619820,1,1e-05
859146,1,1e-05
818673,1,1e-05
242559,1,1e-05
72000,1,1e-05
884930,1,1e-05
68941,1,1e-05
260668,1,1e-05
153997,1,1e-05
560843,1,1e-05
251126,1,1e-05
522602,1,1e-05
428511,1,1e-05
487132,1,1e-05
251242,1,1e-05
250336,1,1e-05
361863,1,1e-05
463287,1,1e-05
160665,1,1e-05
21043,1,1e-05
960539,1,1e-05
666740,1,1e-05
301041,1,1e-05
435543,1,1e-05
884206,1,1e-05
714890,1,1e-05
720642,1,1e-05
90743,1,1e-05
141392,1,1e-05
31964,1,1e-05
659433,1,1e-05
848512,1,1e-05
758274,1,1e-05
210575,1,1e-05
180687,1,1e-05
319771,1,1e-05
502482,1,1e-05
356073,1,1e-05
91127,1,1e-05
110969,1,1e-05
602029,1,1e-05
726288,1,1e-05
497988,1,1e-05
776190,1,1e-05
513893,1,1e-05
884050,1,1e-05
862993,1,1e-05
409194,1,1e-05
811981,1,1e-05
140807,1,1e-05
290931,1,1e-05
280414,1,1e-05
200834,1,1e-05
580466,1,1e-05
116483,1,1e-05
128032,1,1e-05
178390,1,1e-05
159890,1,1e-05
131257,1,1e-05
691319,1,1e-05
210702,1,1e-05
220586,1,1e-05
636717,1,1e-05
426704,1,1e-05
250549,1,1e-05
181099,1,1e-05
758109,1,1e-05
731878,1,1e-05
290871,1,1e-05
130098,1,1e-05
681628,1,1e-05
895699,1,1e-05
180240,1,1e-05
998060,1,1e-05
192,1,1e-05
448859,1,1e-05
117354,1,1e-05
120320,1,1e-05
997978,1,1e-05
191137,1,1e-05
706546,1,1e-05
280390,1,1e-05
869455,1,1e-05
30733,1,1e-05
120797,1,1e-05
70165,1,1e-05
438167,1,1e-05
632963,1,1e-05
770000,1,1e-05
320013,1,1e-05
928838,1,1e-05
974063,1,1e-05
838243,1,1e-05
64036,1,1e-05
360181,1,1e-05
358970,1,1e-05
319329,1,1e-05
250527,1,1e-05
534883,1,1e-05
593566,1,1e-05
108242,1,1e-05
145135,1,1e-05
210797,1,1e-05
442344,1,1e-05
39604,1,1e-05
240139,1,1e-05
409212,1,1e-05
245467,1,1e-05
833844,1,1e-05
20855,1,1e-05
417845,1,1e-05
191270,1,1e-05
151243,1,1e-05
260489,1,1e-05
198183,1,1e-05
820602,1,1e-05
310907,1,1e-05
46345,1,1e-05
126184,1,1e-05
101136,1,1e-05
398635,1,1e-05
490970,1,1e-05
514016,1,1e-05
650306,1,1e-05
672708,1,1e-05
699779,1,1e-05
168272,1,1e-05
837147,1,1e-05
261174,1,1e-05
929127,1,1e-05
284613,1,1e-05
60826,1,1e-05
40476,1,1e-05
92412,1,1e-05
846991,1,1e-05
867497,1,1e-05
883274,1,1e-05
233344,1,1e-05
936557,1,1e-05
240669,1,1e-05
326600,1,1e-05
469556,1,1e-05
296268,1,1e-05
278332,1,1e-05
833025,1,1e-05
80285,1,1e-05
240854,1,1e-05
609402,1,1e-05
72803,1,1e-05
498631,1,1e-05
50761,1,1e-05
457933,1,1e-05
160114,1,1e-05
792875,1,1e-05
180208,1,1e-05
387508,1,1e-05
150158,1,1e-05
137280,1,1e-05
160241,1,1e-05
337951,1,1e-05
800412,1,1e-05
329008,1,1e-05
270754,1,1e-05
818497,1,1e-05
109527,1,1e-05
230132,1,1e-05
130477,1,1e-05
191256,1,1e-05
141931,1,1e-05
112748,1,1e-05
908425,1,1e-05
942875,1,1e-05
240209,1,1e-05
364761,1,1e-05
270849,1,1e-05
256336,1,1e-05
334574,1,1e-05
200257,1,1e-05
216936,1,1e-05
662632,1,1e-05
539752,1,1e-05
713568,1,1e-05
23700,1,1e-05
750796,1,1e-05
220776,1,1e-05
658992,1,1e-05
150344,1,1e-05
164267,1,1e-05
30138,1,1e-05
168301,1,1e-05
785212,1,1e-05
141415,1,1e-05
519238,1,1e-05
85857,1,1e-05
281122,1,1e-05
301217,1,1e-05
31230,1,1e-05
9577,1,1e-05
896683,1,1e-05
71277,1,1e-05
35686,1,1e-05
954406,1,1e-05
145259,1,1e-05
144437,1,1e-05
452275,1,1e-05
70551,1,1e-05
809649,1,1e-05
339000,1,1e-05
986588,1,1e-05
604680,1,1e-05
270742,1,1e-05
242429,1,1e-05
190257,1,1e-05
150718,1,1e-05
874855,1,1e-05
855526,1,1e-05
966355,1,1e-05
11478,1,1e-05
302788,1,1e-05
270520,1,1e-05
765343,1,1e-05
999243,1,1e-05
214682,1,1e-05
61207,1,1e-05
121194,1,1e-05
642261,1,1e-05
970750,1,1e-05
988128,1,1e-05
334802,1,1e-05
47194,1,1e-05
472513,1,1e-05
60623,1,1e-05
946475,1,1e-05
128467,1,1e-05
282600,1,1e-05
931392,1,1e-05
862538,1,1e-05
982091,1,1e-05
176254,1,1e-05
211064,1,1e-05
285089,1,1e-05
364983,1,1e-05
499306,1,1e-05
210113,1,1e-05
150405,1,1e-05
287002,1,1e-05
609219,1,1e-05
260129,1,1e-05
432837,1,1e-05
190268,1,1e-05
935830,1,1e-05
370065,1,1e-05
200417,1,1e-05
186816,1,1e-05
952781,1,1e-05
120228,1,1e-05
300954,1,1e-05
170275,1,1e-05
130877,1,1e-05
844817,1,1e-05
30699,1,1e-05
250899,1,1e-05
795674,1,1e-05
298509,1,1e-05
987335,1,1e-05
280316,1,1e-05
30483,1,1e-05
996356,1,1e-05
558758,1,1e-05
201753,1,1e-05
642358,1,1e-05
764678,1,1e-05
787147,1,1e-05
285270,1,1e-05
90671,1,1e-05
618668,1,1e-05
150446,1,1e-05
614606,1,1e-05
311045,1,1e-05
30945,1,1e-05
321359,1,1e-05
525234,1,1e-05
737440,1,1e-05
941733,1,1e-05
145207,1,1e-05
839364,1,1e-05
619249,1,1e-05
385499,1,1e-05
410403,1,1e-05
632870,1,1e-05
825370,1,1e-05
20816,1,1e-05
442736,1,1e-05
862157,1,1e-05
270728,1,1e-05
968082,1,1e-05
300801,1,1e-05
999082,1,1e-05
953640,1,1e-05
527257,1,1e-05
276127,1,1e-05
130433,1,1e-05
310597,1,1e-05
170209,1,1e-05
300395,1,1e-05
986957,1,1e-05
832343,1,1e-05
258077,1,1e-05
537365,1,1e-05
108506,1,1e-05
220945,1,1e-05
555702,1,1e-05
345317,1,1e-05
43806,1,1e-05
587419,1,1e-05
218716,1,1e-05
304947,1,1e-05
603677,1,1e-05
85345,1,1e-05
80136,1,1e-05
602913,1,1e-05
350875,1,1e-05
834331,1,1e-05
990717,1,1e-05
160742,1,1e-05
854458,1,1e-05
300905,1,1e-05
484478,1,1e-05
293587,1,1e-05
407705,1,1e-05
80282,1,1e-05
238442,1,1e-05
694684,1,1e-05
250297,1,1e-05
884379,1,1e-05
224383,1,1e-05
739819,1,1e-05
936801,1,1e-05
90801,1,1e-05
11028,1,1e-05
409095,1,1e-05
64687,1,1e-05
230695,1,1e-05
291223,1,1e-05
795344,1,1e-05
473054,1,1e-05
130967,1,1e-05
21019,1,1e-05
233232,1,1e-05
432957,1,1e-05
250703,1,1e-05
20605,1,1e-05
191143,1,1e-05
144033,1,1e-05
270269,1,1e-05
130911,1,1e-05
832685,1,1e-05
671278,1,1e-05
63408,1,1e-05
90798,1,1e-05
600058,1,1e-05
455044,1,1e-05
275367,1,1e-05
291278,1,1e-05
21222,1,1e-05
614837,1,1e-05
90598,1,1e-05
311001,1,1e-05
135397,1,1e-05
152460,1,1e-05
62295,1,1e-05
624695,1,1e-05
230330,1,1e-05
51198,1,1e-05
450795,1,1e-05
311166,1,1e-05
40733,1,1e-05
270541,1,1e-05
450172,1,1e-05
10657,1,1e-05
132778,1,1e-05
629083,1,1e-05
230200,1,1e-05
401246,1,1e-05
977029,1,1e-05
270114,1,1e-05
270340,1,1e-05
40328,1,1e-05
463259,1,1e-05
301026,1,1e-05
201090,1,1e-05
230182,1,1e-05
97194,1,1e-05
30711,1,1e-05
796425,1,1e-05
364512,1,1e-05
161005,1,1e-05
80854,1,1e-05
100668,1,1e-05
280908,1,1e-05
966477,1,1e-05
230593,1,1e-05
695730,1,1e-05
40157,1,1e-05
310633,1,1e-05
394423,1,1e-05
140993,1,1e-05
270552,1,1e-05
89025,1,1e-05
271170,1,1e-05
258587,1,1e-05
80234,1,1e-05
412917,1,1e-05
791871,1,1e-05
573607,1,1e-05
602260,1,1e-05
228388,1,1e-05
560437,1,1e-05
169509,1,1e-05
616424,1,1e-05
20780,1,1e-05
395170,1,1e-05
71306,1,1e-05
11160,1,1e-05
120248,1,1e-05
192805,1,1e-05
755517,1,1e-05
200271,1,1e-05
100392,1,1e-05
313958,1,1e-05
956588,1,1e-05
101142,1,1e-05
20581,1,1e-05
172791,1,1e-05
926159,1,1e-05
140884,1,1e-05
483723,1,1e-05
190358,1,1e-05
412380,1,1e-05
965899,1,1e-05
191001,1,1e-05
565086,1,1e-05
865063,1,1e-05
302206,1,1e-05
359630,1,1e-05
188274,1,1e-05
638869,1,1e-05
300966,1,1e-05
189764,1,1e-05
210562,1,1e-05
300361,1,1e-05
834355,1,1e-05
50499,1,1e-05
190176,1,1e-05
210324,1,1e-05
71986,1,1e-05
230973,1,1e-05
10280,1,1e-05
991399,1,1e-05
171031,1,1e-05
266961,1,1e-05
625648,1,1e-05
496690,1,1e-05
290390,1,1e-05
330627,1,1e-05
639767,1,1e-05
201055,1,1e-05
220440,1,1e-05
250919,1,1e-05
30150,1,1e-05
661980,1,1e-05
226645,1,1e-05
685613,1,1e-05
893739,1,1e-05
270365,1,1e-05
454798,1,1e-05
185180,1,1e-05
10079,1,1e-05
130782,1,1e-05
394082,1,1e-05
750012,1,1e-05
150189,1,1e-05
419625,1,1e-05
80593,1,1e-05
270795,1,1e-05
372096,1,1e-05
481728,1,1e-05
677762,1,1e-05
944182,1,1e-05
354959,1,1e-05
15605,1,1e-05
260594,1,1e-05
80709,1,1e-05
261240,1,1e-05
260567,1,1e-05
300172,1,1e-05
380988,1,1e-05
284261,1,1e-05
925978,1,1e-05
36384,1,1e-05
421372,1,1e-05
676972,1,1e-05
823292,1,1e-05
458039,1,1e-05
421045,1,1e-05
696717,1,1e-05
698671,1,1e-05
687088,1,1e-05
172376,1,1e-05
121740,1,1e-05
70790,1,1e-05
131011,1,1e-05
626076,1,1e-05
131238,1,1e-05
828972,1,1e-05
336563,1,1e-05
743459,1,1e-05
161113,1,1e-05
329526,1,1e-05
917794,1,1e-05
150887,1,1e-05
8552,1,1e-05
579444,1,1e-05
660260,1,1e-05
29089,1,1e-05
289693,1,1e-05
181186,1,1e-05
11253,1,1e-05
355171,1,1e-05
766139,1,1e-05
120760,1,1e-05
79010,1,1e-05
957292,1,1e-05
533728,1,1e-05
599774,1,1e-05
282929,1,1e-05
60326,1,1e-05
51217,1,1e-05
140358,1,1e-05
127198,1,1e-05
473930,1,1e-05
435771,1,1e-05
240077,1,1e-05
288364,1,1e-05
491366,1,1e-05
936327,1,1e-05
70132,1,1e-05
975050,1,1e-05
150699,1,1e-05
240178,1,1e-05
511566,1,1e-05
701410,1,1e-05
300914,1,1e-05
713849,1,1e-05
665582,1,1e-05
304075,1,1e-05
41254,1,1e-05
100220,1,1e-05
352638,1,1e-05
278318,1,1e-05
528664,1,1e-05
391256,1,1e-05
195450,1,1e-05
323320,1,1e-05
70505,1,1e-05
240440,1,1e-05
193102,1,1e-05
906895,1,1e-05
241215,1,1e-05
30595,1,1e-05
100207,1,1e-05
388441,1,1e-05
162337,1,1e-05
190701,1,1e-05
807618,1,1e-05
80326,1,1e-05
909650,1,1e-05
675857,1,1e-05
503555,1,1e-05
134879,1,1e-05
240622,1,1e-05
140709,1,1e-05
240102,1,1e-05
555938,1,1e-05
724679,1,1e-05
602861,1,1e-05
160831,1,1e-05
422115,1,1e-05
840339,1,1e-05
292555,1,1e-05
826055,1,1e-05
297474,1,1e-05
190960,1,1e-05
191074,1,1e-05
584237,1,1e-05
377111,1,1e-05
310698,1,1e-05
10385,1,1e-05
561046,1,1e-05
244750,1,1e-05
816148,1,1e-05
218821,1,1e-05
168429,1,1e-05
618815,1,1e-05
253747,1,1e-05
530564,1,1e-05
22352,1,1e-05
17292,1,1e-05
281088,1,1e-05
981565,1,1e-05
76974,1,1e-05
187268,1,1e-05
342131,1,1e-05
95323,1,1e-05
91188,1,1e-05
80701,1,1e-05
845001,1,1e-05
739456,1,1e-05
160394,1,1e-05
854425,1,1e-05
52387,1,1e-05
100108,1,1e-05
81247,1,1e-05
57786,1,1e-05
326611,1,1e-05
204148,1,1e-05
436545,1,1e-05
310851,1,1e-05
288752,1,1e-05
709027,1,1e-05
251672,1,1e-05
20334,1,1e-05
140132,1,1e-05
30643,1,1e-05
811121,1,1e-05
211229,1,1e-05
130341,1,1e-05
914186,1,1e-05
194118,1,1e-05
614658,1,1e-05
140630,1,1e-05
891582,1,1e-05
296168,1,1e-05
28259,1,1e-05
920274,1,1e-05
863646,1,1e-05
268280,1,1e-05
884458,1,1e-05
260864,1,1e-05
835949,1,1e-05
5993,1,1e-05
594192,1,1e-05
268945,1,1e-05
131221,1,1e-05
638436,1,1e-05
599172,1,1e-05
766909,1,1e-05
267582,1,1e-05
36256,1,1e-05
243768,1,1e-05
50220,1,1e-05
890691,1,1e-05
139640,1,1e-05
427239,1,1e-05
30593,1,1e-05
420392,1,1e-05
782752,1,1e-05
290150,1,1e-05
936051,1,1e-05
30974,1,1e-05
937110,1,1e-05
352879,1,1e-05
321377,1,1e-05
80302,1,1e-05
161055,1,1e-05
726346,1,1e-05
435627,1,1e-05
755965,1,1e-05
906889,1,1e-05
819837,1,1e-05
120545,1,1e-05
190216,1,1e-05
280612,1,1e-05
20785,1,1e-05
20695,1,1e-05
630612,1,1e-05
879486,1,1e-05
220506,1,1e-05
816952,1,1e-05
141135,1,1e-05
159417,1,1e-05
695821,1,1e-05
651783,1,1e-05
241050,1,1e-05
501248,1,1e-05
241266,1,1e-05
517122,1,1e-05
50397,1,1e-05
260575,1,1e-05
91968,1,1e-05
142559,1,1e-05
18062,1,1e-05
475601,1,1e-05
220944,1,1e-05
53789,1,1e-05
101071,1,1e-05
636137,1,1e-05
446148,1,1e-05
301120,1,1e-05
697968,1,1e-05
666090,1,1e-05
812201,1,1e-05
280846,1,1e-05
358650,1,1e-05
641673,1,1e-05
170695,1,1e-05
96260,1,1e-05
267830,1,1e-05
40670,1,1e-05
355323,1,1e-05
706716,1,1e-05
738137,1,1e-05
366820,1,1e-05
828938,1,1e-05
230406,1,1e-05
40410,1,1e-05
79111,1,1e-05
610062,1,1e-05
729445,1,1e-05
460035,1,1e-05
737294,1,1e-05
11040,1,1e-05
220766,1,1e-05
623339,1,1e-05
81077,1,1e-05
216559,1,1e-05
566664,1,1e-05
407001,1,1e-05
951104,1,1e-05
220515,1,1e-05
385370,1,1e-05
245893,1,1e-05
485463,1,1e-05
448454,1,1e-05
941294,1,1e-05
465530,1,1e-05
306435,1,1e-05
21245,1,1e-05
241092,1,1e-05
213172,1,1e-05
10278,1,1e-05
201076,1,1e-05
200205,1,1e-05
804633,1,1e-05
93348,1,1e-05
90916,1,1e-05
30429,1,1e-05
179619,1,1e-05
175872,1,1e-05
274623,1,1e-05
142281,1,1e-05
191286,1,1e-05
301216,1,1e-05
271212,1,1e-05
71636,1,1e-05
130166,1,1e-05
805267,1,1e-05
171217,1,1e-05
485113,1,1e-05
110255,1,1e-05
190412,1,1e-05
890762,1,1e-05
538339,1,1e-05
939544,1,1e-05
275322,1,1e-05
270924,1,1e-05
164698,1,1e-05
512402,1,1e-05
280260,1,1e-05
483239,1,1e-05
10274,1,1e-05
586699,1,1e-05
267532,1,1e-05
76769,1,1e-05
71002,1,1e-05
456422,1,1e-05
280263,1,1e-05
40485,1,1e-05
170205,1,1e-05
751505,1,1e-05
936520,1,1e-05
888868,1,1e-05
599707,1,1e-05
714068,1,1e-05
622547,1,1e-05
295798,1,1e-05
291285,1,1e-05
54185,1,1e-05
403235,1,1e-05
176192,1,1e-05
271724,1,1e-05
190599,1,1e-05
702289,1,1e-05
140574,1,1e-05
299728,1,1e-05
91478,1,1e-05
190997,1,1e-05
449406,1,1e-05
110403,1,1e-05
816663,1,1e-05
80993,1,1e-05
529526,1,1e-05
318543,1,1e-05
280511,1,1e-05
723741,1,1e-05
20123,1,1e-05
815954,1,1e-05
795489,1,1e-05
429809,1,1e-05
978331,1,1e-05
41558,1,1e-05
333854,1,1e-05
171213,1,1e-05
227460,1,1e-05
190339,1,1e-05
138414,1,1e-05
171247,1,1e-05
60612,1,1e-05
170808,1,1e-05
610184,1,1e-05
470173,1,1e-05
438201,1,1e-05
49475,1,1e-05
270649,1,1e-05
599455,1,1e-05
230490,1,1e-05
270779,1,1e-05
929175,1,1e-05
382321,1,1e-05
220300,1,1e-05
11258,1,1e-05
170608,1,1e-05
882867,1,1e-05
137798,1,1e-05
121147,1,1e-05
583116,1,1e-05
92600,1,1e-05
21225,1,1e-05
677150,1,1e-05
907184,1,1e-05
271254,1,1e-05
236516,1,1e-05
228541,1,1e-05
130837,1,1e-05
120348,1,1e-05
471086,1,1e-05
681272,1,1e-05
211250,1,1e-05
845539,1,1e-05
210630,1,1e-05
473084,1,1e-05
52484,1,1e-05
10185,1,1e-05
110431,1,1e-05
270781,1,1e-05
190311,1,1e-05
385083,1,1e-05
803500,1,1e-05
650359,1,1e-05
180286,1,1e-05
437905,1,1e-05
677481,1,1e-05
310723,1,1e-05
771884,1,1e-05
586656,1,1e-05
310207,1,1e-05
382722,1,1e-05
897514,1,1e-05
172578,1,1e-05
512545,1,1e-05
61148,1,1e-05
51081,1,1e-05
357751,1,1e-05
132180,1,1e-05
759584,1,1e-05
160215,1,1e-05
260810,1,1e-05
250310,1,1e-05
100688,1,1e-05
101203,1,1e-05
720319,1,1e-05
130224,1,1e-05
71920,1,1e-05
210535,1,1e-05
690199,1,1e-05
813881,1,1e-05
160287,1,1e-05
41479,1,1e-05
746337,1,1e-05
559730,1,1e-05
154120,1,1e-05
703594,1,1e-05
167493,1,1e-05
604834,1,1e-05
818529,1,1e-05
60591,1,1e-05
304259,1,1e-05
191085,1,1e-05
601601,1,1e-05
340657,1,1e-05
252238,1,1e-05
120790,1,1e-05
935289,1,1e-05
556538,1,1e-05
982676,1,1e-05
247394,1,1e-05
910514,1,1e-05
482735,1,1e-05
133247,1,1e-05
30234,1,1e-05
395139,1,1e-05
250216,1,1e-05
150940,1,1e-05
76193,1,1e-05
825107,1,1e-05
127820,1,1e-05
846724,1,1e-05
90874,1,1e-05
823169,1,1e-05
70760,1,1e-05
321341,1,1e-05
20437,1,1e-05
71267,1,1e-05
270726,1,1e-05
937033,1,1e-05
28760,1,1e-05
131051,1,1e-05
159373,1,1e-05
20147,1,1e-05
350577,1,1e-05
114744,1,1e-05
711276,1,1e-05
220879,1,1e-05
436684,1,1e-05
586742,1,1e-05
40878,1,1e-05
140592,1,1e-05
237976,1,1e-05
469131,1,1e-05
336559,1,1e-05
888024,1,1e-05
91045,1,1e-05
264264,1,1e-05
300660,1,1e-05
42727,1,1e-05
244240,1,1e-05
300319,1,1e-05
591158,1,1e-05
458891,1,1e-05
211187,1,1e-05
108573,1,1e-05
100788,1,1e-05
250317,1,1e-05
283554,1,1e-05
190191,1,1e-05
754148,1,1e-05
210566,1,1e-05
15377,1,1e-05
289748,1,1e-05
160429,1,1e-05
700536,1,1e-05
643771,1,1e-05
126529,1,1e-05
210641,1,1e-05
632264,1,1e-05
80336,1,1e-05
170904,1,1e-05
11088,1,1e-05
418469,1,1e-05
55687,1,1e-05
160632,1,1e-05
81161,1,1e-05
754823,1,1e-05
261299,1,1e-05
609085,1,1e-05
110778,1,1e-05
71282,1,1e-05
247531,1,1e-05
70729,1,1e-05
254662,1,1e-05
64193,1,1e-05
251179,1,1e-05
40667,1,1e-05
228262,1,1e-05
120961,1,1e-05
184802,1,1e-05
261042,1,1e-05
668962,1,1e-05
83126,1,1e-05
83690,1,1e-05
311137,1,1e-05
993372,1,1e-05
287825,1,1e-05
673313,1,1e-05
655784,1,1e-05
829240,1,1e-05
781520,1,1e-05
220578,1,1e-05
163862,1,1e-05
313296,1,1e-05
830501,1,1e-05
413397,1,1e-05
121079,1,1e-05
110893,1,1e-05
984963,1,1e-05
50814,1,1e-05
84924,1,1e-05
368123,1,1e-05
70184,1,1e-05
90332,1,1e-05
689888,1,1e-05
71210,1,1e-05
251307,1,1e-05
568471,1,1e-05
862910,1,1e-05
747212,1,1e-05
521693,1,1e-05
30605,1,1e-05
51013,1,1e-05
835263,1,1e-05
761918,1,1e-05
711151,1,1e-05
10415,1,1e-05
773834,1,1e-05
190932,1,1e-05
40789,1,1e-05
839685,1,1e-05
108656,1,1e-05
30339,1,1e-05
484198,1,1e-05
237092,1,1e-05
81219,1,1e-05
279048,1,1e-05
210124,1,1e-05
41224,1,1e-05
294364,1,1e-05
649602,1,1e-05
210249,1,1e-05
421200,1,1e-05
252633,1,1e-05
170197,1,1e-05
30915,1,1e-05
972836,1,1e-05
191287,1,1e-05
260117,1,1e-05
160757,1,1e-05
343800,1,1e-05
31061,1,1e-05
556397,1,1e-05
25367,1,1e-05
180766,1,1e-05
200120,1,1e-05
901145,1,1e-05
187696,1,1e-05
907573,1,1e-05
583123,1,1e-05
511242,1,1e-05
121268,1,1e-05
40820,1,1e-05
140169,1,1e-05
116000,1,1e-05
106247,1,1e-05
763014,1,1e-05
230485,1,1e-05
958276,1,1e-05
663189,1,1e-05
874380,1,1e-05
10289,1,1e-05
717855,1,1e-05
57558,1,1e-05
229539,1,1e-05
37317,1,1e-05
240616,1,1e-05
655731,1,1e-05
230784,1,1e-05
982435,1,1e-05
859495,1,1e-05
478963,1,1e-05
486869,1,1e-05
254580,1,1e-05
758613,1,1e-05
50393,1,1e-05
263177,1,1e-05
376664,1,1e-05
260983,1,1e-05
950838,1,1e-05
354598,1,1e-05
61096,1,1e-05
237277,1,1e-05
982363,1,1e-05
576579,1,1e-05
140209,1,1e-05
30770,1,1e-05
815258,1,1e-05
33125,1,1e-05
585975,1,1e-05
170672,1,1e-05
140203,1,1e-05
501280,1,1e-05
16400,1,1e-05
198548,1,1e-05
40895,1,1e-05
59354,1,1e-05
483001,1,1e-05
991976,1,1e-05
818985,1,1e-05
49403,1,1e-05
334107,1,1e-05
496574,1,1e-05
262643,1,1e-05
46902,1,1e-05
130899,1,1e-05
585751,1,1e-05
498411,1,1e-05
871727,1,1e-05
629902,1,1e-05
497445,1,1e-05
727200,1,1e-05
131272,1,1e-05
685692,1,1e-05
875475,1,1e-05
844001,1,1e-05
260519,1,1e-05
240627,1,1e-05
656905,1,1e-05
231122,1,1e-05
34942,1,1e-05
144158,1,1e-05
461422,1,1e-05
64450,1,1e-05
180398,1,1e-05
766524,1,1e-05
501172,1,1e-05
247922,1,1e-05
807936,1,1e-05
191217,1,1e-05
414479,1,1e-05
790413,1,1e-05
859603,1,1e-05
25649,1,1e-05
595180,1,1e-05
9498,1,1e-05
657755,1,1e-05
431915,1,1e-05
94050,1,1e-05
262714,1,1e-05
270284,1,1e-05
62742,1,1e-05
890384,1,1e-05
659759,1,1e-05
120648,1,1e-05
623915,1,1e-05
598090,1,1e-05
524451,1,1e-05
297051,1,1e-05
111121,1,1e-05
161463,1,1e-05
180113,1,1e-05
284236,1,1e-05
250411,1,1e-05
80185,1,1e-05
441978,1,1e-05
145686,1,1e-05
692093,1,1e-05
70655,1,1e-05
361354,1,1e-05
708185,1,1e-05
81145,1,1e-05
157714,1,1e-05
80947,1,1e-05
359534,1,1e-05
61449,1,1e-05
662594,1,1e-05
8660,1,1e-05
30745,1,1e-05
510987,1,1e-05
767723,1,1e-05
296739,1,1e-05
145155,1,1e-05
1761,1,1e-05
281037,1,1e-05
686670,1,1e-05
81131,1,1e-05
416123,1,1e-05
334781,1,1e-05
541774,1,1e-05
270107,1,1e-05
221097,1,1e-05
90133,1,1e-05
532905,1,1e-05
436766,1,1e-05
381794,1,1e-05
220930,1,1e-05
30270,1,1e-05
264191,1,1e-05
598707,1,1e-05
10302,1,1e-05
240698,1,1e-05
945118,1,1e-05
251399,1,1e-05
140909,1,1e-05
290929,1,1e-05
332281,1,1e-05
365862,1,1e-05
260385,1,1e-05
972808,1,1e-05
10169,1,1e-05
290736,1,1e-05
931165,1,1e-05
130968,1,1e-05
120110,1,1e-05
200758,1,1e-05
42288,1,1e-05
624212,1,1e-05
241079,1,1e-05
739881,1,1e-05
920374,1,1e-05
513267,1,1e-05
210223,1,1e-05
389860,1,1e-05
310689,1,1e-05
414112,1,1e-05
11249,1,1e-05
89245,1,1e-05
240524,1,1e-05
290774,1,1e-05
31161,1,1e-05
151498,1,1e-05
208254,1,1e-05
885208,1,1e-05
522587,1,1e-05
121228,1,1e-05
496140,1,1e-05
80141,1,1e-05
515671,1,1e-05
161121,1,1e-05
688767,1,1e-05
10772,1,1e-05
873866,1,1e-05
50497,1,1e-05
110555,1,1e-05
334674,1,1e-05
120221,1,1e-05
488777,1,1e-05
260148,1,1e-05
250528,1,1e-05
871227,1,1e-05
602991,1,1e-05
988929,1,1e-05
694362,1,1e-05
511404,1,1e-05
110151,1,1e-05
572484,1,1e-05
61116,1,1e-05
202198,1,1e-05
296742,1,1e-05
240138,1,1e-05
629202,1,1e-05
100648,1,1e-05
151032,1,1e-05
180701,1,1e-05
539003,1,1e-05
748106,1,1e-05
130739,1,1e-05
85462,1,1e-05
23233,1,1e-05
130617,1,1e-05
110581,1,1e-05
724136,1,1e-05
872508,1,1e-05
676320,1,1e-05
963603,1,1e-05
835719,1,1e-05
310316,1,1e-05
131251,1,1e-05
871481,1,1e-05
310650,1,1e-05
663242,1,1e-05
510296,1,1e-05
662497,1,1e-05
100802,1,1e-05
150547,1,1e-05
831561,1,1e-05
392380,1,1e-05
60968,1,1e-05
375514,1,1e-05
55363,1,1e-05
300276,1,1e-05
21861,1,1e-05
491148,1,1e-05
40786,1,1e-05
882462,1,1e-05
735152,1,1e-05
638633,1,1e-05
230606,1,1e-05
271247,1,1e-05
30243,1,1e-05
581304,1,1e-05
138843,1,1e-05
922028,1,1e-05
481874,1,1e-05
34684,1,1e-05
189450,1,1e-05
221096,1,1e-05
726435,1,1e-05
12723,1,1e-05
743992,1,1e-05
311126,1,1e-05
7807,1,1e-05
586669,1,1e-05
387532,1,1e-05
690901,1,1e-05
496165,1,1e-05
830309,1,1e-05
882407,1,1e-05
40409,1,1e-05
180695,1,1e-05
270689,1,1e-05
790694,1,1e-05
193476,1,1e-05
250908,1,1e-05
504875,1,1e-05
639740,1,1e-05
868580,1,1e-05
90726,1,1e-05
248437,1,1e-05
728966,1,1e-05
132738,1,1e-05
935117,1,1e-05
44317,1,1e-05
439942,1,1e-05
70557,1,1e-05
504365,1,1e-05
945165,1,1e-05
346029,1,1e-05
820720,1,1e-05
948397,1,1e-05
110133,1,1e-05
116579,1,1e-05
805729,1,1e-05
172462,1,1e-05
880082,1,1e-05
606813,1,1e-05
291158,1,1e-05
713166,1,1e-05
572572,1,1e-05
110563,1,1e-05
817771,1,1e-05
629434,1,1e-05
401344,1,1e-05
295613,1,1e-05
757383,1,1e-05
230666,1,1e-05
320305,1,1e-05
109063,1,1e-05
340637,1,1e-05
217369,1,1e-05
304378,1,1e-05
1299,1,1e-05
363839,1,1e-05
783936,1,1e-05
152337,1,1e-05
953204,1,1e-05
151439,1,1e-05
603435,1,1e-05
309569,1,1e-05
906080,1,1e-05
996231,1,1e-05
60350,1,1e-05
170593,1,1e-05
80928,1,1e-05
815823,1,1e-05
690271,1,1e-05
639882,1,1e-05
130978,1,1e-05
443153,1,1e-05
612022,1,1e-05
220604,1,1e-05
302126,1,1e-05
310419,1,1e-05
437208,1,1e-05
358773,1,1e-05
280369,1,1e-05
371987,1,1e-05
185978,1,1e-05
847136,1,1e-05
944528,1,1e-05
409540,1,1e-05
278154,1,1e-05
170676,1,1e-05
596498,1,1e-05
37106,1,1e-05
110615,1,1e-05
776380,1,1e-05
210609,1,1e-05
692754,1,1e-05
404449,1,1e-05
131035,1,1e-05
150290,1,1e-05
100993,1,1e-05
210521,1,1e-05
766132,1,1e-05
662325,1,1e-05
150920,1,1e-05
220831,1,1e-05
180643,1,1e-05
50917,1,1e-05
963278,1,1e-05
308995,1,1e-05
290739,1,1e-05
221855,1,1e-05
710130,1,1e-05
397,1,1e-05
217617,1,1e-05
799254,1,1e-05
171191,1,1e-05
482885,1,1e-05
902682,1,1e-05
69848,1,1e-05
281063,1,1e-05
695882,1,1e-05
180718,1,1e-05
172631,1,1e-05
661409,1,1e-05
62948,1,1e-05
60705,1,1e-05
264246,1,1e-05
211260,1,1e-05
100119,1,1e-05
494480,1,1e-05
270347,1,1e-05
660689,1,1e-05
147288,1,1e-05
190678,1,1e-05
978891,1,1e-05
10293,1,1e-05
160483,1,1e-05
554734,1,1e-05
795393,1,1e-05
85502,1,1e-05
311065,1,1e-05
11843,1,1e-05
72313,1,1e-05
349493,1,1e-05
278354,1,1e-05
654950,1,1e-05
152119,1,1e-05
200832,1,1e-05
210117,1,1e-05
210637,1,1e-05
80931,1,1e-05
695368,1,1e-05
30812,1,1e-05
82993,1,1e-05
267848,1,1e-05
111071,1,1e-05
260210,1,1e-05
57053,1,1e-05
280315,1,1e-05
220143,1,1e-05
101210,1,1e-05
200416,1,1e-05
124614,1,1e-05
220186,1,1e-05
141109,1,1e-05
150283,1,1e-05
80521,1,1e-05
367361,1,1e-05
371240,1,1e-05
283849,1,1e-05
884966,1,1e-05
70705,1,1e-05
88332,1,1e-05
81157,1,1e-05
751204,1,1e-05
70316,1,1e-05
389408,1,1e-05
874978,1,1e-05
171249,1,1e-05
351425,1,1e-05
199426,1,1e-05
41554,1,1e-05
280955,1,1e-05
950493,1,1e-05
170491,1,1e-05
489562,1,1e-05
189884,1,1e-05
291152,1,1e-05
160542,1,1e-05
270451,1,1e-05
240983,1,1e-05
280864,1,1e-05
10670,1,1e-05
71933,1,1e-05
10308,1,1e-05
211071,1,1e-05
300104,1,1e-05
210226,1,1e-05
311062,1,1e-05
580861,1,1e-05
533416,1,1e-05
188819,1,1e-05
172930,1,1e-05
291063,1,1e-05
82039,1,1e-05
61044,1,1e-05
60558,1,1e-05
190348,1,1e-05
210174,1,1e-05
543994,1,1e-05
351284,1,1e-05
85883,1,1e-05
90267,1,1e-05
479069,1,1e-05
362191,1,1e-05
797216,1,1e-05
231228,1,1e-05
300653,1,1e-05
170726,1,1e-05
834348,1,1e-05
355831,1,1e-05
221022,1,1e-05
270468,1,1e-05
190177,1,1e-05
146167,1,1e-05
270535,1,1e-05
118165,1,1e-05
10127,1,1e-05
969017,1,1e-05
427992,1,1e-05
161249,1,1e-05
663790,1,1e-05
12397,1,1e-05
21703,1,1e-05
120338,1,1e-05
929849,1,1e-05
90107,1,1e-05
311115,1,1e-05
70383,1,1e-05
30307,1,1e-05
40444,1,1e-05
766730,1,1e-05
208913,1,1e-05
111047,1,1e-05
494138,1,1e-05
60768,1,1e-05
81226,1,1e-05
311044,1,1e-05
296615,1,1e-05
866803,1,1e-05
270135,1,1e-05
120976,1,1e-05
89261,1,1e-05
508619,1,1e-05
230413,1,1e-05
7477,1,1e-05
425916,1,1e-05
120504,1,1e-05
253356,1,1e-05
716799,1,1e-05
30920,1,1e-05
300306,1,1e-05
823208,1,1e-05
101281,1,1e-05
180514,1,1e-05
30109,1,1e-05
140831,1,1e-05
409066,1,1e-05
446896,1,1e-05
332835,1,1e-05
110391,1,1e-05
255195,1,1e-05
160168,1,1e-05
521429,1,1e-05
180106,1,1e-05
121236,1,1e-05
661939,1,1e-05
969716,1,1e-05
539615,1,1e-05
595837,1,1e-05
160376,1,1e-05
578983,1,1e-05
827506,1,1e-05
330418,1,1e-05
848640,1,1e-05
280743,1,1e-05
186183,1,1e-05
362931,1,1e-05
270446,1,1e-05
120889,1,1e-05
465122,1,1e-05
783483,1,1e-05
130374,1,1e-05
160519,1,1e-05
524527,1,1e-05
482607,1,1e-05
200465,1,1e-05
967774,1,1e-05
91199,1,1e-05
271222,1,1e-05
201018,1,1e-05
37534,1,1e-05
577484,1,1e-05
423434,1,1e-05
436155,1,1e-05
489259,1,1e-05
316016,1,1e-05
300974,1,1e-05
50172,1,1e-05
845298,1,1e-05
430649,1,1e-05
301266,1,1e-05
264443,1,1e-05
309545,1,1e-05
256821,1,1e-05
823527,1,1e-05
121796,1,1e-05
672813,1,1e-05
120853,1,1e-05
304627,1,1e-05
909759,1,1e-05
951677,1,1e-05
400957,1,1e-05
294845,1,1e-05
934556,1,1e-05
208501,1,1e-05
805139,1,1e-05
946512,1,1e-05
954378,1,1e-05
215341,1,1e-05
285389,1,1e-05
972962,1,1e-05
118576,1,1e-05
633042,1,1e-05
553392,1,1e-05
10849,1,1e-05
310790,1,1e-05
160135,1,1e-05
511748,1,1e-05
712498,1,1e-05
260381,1,1e-05
232967,1,1e-05
884411,1,1e-05
838593,1,1e-05
916510,1,1e-05
817772,1,1e-05
181139,1,1e-05
300455,1,1e-05
528096,1,1e-05
463271,1,1e-05
180382,1,1e-05
75790,1,1e-05
20963,1,1e-05
20656,1,1e-05
792900,1,1e-05
585702,1,1e-05
429796,1,1e-05
783463,1,1e-05
140793,1,1e-05
30492,1,1e-05
798090,1,1e-05
60556,1,1e-05
111278,1,1e-05
50640,1,1e-05
140213,1,1e-05
456543,1,1e-05
30804,1,1e-05
182281,1,1e-05
40850,1,1e-05
491898,1,1e-05
31044,1,1e-05
671221,1,1e-05
80581,1,1e-05
111032,1,1e-05
664344,1,1e-05
984632,1,1e-05
847948,1,1e-05
189942,1,1e-05
605757,1,1e-05
220957,1,1e-05
448404,1,1e-05
10723,1,1e-05
230907,1,1e-05
168314,1,1e-05
9260,1,1e-05
90022,1,1e-05
291002,1,1e-05
898626,1,1e-05
300366,1,1e-05
809278,1,1e-05
280217,1,1e-05
932008,1,1e-05
235477,1,1e-05
230935,1,1e-05
550986,1,1e-05
240505,1,1e-05
100450,1,1e-05
300549,1,1e-05
719451,1,1e-05
509633,1,1e-05
290922,1,1e-05
220536,1,1e-05
20202,1,1e-05
310571,1,1e-05
190670,1,1e-05
220635,1,1e-05
31047,1,1e-05
895085,1,1e-05
290655,1,1e-05
901590,1,1e-05
910323,1,1e-05
494711,1,1e-05
200769,1,1e-05
60497,1,1e-05
463926,1,1e-05
147912,1,1e-05
32863,1,1e-05
110628,1,1e-05
140518,1,1e-05
534272,1,1e-05
361476,1,1e-05
21153,1,1e-05
905644,1,1e-05
160337,1,1e-05
317736,1,1e-05
713203,1,1e-05
890648,1,1e-05
597346,1,1e-05
51132,1,1e-05
260319,1,1e-05
649497,1,1e-05
864575,1,1e-05
77765,1,1e-05
252077,1,1e-05
241275,1,1e-05
849159,1,1e-05
981183,1,1e-05
525436,1,1e-05
140677,1,1e-05
500221,1,1e-05
512469,1,1e-05
200911,1,1e-05
130694,1,1e-05
948961,1,1e-05
271140,1,1e-05
923873,1,1e-05
10197,1,1e-05
959401,1,1e-05
240780,1,1e-05
13441,1,1e-05
110641,1,1e-05
230750,1,1e-05
488135,1,1e-05
290603,1,1e-05
240626,1,1e-05
150714,1,1e-05
100503,1,1e-05
804203,1,1e-05
251211,1,1e-05
290864,1,1e-05
656060,1,1e-05
214116,1,1e-05
181138,1,1e-05
178289,1,1e-05
846445,1,1e-05
100945,1,1e-05
219656,1,1e-05
34235,1,1e-05
360417,1,1e-05
170184,1,1e-05
100296,1,1e-05
90405,1,1e-05
491720,1,1e-05
170121,1,1e-05
270406,1,1e-05
673649,1,1e-05
541052,1,1e-05
636934,1,1e-05
372753,1,1e-05
909310,1,1e-05
653803,1,1e-05
2005,1,1e-05
606537,1,1e-05
451429,1,1e-05
150941,1,1e-05
386790,1,1e-05
216811,1,1e-05
61289,1,1e-05
218150,1,1e-05
63613,1,1e-05
260158,1,1e-05
484667,1,1e-05
954642,1,1e-05
400898,1,1e-05
310389,1,1e-05
342446,1,1e-05
61981,1,1e-05
737463,1,1e-05
855819,1,1e-05
201151,1,1e-05
878371,1,1e-05
408328,1,1e-05
132343,1,1e-05
544968,1,1e-05
10201,1,1e-05
583808,1,1e-05
649752,1,1e-05
249875,1,1e-05
606411,1,1e-05
171091,1,1e-05
577958,1,1e-05
980580,1,1e-05
768586,1,1e-05
310192,1,1e-05
201000,1,1e-05
582952,1,1e-05
989943,1,1e-05
522118,1,1e-05
140303,1,1e-05
40494,1,1e-05
69602,1,1e-05
953387,1,1e-05
731544,1,1e-05
261054,1,1e-05
131092,1,1e-05
221265,1,1e-05
381484,1,1e-05
983471,1,1e-05
685074,1,1e-05
281244,1,1e-05
852756,1,1e-05
592001,1,1e-05
25200,1,1e-05
595907,1,1e-05
301223,1,1e-05
844434,1,1e-05
417120,1,1e-05
114230,1,1e-05
280690,1,1e-05
131067,1,1e-05
240142,1,1e-05
654217,1,1e-05
230528,1,1e-05
504977,1,1e-05
921006,1,1e-05
50929,1,1e-05
838027,1,1e-05
855776,1,1e-05
190491,1,1e-05
809100,1,1e-05
836546,1,1e-05
867911,1,1e-05
210420,1,1e-05
10375,1,1e-05
61062,1,1e-05
957070,1,1e-05
270548,1,1e-05
528720,1,1e-05
860959,1,1e-05
363691,1,1e-05
946391,1,1e-05
280632,1,1e-05
326450,1,1e-05
160296,1,1e-05
12934,1,1e-05
311145,1,1e-05
858367,1,1e-05
669440,1,1e-05
481689,1,1e-05
230115,1,1e-05
783644,1,1e-05
373884,1,1e-05
290778,1,1e-05
192157,1,1e-05
462558,1,1e-05
872493,1,1e-05
81092,1,1e-05
941067,1,1e-05
21323,1,1e-05
351513,1,1e-05
60682,1,1e-05
57398,1,1e-05
35421,1,1e-05
121009,1,1e-05
321205,1,1e-05
130469,1,1e-05
695970,1,1e-05
886646,1,1e-05
959721,1,1e-05
257021,1,1e-05
838274,1,1e-05
876689,1,1e-05
708964,1,1e-05
80920,1,1e-05
799460,1,1e-05
20188,1,1e-05
70884,1,1e-05
950107,1,1e-05
240689,1,1e-05
50549,1,1e-05
221199,1,1e-05
388163,1,1e-05
481937,1,1e-05
176618,1,1e-05
20496,1,1e-05
421494,1,1e-05
999124,1,1e-05
250506,1,1e-05
448419,1,1e-05
497354,1,1e-05
254158,1,1e-05
135109,1,1e-05
975084,1,1e-05
300365,1,1e-05
575571,1,1e-05
247160,1,1e-05
255294,1,1e-05
292663,1,1e-05
4421,1,1e-05
180823,1,1e-05
240267,1,1e-05
80354,1,1e-05
310261,1,1e-05
750630,1,1e-05
722654,1,1e-05
100278,1,1e-05
632336,1,1e-05
240926,1,1e-05
50189,1,1e-05
392619,1,1e-05
5746,1,1e-05
114205,1,1e-05
200837,1,1e-05
945012,1,1e-05
20242,1,1e-05
572219,1,1e-05
420663,1,1e-05
200019,1,1e-05
210832,1,1e-05
943802,1,1e-05
250648,1,1e-05
210387,1,1e-05
808930,1,1e-05
779391,1,1e-05
412150,1,1e-05
250361,1,1e-05
240430,1,1e-05
316156,1,1e-05
301031,1,1e-05
31239,1,1e-05
700301,1,1e-05
10645,1,1e-05
989142,1,1e-05
849840,1,1e-05
822933,1,1e-05
744153,1,1e-05
394702,1,1e-05
50193,1,1e-05
510346,1,1e-05
170001,1,1e-05
316028,1,1e-05
820246,1,1e-05
815411,1,1e-05
674097,1,1e-05
160535,1,1e-05
320031,1,1e-05
221276,1,1e-05
26466,1,1e-05
270651,1,1e-05
572015,1,1e-05
60428,1,1e-05
197836,1,1e-05
672485,1,1e-05
80856,1,1e-05
57482,1,1e-05
65767,1,1e-05
30771,1,1e-05
210299,1,1e-05
61932,1,1e-05
40998,1,1e-05
206555,1,1e-05
668385,1,1e-05
859452,1,1e-05
840475,1,1e-05
30910,1,1e-05
150528,1,1e-05
20406,1,1e-05
41268,1,1e-05
929671,1,1e-05
349997,1,1e-05
289776,1,1e-05
252217,1,1e-05
709784,1,1e-05
776067,1,1e-05
826988,1,1e-05
763162,1,1e-05
945927,1,1e-05
60139,1,1e-05
230303,1,1e-05
20527,1,1e-05
996499,1,1e-05
170410,1,1e-05
790466,1,1e-05
713832,1,1e-05
180132,1,1e-05
248276,1,1e-05
230901,1,1e-05
280536,1,1e-05
15092,1,1e-05
260187,1,1e-05
256193,1,1e-05
78224,1,1e-05
140603,1,1e-05
911581,1,1e-05
160779,1,1e-05
14016,1,1e-05
798972,1,1e-05
363094,1,1e-05
968345,1,1e-05
98911,1,1e-05
437017,1,1e-05
213393,1,1e-05
201135,1,1e-05
980101,1,1e-05
414780,1,1e-05
10706,1,1e-05
70640,1,1e-05
592599,1,1e-05
661175,1,1e-05
50751,1,1e-05
635996,1,1e-05
403387,1,1e-05
888702,1,1e-05
190621,1,1e-05
129914,1,1e-05
399763,1,1e-05
110560,1,1e-05
748355,1,1e-05
167025,1,1e-05
188183,1,1e-05
40671,1,1e-05
60794,1,1e-05
210842,1,1e-05
793123,1,1e-05
670207,1,1e-05
280672,1,1e-05
823720,1,1e-05
170898,1,1e-05
602108,1,1e-05
21052,1,1e-05
470363,1,1e-05
40635,1,1e-05
77990,1,1e-05
584806,1,1e-05
726710,1,1e-05
250300,1,1e-05
200819,1,1e-05
954803,1,1e-05
220595,1,1e-05
41075,1,1e-05
137308,1,1e-05
199626,1,1e-05
700834,1,1e-05
123894,1,1e-05
59138,1,1e-05
926765,1,1e-05
82621,1,1e-05
250975,1,1e-05
702516,1,1e-05
280226,1,1e-05
258137,1,1e-05
71245,1,1e-05
310102,1,1e-05
160913,1,1e-05
280349,1,1e-05
732558,1,1e-05
503730,1,1e-05
327389,1,1e-05
451611,1,1e-05
298933,1,1e-05
56417,1,1e-05
80256,1,1e-05
160366,1,1e-05
912006,1,1e-05
2632,1,1e-05
392868,1,1e-05
805896,1,1e-05
180598,1,1e-05
210990,1,1e-05
662736,1,1e-05
988975,1,1e-05
160478,1,1e-05
601571,1,1e-05
83796,1,1e-05
737607,1,1e-05
22498,1,1e-05
290742,1,1e-05
70830,1,1e-05
944008,1,1e-05
621964,1,1e-05
545658,1,1e-05
330674,1,1e-05
231140,1,1e-05
850495,1,1e-05
171189,1,1e-05
592293,1,1e-05
311240,1,1e-05
874874,1,1e-05
535181,1,1e-05
554468,1,1e-05
649849,1,1e-05
50871,1,1e-05
604054,1,1e-05
615274,1,1e-05
261041,1,1e-05
297250,1,1e-05
345554,1,1e-05
942679,1,1e-05
41221,1,1e-05
758794,1,1e-05
213980,1,1e-05
140249,1,1e-05
218740,1,1e-05
310608,1,1e-05
270613,1,1e-05
270952,1,1e-05
10865,1,1e-05
40602,1,1e-05
481130,1,1e-05
210014,1,1e-05
459918,1,1e-05
301153,1,1e-05
495102,1,1e-05
806763,1,1e-05
406180,1,1e-05
121006,1,1e-05
37413,1,1e-05
398516,1,1e-05
457804,1,1e-05
572224,1,1e-05
114798,1,1e-05
290800,1,1e-05
839975,1,1e-05
966565,1,1e-05
90487,1,1e-05
868728,1,1e-05
90768,1,1e-05
230219,1,1e-05
200671,1,1e-05
188027,1,1e-05
200272,1,1e-05
80638,1,1e-05
148720,1,1e-05
30151,1,1e-05
381320,1,1e-05
762230,1,1e-05
200140,1,1e-05
11629,1,1e-05
911708,1,1e-05
160300,1,1e-05
30284,1,1e-05
754249,1,1e-05
61985,1,1e-05
50209,1,1e-05
744587,1,1e-05
590590,1,1e-05
240599,1,1e-05
300368,1,1e-05
592497,1,1e-05
601278,1,1e-05
637165,1,1e-05
972628,1,1e-05
480386,1,1e-05
180957,1,1e-05
254361,1,1e-05
30177,1,1e-05
950987,1,1e-05
481028,1,1e-05
847990,1,1e-05
438792,1,1e-05
61019,1,1e-05
378646,1,1e-05
764375,1,1e-05
219750,1,1e-05
796523,1,1e-05
171218,1,1e-05
635597,1,1e-05
465480,1,1e-05
836473,1,1e-05
877628,1,1e-05
399571,1,1e-05
147248,1,1e-05
180552,1,1e-05
469085,1,1e-05
528214,1,1e-05
381051,1,1e-05
345714,1,1e-05
362824,1,1e-05
378887,1,1e-05
210725,1,1e-05
310629,1,1e-05
507109,1,1e-05
253685,1,1e-05
40854,1,1e-05
150357,1,1e-05
349881,1,1e-05
753844,1,1e-05
524008,1,1e-05
711343,1,1e-05
90742,1,1e-05
683386,1,1e-05
530777,1,1e-05
291218,1,1e-05
100811,1,1e-05
7576,1,1e-05
403539,1,1e-05
32567,1,1e-05
131136,1,1e-05
605642,1,1e-05
306083,1,1e-05
825675,1,1e-05
403212,1,1e-05
294170,1,1e-05
869664,1,1e-05
497771,1,1e-05
825756,1,1e-05
152645,1,1e-05
300706,1,1e-05
260448,1,1e-05
270923,1,1e-05
140736,1,1e-05
101213,1,1e-05
923424,1,1e-05
270426,1,1e-05
571495,1,1e-05
160592,1,1e-05
798962,1,1e-05
311107,1,1e-05
665167,1,1e-05
126074,1,1e-05
388900,1,1e-05
351667,1,1e-05
531251,1,1e-05
321946,1,1e-05
88546,1,1e-05
565357,1,1e-05
143584,1,1e-05
513070,1,1e-05
411765,1,1e-05
387181,1,1e-05
41223,1,1e-05
520490,1,1e-05
177641,1,1e-05
229313,1,1e-05
16088,1,1e-05
241216,1,1e-05
221110,1,1e-05
52032,1,1e-05
260200,1,1e-05
310205,1,1e-05
958684,1,1e-05
944765,1,1e-05
825630,1,1e-05
80381,1,1e-05
328930,1,1e-05
371448,1,1e-05
559889,1,1e-05
200206,1,1e-05
260397,1,1e-05
290636,1,1e-05
635078,1,1e-05
316207,1,1e-05
676647,1,1e-05
9003,1,1e-05
569347,1,1e-05
250743,1,1e-05
90654,1,1e-05
40983,1,1e-05
513607,1,1e-05
935962,1,1e-05
260501,1,1e-05
230832,1,1e-05
879679,1,1e-05
171110,1,1e-05
599339,1,1e-05
571302,1,1e-05
772037,1,1e-05
645592,1,1e-05
173581,1,1e-05
689076,1,1e-05
290596,1,1e-05
221239,1,1e-05
246420,1,1e-05
414380,1,1e-05
344502,1,1e-05
521051,1,1e-05
298293,1,1e-05
771611,1,1e-05
309508,1,1e-05
839993,1,1e-05
530175,1,1e-05
85076,1,1e-05
167205,1,1e-05
50566,1,1e-05
987240,1,1e-05
90519,1,1e-05
61503,1,1e-05
70866,1,1e-05
515616,1,1e-05
634082,1,1e-05
280877,1,1e-05
400763,1,1e-05
170829,1,1e-05
203555,1,1e-05
20118,1,1e-05
914536,1,1e-05
445539,1,1e-05
144246,1,1e-05
637153,1,1e-05
453333,1,1e-05
47132,1,1e-05
70776,1,1e-05
260641,1,1e-05
993068,1,1e-05
170862,1,1e-05
729278,1,1e-05
356225,1,1e-05
270588,1,1e-05
571886,1,1e-05
942239,1,1e-05
939970,1,1e-05
489505,1,1e-05
40693,1,1e-05
874655,1,1e-05
170218,1,1e-05
695545,1,1e-05
362578,1,1e-05
50528,1,1e-05
7,1,1e-05
988570,1,1e-05
966092,1,1e-05
809222,1,1e-05
972692,1,1e-05
525415,1,1e-05
567712,1,1e-05
70675,1,1e-05
180473,1,1e-05
110245,1,1e-05
241038,1,1e-05
528878,1,1e-05
250727,1,1e-05
80160,1,1e-05
110336,1,1e-05
521345,1,1e-05
180399,1,1e-05
273064,1,1e-05
190383,1,1e-05
555460,1,1e-05
150609,1,1e-05
44359,1,1e-05
346578,1,1e-05
301078,1,1e-05
140470,1,1e-05
714495,1,1e-05
454523,1,1e-05
288463,1,1e-05
217490,1,1e-05
109092,1,1e-05
995397,1,1e-05
130924,1,1e-05
160411,1,1e-05
856763,1,1e-05
880820,1,1e-05
250140,1,1e-05
514707,1,1e-05
536219,1,1e-05
356913,1,1e-05
70701,1,1e-05
904596,1,1e-05
201429,1,1e-05
130159,1,1e-05
171968,1,1e-05
80871,1,1e-05
20460,1,1e-05
101193,1,1e-05
963828,1,1e-05
470660,1,1e-05
300726,1,1e-05
220090,1,1e-05
584387,1,1e-05
507071,1,1e-05
301667,1,1e-05
762143,1,1e-05
30295,1,1e-05
10172,1,1e-05
107395,1,1e-05
387972,1,1e-05
210354,1,1e-05
782357,1,1e-05
81907,1,1e-05
213630,1,1e-05
38430,1,1e-05
641136,1,1e-05
191156,1,1e-05
251123,1,1e-05
785706,1,1e-05
525930,1,1e-05
281282,1,1e-05
51017,1,1e-05
110749,1,1e-05
961238,1,1e-05
203156,1,1e-05
249731,1,1e-05
689210,1,1e-05
417425,1,1e-05
321123,1,1e-05
100516,1,1e-05
427985,1,1e-05
189754,1,1e-05
281894,1,1e-05
40781,1,1e-05
995968,1,1e-05
248196,1,1e-05
888796,1,1e-05
231169,1,1e-05
323703,1,1e-05
529402,1,1e-05
120116,1,1e-05
125577,1,1e-05
70136,1,1e-05
516008,1,1e-05
953189,1,1e-05
700200,1,1e-05
270158,1,1e-05
182983,1,1e-05
948393,1,1e-05
10231,1,1e-05
60610,1,1e-05
170246,1,1e-05
597823,1,1e-05
335421,1,1e-05
270889,1,1e-05
296855,1,1e-05
180610,1,1e-05
977041,1,1e-05
300244,1,1e-05
307542,1,1e-05
98093,1,1e-05
354103,1,1e-05
49709,1,1e-05
364083,1,1e-05
972402,1,1e-05
763661,1,1e-05
104113,1,1e-05
310426,1,1e-05
148638,1,1e-05
221350,1,1e-05
67236,1,1e-05
211044,1,1e-05
265837,1,1e-05
55325,1,1e-05
21210,1,1e-05
141247,1,1e-05
433867,1,1e-05
548467,1,1e-05
213653,1,1e-05
280720,1,1e-05
505420,1,1e-05
40229,1,1e-05
767657,1,1e-05
70332,1,1e-05
210851,1,1e-05
817449,1,1e-05
20105,1,1e-05
60514,1,1e-05
821836,1,1e-05
771686,1,1e-05
40425,1,1e-05
906803,1,1e-05
292200,1,1e-05
901773,1,1e-05
80978,1,1e-05
260778,1,1e-05
243557,1,1e-05
704382,1,1e-05
658018,1,1e-05
261128,1,1e-05
240443,1,1e-05
714584,1,1e-05
996292,1,1e-05
865482,1,1e-05
505475,1,1e-05
150422,1,1e-05
144938,1,1e-05
31242,1,1e-05
682950,1,1e-05
710747,1,1e-05
760857,1,1e-05
684058,1,1e-05
677334,1,1e-05
311102,1,1e-05
45921,1,1e-05
978027,1,1e-05
456341,1,1e-05
833462,1,1e-05
376086,1,1e-05
134600,1,1e-05
200453,1,1e-05
310829,1,1e-05
290860,1,1e-05
568578,1,1e-05
308162,1,1e-05
16302,1,1e-05
154713,1,1e-05
678091,1,1e-05
121265,1,1e-05
191283,1,1e-05
693577,1,1e-05
180334,1,1e-05
418399,1,1e-05
143939,1,1e-05
482215,1,1e-05
992560,1,1e-05
260923,1,1e-05
199650,1,1e-05
132494,1,1e-05
49203,1,1e-05
772678,1,1e-05
150435,1,1e-05
234392,1,1e-05
765433,1,1e-05
30563,1,1e-05
180277,1,1e-05
191134,1,1e-05
30346,1,1e-05
160830,1,1e-05
207419,1,1e-05
248971,1,1e-05
16352,1,1e-05
91009,1,1e-05
722013,1,1e-05
883979,1,1e-05
681122,1,1e-05
305871,1,1e-05
120553,1,1e-05
371593,1,1e-05
190463,1,1e-05
158383,1,1e-05
946466,1,1e-05
40228,1,1e-05
712992,1,1e-05
897279,1,1e-05
631177,1,1e-05
52793,1,1e-05
231129,1,1e-05
180563,1,1e-05
173122,1,1e-05
260956,1,1e-05
16237,1,1e-05
51230,1,1e-05
51414,1,1e-05
126563,1,1e-05
659603,1,1e-05
251009,1,1e-05
221269,1,1e-05
329117,1,1e-05
1322,1,1e-05
251299,1,1e-05
130057,1,1e-05
419110,1,1e-05
766581,1,1e-05
246403,1,1e-05
655899,1,1e-05
841900,1,1e-05
170229,1,1e-05
153748,1,1e-05
311179,1,1e-05
710304,1,1e-05
71067,1,1e-05
503329,1,1e-05
159009,1,1e-05
655877,1,1e-05
225296,1,1e-05
676640,1,1e-05
921749,1,1e-05
669390,1,1e-05
544688,1,1e-05
250964,1,1e-05
861107,1,1e-05
724880,1,1e-05
788652,1,1e-05
352864,1,1e-05
347035,1,1e-05
150523,1,1e-05
463141,1,1e-05
383215,1,1e-05
960590,1,1e-05
644944,1,1e-05
160863,1,1e-05
606691,1,1e-05
130999,1,1e-05
17759,1,1e-05
466927,1,1e-05
100755,1,1e-05
391898,1,1e-05
504534,1,1e-05
130065,1,1e-05
175598,1,1e-05
407270,1,1e-05
753710,1,1e-05
446280,1,1e-05
579545,1,1e-05
380536,1,1e-05
260723,1,1e-05
247541,1,1e-05
776166,1,1e-05
408144,1,1e-05
340918,1,1e-05
265513,1,1e-05
250864,1,1e-05
50265,1,1e-05
51192,1,1e-05
212902,1,1e-05
528091,1,1e-05
609210,1,1e-05
80463,1,1e-05
200127,1,1e-05
241207,1,1e-05
804419,1,1e-05
198831,1,1e-05
998618,1,1e-05
140414,1,1e-05
300662,1,1e-05
200678,1,1e-05
195654,1,1e-05
394464,1,1e-05
199940,1,1e-05
90257,1,1e-05
10902,1,1e-05
190662,1,1e-05
251273,1,1e-05
338697,1,1e-05
634856,1,1e-05
74257,1,1e-05
653113,1,1e-05
109678,1,1e-05
878647,1,1e-05
229046,1,1e-05
30707,1,1e-05
760781,1,1e-05
250943,1,1e-05
500699,1,1e-05
794676,1,1e-05
160918,1,1e-05
281101,1,1e-05
227592,1,1e-05
280358,1,1e-05
159979,1,1e-05
30934,1,1e-05
715927,1,1e-05
260408,1,1e-05
889029,1,1e-05
738749,1,1e-05
951365,1,1e-05
313873,1,1e-05
291266,1,1e-05
180539,1,1e-05
220551,1,1e-05
551223,1,1e-05
976887,1,1e-05
648836,1,1e-05
127249,1,1e-05
30969,1,1e-05
356780,1,1e-05
525765,1,1e-05
188600,1,1e-05
251079,1,1e-05
221126,1,1e-05
366277,1,1e-05
50325,1,1e-05
50901,1,1e-05
250502,1,1e-05
45091,1,1e-05
291654,1,1e-05
220573,1,1e-05
546785,1,1e-05
240541,1,1e-05
281077,1,1e-05
90320,1,1e-05
230809,1,1e-05
85782,1,1e-05
20875,1,1e-05
984183,1,1e-05
452229,1,1e-05
983151,1,1e-05
937219,1,1e-05
324448,1,1e-05
663524,1,1e-05
301246,1,1e-05
714245,1,1e-05
260937,1,1e-05
825989,1,1e-05
17788,1,1e-05
295131,1,1e-05
252725,1,1e-05
204717,1,1e-05
158541,1,1e-05
441698,1,1e-05
544298,1,1e-05
221257,1,1e-05
498946,1,1e-05
544344,1,1e-05
270128,1,1e-05
633089,1,1e-05
497395,1,1e-05
171039,1,1e-05
361409,1,1e-05
534659,1,1e-05
545230,1,1e-05
230831,1,1e-05
563876,1,1e-05
408302,1,1e-05
311290,1,1e-05
308252,1,1e-05
844914,1,1e-05
160709,1,1e-05
151145,1,1e-05
471353,1,1e-05
251161,1,1e-05
392885,1,1e-05
70540,1,1e-05
46332,1,1e-05
200797,1,1e-05
271264,1,1e-05
803391,1,1e-05
623261,1,1e-05
70748,1,1e-05
81236,1,1e-05
80832,1,1e-05
240216,1,1e-05
279751,1,1e-05
895962,1,1e-05
170889,1,1e-05
960824,1,1e-05
30788,1,1e-05
706822,1,1e-05
80505,1,1e-05
609120,1,1e-05
145488,1,1e-05
767778,1,1e-05
913198,1,1e-05
283388,1,1e-05
282109,1,1e-05
683829,1,1e-05
125306,1,1e-05
52939,1,1e-05
276760,1,1e-05
368900,1,1e-05
110663,1,1e-05
280665,1,1e-05
296224,1,1e-05
243080,1,1e-05
100569,1,1e-05
393303,1,1e-05
586150,1,1e-05
174049,1,1e-05
210513,1,1e-05
706361,1,1e-05
653291,1,1e-05
812189,1,1e-05
618852,1,1e-05
150330,1,1e-05
180231,1,1e-05
489922,1,1e-05
131260,1,1e-05
741719,1,1e-05
279151,1,1e-05
5548,1,1e-05
61299,1,1e-05
148703,1,1e-05
60157,1,1e-05
71185,1,1e-05
728798,1,1e-05
760260,1,1e-05
150690,1,1e-05
279215,1,1e-05
229267,1,1e-05
283435,1,1e-05
664507,1,1e-05
788215,1,1e-05
822554,1,1e-05
368951,1,1e-05
23359,1,1e-05
143769,1,1e-05
820548,1,1e-05
139932,1,1e-05
435332,1,1e-05
190788,1,1e-05
608150,1,1e-05
133358,1,1e-05
629416,1,1e-05
312751,1,1e-05
170666,1,1e-05
100230,1,1e-05
983091,1,1e-05
501459,1,1e-05
389029,1,1e-05
797118,1,1e-05
202625,1,1e-05
799932,1,1e-05
180107,1,1e-05
354943,1,1e-05
220127,1,1e-05
290976,1,1e-05
121023,1,1e-05
912167,1,1e-05
882649,1,1e-05
415614,1,1e-05
13421,1,1e-05
246726,1,1e-05
210377,1,1e-05
306351,1,1e-05
212392,1,1e-05
280134,1,1e-05
236773,1,1e-05
538394,1,1e-05
674417,1,1e-05
62734,1,1e-05
485520,1,1e-05
205935,1,1e-05
100048,1,1e-05
40496,1,1e-05
271974,1,1e-05
211075,1,1e-05
902537,1,1e-05
10650,1,1e-05
232125,1,1e-05
213356,1,1e-05
193361,1,1e-05
261183,1,1e-05
230920,1,1e-05
405693,1,1e-05
70843,1,1e-05
78733,1,1e-05
221176,1,1e-05
265001,1,1e-05
874427,1,1e-05
593554,1,1e-05
678384,1,1e-05
469279,1,1e-05
71208,1,1e-05
97606,1,1e-05
610917,1,1e-05
438202,1,1e-05
476750,1,1e-05
965716,1,1e-05
859925,1,1e-05
120591,1,1e-05
250456,1,1e-05
5850,1,1e-05
170675,1,1e-05
139132,1,1e-05
240558,1,1e-05
13450,1,1e-05
639405,1,1e-05
192643,1,1e-05
356422,1,1e-05
398727,1,1e-05
306378,1,1e-05
33360,1,1e-05
404868,1,1e-05
291186,1,1e-05
522392,1,1e-05
260363,1,1e-05
417619,1,1e-05
999445,1,1e-05
925431,1,1e-05
476578,1,1e-05
131095,1,1e-05
710032,1,1e-05
46206,1,1e-05
185237,1,1e-05
200655,1,1e-05
204364,1,1e-05
970516,1,1e-05
912712,1,1e-05
574749,1,1e-05
475383,1,1e-05
250627,1,1e-05
414812,1,1e-05
949341,1,1e-05
250774,1,1e-05
530065,1,1e-05
229005,1,1e-05
170995,1,1e-05
441527,1,1e-05
814081,1,1e-05
712014,1,1e-05
818508,1,1e-05
170803,1,1e-05
876218,1,1e-05
619434,1,1e-05
809894,1,1e-05
210879,1,1e-05
190945,1,1e-05
459156,1,1e-05
246353,1,1e-05
950785,1,1e-05
148888,1,1e-05
40261,1,1e-05
595957,1,1e-05
110187,1,1e-05
61015,1,1e-05
993914,1,1e-05
83758,1,1e-05
600582,1,1e-05
54808,1,1e-05
308294,1,1e-05
120262,1,1e-05
50582,1,1e-05
934546,1,1e-05
880191,1,1e-05
729508,1,1e-05
61055,1,1e-05
507053,1,1e-05
686298,1,1e-05
866298,1,1e-05
112681,1,1e-05
310374,1,1e-05
200220,1,1e-05
751689,1,1e-05
656550,1,1e-05
162245,1,1e-05
126985,1,1e-05
70706,1,1e-05
297272,1,1e-05
230605,1,1e-05
291180,1,1e-05
230218,1,1e-05
631320,1,1e-05
940494,1,1e-05
81955,1,1e-05
70915,1,1e-05
200352,1,1e-05
417829,1,1e-05
524496,1,1e-05
887638,1,1e-05
392519,1,1e-05
300376,1,1e-05
170668,1,1e-05
230175,1,1e-05
661899,1,1e-05
161659,1,1e-05
141028,1,1e-05
872943,1,1e-05
869497,1,1e-05
725537,1,1e-05
716999,1,1e-05
600397,1,1e-05
121122,1,1e-05
112677,1,1e-05
283127,1,1e-05
183130,1,1e-05
502956,1,1e-05
533816,1,1e-05
319848,1,1e-05
808964,1,1e-05
724183,1,1e-05
31174,1,1e-05
418421,1,1e-05
100496,1,1e-05
920460,1,1e-05
131014,1,1e-05
251214,1,1e-05
901340,1,1e-05
10626,1,1e-05
41183,1,1e-05
170814,1,1e-05
151141,1,1e-05
301308,1,1e-05
914862,1,1e-05
374915,1,1e-05
784253,1,1e-05
31129,1,1e-05
181170,1,1e-05
766389,1,1e-05
133776,1,1e-05
154036,1,1e-05
733505,1,1e-05
137923,1,1e-05
291293,1,1e-05
595488,1,1e-05
290965,1,1e-05
717562,1,1e-05
220209,1,1e-05
60606,1,1e-05
343087,1,1e-05
20585,1,1e-05
949255,1,1e-05
311222,1,1e-05
300349,1,1e-05
120872,1,1e-05
97414,1,1e-05
819991,1,1e-05
146884,1,1e-05
402066,1,1e-05
358141,1,1e-05
310758,1,1e-05
98842,1,1e-05
377344,1,1e-05
517843,1,1e-05
